{"type":"FeatureCollection","features":[{"type":"Feature","properties":{"lote":"01","tipo":"Parcela","assentamento":"1º de Julho"},"geometry":{"type":"Polygon","coordinates":[[[-47.72703746856272,-15.954068582682018],[-47.72703424692142,-15.95405112908335],[-47.72702985031843,-15.954033908934505],[-47.72701369926933,-15.953978517969265],[-47.72702272029735,-15.953858988348488],[-47.727023080170035,-15.953853434712517],[-47.72702343966402,-15.953835711766214],[-47.72702260063214,-15.953817998581929],[-47.727020566114554,-15.953800381825443],[-47.72701840246239,-15.953787985221922],[-47.72697488230702,-15.953569524905358],[-47.72697945210264,-15.9535180025776],[-47.72715122758828,-15.952977291726244],[-47.72732060549841,-15.952565334631506],[-47.72743061757353,-15.952392432713573],[-47.72743647656888,-15.952382788506146],[-47.727444902337176,-15.95236704248186],[-47.72745224410593,-15.952350800800986],[-47.72745847475428,-15.952334128835398],[-47.72746356536796,-15.952317097398684],[-47.72746727621392,-15.95230089268039],[-47.72748909511473,-15.95218959682771],[-47.72759140961305,-15.9520836468258],[-47.727597478377476,-15.952077363363669],[-47.72759972865598,-15.952074639798322],[-47.72761116732557,-15.9520607883874],[-47.727621644403555,-15.9520462428786],[-47.72763111778631,-15.952031065220995],[-47.72763954357683,-15.952015322805362],[-47.72764688713851,-15.95199907748611],[-47.72765311778821,-15.951982407324627],[-47.72765820464725,-15.95196537593405],[-47.72766213189307,-15.951948055768478],[-47.72766488198303,-15.951930530141745],[-47.72766643899682,-15.951912864283795],[-47.72766680510733,-15.951895632583147],[-47.72766622749372,-15.95184605587261],[-47.7276661716879,-15.951841242683946],[-47.72768013411962,-15.951836875098625],[-47.72769719926433,-15.951830414398483],[-47.727713790697656,-15.951822888538745],[-47.72772983785038,-15.951814325508643],[-47.72774527032439,-15.951804765939647],[-47.727760025237465,-15.951794253980653],[-47.72777403774288,-15.951782826580125],[-47.72778724699635,-15.951770540505544],[-47.72779959763158,-15.951757443423336],[-47.727811036271255,-15.951743592006371],[-47.72782151332048,-15.951729046492265],[-47.72783098670019,-15.951713870636173],[-47.72783941057345,-15.951698126434408],[-47.72784675600172,-15.951681882894597],[-47.7278847286398,-15.9515888160845],[-47.72789864084754,-15.951577980622409],[-47.72792954151975,-15.951629510564635],[-47.72793942051316,-15.951644441246028],[-47.72795028950494,-15.951658716327385],[-47.72796209910467,-15.95167227321239],[-47.72797479997078,-15.951685052916819],[-47.7279883372103,-15.951697000139442],[-47.728002652319034,-15.951708068656501],[-47.72801768669496,-15.951718205020141],[-47.72803337444017,-15.951727368519318],[-47.72804964594777,-15.951735520296346],[-47.72806216504543,-15.951740939658078],[-47.72812581198939,-15.951766679215828],[-47.72812987469496,-15.951776335007843],[-47.72813765352221,-15.95179238692778],[-47.72814650437702,-15.95180791226406],[-47.72815638342028,-15.951822844737439],[-47.72816725241291,-15.951837117997684],[-47.728179062062196,-15.951850676672706],[-47.728191762953074,-15.951863456360229],[-47.728205300241434,-15.951875405371172],[-47.72821961532512,-15.95188647025774],[-47.72822822679903,-15.95189244850741],[-47.728278862796806,-15.951926221279765],[-47.72838468566468,-15.952192563540917],[-47.728387527045214,-15.952199714958253],[-47.72838878122851,-15.952202300193617],[-47.72839656196369,-15.952218352074208],[-47.72840541099418,-15.952233877416907],[-47.72841529005637,-15.95224880806558],[-47.72841864990853,-15.95225343487595],[-47.728542318876464,-15.952419961988772],[-47.728730429069785,-15.952766685477211],[-47.728735223860966,-15.952775524538623],[-47.728737718869624,-15.952779293453517],[-47.72874759798744,-15.952794224078252],[-47.728752612045625,-15.952801055324608],[-47.729038962855974,-15.953178577739202],[-47.72904330700455,-15.953186537396608],[-47.72905279146576,-15.953408632859006],[-47.72905625278558,-15.95348968452122],[-47.72905687839502,-15.953499759568889],[-47.72905891312916,-15.953517379891327],[-47.729061987638566,-15.953534159731047],[-47.72908288675705,-15.953630470667434],[-47.72908728152514,-15.953647681742414],[-47.72909282961553,-15.953664578345638],[-47.729099509515926,-15.953681088496161],[-47.72910729038033,-15.953697140331355],[-47.72911613954478,-15.953712665624266],[-47.728076857065396,-15.95461938249015],[-47.728048882813866,-15.954618151010033],[-47.72793979079803,-15.954676438473475],[-47.727829927493694,-15.954798712585815],[-47.72793074280546,-15.954461414521122],[-47.72795242013948,-15.954224653925799],[-47.72703746856272,-15.954068582682018]]]}},{"type":"Feature","properties":{"lote":"02","tipo":"Parcela","assentamento":"1º de Julho"},"geometry":{"type":"Polygon","coordinates":[[[-47.7307974418926,-15.95475824430006],[-47.730935678507215,-15.954854572966752],[-47.73108583538296,-15.95503691428949],[-47.731125775538516,-15.955088272892207],[-47.73065480518552,-15.95635309514747],[-47.729993878840126,-15.95618762904928],[-47.72901773537153,-15.955560389332135],[-47.72830929847798,-15.954683500821227],[-47.728189794633565,-15.954624352989988],[-47.728076857065396,-15.95461938249015],[-47.72911613954478,-15.953712665624266],[-47.729126016853904,-15.953727594436597],[-47.72913688794817,-15.953741871207274],[-47.729145951807084,-15.953752431767205],[-47.729311941112265,-15.953936170799095],[-47.72957330925088,-15.954342467643736],[-47.72958027667014,-15.95435276935656],[-47.729591145967206,-15.954367046116916],[-47.7296029558273,-15.954380601060807],[-47.72960616269231,-15.954383990635401],[-47.729648788209516,-15.954428256375884],[-47.72965828250231,-15.954437646360557],[-47.72967182008541,-15.954449597042148],[-47.729686137306885,-15.954460661764001],[-47.72970116826768,-15.95447079981578],[-47.72971685817129,-15.954479963121035],[-47.729730339664265,-15.954486807994988],[-47.72981858479336,-15.95452869614235],[-47.72982105024077,-15.95452986609448],[-47.729838166698244,-15.954537107421867],[-47.729855399279046,-15.954543135223348],[-47.72987300337794,-15.954548058253353],[-47.72988320462606,-15.954550369259817],[-47.7300393386734,-15.95458276757621],[-47.73019050131131,-15.95462981498283],[-47.73036501172964,-15.95479991000911],[-47.730367768442484,-15.95480259538852],[-47.73036835995521,-15.954803120755653],[-47.730381897576756,-15.95481506957575],[-47.730396214883235,-15.954826136045874],[-47.73041124961093,-15.95483627218449],[-47.73042693772722,-15.954845437257887],[-47.73044320957475,-15.954853588797324],[-47.73045999935194,-15.9548606933169],[-47.73047723381469,-15.954866719231468],[-47.73049483797442,-15.954871644009673],[-47.73051273681811,-15.954875443314188],[-47.73053085543061,-15.954878100031827],[-47.730549113443296,-15.954879607956581],[-47.73056743601442,-15.9548799553934],[-47.73058574100653,-15.954879143384089],[-47.73060395374919,-15.95487717287585],[-47.73062199227627,-15.95487405755271],[-47.73063978388204,-15.954869805562334],[-47.73065724854058,-15.954864435983213],[-47.73067431192421,-15.95485797504696],[-47.73069090341428,-15.954850447131799],[-47.7307069506478,-15.954841885669795],[-47.73072238315308,-15.954832325875351],[-47.73073713804782,-15.954821811898293],[-47.730751150558596,-15.95481038610609],[-47.730764359743375,-15.954798098043005],[-47.73077671030942,-15.954785000794269],[-47.73078814883077,-15.954771147421436],[-47.7307974418926,-15.95475824430006]]]}},{"type":"Feature","properties":{"lote":"03","tipo":"Parcela","assentamento":"1º de Julho"},"geometry":{"type":"Polygon","coordinates":[[[-47.73065480518552,-15.95635309514747],[-47.731125775538516,-15.955088272892207],[-47.73131034348663,-15.955325608436857],[-47.731439506175676,-15.955481120754103],[-47.73169550568598,-15.955744487357547],[-47.73268521289146,-15.956519938836198],[-47.73344202860082,-15.956877194130598],[-47.733903641303286,-15.95712990815841],[-47.73400597905269,-15.95726094016955],[-47.733258344893606,-15.95832006178512],[-47.731010594817505,-15.956442167825529],[-47.73065480518552,-15.95635309514747]]]}},{"type":"Feature","properties":{"lote":"04","tipo":"Parcela","assentamento":"1º de Julho"},"geometry":{"type":"Polygon","coordinates":[[[-47.733258344893606,-15.95832006178512],[-47.73400597905269,-15.95726094016955],[-47.734354632299286,-15.957707353538853],[-47.73468691878239,-15.958184611211536],[-47.73608150946303,-15.961036335897836],[-47.7357690518182,-15.96137202408547],[-47.73550425617939,-15.961348132641158],[-47.73383876605305,-15.958804966216759],[-47.733258344893606,-15.95832006178512]]]}},{"type":"Feature","properties":{"lote":"05","tipo":"Parcela","assentamento":"1º de Julho"},"geometry":{"type":"Polygon","coordinates":[[[-47.73431670983597,-15.959771024028585],[-47.735316137389425,-15.961297119675164],[-47.73542821314474,-15.961468251890173],[-47.7358208249122,-15.961503675833843],[-47.735976565951205,-15.961342177243871],[-47.73625131177415,-15.961383546052561],[-47.73647084761776,-15.96183245020339],[-47.73575310062294,-15.96245133631549],[-47.734187447785814,-15.962040018926276],[-47.73398254714798,-15.961397158942741],[-47.73325405270784,-15.961177436666011],[-47.73431670983597,-15.959771024028585]]]}},{"type":"Feature","properties":{"lote":"06","tipo":"Parcela","assentamento":"1º de Julho"},"geometry":{"type":"Polygon","coordinates":[[[-47.73575310062294,-15.96245133631549],[-47.73544351825851,-15.962695090875652],[-47.73417404560816,-15.964567517595729],[-47.733924714883216,-15.96462751112445],[-47.73276028466036,-15.963583077824836],[-47.73288073437113,-15.962864542787623],[-47.73430866255328,-15.962420313450103],[-47.734187447785814,-15.962040018926276],[-47.73575310062294,-15.96245133631549]]]}},{"type":"Feature","properties":{"lote":"07","tipo":"Parcela","assentamento":"1º de Julho"},"geometry":{"type":"Polygon","coordinates":[[[-47.73393092217254,-15.964812136731307],[-47.73429006244218,-15.96472572103221],[-47.73555844734817,-15.96285489705505],[-47.73574659227657,-15.962813152503452],[-47.735807254853356,-15.965416594714254],[-47.735778920185304,-15.965613909742142],[-47.735778383614765,-15.9656139274029],[-47.73383343863575,-15.965678779121234],[-47.733832902997484,-15.965678796765339],[-47.73393092217254,-15.964812136731307]]]}},{"type":"Feature","properties":{"lote":"08","tipo":"Parcela","assentamento":"1º de Julho"},"geometry":{"type":"Polygon","coordinates":[[[-47.733832902997484,-15.965678796765339],[-47.73383343863575,-15.965678779121234],[-47.735778383614765,-15.9656139274029],[-47.73568279865509,-15.966360442632835],[-47.735504693422705,-15.967484612056413],[-47.73364805705505,-15.967313120554152],[-47.733832902997484,-15.965678796765339]]]}},{"type":"Feature","properties":{"lote":"09","tipo":"Parcela","assentamento":"1º de Julho"},"geometry":{"type":"Polygon","coordinates":[[[-47.733455048400835,-15.969019614398501],[-47.73364805705505,-15.967313120554152],[-47.735504693422705,-15.967484612056413],[-47.73525118814297,-15.96921731670949],[-47.73511567220088,-15.969310488810658],[-47.73510815800812,-15.969361433390418],[-47.733455048400835,-15.969019614398501]]]}},{"type":"Feature","properties":{"lote":"10","tipo":"Parcela","assentamento":"1º de Julho"},"geometry":{"type":"Polygon","coordinates":[[[-47.733054781065626,-15.970230859482495],[-47.73316333550091,-15.970101401385076],[-47.73350053281568,-15.96997416322726],[-47.73366116016036,-15.969947530531595],[-47.7340695327757,-15.969864825214756],[-47.73431655743571,-15.969929465920112],[-47.734623729723545,-15.970077334121033],[-47.73477720736257,-15.97026194946848],[-47.734961712390806,-15.970354321977721],[-47.73484113591598,-15.971171811448393],[-47.73403486236171,-15.97129935942579],[-47.733614625114996,-15.971151683058947],[-47.73311411133648,-15.971212508193316],[-47.732899030160496,-15.971212267932811],[-47.73268860192831,-15.971223707684326],[-47.732475523214546,-15.971273048830643],[-47.730455949714916,-15.971707919533635],[-47.73023766369603,-15.9714969452859],[-47.73023745367659,-15.971496742029792],[-47.73024246619296,-15.97148565615125],[-47.730248695083226,-15.971468985904439],[-47.7302532223455,-15.971454062306952],[-47.73029042332,-15.971316969815337],[-47.73030737132364,-15.97128924059749],[-47.730400198185826,-15.971238413330834],[-47.73040443334255,-15.971236094424924],[-47.73040544250075,-15.97123546926696],[-47.7304208761523,-15.971225909308943],[-47.73043563210195,-15.971215393371013],[-47.7304496456449,-15.971203969239374],[-47.730449858011546,-15.971203794941736],[-47.730451572031846,-15.971202273925714],[-47.73052202015008,-15.971139749296096],[-47.73053330384777,-15.97112915460259],[-47.73054565525704,-15.971116057226213],[-47.73055709458708,-15.971102207349194],[-47.73056757216655,-15.9710876597923],[-47.730577045987836,-15.971072483729596],[-47.73058547207845,-15.971056741134822],[-47.73059281584944,-15.971040497475151],[-47.730599044652315,-15.971023823612196],[-47.73060413519758,-15.971006792094999],[-47.730608062304405,-15.970989473690292],[-47.730610810248976,-15.970971948076407],[-47.73061236686978,-15.97095428224207],[-47.73061272577752,-15.97093655574707],[-47.73061188615911,-15.970918846274023],[-47.73060985088627,-15.970901227846056],[-47.73060662843135,-15.970883774415269],[-47.73060223291647,-15.970866563474592],[-47.73059668212398,-15.970849667051507],[-47.730590003170676,-15.970833157054983],[-47.73058222128198,-15.97081710361167],[-47.73057337106672,-15.970801580341714],[-47.73056348885362,-15.970786650005465],[-47.73055262028135,-15.970772373438717],[-47.73054080924414,-15.970758820531083],[-47.730528106834264,-15.970746041211159],[-47.73051456797574,-15.970734092584207],[-47.73050024936147,-15.970723024507723],[-47.73048521328499,-15.97071288676812],[-47.7304695257246,-15.97070372549239],[-47.730453250620165,-15.970695574189072],[-47.73043645942811,-15.970688469883969],[-47.73043337883905,-15.970687392675574],[-47.73061426521503,-15.97023338110827],[-47.73062849443775,-15.970238137180388],[-47.730646099982735,-15.970243059923892],[-47.730664000243515,-15.970246858997582],[-47.73068212029895,-15.970249517289215],[-47.73070037967628,-15.970251021369723],[-47.73071870369934,-15.970251372187162],[-47.730737010028406,-15.970250556336214],[-47.7307552241834,-15.970248589213174],[-47.7307732640206,-15.970245471860949],[-47.73079105692682,-15.97024121965219],[-47.73080852287033,-15.970235851666372],[-47.7308255874446,-15.970229388717922],[-47.73084218007493,-15.970221858797998],[-47.73085822844226,-15.970213298951563],[-47.73087366015409,-15.970203740805477],[-47.730888417900125,-15.97019322663324],[-47.73090242945945,-15.97018180070389],[-47.73091564135366,-15.970169512467537],[-47.73092799263679,-15.970156411469143],[-47.730939431893475,-15.970142561583273],[-47.73094990945271,-15.970128017630717],[-47.730959381342245,-15.9701128415852],[-47.7309678073237,-15.970097095373045],[-47.73097515103947,-15.970080851709302],[-47.73098138170817,-15.970064181431828],[-47.73098647034187,-15.970047149936761],[-47.7309903974096,-15.97002983153174],[-47.73099332473643,-15.970010253452706],[-47.73162095340681,-15.97007742010618],[-47.73163065273525,-15.970078458402185],[-47.73161923924615,-15.970123374197804],[-47.73149638731954,-15.970355758316481],[-47.7313914206359,-15.97052307878057],[-47.73136665324577,-15.97069800333847],[-47.731460841290584,-15.970770578780197],[-47.731727580643714,-15.970713162959166],[-47.73196057311743,-15.970620770454392],[-47.73209332937832,-15.970549426660046],[-47.732295030005886,-15.970593862615445],[-47.7324268267204,-15.970658244104317],[-47.73273613426812,-15.970610866902126],[-47.733054781065626,-15.970230859482495]]]}},{"type":"Feature","properties":{"lote":"RL","tipo":"Reserva Legal","assentamento":"1º de Julho"},"geometry":{"type":"Polygon","coordinates":[[[-47.73300508583497,-15.97647882020231],[-47.73084113319639,-15.975484209693692],[-47.73087181001,-15.97525191589685],[-47.730872129039355,-15.975249419106229],[-47.730873542249,-15.975238801598973],[-47.7308736856075,-15.975231753274635],[-47.73087404443703,-15.97521402678782],[-47.730874224503495,-15.9752051427633],[-47.730873204715245,-15.97519631732836],[-47.73087116931425,-15.975178698919391],[-47.73087082873815,-15.975175755309598],[-47.73086934800257,-15.97516805023565],[-47.73083820120926,-15.975006034793184],[-47.73081452861211,-15.97469757353203],[-47.73081239839704,-15.974678746081446],[-47.73081060932103,-15.974668270394337],[-47.73078086285073,-15.974512974759195],[-47.730779429342654,-15.974505997035491],[-47.73077790270791,-15.974497523044388],[-47.73077503368278,-15.974488786118096],[-47.73076948272583,-15.974471889722333],[-47.73076680469939,-15.97446374284761],[-47.7307628035894,-15.974455379757034],[-47.73075627926792,-15.974441747120125],[-47.73070876891563,-15.974349280921984],[-47.73070750930616,-15.974346861979825],[-47.73070264696845,-15.9743373664146],[-47.73069865888132,-15.97433133874523],[-47.73068877828517,-15.9743164066178],[-47.73068440324712,-15.974309796803329],[-47.73067790949701,-15.974302131898625],[-47.730671106511714,-15.974294107847367],[-47.73052543610129,-15.974128804854356],[-47.73051076880178,-15.974104856667918],[-47.73051223193083,-15.97410424741948],[-47.73051366683076,-15.974103759553776],[-47.73053073172612,-15.974097296578247],[-47.730547324715495,-15.974089770244134],[-47.7305637271953,-15.974081001764288],[-47.73068954455909,-15.974008343043666],[-47.73069983092085,-15.97400240145545],[-47.73070462452123,-15.973998988032687],[-47.73071938065675,-15.973988473854307],[-47.73072676890626,-15.973983210313365],[-47.73073339432314,-15.973977047873177],[-47.73074660454887,-15.97396475782831],[-47.730753226279695,-15.973958599047156],[-47.73075895608575,-15.973951660417766],[-47.73077039552808,-15.973937810509797],[-47.730776117963316,-15.973930879199033],[-47.7307808732041,-15.97392326292528],[-47.73079034713028,-15.973908088644453],[-47.730795085886285,-15.973900496062198],[-47.730798773260254,-15.973892344223058],[-47.7308061170783,-15.973876100546438],[-47.73080978988365,-15.97386797598722],[-47.730812345911204,-15.97385942667026],[-47.73081743646942,-15.973842395143603],[-47.73081998001616,-15.973833889337106],[-47.73082136172958,-15.973825078563008],[-47.73082410776132,-15.973807551165024],[-47.73082548780371,-15.973798754862814],[-47.730825668077514,-15.973789885285347],[-47.73082602695437,-15.973772160602273],[-47.73082620690973,-15.973763267546497],[-47.73082518721491,-15.9737544475269],[-47.73082314814431,-15.973736830965892],[-47.73082212835193,-15.973728003722117],[-47.73081992745195,-15.9737193775286],[-47.73081553368408,-15.973702166585078],[-47.730813340644644,-15.97369356919292],[-47.730809982756625,-15.973685270186428],[-47.73080330365396,-15.97366876021777],[-47.73079995736056,-15.973660489965077],[-47.73079552162656,-15.973652708611674],[-47.73078667123503,-15.973637185376107],[-47.73078223363524,-15.973629404045957],[-47.730776788808775,-15.973622253271282],[-47.73076592006085,-15.97360797855089],[-47.73075874800379,-15.973600275293867],[-47.73075344806342,-15.973594582195718],[-47.730741406157755,-15.973581644605936],[-47.73073503212143,-15.97357523177458],[-47.73072786706976,-15.973569696026908],[-47.730713548242655,-15.973558629806513],[-47.73070636054398,-15.973553076282183],[-47.730698511897494,-15.973548490312854],[-47.73068282408716,-15.973539329090782],[-47.730674971707806,-15.973534743167844],[-47.730666548728045,-15.97353117784259],[-47.73064975727768,-15.973524073593849],[-47.730641336190104,-15.973520510049786],[-47.730632522938,-15.973518044316341],[-47.73061491711749,-15.973513123423642],[-47.730606094506726,-15.973510656001503],[-47.73059701468889,-15.97350932441569],[-47.730578896174755,-15.973506664333426],[-47.73056982571622,-15.973505334433913],[-47.7305606346299,-15.97350516031257],[-47.73054231222324,-15.973504813116191],[-47.73053313047141,-15.973504638875136],[-47.730524003680486,-15.973505625408208],[-47.730505791097066,-15.9735075925337],[-47.73049666617261,-15.973508579041944],[-47.73048774912518,-15.973510711738532],[-47.730469957797375,-15.973514963943348],[-47.73045249154536,-15.973520330139914],[-47.73043542484994,-15.973526794932024],[-47.730418831922414,-15.973534323057285],[-47.730402429426086,-15.973543087908451],[-47.73030113312269,-15.973601585964467],[-47.730283432217114,-15.97360754941181],[-47.730106983209126,-15.973618452653582],[-47.72983403535868,-15.97358989481884],[-47.72980948471514,-15.973588376635815],[-47.72951479140208,-15.97358270971537],[-47.72978629085577,-15.973260678668444],[-47.72980414165718,-15.973236995028468],[-47.72982204180905,-15.973206074586006],[-47.72982938569574,-15.973189830933501],[-47.72983213716437,-15.97318288497348],[-47.72989531846699,-15.973016539683226],[-47.729898795900446,-15.973006811784925],[-47.7299015220752,-15.973000203930182],[-47.7299038865546,-15.972989782076073],[-47.72990781370973,-15.972972461865567],[-47.72990977636593,-15.97296380267518],[-47.7299105598483,-15.972954936273469],[-47.72991211838478,-15.972937270411451],[-47.72991285308604,-15.972928937497546],[-47.729912477328945,-15.972919543910331],[-47.729911921533144,-15.972905687350273],[-47.729905916008704,-15.972815482996578],[-47.729918343092315,-15.972750824672879],[-47.73014550263853,-15.972232581413294],[-47.730147789831726,-15.972227200211936],[-47.730151555610426,-15.972218771019216],[-47.73015401874305,-15.972210529964075],[-47.73015910747421,-15.972193498472244],[-47.73016165624961,-15.972184963703834],[-47.73016303460241,-15.972176178261769],[-47.73016598197482,-15.97215738387555],[-47.73018728646961,-15.971941077697657],[-47.730188408233126,-15.971906768401036],[-47.73017874471628,-15.971612823505057],[-47.73023745367659,-15.971496742029792],[-47.730455949714916,-15.971707919533635],[-47.732475523214546,-15.971273048830643],[-47.73268860192831,-15.971223707684326],[-47.732899030160496,-15.971212267932811],[-47.73311411133648,-15.971212508193316],[-47.733614625114996,-15.971151683058947],[-47.73403486236171,-15.97129935942579],[-47.734061242550524,-15.971465011283799],[-47.7339626112175,-15.971692460800794],[-47.73386107567273,-15.971926610765122],[-47.73385509854518,-15.972131157793665],[-47.73384826383653,-15.972365083022307],[-47.73360027183193,-15.972858411612915],[-47.733530782778665,-15.973269073347456],[-47.73306668988011,-15.973643253522905],[-47.73307743963338,-15.97403992787382],[-47.733732992481244,-15.974931551972965],[-47.733795814798306,-15.975355740975687],[-47.7333977739853,-15.975797641896166],[-47.733217078143845,-15.976061815017623],[-47.73300508583497,-15.97647882020231]]]}},{"type":"Feature","properties":{"lote":"12","tipo":"Parcela","assentamento":"1º de Julho"},"geometry":{"type":"Polygon","coordinates":[[[-47.73367061573117,-15.976784961115523],[-47.73364709934321,-15.976802282938],[-47.733635963244325,-15.976811927614037],[-47.73361517106364,-15.976833087568721],[-47.733606158404235,-15.976843857685187],[-47.73358875553877,-15.976868469794814],[-47.733581952181474,-15.976879950611519],[-47.73356856242422,-15.976907474079713],[-47.73356395771485,-15.976919293628841],[-47.73355510104883,-15.976949105887563],[-47.733552626482435,-15.97696089474289],[-47.733548720652955,-15.976992269756373],[-47.73354824491064,-15.977003708060895],[-47.733549583953895,-15.97703588523906],[-47.73355092155045,-15.977046652017874],[-47.73355766783451,-15.977078800190828],[-47.73356059316837,-15.977088645425793],[-47.73357276862236,-15.977119904501002],[-47.73357701194713,-15.977128627505936],[-47.733594490936426,-15.977158133847544],[-47.73359976462095,-15.97716559196621],[-47.73362227227619,-15.977192492867003],[-47.73362828023737,-15.977198608578547],[-47.733655406087266,-15.977222103632483],[-47.73366183602798,-15.977226842974197],[-47.733693009679605,-15.977246180773157],[-47.733699589489966,-15.977249581524722],[-47.73373410735514,-15.977264102670874],[-47.73374058804023,-15.977266254701846],[-47.733777658510654,-15.977275418328402],[-47.73378379706895,-15.977276440333524],[-47.73382252373851,-15.97727982612459],[-47.73382812821444,-15.977279883114322],[-47.733867536311486,-15.977277212644825],[-47.733872463634,-15.977276494296785],[-47.73391153382335,-15.977267645053399],[-47.733915685998525,-15.977266360341758],[-47.73395337314971,-15.977251372709484],[-47.73399448864297,-15.97722704249962],[-47.734028082538956,-15.977198850259988],[-47.73405555146125,-15.977167338196592],[-47.73407888561803,-15.977130009947231],[-47.73409591020297,-15.977088968638999],[-47.73410563589414,-15.977046986922705],[-47.73398887719483,-15.977844990146945],[-47.73181713730896,-15.978889998196706],[-47.73099723778078,-15.979284538461052],[-47.730996438798286,-15.979263233893048],[-47.730993054156464,-15.979208131378513],[-47.7309926810983,-15.979202933881286],[-47.73099215326988,-15.979193488050871],[-47.73099064556351,-15.979185313681162],[-47.73098742282404,-15.979167860293767],[-47.7309866348544,-15.97916359832804],[-47.73098402905631,-15.979154177087372],[-47.73091728576862,-15.978912866217133],[-47.73091628369405,-15.978909338534876],[-47.73091358817843,-15.978899497556473],[-47.73091073440891,-15.978892442146023],[-47.730904053187295,-15.978875932239484],[-47.730900706816705,-15.978867665618084],[-47.73089627093069,-15.978859884288566],[-47.73088742021133,-15.978844359294671],[-47.73088445254218,-15.978839642724235],[-47.73079743792543,-15.978704516205047],[-47.73079052471793,-15.978694300694638],[-47.73077965568393,-15.978680029635754],[-47.73076784403105,-15.978666473212051],[-47.73073408284727,-15.978631768862071],[-47.730712308979065,-15.978611731403378],[-47.730697991614186,-15.978600665218561],[-47.730690835769536,-15.978595134799168],[-47.73068295489908,-15.97859052939863],[-47.7306672666084,-15.978581364628294],[-47.73065257682741,-15.978573951961483],[-47.73053720198719,-15.978519858115241],[-47.73049600025004,-15.978489184214371],[-47.730444619171315,-15.978167039659871],[-47.73101200914039,-15.977795528579808],[-47.73088696873826,-15.97746195545655],[-47.73121515270636,-15.977224632769033],[-47.73157899942071,-15.97739487801271],[-47.732010339773865,-15.977297522255832],[-47.73219473066602,-15.977255906003897],[-47.732865954827744,-15.976752504441226],[-47.73300508583497,-15.97647882020231],[-47.73367061573117,-15.976784961115523]]]}},{"type":"Feature","properties":{"lote":"14","tipo":"Parcela","assentamento":"1º de Julho"},"geometry":{"type":"Polygon","coordinates":[[[-47.72806708673248,-15.967629067591803],[-47.727938654829956,-15.967243850983524],[-47.727936788325295,-15.967238251522657],[-47.72793611022295,-15.967236574808268],[-47.72792943164376,-15.967220064671496],[-47.72792165016376,-15.967204012878248],[-47.72791279847427,-15.967188489461059],[-47.72790291847855,-15.967173555303894],[-47.72789205035976,-15.967159282150586],[-47.72788023970587,-15.967145727225725],[-47.72786753770542,-15.96713294768287],[-47.7278539992317,-15.967120997016218],[-47.72783968107376,-15.96710993230836],[-47.72782464540099,-15.96709979431664],[-47.72781575214014,-15.96709443206998],[-47.72774123913049,-15.967051367235634],[-47.727734445207346,-15.967047566137987],[-47.72771817049998,-15.967039414561723],[-47.72770137967143,-15.967032308172145],[-47.72768414599424,-15.96702628036059],[-47.72766654080069,-15.96702135912397],[-47.72764816731088,-15.967017475433023],[-47.72752103066383,-15.966994898652121],[-47.727516986277024,-15.966992413828633],[-47.727505745197135,-15.966946471240734],[-47.72750276375265,-15.96693534045118],[-47.72749721337079,-15.966918443885158],[-47.72749053484026,-15.96690193372705],[-47.72748275343366,-15.966885883716161],[-47.727473903660005,-15.966870360249375],[-47.727464021846224,-15.966855426087804],[-47.727462750533,-15.966853652124101],[-47.72741703249078,-15.966790390309633],[-47.727407435739785,-15.96677789108694],[-47.72739562509189,-15.966764332514371],[-47.7273829231456,-15.96675155293394],[-47.72737825862372,-15.966747258792198],[-47.727365620541846,-15.966735885538286],[-47.72737402843035,-15.966740981203834],[-47.72738588570331,-15.966747781675549],[-47.72740215850893,-15.966755933306624],[-47.727418949281635,-15.96676303791894],[-47.72743618477293,-15.966769063926954],[-47.72745378998979,-15.966773988798927],[-47.72747168991468,-15.966777788197106],[-47.72748980962792,-15.966780445007936],[-47.727498918759,-15.966781344685923],[-47.727572366422876,-15.966787404042785],[-47.727579189299135,-15.966787967822569],[-47.72759984014059,-15.966788361706124],[-47.72761814623799,-15.966787547973826],[-47.72763636013486,-15.966785579352681],[-47.72765439976216,-15.966782462302305],[-47.72767219248296,-15.966778210388057],[-47.72768965824195,-15.9667728408821],[-47.727706722706685,-15.966766380015724],[-47.727723315278546,-15.966758853972886],[-47.72773173925361,-15.966754523948374],[-47.72776554604855,-15.966736431135207],[-47.72785070912486,-15.96675839116714],[-47.727853491626234,-15.966759109129265],[-47.727871807268684,-15.96676299715163],[-47.72788992700472,-15.966765655734118],[-47.727908186079844,-15.966767160104869],[-47.72792650977013,-15.966767507598654],[-47.72792891790668,-15.966767468032177],[-47.728013725744695,-15.966765688193664],[-47.728022208868786,-15.966772063570478],[-47.728037244521964,-15.966782201550917],[-47.728052933581154,-15.966791366660436],[-47.72805500439389,-15.966792476587813],[-47.728080316072074,-15.966805849466311],[-47.72809252734839,-15.966811903001355],[-47.72810931814153,-15.966819007555163],[-47.72812655364938,-15.966825033503802],[-47.72814149280706,-15.966829289458744],[-47.72816511245823,-15.966835331989554],[-47.72816777661435,-15.9668359972579],[-47.728185678415436,-15.966839796569971],[-47.728203798182776,-15.966842456930268],[-47.72822007848813,-15.966843856309957],[-47.7282473400862,-15.96684541989531],[-47.728265663754954,-15.966845765552948],[-47.728283969845414,-15.966844951763534],[-47.728290141118485,-15.966844416498843],[-47.72850517674653,-15.966823402045957],[-47.73177857377374,-15.967759756322057],[-47.73179577475014,-15.967798041677792],[-47.731819305661304,-15.96783303499012],[-47.732405819354824,-15.968275386280634],[-47.73247630475028,-15.9683228934398],[-47.732487480975095,-15.968331913191099],[-47.73249688074692,-15.968342666102467],[-47.73250422144016,-15.968354827011849],[-47.73250928336345,-15.968368030218423],[-47.73251191177367,-15.968381880295086],[-47.732512030066694,-15.96839596095249],[-47.732509634397395,-15.968409851364315],[-47.732504797487074,-15.968423131537923],[-47.73249766334153,-15.968435405863763],[-47.732488445408805,-15.968446304945072],[-47.73247742119917,-15.968455501923282],[-47.73246492115748,-15.968462718038372],[-47.732451321440806,-15.968467740783929],[-47.73241036090912,-15.968482475088175],[-47.73236971533018,-15.96850486965005],[-47.73233797158289,-15.968529394601909],[-47.732334601831006,-15.968532461202395],[-47.73230830485559,-15.968560437508577],[-47.73230453750759,-15.968565163758626],[-47.7322839927173,-15.968595568770871],[-47.73228030804644,-15.968602121978247],[-47.73226562475999,-15.96863393011952],[-47.73226254642346,-15.968642372273822],[-47.732253649507136,-15.968674587404319],[-47.73224835979676,-15.968716554261926],[-47.73224809790975,-15.968728488409425],[-47.7322498817514,-15.968758804900183],[-47.732251787565254,-15.96877210600294],[-47.73225817902598,-15.968800311977226],[-47.73226268964922,-15.968814580702604],[-47.732273051185594,-15.968840064685432],[-47.732280516502236,-15.968854803460115],[-47.732294135939526,-15.968877095818206],[-47.73230480762815,-15.968891725224665],[-47.732320916902644,-15.968910503347585],[-47.72806708673248,-15.967629067591803]]]}},{"type":"Feature","properties":{"lote":"13","tipo":"Parcela","assentamento":"1º de Julho"},"geometry":{"type":"Polygon","coordinates":[[[-47.73163065273525,-15.970078458402185],[-47.73162095340681,-15.97007742010618],[-47.73099346497389,-15.970010267929185],[-47.73099332473643,-15.970010253452706],[-47.730994701889635,-15.969994638280689],[-47.73099506266732,-15.969976913571466],[-47.73099422114215,-15.969959202320814],[-47.73099218586009,-15.969941583898802],[-47.73098896337768,-15.969924128669113],[-47.73098456786601,-15.969906917736727],[-47.73097901894982,-15.96989002129936],[-47.7309723381452,-15.969873511337063],[-47.73096455635165,-15.969857463323365],[-47.73095570613956,-15.969841938259949],[-47.730945825802415,-15.969827006107453],[-47.730934957318425,-15.969812733167124],[-47.73092314625258,-15.969799174856613],[-47.73091044389293,-15.969786395552646],[-47.73090226403272,-15.96977899228156],[-47.73082348869297,-15.969710481061437],[-47.73071959899866,-15.969549163100838],[-47.73071485911581,-15.969541801047896],[-47.730712695692915,-15.969538960054287],[-47.73070182719349,-15.969524683484792],[-47.73069001623489,-15.969511130574116],[-47.73067731388452,-15.969498349444892],[-47.73066463626428,-15.969487116028702],[-47.730584648729845,-15.969420489635098],[-47.73058378755668,-15.96941977261439],[-47.73056946909401,-15.969408708139389],[-47.730554433124176,-15.969398570388789],[-47.730538745625,-15.96938940548961],[-47.73052247063389,-15.969381254174527],[-47.7305056795823,-15.96937415166341],[-47.73050453777823,-15.969373669415278],[-47.730499948075476,-15.969372009851933],[-47.73017399520664,-15.969254172608611],[-47.73016581593089,-15.96925121468361],[-47.73016249465457,-15.969250286835745],[-47.73014488920584,-15.969245364036821],[-47.73012698714862,-15.969241563121821],[-47.73010886907716,-15.969238906550203],[-47.730090607873244,-15.969237398815944],[-47.73007228585097,-15.969237051518695],[-47.73006780954604,-15.969237144456708],[-47.72996769631813,-15.969239963054731],[-47.729935692356285,-15.969232251549615],[-47.729885152896514,-15.96920225388727],[-47.72976057637632,-15.969078175319124],[-47.729756408507356,-15.969074024868075],[-47.72975509883752,-15.969072867370075],[-47.729741560146074,-15.969060918668088],[-47.729727241724774,-15.969049852319408],[-47.729712205792964,-15.96903971269276],[-47.72970955073429,-15.969038068299602],[-47.729596809307765,-15.968968975994512],[-47.7295879862748,-15.96896356959749],[-47.72958377700761,-15.968961460826216],[-47.72956750205625,-15.968953307621055],[-47.729550711064235,-15.96894620502422],[-47.72953347718267,-15.968940177396101],[-47.729519062534074,-15.968936059416848],[-47.72943265988269,-15.968913781765039],[-47.72937481428311,-15.968883515395168],[-47.72936610736135,-15.968878960104675],[-47.72936214482676,-15.96887728352474],[-47.72934535571302,-15.968870180886],[-47.72932812184177,-15.96886415323939],[-47.72931051643747,-15.968859230363487],[-47.72929261444457,-15.968855431177063],[-47.72928923246351,-15.968854845481752],[-47.72913881148097,-15.968829722105161],[-47.72892201926214,-15.968679417962795],[-47.72880043228626,-15.968522085866205],[-47.728797072128465,-15.968517737286962],[-47.72879606121745,-15.96851657960464],[-47.7287842485001,-15.968503021164487],[-47.72877154821786,-15.968490241675097],[-47.72875800964403,-15.968478294701375],[-47.72874369128832,-15.968467226465721],[-47.72872865549209,-15.968457090367291],[-47.72871296815906,-15.968447927115717],[-47.72870279923876,-15.968442682254455],[-47.72864209989634,-15.968412901627147],[-47.728585378998396,-15.96830317264123],[-47.72858341360277,-15.96829937174955],[-47.72858195530755,-15.968297166646293],[-47.72857207338115,-15.968282236173204],[-47.728561205098515,-15.968267959459697],[-47.72854957245834,-15.968254597414981],[-47.728517433994554,-15.968220001859427],[-47.72850473188064,-15.96820722237222],[-47.728491193341725,-15.96819527537598],[-47.72847687502049,-15.968184207116872],[-47.728461839258166,-15.96817407099414],[-47.728446151958266,-15.96816490771754],[-47.72842987710858,-15.968156754408465],[-47.72841308621317,-15.968149651705646],[-47.72839585242281,-15.968143623969942],[-47.7283782470702,-15.96813869919796],[-47.72836034514841,-15.9681348999209],[-47.72835329926407,-15.968133728459396],[-47.728165766008445,-15.9679250381412],[-47.72806708673248,-15.967629067591803],[-47.732320916902644,-15.968910503347585],[-47.732334926278654,-15.968924380468918],[-47.73234905631595,-15.968936554492045],[-47.73237008600601,-15.968951917559675],[-47.732380658889795,-15.968958578681162],[-47.73240937149304,-15.968973620169585],[-47.73241511382152,-15.968976146539937],[-47.732451755551274,-15.968988921512153],[-47.73277800550079,-15.96907841186333],[-47.732772156198045,-15.96914393315881],[-47.73272299608553,-15.96943014946643],[-47.732411442500535,-15.969628320377703],[-47.732171111157136,-15.969632922943894],[-47.73200940617754,-15.96963601905337],[-47.73174764851832,-15.969780282521196],[-47.73166148112801,-15.96995714739791],[-47.73163065273525,-15.970078458402185]]]}},{"type":"Feature","properties":{"lote":"15","tipo":"Parcela","assentamento":"1º de Julho"},"geometry":{"type":"Polygon","coordinates":[[[-47.73144321305049,-15.964972411742341],[-47.73251115749023,-15.964933759856883],[-47.73328388212589,-15.965001339018551],[-47.73329028171449,-15.965123275372191],[-47.73222065634627,-15.965347685104957],[-47.732267989728726,-15.965730963920565],[-47.73226072615617,-15.965984271409456],[-47.73275131908179,-15.966422329478362],[-47.73254846579446,-15.967211545387066],[-47.732515298842685,-15.967340584694652],[-47.731912650899964,-15.967453007528434],[-47.73177857377374,-15.967759756322057],[-47.72850517674653,-15.966823402045957],[-47.72851721933029,-15.966821966815628],[-47.728535258959276,-15.966818851498928],[-47.72855305165245,-15.966814599514157],[-47.728570517379,-15.966809229939765],[-47.72858720678002,-15.966802927302421],[-47.7287928904246,-15.966717776182078],[-47.72880985798893,-15.966710093572912],[-47.72881531007831,-15.966707331171449],[-47.72883059917064,-15.96669938264301],[-47.728870332222414,-15.96668059673537],[-47.72888638039162,-15.96667203345261],[-47.72889553531317,-15.96666653083434],[-47.72892584352543,-15.96664752306751],[-47.72902857543728,-15.966639485929102],[-47.729046270764115,-15.966637558090424],[-47.72906431031248,-15.96663443912105],[-47.72923131774389,-15.966599508469468],[-47.72924158377186,-15.966601041871916],[-47.72938637352741,-15.96664917190189],[-47.72940845159423,-15.966655542734259],[-47.72942635151808,-15.966659341965533],[-47.72944447124329,-15.966662000415193],[-47.72946095145267,-15.966663409809723],[-47.72950898261737,-15.96666614215837],[-47.72952908509987,-15.966666582553817],[-47.72954739120009,-15.966665772272123],[-47.72956560501559,-15.966663801686042],[-47.72958364459992,-15.966660686286014],[-47.72960143724303,-15.966656434219972],[-47.72961890291439,-15.966651064566785],[-47.72962417113567,-15.966649202228107],[-47.729664285399394,-15.966634578564207],[-47.72976918298184,-15.966664126916289],[-47.729778546761956,-15.966666594777255],[-47.72979644668869,-15.96667039397645],[-47.729814566414625,-15.966673052393984],[-47.72982487926404,-15.966674045079012],[-47.729935347186796,-15.966682697427377],[-47.73015225583277,-15.966752214582106],[-47.73016986107763,-15.966757139221414],[-47.730187761014676,-15.96676093838556],[-47.73020588072418,-15.966763594961973],[-47.73022785028939,-15.966765266998726],[-47.73033341902609,-15.966769257740975],[-47.73036633832449,-15.966768630423546],[-47.73037687813058,-15.966767633232736],[-47.730621389921126,-15.96673997643651],[-47.73062906394093,-15.966739004769254],[-47.730647103500495,-15.966735889281471],[-47.730664896112856,-15.966731637129849],[-47.73068236174765,-15.966726267393648],[-47.730699426073,-15.966719806305116],[-47.73071601846638,-15.96671227824313],[-47.73073206656086,-15.96670371664038],[-47.730747499880934,-15.966694156711897],[-47.730762255516545,-15.966683640802023],[-47.730776268764345,-15.966672216696894],[-47.730789478605736,-15.966659928523148],[-47.73080182976972,-15.966646831172552],[-47.73081326885223,-15.966632979513115],[-47.730823746256455,-15.966618433783541],[-47.73083321987753,-15.966603255933753],[-47.73084164579281,-15.966587511549386],[-47.73084898943844,-15.966571267903635],[-47.73085521819099,-15.966554597664018],[-47.73086030866334,-15.966537566155496],[-47.73086423569955,-15.966520245950749],[-47.73086698362495,-15.966502720340134],[-47.73086854025363,-15.966485054506352],[-47.73086889919627,-15.966467328009164],[-47.7308680596396,-15.96644961853121],[-47.73086602445507,-15.966432000095686],[-47.73086280209023,-15.966414544848615],[-47.730858406715626,-15.96639733389507],[-47.73085285608855,-15.966380437456541],[-47.73084617732504,-15.9663639274421],[-47.73083839567427,-15.96634787578445],[-47.7308295456951,-15.966332352491818],[-47.730819663739815,-15.966317422130638],[-47.73080879544589,-15.966303145536841],[-47.73079698468191,-15.966289590794123],[-47.73144321305049,-15.964972411742341]]]}},{"type":"Feature","properties":{"lote":"11","tipo":"Parcela","assentamento":"Camapuã"},"geometry":{"type":"Polygon","coordinates":[[[-47.72079253244326,-15.958425930156714],[-47.72355533150883,-15.959098578840079],[-47.723453000677885,-15.959448233527217],[-47.72337333637189,-15.959806922129811],[-47.72400986046878,-15.960019293988386],[-47.72382725512924,-15.960309883111194],[-47.720512393674056,-15.959502833855472],[-47.72079253244326,-15.958425930156714]]]}},{"type":"Feature","properties":{"lote":"16","tipo":"Parcela","assentamento":"1º de Julho"},"geometry":{"type":"Polygon","coordinates":[[[-47.73079698468191,-15.966289590794123],[-47.73078428258788,-15.966276811443244],[-47.73077074408644,-15.966264864589606],[-47.730756425820125,-15.966253796478792],[-47.73074139012992,-15.966243660509425],[-47.730725702919074,-15.966234497390559],[-47.7307094281749,-15.966226344242934],[-47.73069263740114,-15.966219241704588],[-47.73067540374791,-15.966213214135678],[-47.730657798547405,-15.966208289532108],[-47.73063989679207,-15.966204490424355],[-47.730621779001396,-15.966201833853788],[-47.730603518080486,-15.966200326120427],[-47.73058519634224,-15.966199978823907],[-47.730566888460636,-15.96620079101653],[-47.73055634871077,-15.966201790017944],[-47.73033350274615,-15.96622699145055],[-47.73028928580054,-15.966225319958463],[-47.73007801681417,-15.966157608083297],[-47.73006041167422,-15.966152687039765],[-47.730042509927024,-15.96614888787969],[-47.73002439024965,-15.96614622947438],[-47.72989844155374,-15.966136178565478],[-47.72973120567468,-15.966089070621136],[-47.729724294999286,-15.966087124368388],[-47.72970394207481,-15.96608280534584],[-47.72968582424564,-15.96608014508063],[-47.729667563378705,-15.966078640876937],[-47.729649241615434,-15.966078291692595],[-47.72963093375226,-15.966079105610353],[-47.72961272180824,-15.966081072558005],[-47.72959468045739,-15.966084191588205],[-47.72957688972951,-15.966088443622333],[-47.72955942407835,-15.966093811458906],[-47.72955415586991,-15.966095673793903],[-47.72950204276069,-15.966114672862311],[-47.72939996526603,-15.966080740705443],[-47.729396247746074,-15.966079503561915],[-47.7293778872655,-15.966074369862037],[-47.729359985528944,-15.966070570641985],[-47.729351629979824,-15.966069199057726],[-47.729265453457536,-15.966056345553785],[-47.729255691203356,-15.966055058644878],[-47.72923743028691,-15.96605355079172],[-47.72921910856953,-15.966053205182277],[-47.72920079878498,-15.966054015474938],[-47.72918258874873,-15.9660559859748],[-47.72916454733844,-15.966059101357514],[-47.728965059434586,-15.966100825673083],[-47.728860253307246,-15.966108997431354],[-47.728842559913105,-15.966110927030181],[-47.72883598975017,-15.966111924369864],[-47.72880203765571,-15.966117488610402],[-47.72879375269108,-15.966118845483383],[-47.728772775633615,-15.96612385859543],[-47.728760721003034,-15.96612743268924],[-47.72872948616697,-15.966137443976326],[-47.72872510796949,-15.966138847032617],[-47.72870700889934,-15.966145700420688],[-47.7286904164237,-15.966153226526274],[-47.72867453131697,-15.966161695598686],[-47.72863489170129,-15.966184477696828],[-47.72863036355328,-15.966187078448112],[-47.72862573494814,-15.966189982131603],[-47.728605143162326,-15.966202896678576],[-47.72858017420856,-15.966214672748738],[-47.72857574428899,-15.966216806218378],[-47.728570294074345,-15.966219568588633],[-47.72856107911197,-15.966224360256309],[-47.728406245205285,-15.966288458246622],[-47.728316259696136,-15.966297251043468],[-47.72829646263075,-15.966282556461904],[-47.72829398987075,-15.966280720066868],[-47.72827850196885,-15.966270275339255],[-47.728262814862525,-15.96626111382948],[-47.728246540209355,-15.966252962286138],[-47.72822974946373,-15.966245857736123],[-47.728212515824616,-15.96623982815251],[-47.72819491069739,-15.966234906950163],[-47.728177008951995,-15.966231107630334],[-47.72815889113242,-15.966228449041372],[-47.728148998858984,-15.96622748887171],[-47.72809779948114,-15.966223401881955],[-47.72809143299637,-15.966222895550791],[-47.72806870096246,-15.966222549772231],[-47.727956528263604,-15.966224905981552],[-47.727821499868135,-15.966190086668885],[-47.727818303526185,-15.96618928002266],[-47.72780039992006,-15.966185480693373],[-47.727782283995715,-15.96618282385358],[-47.72776402308221,-15.966181317681324],[-47.72774569944349,-15.966180970165297],[-47.72772739337876,-15.9661817820938],[-47.72771800390528,-15.96618265257452],[-47.7276794996935,-15.96618684915651],[-47.727672826902904,-15.96618757681218],[-47.72765263577482,-15.9661910661442],[-47.72763484497007,-15.966195318025342],[-47.727617379232015,-15.966200685713497],[-47.727600312965826,-15.96620714839576],[-47.7275911321608,-15.966211155641224],[-47.72753813566993,-15.966146492267779],[-47.727526809255046,-15.9661335290695],[-47.72751410734821,-15.966120749491251],[-47.727500568969944,-15.966108798787486],[-47.727486249042016,-15.966097734064592],[-47.72747121533399,-15.966087596009084],[-47.72745552822137,-15.966078430820234],[-47.72745199430998,-15.966076550063562],[-47.727413690031575,-15.966056495775854],[-47.72740492869478,-15.966051908556688],[-47.72740094933056,-15.966050224917863],[-47.727384156755114,-15.966043120318028],[-47.72736692501531,-15.966037090636174],[-47.727363161875004,-15.966028625067668],[-47.72735757443259,-15.966011607936812],[-47.727350895955304,-15.965995097766658],[-47.727343114581664,-15.965979045936308],[-47.72733426300252,-15.965963522478388],[-47.72732438314511,-15.965948590083114],[-47.727316675660646,-15.9659382688264],[-47.727132793157935,-15.965703855549485],[-47.727197492908594,-15.965679739096336],[-47.72992483789199,-15.965143058362175],[-47.730960490442634,-15.964989883107489],[-47.73142836142405,-15.964972948904506],[-47.73144321305049,-15.964972411742341],[-47.73079698468191,-15.966289590794123]]]}},{"type":"Feature","properties":{"lote":"17","tipo":"Parcela","assentamento":"1º de Julho"},"geometry":{"type":"Polygon","coordinates":[[[-47.733677185757934,-15.964721888476761],[-47.733558176911195,-15.964791233601312],[-47.73338483554829,-15.964828814567056],[-47.73251609266432,-15.964752836392453],[-47.730942815523896,-15.964809777521346],[-47.73061661764682,-15.96485809144229],[-47.730884334600866,-15.962288814060688],[-47.7309072508446,-15.962325088867882],[-47.730935750920175,-15.962357448929327],[-47.730969133181596,-15.962385097522112],[-47.731006574338366,-15.962407355072822],[-47.7310471538712,-15.962423669685947],[-47.73108987120119,-15.962433644021116],[-47.73113367735262,-15.962437029472445],[-47.73117749015752,-15.962433745845287],[-47.731220231445675,-15.962423870046162],[-47.7312608514608,-15.962407646610782],[-47.73129834738224,-15.962385476630784],[-47.731331796756585,-15.962357904684877],[-47.73136037606816,-15.962325611377475],[-47.731383382797944,-15.962289387769818],[-47.73140024655084,-15.962250129819534],[-47.73141055659239,-15.962208803710503],[-47.73141405597832,-15.962166426057667],[-47.73141065990397,-15.962124040191668],[-47.73140045346944,-15.962082689092282],[-47.731383683893455,-15.962043392005016],[-47.73135275703731,-15.961984497057307],[-47.73149473587153,-15.962033626341984],[-47.732017346121815,-15.96223788876378],[-47.73199791892618,-15.962351751937046],[-47.731973666061506,-15.962606906319792],[-47.73196236387305,-15.962936674852607],[-47.731952436235375,-15.963226410239601],[-47.73194847640143,-15.963341919502389],[-47.732309606865314,-15.963455677913243],[-47.73253281883051,-15.963836687229398],[-47.73293226580674,-15.964236996532293],[-47.73340929414369,-15.964631057443002],[-47.73352402951287,-15.964705899238641],[-47.733677185757934,-15.964721888476761]]]}},{"type":"Feature","properties":{"lote":"18","tipo":"Parcela","assentamento":"1º de Julho"},"geometry":{"type":"Polygon","coordinates":[[[-47.73061661764682,-15.96485809144229],[-47.7298877181486,-15.964966046056958],[-47.72966827371556,-15.964653796232318],[-47.73005229422062,-15.964538419679865],[-47.729919283819626,-15.963723907448948],[-47.72959774399657,-15.963075173183201],[-47.72932717158018,-15.962907519891639],[-47.72881530829583,-15.961719565809478],[-47.72911863630079,-15.961550484630566],[-47.72918496991377,-15.961523462355812],[-47.72930792725916,-15.961493892119876],[-47.72931433120007,-15.961492351381816],[-47.729333852982165,-15.961486352419765],[-47.72935088904769,-15.961479899077256],[-47.73082109922632,-15.962168395238393],[-47.730884334600866,-15.962288814060688],[-47.73061661764682,-15.96485809144229]]]}},{"type":"Feature","properties":{"lote":"19","tipo":"Parcela","assentamento":"1º de Julho"},"geometry":{"type":"Polygon","coordinates":[[[-47.72969773513408,-15.964888464655813],[-47.72964500253851,-15.965013808742329],[-47.727144954295156,-15.96550575919438],[-47.72610021924116,-15.965895207233622],[-47.72593575150671,-15.9658253662394],[-47.72594397534255,-15.965557159607938],[-47.725923056047996,-15.965058452040504],[-47.72906574329814,-15.963989191393761],[-47.72969773513408,-15.964888464655813]]]}},{"type":"Feature","properties":{"lote":"20","tipo":"Parcela","assentamento":"1º de Julho"},"geometry":{"type":"Polygon","coordinates":[[[-47.72906574329814,-15.963989191393761],[-47.725923056047996,-15.965058452040504],[-47.72591473535659,-15.964860064134118],[-47.726015003053874,-15.96441017474915],[-47.72602322275222,-15.964273791267207],[-47.72603570850981,-15.964162342649724],[-47.7260659322114,-15.963956539107917],[-47.7261329517892,-15.963619542740995],[-47.7263373525187,-15.96312651907778],[-47.726436086127826,-15.96275028458406],[-47.72804311184393,-15.963502067325882],[-47.728040339988716,-15.963528045091445],[-47.72803992297244,-15.96354329767596],[-47.728041447444554,-15.96357106704956],[-47.72804325591925,-15.963584515788934],[-47.72804958070738,-15.963613376746684],[-47.728053032382476,-15.963624765297634],[-47.728064534880424,-15.963653907427151],[-47.72806902490832,-15.963663106176055],[-47.72808593201263,-15.963691636074682],[-47.728090859197884,-15.963698647224392],[-47.728113236424406,-15.96372561211961],[-47.728118029237294,-15.963730560328095],[-47.72814575310967,-15.963754977329225],[-47.728182667306434,-15.963778992401355],[-47.72818573305722,-15.963780637037617],[-47.72822304469263,-15.9637970514129],[-47.7282658689434,-15.96380869760083],[-47.72864439422554,-15.963894113522485],[-47.72906574329814,-15.963989191393761]]]}},{"type":"Feature","properties":{"lote":"21","tipo":"Parcela","assentamento":"1º de Julho"},"geometry":{"type":"Polygon","coordinates":[[[-47.72804311184393,-15.963502067325882],[-47.726436086127826,-15.96275028458406],[-47.72644940812412,-15.962699518404524],[-47.72667562416904,-15.962199117514013],[-47.7267395049874,-15.962008252250001],[-47.726858209433885,-15.96181371183903],[-47.7269967937531,-15.961878064152978],[-47.72700872338501,-15.961881269158416],[-47.727026622832355,-15.961885066858201],[-47.72704474209437,-15.96188772377708],[-47.7270629989327,-15.961889233731842],[-47.727074354053045,-15.961889584772402],[-47.72736624862128,-15.961892914032365],[-47.72759301892392,-15.961932907906526],[-47.72761032964336,-15.961935421485304],[-47.72762858832471,-15.96193692956097],[-47.72764691157699,-15.961937277147275],[-47.72766521725965,-15.961936465285376],[-47.727685976833804,-15.961934309110095],[-47.72789417958713,-15.961910696587044],[-47.72805679812461,-15.961917982933624],[-47.72809173246537,-15.961917438913233],[-47.728109945893316,-15.961915468514446],[-47.72812798508234,-15.961912351492142],[-47.72814577737286,-15.961908099605555],[-47.72815382504636,-15.961905777592504],[-47.72841821048996,-15.961825280634695],[-47.728574370876366,-15.96181867645687],[-47.728584109538154,-15.961818099586191],[-47.72860232296998,-15.961816130953848],[-47.72862036211137,-15.96181301208672],[-47.72863815437627,-15.961808760162315],[-47.728646897274764,-15.961806073468498],[-47.72867268371268,-15.961796929771472],[-47.728689275856894,-15.961789403720385],[-47.72870194397399,-15.961782756533285],[-47.72881530829583,-15.961719565809478],[-47.72932717158018,-15.962907519891639],[-47.72865418299489,-15.963374121982222],[-47.728591232907085,-15.96361054245794],[-47.728598974463544,-15.963567294508957],[-47.72859950333473,-15.963524884039021],[-47.72859248931552,-15.963480024088504],[-47.72857969121187,-15.963441254391418],[-47.72857843368495,-15.963438291687543],[-47.728559794242464,-15.963402764374695],[-47.72855759637379,-15.963399302401093],[-47.72853384700799,-15.963367806596926],[-47.72853052711343,-15.963364078868226],[-47.7285025093887,-15.963337265019002],[-47.728497934884466,-15.963333545972828],[-47.72846656666637,-15.963311908212587],[-47.728460674481774,-15.963308503919126],[-47.72842692932872,-15.963292374912296],[-47.7284197238679,-15.963289610455865],[-47.72838459369474,-15.963279161870785],[-47.7283761558772,-15.963277359559193],[-47.728340630347205,-15.963272596910524],[-47.72833111758334,-15.963272074469181],[-47.72829614691875,-15.963272848427453],[-47.72828578716683,-15.96327389378607],[-47.72825226547019,-15.963279909420793],[-47.728241353331654,-15.963282768118583],[-47.72821009453762,-15.963293601460004],[-47.72819898553432,-15.963298467686597],[-47.72817069373631,-15.963313580552487],[-47.72815979284064,-15.963320577423676],[-47.728135062633626,-15.963339342703428],[-47.728124803660116,-15.963348517103308],[-47.72810409424955,-15.963370237149363],[-47.72809493609693,-15.963381557971724],[-47.72807857156784,-15.963405484465653],[-47.72807097375454,-15.963418828473186],[-47.72805913980244,-15.963444196787433],[-47.72805354758092,-15.963459352413158],[-47.7280462879735,-15.963485396106401],[-47.72804311184393,-15.963502067325882]]]}},{"type":"Feature","properties":{"lote":"APP","tipo":"APP","assentamento":"1º de Julho"},"geometry":{"type":"Polygon","coordinates":[[[-47.72703746856272,-15.954068582682018],[-47.72673389527436,-15.954016797860938],[-47.72673082328352,-15.954006262449761],[-47.72674342541089,-15.953839258372899],[-47.7267177052013,-15.953710143547822],[-47.72669254604388,-15.953583853950594],[-47.726702996380624,-15.9534660384943],[-47.72675973762942,-15.953287427823046],[-47.72681099009522,-15.953126099285127],[-47.72690363840625,-15.952846476660714],[-47.72706938715384,-15.952443344481518],[-47.727192147276945,-15.952250407844753],[-47.727229085805035,-15.952061990261988],[-47.727386788893,-15.951898686536454],[-47.72738621134811,-15.951849109814425],[-47.72737170839511,-15.951743171032355],[-47.72749756815186,-15.95160673349631],[-47.72758665810849,-15.951581490329785],[-47.72765144283424,-15.951422705238627],[-47.727746481895586,-15.95134868593198],[-47.7278537738597,-15.95127794521891],[-47.72787709900776,-15.95126995652246],[-47.72797262038801,-15.9512372402048],[-47.72799843284959,-15.951254664082352],[-47.72800659922261,-15.9512640384842],[-47.72801930006103,-15.95127681819],[-47.72803283729569,-15.951288767220115],[-47.7280471542159,-15.951299833909045],[-47.72806218858407,-15.951309972080336],[-47.72807787442913,-15.951319135604862],[-47.72809414776895,-15.951327287360007],[-47.72810086653421,-15.951330130311483],[-47.72811093717883,-15.951334392123806],[-47.72812258669019,-15.951338467748466],[-47.72812490618891,-15.951340031552116],[-47.72813887420716,-15.951438702883198],[-47.7281604479811,-15.951474708060676],[-47.72823187163549,-15.951515935966299],[-47.72831817894345,-15.95150416693443],[-47.72838181242955,-15.951574981974979],[-47.72838716618234,-15.951669387468307],[-47.72850915331501,-15.951750747232168],[-47.728572929623816,-15.95191125954875],[-47.72864607303366,-15.95209535228466],[-47.728781169586796,-15.952277272550168],[-47.7290048791267,-15.952675700783974],[-47.72915079771024,-15.952874150616449],[-47.729320489064804,-15.953114175272],[-47.72935152652719,-15.953507301466907],[-47.72911613954478,-15.953712665624266],[-47.72910729038033,-15.953697140331355],[-47.729099509515926,-15.953681088496161],[-47.72909282961553,-15.953664578345638],[-47.72908728152514,-15.953647681742414],[-47.72908288675705,-15.953630470667434],[-47.729061987638566,-15.953534159731047],[-47.72905891312916,-15.953517379891327],[-47.72905687839502,-15.953499759568889],[-47.72905625278558,-15.95348968452122],[-47.72905279146576,-15.953408632859006],[-47.72904330700455,-15.953186537396608],[-47.729038962855974,-15.953178577739202],[-47.728752612045625,-15.952801055324608],[-47.72874759798744,-15.952794224078252],[-47.728737718869624,-15.952779293453517],[-47.728735223860966,-15.952775524538623],[-47.728730429069785,-15.952766685477211],[-47.728542318876464,-15.952419961988772],[-47.72841864990853,-15.95225343487595],[-47.72841529005637,-15.95224880806558],[-47.72840541099418,-15.952233877416907],[-47.72839656196369,-15.952218352074208],[-47.72838878122851,-15.952202300193617],[-47.728387527045214,-15.952199714958253],[-47.72838468566468,-15.952192563540917],[-47.728278862796806,-15.951926221279765],[-47.72822822679903,-15.95189244850741],[-47.72821961532512,-15.95188647025774],[-47.728205300241434,-15.951875405371172],[-47.728191762953074,-15.951863456360229],[-47.728179062062196,-15.951850676672706],[-47.72816725241291,-15.951837117997684],[-47.72815638342028,-15.951822844737439],[-47.72814650437702,-15.95180791226406],[-47.72813765352221,-15.95179238692778],[-47.72812987469496,-15.951776335007843],[-47.72812581198939,-15.951766679215828],[-47.72806216504543,-15.951740939658078],[-47.72804964594777,-15.951735520296346],[-47.72803337444017,-15.951727368519318],[-47.72801768669496,-15.951718205020141],[-47.728002652319034,-15.951708068656501],[-47.7279883372103,-15.951697000139442],[-47.72797479997078,-15.951685052916819],[-47.72796209910467,-15.95167227321239],[-47.72795028950494,-15.951658716327385],[-47.72793942051316,-15.951644441246028],[-47.72792954151975,-15.951629510564635],[-47.72789864084754,-15.951577980622409],[-47.7278847286398,-15.9515888160845],[-47.72784675600172,-15.951681882894597],[-47.72783941057345,-15.951698126434408],[-47.72783098670019,-15.951713870636173],[-47.72782151332048,-15.951729046492265],[-47.727811036271255,-15.951743592006371],[-47.72779959763158,-15.951757443423336],[-47.72778724699635,-15.951770540505544],[-47.72777403774288,-15.951782826580125],[-47.727760025237465,-15.951794253980653],[-47.72774527032439,-15.951804765939647],[-47.72772983785038,-15.951814325508643],[-47.727713790697656,-15.951822888538745],[-47.72769719926433,-15.951830414398483],[-47.72768013411962,-15.951836875098625],[-47.7276661716879,-15.951841242683946],[-47.72766622749372,-15.95184605587261],[-47.72766680510733,-15.951895632583147],[-47.72766643899682,-15.951912864283795],[-47.72766488198303,-15.951930530141745],[-47.72766213189307,-15.951948055768478],[-47.72765820464725,-15.95196537593405],[-47.72765311778821,-15.951982407324627],[-47.72764688713851,-15.95199907748611],[-47.72763954357683,-15.952015322805362],[-47.72763111778631,-15.952031065220995],[-47.727621644403555,-15.9520462428786],[-47.72761116732557,-15.9520607883874],[-47.72759972865598,-15.952074639798322],[-47.727597478377476,-15.952077363363669],[-47.72759140961305,-15.9520836468258],[-47.72748909511473,-15.95218959682771],[-47.72746727621392,-15.95230089268039],[-47.72746356536796,-15.952317097398684],[-47.72745847475428,-15.952334128835398],[-47.72745224410593,-15.952350800800986],[-47.727444902337176,-15.95236704248186],[-47.72743647656888,-15.952382788506146],[-47.72743061757353,-15.952392432713573],[-47.72732060549841,-15.952565334631506],[-47.72715122758828,-15.952977291726244],[-47.72697945210264,-15.9535180025776],[-47.72697488230702,-15.953569524905358],[-47.72701840246239,-15.953787985221922],[-47.727020566114554,-15.953800381825443],[-47.72702260063214,-15.953817998581929],[-47.72702343966402,-15.953835711766214],[-47.727023080170035,-15.953853434712517],[-47.72702272029735,-15.953858988348488],[-47.72701369926933,-15.953978517969265],[-47.72702985031843,-15.954033908934505],[-47.72703424692142,-15.95405112908335],[-47.72703746856272,-15.954068582682018]]]}},{"type":"Feature","properties":{"lote":"APP","tipo":"APP","assentamento":"1º de Julho"},"geometry":{"type":"Polygon","coordinates":[[[-47.72911613954478,-15.953712665624266],[-47.72935152652719,-15.953507301466907],[-47.72935680253729,-15.953574137708108],[-47.72949070886687,-15.953722362497126],[-47.729663055922146,-15.953969240600687],[-47.72981106069689,-15.954199312114278],[-47.72994193126224,-15.954285467730093],[-47.730062030190275,-15.954310389564926],[-47.730341200117444,-15.954392113730474],[-47.73056376503019,-15.95460905159715],[-47.73069206247037,-15.954684811329717],[-47.7307974418926,-15.95475824430006],[-47.73078814883077,-15.954771147421436],[-47.73077671030942,-15.954785000794269],[-47.730764359743375,-15.954798098043005],[-47.730751150558596,-15.95481038610609],[-47.73073713804782,-15.954821811898293],[-47.73072238315308,-15.954832325875351],[-47.7307069506478,-15.954841885669795],[-47.73069090341428,-15.954850447131799],[-47.73067431192421,-15.95485797504696],[-47.73065724854058,-15.954864435983213],[-47.73063978388204,-15.954869805562334],[-47.73062199227627,-15.95487405755271],[-47.73060395374919,-15.95487717287585],[-47.73058574100653,-15.954879143384089],[-47.73056743601442,-15.9548799553934],[-47.730549113443296,-15.954879607956581],[-47.73053085543061,-15.954878100031827],[-47.73051273681811,-15.954875443314188],[-47.73049483797442,-15.954871644009673],[-47.73047723381469,-15.954866719231468],[-47.73045999935194,-15.9548606933169],[-47.73044320957475,-15.954853588797324],[-47.73042693772722,-15.954845437257887],[-47.73041124961093,-15.95483627218449],[-47.730396214883235,-15.954826136045874],[-47.730381897576756,-15.95481506957575],[-47.73036835995521,-15.954803120755653],[-47.730367768442484,-15.95480259538852],[-47.73036501172964,-15.95479991000911],[-47.73019050131131,-15.95462981498283],[-47.7300393386734,-15.95458276757621],[-47.72988320462606,-15.954550369259817],[-47.72987300337794,-15.954548058253353],[-47.729855399279046,-15.954543135223348],[-47.729838166698244,-15.954537107421867],[-47.72982105024077,-15.95452986609448],[-47.72981858479336,-15.95452869614235],[-47.729730339664265,-15.954486807994988],[-47.72971685817129,-15.954479963121035],[-47.72970116826768,-15.95447079981578],[-47.729686137306885,-15.954460661764001],[-47.72967182008541,-15.954449597042148],[-47.72965828250231,-15.954437646360557],[-47.729648788209516,-15.954428256375884],[-47.72960616269231,-15.954383990635401],[-47.7296029558273,-15.954380601060807],[-47.729591145967206,-15.954367046116916],[-47.72958027667014,-15.95435276935656],[-47.72957330925088,-15.954342467643736],[-47.729311941112265,-15.953936170799095],[-47.729145951807084,-15.953752431767205],[-47.72913688794817,-15.953741871207274],[-47.729126016853904,-15.953727594436597],[-47.72911613954478,-15.953712665624266]]]}},{"type":"Feature","properties":{"lote":"22","tipo":"Parcela","assentamento":"1º de Julho"},"geometry":{"type":"Polygon","coordinates":[[[-47.726232604937096,-15.96177307110853],[-47.72673284014554,-15.95998731519022],[-47.72925258010247,-15.960745555046367],[-47.730969744023135,-15.960730046790554],[-47.730994080399256,-15.960829077327094],[-47.73095117214675,-15.961210276093288],[-47.73094614682908,-15.961452715617249],[-47.73085203739228,-15.961737069040424],[-47.7307378984596,-15.962009957122232],[-47.73082109922632,-15.962168395238393],[-47.72935088904769,-15.961479899077256],[-47.72938971921568,-15.961460145637362],[-47.72942488450767,-15.961434766777232],[-47.729455519574415,-15.961404387628528],[-47.72948087645049,-15.961369752858698],[-47.72950032273646,-15.961331730306346],[-47.72951339824614,-15.961291219945887],[-47.72951977648833,-15.961249204953171],[-47.72951929283991,-15.961206763992564],[-47.72951196300002,-15.961164917444263],[-47.72949796706916,-15.961124692634396],[-47.7294776755373,-15.961087112667562],[-47.72945154428383,-15.961053026156852],[-47.72942018963464,-15.961023272454966],[-47.729384455175534,-15.960998651905891],[-47.72934518320066,-15.960979731853033],[-47.72930333970876,-15.960966976916737],[-47.729260021307994,-15.960960707361176],[-47.72921615586581,-15.96096105411968],[-47.72917280797439,-15.96096804162497],[-47.729028759387106,-15.961002682247532],[-47.729022342414325,-15.961004224946803],[-47.729020300802794,-15.961004852346335],[-47.72900283557266,-15.961010221879551],[-47.728987643289955,-15.96101591482464],[-47.728885230507636,-15.961057633869586],[-47.72888335699877,-15.96105840364333],[-47.72887337057043,-15.961062464475521],[-47.728866764920085,-15.961065929699345],[-47.72885409685125,-15.961072576888679],[-47.72848157473831,-15.96128022956841],[-47.72835698867947,-15.961285503060306],[-47.72834973901086,-15.961285809925295],[-47.728347250016384,-15.961286078110774],[-47.728329038492426,-15.961288046690845],[-47.7283199047769,-15.961289034947388],[-47.7283109974969,-15.961291163744658],[-47.72829320713136,-15.961295415612442],[-47.72828515948358,-15.96129773762677],[-47.728033084294815,-15.961374485474952],[-47.72789724597395,-15.961368396780317],[-47.727862311746975,-15.961368942560393],[-47.72785168083464,-15.961369949775852],[-47.72765224630388,-15.961392567744918],[-47.727443427206225,-15.961355738642666],[-47.727426116537735,-15.961353225042242],[-47.72740785606641,-15.9613517187705],[-47.72739650282127,-15.961351365913231],[-47.727120581153244,-15.96134821892058],[-47.72697411180568,-15.96130548366896],[-47.72696218036733,-15.961302280485711],[-47.72694428094955,-15.96129848096611],[-47.72693531720301,-15.961296578674062],[-47.726926163584196,-15.961295822200482],[-47.72690507121752,-15.961294080817476],[-47.726897300599354,-15.961293973357662],[-47.72680335639047,-15.961292658326169],[-47.72678879302222,-15.961292819371657],[-47.72670629116455,-15.961295819168116],[-47.72669800886417,-15.961296119191655],[-47.72669482817911,-15.961296462956746],[-47.72668733138332,-15.961297273253257],[-47.72667661659033,-15.961298429593423],[-47.726667492164204,-15.961299415856786],[-47.72665857556969,-15.961301548318687],[-47.72664078514561,-15.961305800055259],[-47.726631862925466,-15.961307930781063],[-47.72662331974612,-15.961311165796841],[-47.726606253848125,-15.961317630149235],[-47.72659771621938,-15.961320861481093],[-47.72658966352651,-15.961325157828236],[-47.72657361559539,-15.961333719086062],[-47.72656557771369,-15.961338006213099],[-47.72655818052927,-15.961343278709501],[-47.726543426813635,-15.961353792478848],[-47.726536190501065,-15.961358949137045],[-47.72652941362432,-15.961365218098718],[-47.72651735348656,-15.96137636969888],[-47.7265002407854,-15.961393170514965],[-47.72643396596645,-15.96145822555835],[-47.72642589502584,-15.961466140231124],[-47.72642161473877,-15.961471322658143],[-47.72641017552498,-15.96148517228501],[-47.726399696080215,-15.961499716031177],[-47.72639776623012,-15.96150239399417],[-47.726393400628226,-15.961509550025177],[-47.72624144398167,-15.961758586081496],[-47.72623826750591,-15.961763931544116],[-47.726232604937096,-15.96177307110853]]]}},{"type":"Feature","properties":{"lote":"23","tipo":"Parcela","assentamento":"1º de Julho"},"geometry":{"type":"Polygon","coordinates":[[[-47.72673284014554,-15.95998731519022],[-47.72691564701108,-15.959335908915278],[-47.72703361755423,-15.959302414905938],[-47.7270437357815,-15.95929954106762],[-47.72704823860608,-15.959297836633105],[-47.72706530437236,-15.959291375885465],[-47.72708189635735,-15.959283846367644],[-47.727097944135934,-15.95927528690526],[-47.7271133771608,-15.95926572729376],[-47.727123456000356,-15.959258702982888],[-47.727196568530076,-15.959205320480505],[-47.727200367880954,-15.959202544766034],[-47.72720124509904,-15.959201830984668],[-47.7272159808998,-15.959189731456881],[-47.727228467792564,-15.959178117428582],[-47.72724081884401,-15.95916502031001],[-47.72725225786343,-15.959151168859673],[-47.72725674937973,-15.95914518173408],[-47.72730327987342,-15.959081332316764],[-47.72730776537927,-15.959075177277107],[-47.72731873942004,-15.959057598013112],[-47.72732716541543,-15.959041853763175],[-47.72733450919068,-15.959025610226163],[-47.727340738072854,-15.959008936457074],[-47.727345828771924,-15.958991905004648],[-47.72734975613107,-15.958974588441295],[-47.727352502460704,-15.958957059244762],[-47.72735406132091,-15.958939393362886],[-47.72735442072028,-15.958921670426538],[-47.72735358156385,-15.958903957258785],[-47.72735154502556,-15.958886340548945],[-47.727349747637085,-15.958876596448011],[-47.72735884257595,-15.958872337458487],[-47.72740910700826,-15.958876599314305],[-47.72765265636643,-15.958937621735558],[-47.72767183511547,-15.958941739184423],[-47.72769081468974,-15.958944522464861],[-47.727694905326885,-15.958944920401782],[-47.72779768324775,-15.958954898436826],[-47.72780701615549,-15.958955804348275],[-47.72781099040752,-15.958955880423321],[-47.72782931340958,-15.958956229842382],[-47.72785026904103,-15.958955200171792],[-47.727864592788684,-15.95896245171655],[-47.72787134949493,-15.958965870378837],[-47.727873847079444,-15.958966927946527],[-47.727890637142245,-15.958974030819041],[-47.727907871959594,-15.958980058700721],[-47.72792547646808,-15.958984983641443],[-47.7279433756777,-15.958988783109204],[-47.72796149469619,-15.95899144179615],[-47.72797975307987,-15.958992948077485],[-47.72799807605876,-15.95899329567555],[-47.72800343867666,-15.95899317712869],[-47.728067099064695,-15.958991188899187],[-47.72813593816868,-15.959026239004],[-47.72814527652997,-15.959030994137773],[-47.72817305857354,-15.959103327232516],[-47.72817646287437,-15.959112191134887],[-47.72817826451008,-15.959115903805552],[-47.728186045613256,-15.959131957451667],[-47.72819489499724,-15.9591474809434],[-47.72820477447016,-15.959162411542898],[-47.72821010237821,-15.95916965606459],[-47.72846010845512,-15.959497951699209],[-47.72846417455789,-15.959503292070861],[-47.728465650093305,-15.95950498396713],[-47.72847746027148,-15.959518540738012],[-47.72849016174337,-15.959531320321577],[-47.728502851782245,-15.959542566468341],[-47.728819629924516,-15.959806424721014],[-47.72883479542118,-15.959818194001866],[-47.72884735960705,-15.9598267629202],[-47.72894495260891,-15.959889500539767],[-47.728973942852264,-15.95998799919831],[-47.72896361467652,-15.960159914621345],[-47.728963168104926,-15.960179184868739],[-47.728964007401565,-15.960196896199458],[-47.728966042293,-15.960214516503795],[-47.72896926423571,-15.96023196641121],[-47.72897133531371,-15.960240681014826],[-47.72899294024838,-15.960325192908789],[-47.72899458260024,-15.96033161709385],[-47.729000812579464,-15.960350589532501],[-47.729007492761575,-15.960367097837414],[-47.729015273966475,-15.960383149628012],[-47.729024123504324,-15.960398674871522],[-47.729034001242546,-15.960413605435873],[-47.72904487274675,-15.960427880342118],[-47.72905668299872,-15.960441435259618],[-47.72906938459422,-15.960454216599219],[-47.729082922563855,-15.960466163642353],[-47.72909724029161,-15.960477231948394],[-47.72911227354737,-15.960487366335261],[-47.72912796210376,-15.960496531439793],[-47.729144236276966,-15.960504682987148],[-47.729161024663156,-15.960511787562277],[-47.72917825961657,-15.960517813508876],[-47.7291958642797,-15.960522738319126],[-47.72921376363737,-15.96052653765559],[-47.72923188277227,-15.960529194404915],[-47.72925014131348,-15.960530702360957],[-47.72926846444153,-15.960531051634572],[-47.72928676994318,-15.960530237849358],[-47.72930498321924,-15.960528267370448],[-47.72932302227669,-15.960525152075734],[-47.72934081254086,-15.96052090013643],[-47.72935827958392,-15.960515530559878],[-47.72937534347551,-15.9605090696486],[-47.72939193546171,-15.960501541757065],[-47.72940798317739,-15.960492980317204],[-47.7294234161487,-15.960483420543323],[-47.72943817151596,-15.960472908391218],[-47.729452182563506,-15.960461480833883],[-47.72946539404578,-15.960449194568534],[-47.72947774497003,-15.960436095527289],[-47.72948918389783,-15.9604222457781],[-47.729499661159686,-15.960407700141118],[-47.72950913283347,-15.960392524201653],[-47.72951755868169,-15.960376779885545],[-47.72952490043165,-15.960360536319088],[-47.72953113290273,-15.960343864268834],[-47.72953622155591,-15.960326832813674],[-47.72954014870234,-15.960309514431454],[-47.72954289670213,-15.96029198521204],[-47.72954481454682,-15.960256596436134],[-47.72954397333149,-15.960238885139445],[-47.72954193838974,-15.96022126484853],[-47.72953871637463,-15.960203813151377],[-47.72953664718936,-15.960195102145343],[-47.729525221575024,-15.960150408365022],[-47.72953592940862,-15.959972099156785],[-47.729535449235314,-15.959936663120754],[-47.729533412459446,-15.959919044658426],[-47.72952579726649,-15.959884380100224],[-47.729466125172536,-15.959681627784047],[-47.72946288597757,-15.959670623115729],[-47.72946076480034,-15.959665377320137],[-47.72945408645859,-15.959648867200832],[-47.72944630528394,-15.959632817232206],[-47.729437455784385,-15.959617293810966],[-47.729427574310165,-15.959602361504063],[-47.729419025451286,-15.959590974392386],[-47.72937101885892,-15.959530398957382],[-47.7293568897728,-15.959513956223947],[-47.72934418825564,-15.959501176699986],[-47.729330650298756,-15.959489226052602],[-47.72931633268904,-15.959478161364318],[-47.729303766669666,-15.95946959430255],[-47.729171854095476,-15.959384790481305],[-47.728892266961,-15.95915191131276],[-47.72883458321693,-15.95907616234846],[-47.728846346410464,-15.959069159963327],[-47.72885161400855,-15.95906602421004],[-47.72896236550778,-15.959079932319906],[-47.72896485204762,-15.959083206389657],[-47.72897059329738,-15.959090501644503],[-47.72898240347599,-15.959104058386584],[-47.72899510494446,-15.959116837939826],[-47.729008642807244,-15.959128785003651],[-47.72902295855752,-15.959139853354987],[-47.72903799356605,-15.959149987740618],[-47.72905368200552,-15.95915915286836],[-47.72906995421711,-15.95916730626922],[-47.72908674432451,-15.959174409039026],[-47.72910397915546,-15.95918043501041],[-47.7291181570441,-15.959184496514583],[-47.729212974838454,-15.95920903089199],[-47.72946485234394,-15.959350815199974],[-47.72957037927307,-15.959456179007077],[-47.729574671974945,-15.959460465192038],[-47.72957608927657,-15.959461717071841],[-47.72958962535207,-15.959473665919454],[-47.729603944864685,-15.959484732369598],[-47.72961897808206,-15.959494868535433],[-47.72963466654598,-15.959504031806159],[-47.72965093880404,-15.959512185154827],[-47.72966772897968,-15.95951928967738],[-47.72968496385153,-15.959525315594702],[-47.729702568429275,-15.959530240375447],[-47.729711100210956,-15.959535543950238],[-47.72972678870592,-15.959544709019093],[-47.72974306281242,-15.959552860529943],[-47.729759851126964,-15.959559965067927],[-47.72977708600403,-15.959565990976875],[-47.72979469058649,-15.959570915749152],[-47.72981258985949,-15.95957471504747],[-47.729866711415845,-15.959584176585079],[-47.72990837841804,-15.959606799894202],[-47.73075439414896,-15.960263780855263],[-47.73092798981246,-15.960560134525823],[-47.730969744023135,-15.960730046790554],[-47.72925258010247,-15.960745555046367],[-47.72673284014554,-15.95998731519022]]]}},{"type":"Feature","properties":{"lote":"24","tipo":"Parcela","assentamento":"1º de Julho"},"geometry":{"type":"Polygon","coordinates":[[[-47.727165045179774,-15.958258157528583],[-47.727279793242246,-15.957951502682665],[-47.727649485584436,-15.956109673679453],[-47.72785179298667,-15.956204063591164],[-47.72908960337273,-15.956782406623974],[-47.728339860054504,-15.958517751228028],[-47.72826245739952,-15.958478342640865],[-47.728252592115716,-15.95847355625464],[-47.728235802089536,-15.958466453405581],[-47.7282185691801,-15.958460425520963],[-47.72820096471644,-15.95845550059801],[-47.72818306368787,-15.958451701168569],[-47.7281649466106,-15.958449044275442],[-47.72814668638695,-15.958447536219946],[-47.72812836535101,-15.958447190409196],[-47.728123000856954,-15.958447307174533],[-47.728058972959154,-15.958449305473074],[-47.728033237710996,-15.958436281006412],[-47.72802398344421,-15.958431804779865],[-47.72800719342687,-15.958424701911127],[-47.72798996052501,-15.958418674006543],[-47.72797235606768,-15.958413749063409],[-47.727954455044085,-15.958409949613662],[-47.72793633797049,-15.958407292700212],[-47.72791807590683,-15.958405786454112],[-47.727899756714194,-15.958405438793541],[-47.727881449487974,-15.958406250649174],[-47.72787023152261,-15.958407326699028],[-47.7278230002149,-15.958412777112395],[-47.72777223960273,-15.958407851474606],[-47.727525736456776,-15.958346089804904],[-47.72750779800809,-15.958342283564692],[-47.72748968091591,-15.958339624805683],[-47.72748121522943,-15.958338781946756],[-47.72733080926029,-15.95832602755525],[-47.727323552821154,-15.958325413223292],[-47.7273210147776,-15.958325365903988],[-47.72730269371811,-15.958325018214886],[-47.72728438648828,-15.958325830018918],[-47.72726679977001,-15.958327730946374],[-47.72723801933482,-15.958305604881463],[-47.727214962312615,-15.958242568568465],[-47.72719386921688,-15.958225301688538],[-47.727165045179774,-15.958258157528583]]]}},{"type":"Feature","properties":{"lote":"25","tipo":"Parcela","assentamento":"1º de Julho"},"geometry":{"type":"Polygon","coordinates":[[[-47.72908960337273,-15.956782406623974],[-47.72977005005106,-15.957099043935376],[-47.72957506428729,-15.957512938644282],[-47.73031121922026,-15.957802371976207],[-47.730948291696954,-15.956557168293394],[-47.732230833288824,-15.957628680764296],[-47.73073371262028,-15.95834158811837],[-47.73072284493034,-15.95832731686089],[-47.73071103470467,-15.958313760224732],[-47.73069833320326,-15.958300980781125],[-47.73068679083243,-15.958290793172578],[-47.73067047769997,-15.958277965616931],[-47.73065544265171,-15.958267827735362],[-47.730639756101766,-15.95825866270073],[-47.73062348210812,-15.958250513052299],[-47.73060669013322,-15.958243406810073],[-47.730589459095846,-15.958237380905853],[-47.73057185462688,-15.958232456182998],[-47.73055395360692,-15.958228656954805],[-47.73053583655215,-15.958226000263217],[-47.730517576389225,-15.958224494214738],[-47.73049925537873,-15.958224146797516],[-47.73048094821619,-15.958224958870368],[-47.73046273701532,-15.95822692758534],[-47.7304446963248,-15.958230042965138],[-47.73042690629371,-15.958234294961432],[-47.73040944134835,-15.958239664566872],[-47.73039237395043,-15.958246125573678],[-47.730375785944545,-15.958253655267706],[-47.73035973842038,-15.958262214941145],[-47.73034430379081,-15.958271774774222],[-47.7303295505393,-15.9582822905463],[-47.73032193959539,-15.958288306452621],[-47.73024324668603,-15.958352782903034],[-47.73021698048239,-15.958363547667515],[-47.73005267796139,-15.958368583257853],[-47.73003956540752,-15.958369282443147],[-47.73002450197235,-15.95837082644845],[-47.729578664102476,-15.958428382300385],[-47.72955747560074,-15.958431924085358],[-47.72954103237756,-15.958435812117191],[-47.72924957864107,-15.958513820672694],[-47.72923076676791,-15.958519554085948],[-47.72921370116111,-15.95852601498491],[-47.72919499138966,-15.958534599306773],[-47.7291548756451,-15.958554793427504],[-47.729133588278714,-15.958555036249304],[-47.72887408899512,-15.958522445360227],[-47.728852690669875,-15.958520561694998],[-47.7288343696116,-15.958520214139632],[-47.72883005590129,-15.958520301343775],[-47.72878378008951,-15.958521579859468],[-47.72876978657947,-15.958522304588623],[-47.72875157528684,-15.958524271359343],[-47.72874215524311,-15.958525752763332],[-47.728708948587126,-15.958531534957531],[-47.72870241230772,-15.958532672723138],[-47.728682537770084,-15.958537422464447],[-47.72866507272963,-15.958542791939344],[-47.7286480071198,-15.958549254602563],[-47.7286351715224,-15.95855496458676],[-47.728612117196796,-15.95856591063218],[-47.72859996969481,-15.958572245915983],[-47.72847762623267,-15.958533157857856],[-47.728458735393254,-15.95852782477529],[-47.7284408343567,-15.9585240253691],[-47.72842271724851,-15.958521366693226],[-47.72840445704436,-15.958519860466986],[-47.728399011363905,-15.958519635064386],[-47.728339860054504,-15.958517751228028],[-47.72908960337273,-15.956782406623974]]]}},{"type":"Feature","properties":{"lote":"26","tipo":"Parcela","assentamento":"1º de Julho"},"geometry":{"type":"Polygon","coordinates":[[[-47.73073371262028,-15.95834158811837],[-47.732230833288824,-15.957628680764296],[-47.73373871836167,-15.958888432259615],[-47.7339356129894,-15.959189089663445],[-47.73296024013873,-15.959388638338678],[-47.73295912158835,-15.959349267278185],[-47.73295130960147,-15.959307430669515],[-47.73293586897355,-15.959265208636557],[-47.73291491220897,-15.959228164950945],[-47.73288825921724,-15.959194723163318],[-47.73285655767316,-15.959165693316061],[-47.73282057895278,-15.959141782726581],[-47.73278119725585,-15.959123570963824],[-47.73273936894886,-15.959111501079303],[-47.73269610810124,-15.95910586546701],[-47.7326524696356,-15.959106802464891],[-47.73237130458096,-15.959134152434302],[-47.731979551920965,-15.959172493813233],[-47.73170234626393,-15.959304867103604],[-47.73121309992577,-15.95948203662421],[-47.73073728810346,-15.959341573145856],[-47.730387357579524,-15.959306898270013],[-47.730373462496345,-15.959288989512725],[-47.73036941466659,-15.959283898226273],[-47.7303576044191,-15.959270343382808],[-47.73034490286616,-15.959257563925233],[-47.73033548413857,-15.959249087058422],[-47.730257773296586,-15.959182299152362],[-47.73025444277972,-15.959179436813386],[-47.73025365406425,-15.959178827245365],[-47.73023933452318,-15.959167759034376],[-47.73022430130895,-15.959157622912711],[-47.730208849833275,-15.959148586734823],[-47.73009960012602,-15.959089263406787],[-47.730083326050185,-15.959081111919028],[-47.73006653592889,-15.959074009231301],[-47.73004930106713,-15.95906798153407],[-47.730031696527966,-15.959063056776568],[-47.73001254710168,-15.959059038523861],[-47.73000067588218,-15.959056963693131],[-47.729987899460475,-15.95904843907972],[-47.72997221291501,-15.959039277613758],[-47.7299559388471,-15.959031126114894],[-47.729939148708645,-15.959024021609787],[-47.72992191569584,-15.959017992071377],[-47.729907188883956,-15.959013793076345],[-47.729840205436126,-15.958946912275374],[-47.729835076306685,-15.958941939457624],[-47.730084560271656,-15.958909729187752],[-47.730286947733966,-15.958903529408394],[-47.73030005845217,-15.958902830226421],[-47.730318271583805,-15.958900861491893],[-47.730336310445196,-15.958897744330857],[-47.7303541024026,-15.958893492309166],[-47.73037156740401,-15.958888122699443],[-47.73038729798588,-15.958882211514103],[-47.73050092293698,-15.958835653237216],[-47.73051884784815,-15.958827573698398],[-47.73053489535571,-15.958819010395441],[-47.73055032819378,-15.958809454179727],[-47.730565083356566,-15.958798940171068],[-47.730572692417276,-15.95879292247218],[-47.73068391322436,-15.958701794392745],[-47.73068883072204,-15.95869776529291],[-47.730690315028156,-15.95869638448494],[-47.73070352629966,-15.958684096365511],[-47.73071587701774,-15.958670995474629],[-47.73072731576918,-15.95865714568643],[-47.73073779288526,-15.958642601821273],[-47.7307472643956,-15.958627425852525],[-47.73075569006342,-15.958611679706173],[-47.730763035423706,-15.958595437879323],[-47.730769264022285,-15.958578765862615],[-47.730774352545986,-15.95856173439895],[-47.730778279572874,-15.958544416013556],[-47.730781027488106,-15.958526888602346],[-47.73078258231249,-15.95850922278974],[-47.73078294512349,-15.95849149804078],[-47.73078210196642,-15.95847378678588],[-47.73078006882853,-15.95845616649456],[-47.730776846738365,-15.958438713019738],[-47.730772451658666,-15.958421502024873],[-47.7307669032368,-15.958404605513993],[-47.73076022487817,-15.958388097249744],[-47.73075244180589,-15.958372047359063],[-47.73074359226165,-15.958356522191021],[-47.73073371262028,-15.95834158811837]]]}},{"type":"Feature","properties":{"lote":"12","tipo":"Parcela","assentamento":"Camapuã"},"geometry":{"type":"Polygon","coordinates":[[[-47.720512393674056,-15.959502833855472],[-47.72382725512924,-15.960309883111194],[-47.72374223965276,-15.960718929020581],[-47.72333619819409,-15.961226387458806],[-47.72025893189873,-15.960477184518846],[-47.720512393674056,-15.959502833855472]]]}},{"type":"Feature","properties":{"lote":"27","tipo":"Parcela","assentamento":"1º de Julho"},"geometry":{"type":"Polygon","coordinates":[[[-47.73296007352041,-15.959391770827823],[-47.7339356129894,-15.959189089663445],[-47.73431670983597,-15.959771024028585],[-47.73325405270784,-15.961177436666011],[-47.73333262316065,-15.961539825649025],[-47.73348274225301,-15.961790888332793],[-47.73343044758254,-15.961952269086295],[-47.73292592546767,-15.96184511468053],[-47.73236995466596,-15.961844064141617],[-47.73217984577922,-15.961801337619304],[-47.7319600061073,-15.961719485655884],[-47.731559601516565,-15.961870576174919],[-47.73149473587153,-15.962033626341984],[-47.73135275703731,-15.961984497057307],[-47.73137907979254,-15.96192156446138],[-47.73150448928835,-15.961542636804143],[-47.73151065444357,-15.961245104171145],[-47.73156134511609,-15.96079474872409],[-47.73145449321009,-15.960359934908082],[-47.731380595857,-15.960233782734706],[-47.73155183842589,-15.960364403811127],[-47.732224418241586,-15.960697035576944],[-47.732827784861016,-15.960676074650605],[-47.73350465181681,-15.960254979300538],[-47.73353963416717,-15.960229249956948],[-47.733570026793096,-15.960198542853762],[-47.73359507818861,-15.960163615359349],[-47.73361417452246,-15.960125326053912],[-47.73362684312638,-15.960084616621844],[-47.73363277465118,-15.96004249350674],[-47.73363182068472,-15.959999990008704],[-47.7336240047806,-15.959958153499882],[-47.73360952206553,-15.959918016528283],[-47.73358872573011,-15.95988056447556],[-47.733562132432745,-15.959846721037927],[-47.73353039201411,-15.95981731790345],[-47.733494287325485,-15.959793082110197],[-47.733454709592955,-15.959774609264386],[-47.733412632111,-15.959762351230435],[-47.73336908968361,-15.959756614585828],[-47.73332515590469,-15.959757537427524],[-47.73328191338793,-15.95976509697526],[-47.733240423874044,-15.959779108144877],[-47.73320171147922,-15.959799227373493],[-47.73265410536288,-15.960139906289129],[-47.73234976626152,-15.960150479027552],[-47.731855578027314,-15.95990607139795],[-47.7317861290937,-15.959853097086594],[-47.73192503081468,-15.959802795995186],[-47.73213666093068,-15.959701736666418],[-47.73242733609034,-15.959673287117631],[-47.732708498157386,-15.959645938813315],[-47.73275174255684,-15.959638379357806],[-47.73279389110514,-15.95962408715767],[-47.73283194455928,-15.959604252737185],[-47.7328669287814,-15.95957852348222],[-47.73289732146859,-15.959547818277882],[-47.73292237293174,-15.959512890854427],[-47.73294237389951,-15.959472324970186],[-47.732954141848154,-15.959433893945569],[-47.73296007352041,-15.959391770827823]]]}},{"type":"Feature","properties":{"lote":"28","tipo":"Parcela","assentamento":"1º de Julho"},"geometry":{"type":"Polygon","coordinates":[[[-47.722956440032256,-15.963202405974432],[-47.72428753878645,-15.96340489125827],[-47.725186563851054,-15.962793350288209],[-47.72555069983879,-15.962068360581265],[-47.72491975879242,-15.961789099069227],[-47.72528442230131,-15.961040667728177],[-47.72538371249303,-15.960836885136489],[-47.726318086715416,-15.960982678873645],[-47.726105771106965,-15.96173922842079],[-47.72580432386121,-15.962459069565833],[-47.72546321118757,-15.963454050872548],[-47.725280245691074,-15.964062063389203],[-47.722176343767224,-15.963884050444696],[-47.72217799265915,-15.963777149939615],[-47.72219417428816,-15.96366145112071],[-47.72220808577987,-15.963626446983277],[-47.72233022645966,-15.963604208258408],[-47.72254342844763,-15.963575454294354],[-47.7225449417631,-15.963575245480904],[-47.72255635179525,-15.963573710229399],[-47.7225629812361,-15.963572127083593],[-47.7225807739106,-15.963567879229318],[-47.722598239609624,-15.963562510158013],[-47.72261530404976,-15.963556049711206],[-47.72263189660808,-15.96354852226507],[-47.7226479449169,-15.963539961249648],[-47.72266337849989,-15.96353040187735],[-47.7226781344702,-15.963519888296327],[-47.72269214804978,-15.963508462872309],[-47.722705358291996,-15.963496175147911],[-47.722706555004606,-15.963495059941751],[-47.722710465514176,-15.963490966055497],[-47.72288629030203,-15.96330684415256],[-47.722891679148276,-15.963301197970791],[-47.722893534649714,-15.963298954494048],[-47.722904974170326,-15.96328510139073],[-47.72291545210082,-15.963270557787004],[-47.72292334939946,-15.963258069944214],[-47.722956440032256,-15.963202405974432]]]}},{"type":"Feature","properties":{"lote":"29","tipo":"Parcela","assentamento":"1º de Julho"},"geometry":{"type":"Polygon","coordinates":[[[-47.725280245691074,-15.964062063389203],[-47.72495547712897,-15.965141294818542],[-47.72486976679318,-15.965126157555396],[-47.72463231382015,-15.965143796003519],[-47.72459456595569,-15.965258673267627],[-47.72458413157613,-15.9652538000268],[-47.724400113653424,-15.965274224334598],[-47.72439087024807,-15.96527360800275],[-47.72437933375818,-15.96527325372431],[-47.724356446276374,-15.965273007046717],[-47.72433135123276,-15.965273823353062],[-47.724313141149636,-15.965275793436783],[-47.72429525051306,-15.96527887940649],[-47.72427694319903,-15.96528263357835],[-47.72425915235368,-15.965286885178898],[-47.72424535573134,-15.965291022982678],[-47.72421955919984,-15.965299472729985],[-47.724215890022954,-15.965300702341702],[-47.724198823649715,-15.965307162953353],[-47.724182231035954,-15.965314690532807],[-47.72416618454922,-15.96532325164979],[-47.72415074906526,-15.965332811162519],[-47.72413599309584,-15.965343326657836],[-47.724121981345775,-15.965354750351755],[-47.724108771125756,-15.965367039972922],[-47.72409641952667,-15.965380136995673],[-47.724084979954554,-15.965393986553742],[-47.72407880208341,-15.96540231433847],[-47.72407793353664,-15.965403533778334],[-47.72397991948891,-15.965359906958557],[-47.72396663832405,-15.965354392349376],[-47.72394940486125,-15.965348364197677],[-47.7239317998376,-15.965343440811282],[-47.72391389819596,-15.965339641111122],[-47.723895780430894,-15.965336980335202],[-47.723892367840506,-15.965336611692578],[-47.72367477495905,-15.965314310530797],[-47.723656865865756,-15.965308717203632],[-47.72350542148365,-15.965217105424092],[-47.72349378465985,-15.965210437390713],[-47.72347751020771,-15.96520228363616],[-47.72346071968704,-15.965195180479052],[-47.72345869081517,-15.96519440775654],[-47.72330046530873,-15.965134711222928],[-47.72317770413034,-15.965072735880264],[-47.72316028124369,-15.965051869134326],[-47.72315052492713,-15.965040800507474],[-47.72313782146918,-15.965028020639066],[-47.72312428338957,-15.96501606960664],[-47.72310996747554,-15.965005004494333],[-47.7230949321613,-15.96499486610837],[-47.723090801153845,-15.964992320868074],[-47.7229421198878,-15.964902447477789],[-47.722930564056234,-15.964895828961087],[-47.72291428967185,-15.96488767696219],[-47.72289749916746,-15.9648805719477],[-47.722880263898595,-15.964874543722349],[-47.72286265892999,-15.964869620237671],[-47.72284475920429,-15.964865820414984],[-47.7228272436604,-15.964863229592373],[-47.72261250642324,-15.96483818522029],[-47.72250914009367,-15.96479569291764],[-47.72250339748756,-15.964793406493751],[-47.722486164075605,-15.964787376404114],[-47.72246855914369,-15.964782454690445],[-47.72245742682103,-15.964779952865202],[-47.72225596459871,-15.964738835279725],[-47.7220808960053,-15.964674450224749],[-47.72206792470359,-15.964670028015304],[-47.72205031978699,-15.96466510626415],[-47.72203241821741,-15.964661306392133],[-47.72201430051354,-15.96465864544407],[-47.72199649022503,-15.964657178212393],[-47.72208476636402,-15.964541409086365],[-47.72209426639271,-15.964528136900471],[-47.72210374068874,-15.964512961151927],[-47.72211216728393,-15.964497217014591],[-47.72211951163596,-15.964480973566692],[-47.72212574106943,-15.964464299862795],[-47.722130832291974,-15.964447268451487],[-47.72213476014448,-15.964429951904886],[-47.72213618169131,-15.964421848719143],[-47.72216852378736,-15.96421885793048],[-47.72216985089683,-15.964209431888456],[-47.72217140831574,-15.964191765998377],[-47.722171760399455,-15.96418162252815],[-47.722174202695086,-15.964023052318732],[-47.722176343767224,-15.963884050444696],[-47.725280245691074,-15.964062063389203]]]}},{"type":"Feature","properties":{"lote":"30","tipo":"Parcela","assentamento":"1º de Julho"},"geometry":{"type":"Polygon","coordinates":[[[-47.72446822792552,-15.967357631277663],[-47.72426875890825,-15.967661635794839],[-47.721303457358005,-15.966127760852567],[-47.72130617754859,-15.966123317155208],[-47.72130683864957,-15.966122082284217],[-47.72131526538328,-15.966106339966121],[-47.721320992409616,-15.966093931989718],[-47.72139358761539,-15.965925437222756],[-47.72139520504493,-15.965921601761359],[-47.7213959864039,-15.965919870430314],[-47.72139813337195,-15.965914183991567],[-47.721481148593355,-15.965694387243223],[-47.72148370842444,-15.96568761177431],[-47.72148444978218,-15.965685131315565],[-47.721489541075336,-15.965668099907928],[-47.721490269926335,-15.96566566115334],[-47.7214918369732,-15.96565865077283],[-47.721541273452246,-15.965437398353497],[-47.72154256045913,-15.965431634281266],[-47.72154290549253,-15.965429532749287],[-47.721545197796296,-15.965415535280686],[-47.72157256487481,-15.965214509499878],[-47.72158256291928,-15.965215976229887],[-47.72158376965768,-15.965216154244619],[-47.72158871269752,-15.965216613752979],[-47.72164505656775,-15.965221847529321],[-47.72165628685031,-15.96522289224077],[-47.72165975883734,-15.965222958508765],[-47.72167808430656,-15.965223304729367],[-47.72169639041903,-15.965222495132004],[-47.72171460429355,-15.965220525219587],[-47.72173264398316,-15.965217410479593],[-47.7217342068878,-15.96521713962694],[-47.72173968296436,-15.965215869135122],[-47.72184147645583,-15.965192273062573],[-47.721923295010846,-15.965196180171452],[-47.72207730776495,-15.965252824156458],[-47.72208628311087,-15.965256124596872],[-47.72209027905766,-15.96525724274718],[-47.72210788407776,-15.9652621680987],[-47.72211092227377,-15.965263018382235],[-47.72211901455992,-15.965264669962117],[-47.722315161695285,-15.965304700599344],[-47.72243002301778,-15.965351915613091],[-47.72243576568921,-15.965354205648545],[-47.722453000969765,-15.96536023209895],[-47.72247060600326,-15.965365157417946],[-47.722488505773065,-15.96536895726584],[-47.72250602318034,-15.965371544474108],[-47.72269824465831,-15.965393965585424],[-47.72275409108367,-15.965427723918658],[-47.72277857431143,-15.965457052584371],[-47.72278509746373,-15.965464865565135],[-47.72278833250118,-15.96546812120414],[-47.72280103410593,-15.96548090111552],[-47.72281457218115,-15.965492850359938],[-47.7228288881458,-15.965503917294656],[-47.72284392344318,-15.965514052082927],[-47.72285961222007,-15.965523217624762],[-47.722861291040914,-15.965524200706051],[-47.72286688973344,-15.965527027228521],[-47.72305489342928,-15.965621939375644],[-47.72306389033737,-15.965626279951621],[-47.723080679069675,-15.965633386771778],[-47.7232307279879,-15.965690004134148],[-47.72338933217871,-15.965785949178047],[-47.723397376468064,-15.965790814797726],[-47.723400970878906,-15.965792615382474],[-47.723417245356224,-15.965800767329466],[-47.7234340340876,-15.965807872311668],[-47.7234512732085,-15.965813902235896],[-47.72345178511009,-15.965814061939676],[-47.72353035950589,-15.96583859816123],[-47.723541730134556,-15.965842148195472],[-47.72354744893508,-15.96584336191885],[-47.72356534872998,-15.965847159861095],[-47.723583468360395,-15.965849817022601],[-47.72358688100876,-15.965850189280918],[-47.723787599760996,-15.965870762257039],[-47.72403910981033,-15.965982712484022],[-47.72404821863556,-15.96598676619412],[-47.72405238910506,-15.965988223493255],[-47.72406962447004,-15.96599424979771],[-47.72408722960368,-15.965999176775247],[-47.72410512944011,-15.966002976474753],[-47.72412324906005,-15.9660056317814],[-47.72414150816349,-15.966007141905534],[-47.72415693799305,-15.966007511922697],[-47.72418526776526,-15.96600743500585],[-47.72382368975616,-15.967206370450647],[-47.72446822792552,-15.967357631277663]]]}},{"type":"Feature","properties":{"lote":"31","tipo":"Parcela","assentamento":"1º de Julho"},"geometry":{"type":"Polygon","coordinates":[[[-47.72426875890825,-15.967661635794839],[-47.72364673894611,-15.968609630173665],[-47.72084914275933,-15.967085810934666],[-47.720868092345675,-15.96706586764809],[-47.72087319379211,-15.96706049788927],[-47.72087486192679,-15.967058478972751],[-47.72088630179964,-15.967044627732445],[-47.720896780018855,-15.967030082372583],[-47.720906252633704,-15.967014906671253],[-47.7209146812697,-15.9669991625297],[-47.72092202578314,-15.966982919096877],[-47.72103260960127,-15.96671272890749],[-47.72103655898042,-15.966703076419483],[-47.7210385680211,-15.966696716152947],[-47.721041511568345,-15.96668738346529],[-47.72111661666175,-15.966432950773337],[-47.721303457358005,-15.966127760852567],[-47.72426875890825,-15.967661635794839]]]}},{"type":"Feature","properties":{"lote":"32","tipo":"Parcela","assentamento":"1º de Julho"},"geometry":{"type":"Polygon","coordinates":[[[-47.72267169971596,-15.969439522629859],[-47.720608549250564,-15.968501236170088],[-47.720645669887645,-15.968405100777012],[-47.7206487025786,-15.96839724997294],[-47.720649667257874,-15.968394022475483],[-47.720652242123045,-15.968388079544592],[-47.720654756788676,-15.96837699109342],[-47.72065868476904,-15.968359672741743],[-47.72066065313341,-15.968350991834408],[-47.7206614335798,-15.968342145316177],[-47.72066299110487,-15.968324479417507],[-47.72066305771329,-15.96832319064994],[-47.72066386229669,-15.968306872776674],[-47.7206688230155,-15.968206111630854],[-47.72066827573868,-15.96817196956858],[-47.72066815944499,-15.968164745652693],[-47.720666241413824,-15.968154352708828],[-47.72066301988106,-15.968136898984007],[-47.72066140610719,-15.968128156805648],[-47.7206586252828,-15.968119687694442],[-47.72065307726444,-15.968102790845421],[-47.72064757953506,-15.968089200780907],[-47.72064838029626,-15.96808848979126],[-47.72064984109339,-15.968086464465522],[-47.72066031937344,-15.968071919107372],[-47.720665579603875,-15.968064618163057],[-47.72066979391081,-15.968056743383771],[-47.72067821886322,-15.968040999290412],[-47.72068289217919,-15.968032271529331],[-47.72068556528811,-15.9680247558346],[-47.72068585449657,-15.968024049508124],[-47.72068625422968,-15.968023231596694],[-47.720686901037816,-15.96802149113005],[-47.720692841473955,-15.968005525569634],[-47.72069598733131,-15.967997068208435],[-47.72069793283903,-15.967988492358456],[-47.72070186083791,-15.96797117581322],[-47.72070382922373,-15.967962496712142],[-47.720704609620704,-15.96795364658192],[-47.720706167144584,-15.967935980683416],[-47.72070650863381,-15.967932096331994],[-47.72070654702113,-15.967922915992835],[-47.720706862382634,-15.96784939369559],[-47.720706840486635,-15.967844733598126],[-47.72070692389888,-15.967835016204525],[-47.720705999925656,-15.967827023967923],[-47.72070396558164,-15.967809405301956],[-47.72070294627451,-15.967800576126129],[-47.72070074405619,-15.967791951576865],[-47.72069634946726,-15.967774740286911],[-47.72069414918978,-15.96776612113197],[-47.72069080146021,-15.967757843437388],[-47.72068412341418,-15.967741332986389],[-47.72068103458573,-15.967733698689369],[-47.72067634057512,-15.967725280868345],[-47.72067009655759,-15.967714082812247],[-47.7206573079688,-15.967692382330984],[-47.72053646270043,-15.967487342170864],[-47.72054181426126,-15.967418537575853],[-47.72063363490304,-15.967312619122875],[-47.72084914275933,-15.967085810934666],[-47.72364673894611,-15.968609630173665],[-47.72267169971596,-15.969439522629859]]]}},{"type":"Feature","properties":{"lote":"33","tipo":"Parcela","assentamento":"1º de Julho"},"geometry":{"type":"Polygon","coordinates":[[[-47.720608549250564,-15.968501236170088],[-47.72267169971596,-15.969439522629859],[-47.719062334971426,-15.970354406384041],[-47.71885978400756,-15.970308161021054],[-47.71884541514729,-15.970322916266287],[-47.71883104626057,-15.970337669704838],[-47.718802634485264,-15.970366843703838],[-47.71876087041377,-15.970409726860742],[-47.71875423821829,-15.970426609733938],[-47.71874760604627,-15.970443494413107],[-47.718740973873366,-15.97046037909222],[-47.718733277991454,-15.970483807167271],[-47.71872761772774,-15.970480992165552],[-47.718708997659576,-15.970473111590131],[-47.71869176384471,-15.970467084868849],[-47.71867415840942,-15.970462161103217],[-47.71865625632273,-15.970458361021832],[-47.718638138105675,-15.970455701670419],[-47.71861987673836,-15.970454194771005],[-47.71860564524129,-15.970453821901263],[-47.718497810273355,-15.97045366205327],[-47.71843701330779,-15.970441509613918],[-47.71850926135785,-15.970378535775204],[-47.71852239663902,-15.970366315996229],[-47.71853474890681,-15.97035321919548],[-47.71854618908699,-15.970339366223465],[-47.71855666765105,-15.970324822734856],[-47.71856614057369,-15.970309647089387],[-47.718574569479145,-15.970293901188041],[-47.718605830405295,-15.970230556627996],[-47.71861317519315,-15.97021431323122],[-47.71861940503309,-15.970197639564239],[-47.71862449663112,-15.970180608175486],[-47.71862795661676,-15.970165676516292],[-47.71863005083359,-15.970156629140602],[-47.71863106875039,-15.970150151352057],[-47.718633817740844,-15.970132623923842],[-47.71863537543433,-15.970114958012708],[-47.718635732971244,-15.970097327140115],[-47.71864709134077,-15.970058061675353],[-47.718657280083455,-15.970035470950219],[-47.718896722571145,-15.969696904393471],[-47.71889955888147,-15.969692894575651],[-47.71890753087739,-15.969680373356617],[-47.7189720922112,-15.969573239228946],[-47.718974492724136,-15.969569175309587],[-47.71897921029024,-15.969560674611623],[-47.719094829682945,-15.969343139530494],[-47.71909853911648,-15.969335896148701],[-47.71910025751824,-15.969332343015791],[-47.7191452548204,-15.969237580372688],[-47.71915893849899,-15.96923417403722],[-47.719226180210285,-15.969238959847171],[-47.71933086395506,-15.96924640813331],[-47.71933559069729,-15.969246743970066],[-47.71933674119791,-15.969246765552871],[-47.719346281487,-15.96924750476991],[-47.71935506524573,-15.969247115550965],[-47.71937337171522,-15.96924630248144],[-47.719391586051906,-15.969244336318654],[-47.71940962611173,-15.969241218101109],[-47.719426502166094,-15.969237216842467],[-47.71954510615413,-15.969205280453718],[-47.7195573832727,-15.96920197316223],[-47.719563489602464,-15.969199661509894],[-47.71958055465283,-15.969193203023801],[-47.71959714776939,-15.969185673919725],[-47.71961319665514,-15.96917711304512],[-47.71961532490317,-15.969175978846767],[-47.719621231794065,-15.969172311340843],[-47.719624898129084,-15.96917003414819],[-47.719630540248424,-15.969166532560845],[-47.71963229719044,-15.96916528022508],[-47.71964705371842,-15.969154766768384],[-47.719661067842644,-15.969143341459727],[-47.719663297259295,-15.969141264874688],[-47.719666318240044,-15.969140007395481],[-47.719682695983145,-15.969132569519852],[-47.71969874488471,-15.969124010446086],[-47.71971417902763,-15.969114451201788],[-47.71972893552272,-15.96910393593463],[-47.719742949662745,-15.969092512427881],[-47.71975616040113,-15.969080222999562],[-47.719768512511656,-15.969067126151192],[-47.719777584713825,-15.96905629980496],[-47.71990878644473,-15.968895404153125],[-47.71999869638695,-15.96887616771054],[-47.720084564045216,-15.968866624628612],[-47.72020667038067,-15.968853053922901],[-47.72021488710253,-15.96885201975046],[-47.720232928995244,-15.96884890325353],[-47.72025072215059,-15.968844651901911],[-47.72025833134883,-15.968842462122844],[-47.72031666554307,-15.96882480800389],[-47.72032394592137,-15.968822604317431],[-47.72032652257026,-15.968821628820237],[-47.7203435875316,-15.968815168476075],[-47.720360180605375,-15.968807641128116],[-47.72037622942167,-15.968799080205963],[-47.72039166350193,-15.968789520921609],[-47.72039608003172,-15.968786522530152],[-47.72046631341876,-15.9687378763285],[-47.72047376295691,-15.96873271531491],[-47.72047665331448,-15.968730359412554],[-47.720490667332605,-15.968718932255232],[-47.72050387804572,-15.96870664640352],[-47.72051623008149,-15.968693549522856],[-47.720527670056555,-15.968679698285266],[-47.720538148370245,-15.968665152927608],[-47.72054762293826,-15.968649977204377],[-47.72055604978511,-15.968634233087633],[-47.72056339436739,-15.968617989655504],[-47.720565626655954,-15.968612396069732],[-47.720608549250564,-15.968501236170088]]]}},{"type":"Feature","properties":{"lote":"34","tipo":"Parcela","assentamento":"1º de Julho"},"geometry":{"type":"Polygon","coordinates":[[[-47.725050190677244,-15.96654064745553],[-47.72514727746446,-15.966418445231739],[-47.72535273686748,-15.966381307220121],[-47.72553934858262,-15.966308566382077],[-47.72554761536412,-15.96631413898375],[-47.72556330427551,-15.966323302492707],[-47.72556675976181,-15.966325321557802],[-47.72557528281869,-15.966329411518595],[-47.72562953121199,-15.966355555644316],[-47.72563384774077,-15.966357594507517],[-47.72564281919722,-15.966361980443383],[-47.72565061613371,-15.966364706781084],[-47.72566785155945,-15.966370732944704],[-47.72567649650112,-15.966373757422172],[-47.72568545672057,-15.966375657973881],[-47.72570337890441,-15.966379450022298],[-47.72571231497715,-15.966381359910411],[-47.72572147630212,-15.966382116305521],[-47.72573973538077,-15.966383622674556],[-47.72574886681143,-15.96638437764084],[-47.725758059062976,-15.966383970359331],[-47.72577636518177,-15.966383158594514],[-47.725785525720724,-15.966382753519941],[-47.72579460139125,-15.966381182624389],[-47.72581261873292,-15.966378073237697],[-47.72582166092148,-15.96637651179696],[-47.725830411483656,-15.966373821475347],[-47.72584831426114,-15.966368318330142],[-47.726064152522724,-15.966435125861027],[-47.72607223165896,-15.966451661688179],[-47.726118384888466,-15.966538137041038],[-47.72612654855432,-15.966552365097666],[-47.72613642834458,-15.966567295750457],[-47.72614137493328,-15.966574772733003],[-47.72614729820584,-15.966581570799992],[-47.72615910874372,-15.966595127650104],[-47.72616502066958,-15.966601915022164],[-47.72617181061271,-15.96660790731668],[-47.726185371244604,-15.966619848796718],[-47.726214700689695,-15.966641059290522],[-47.72621773764975,-15.966642919269912],[-47.72640339106414,-15.966756316864613],[-47.72429769230768,-15.969589485249898],[-47.724033168306526,-15.96947449275967],[-47.72376333196935,-15.968800545680558],[-47.72374705968631,-15.968692656560934],[-47.724616582742364,-15.96736745211384],[-47.725050190677244,-15.96654064745553]]]}},{"type":"Feature","properties":{"lote":"35","tipo":"Parcela","assentamento":"1º de Julho"},"geometry":{"type":"Polygon","coordinates":[[[-47.72640339106414,-15.966756316864613],[-47.72652909465708,-15.96682861574291],[-47.726705306049844,-15.966899826419949],[-47.72680599569732,-15.966972310276704],[-47.72697333035388,-15.96712290619306],[-47.72699434883123,-15.967208892441821],[-47.72699631554088,-15.967216929201728],[-47.72699733209773,-15.96722002141222],[-47.727002902890035,-15.967236910511566],[-47.72700565582424,-15.967245370826474],[-47.7270095609365,-15.967253426367268],[-47.72701734235173,-15.967269478204509],[-47.72702124363346,-15.967277526568123],[-47.72702619214041,-15.967285003498363],[-47.72703609434028,-15.967299926584827],[-47.72704696430609,-15.967314201571904],[-47.72704847038989,-15.967316214611511],[-47.727053216952605,-15.967321602360608],[-47.72707818898807,-15.967350151099865],[-47.72708374696025,-15.96735630528795],[-47.72709644893505,-15.967369084882455],[-47.72710280942867,-15.967375487203213],[-47.72711000964654,-15.96738102448084],[-47.72712430553847,-15.967392100360483],[-47.72714160463955,-15.96740364574949],[-47.72720172319017,-15.967440623468498],[-47.725290431563515,-15.97002096809075],[-47.72429769230768,-15.969589485249898],[-47.72640339106414,-15.966756316864613]]]}},{"type":"Feature","properties":{"lote":"36","tipo":"Parcela","assentamento":"1º de Julho"},"geometry":{"type":"Polygon","coordinates":[[[-47.725290431563515,-15.97002096809075],[-47.72720172319017,-15.967440623468498],[-47.727266528240776,-15.967480482474215],[-47.7272755585667,-15.967486038090065],[-47.72729622674409,-15.96749639011578],[-47.72733025129489,-15.967509522563375],[-47.727347856553976,-15.967514445628016],[-47.72736625052702,-15.967518321853861],[-47.72744636310616,-15.967532558909722],[-47.727650259859544,-15.968144128621526],[-47.72765282677839,-15.968151397291274],[-47.72765950724681,-15.968167907410455],[-47.72766726645286,-15.968183966717538],[-47.72767611633926,-15.96819949196941],[-47.72769686640071,-15.96822869745672],[-47.72770544001243,-15.96823871507369],[-47.72795741675612,-15.96851911666202],[-47.726466400615884,-15.970532064187871],[-47.725290431563515,-15.97002096809075]]]}},{"type":"Feature","properties":{"lote":"37","tipo":"Parcela","assentamento":"1º de Julho"},"geometry":{"type":"Polygon","coordinates":[[[-47.726466400615884,-15.970532064187871],[-47.72795741675612,-15.96851911666202],[-47.72798940063413,-15.968554707753563],[-47.72799266008086,-15.96855823935426],[-47.72800536219312,-15.968571018872977],[-47.72801887845702,-15.968582975214261],[-47.728033194898806,-15.968594041720692],[-47.72804822881257,-15.968604177895207],[-47.72806391989497,-15.968613342956706],[-47.72808019288313,-15.968621494507394],[-47.72812996213531,-15.968643735174448],[-47.72813671396675,-15.968646630002974],[-47.728168797108914,-15.96870938349674],[-47.72817025994236,-15.968712199087312],[-47.72817910989417,-15.968727724308135],[-47.7281889899549,-15.968742654823576],[-47.728199860087905,-15.968756929725762],[-47.7282116708976,-15.96877048641923],[-47.728213139198225,-15.96877205195487],[-47.72824564828376,-15.968806435120287],[-47.72825688212659,-15.968817649083649],[-47.72827042072656,-15.968829597895716],[-47.7282847390661,-15.968840664356602],[-47.728299773010136,-15.96885080050847],[-47.72831546225519,-15.968859965570312],[-47.728325631191346,-15.968865210448024],[-47.72839104842717,-15.968897284968474],[-47.728499339712876,-15.969037448733044],[-47.72851552163568,-15.969056511670564],[-47.728528223812795,-15.969069291147783],[-47.72854176244549,-15.969081239937369],[-47.728560522262676,-15.96909542738344],[-47.728864711499455,-15.96930634747237],[-47.72887532637915,-15.969313356870602],[-47.72889101565858,-15.96932252007434],[-47.72890729059893,-15.969330671524093],[-47.728924079768525,-15.969337775999225],[-47.72894131554289,-15.96934380364992],[-47.72895892098759,-15.969348726550674],[-47.72897729868321,-15.96935262810458],[-47.72914869523964,-15.969381253432745],[-47.72919529904709,-15.969405638349661],[-47.729207966620066,-15.969411866636918],[-47.72922475580365,-15.96941897108583],[-47.729241991590385,-15.969424998709849],[-47.729256406297615,-15.969429118508968],[-47.729333337126214,-15.96944894054929],[-47.72938182847974,-15.9694786789306],[-47.729507826570476,-15.969604173904758],[-47.729526844710136,-15.969621430547157],[-47.72954116316856,-15.969632496904035],[-47.72956226176303,-15.969646338458153],[-47.7296795837726,-15.969715974107059],[-47.72970548172834,-15.969729584944474],[-47.72972227281833,-15.969736689323758],[-47.72973950861768,-15.96974271509511],[-47.72975835056668,-15.969747940145508],[-47.729869649153535,-15.969774760695444],[-47.72988631293237,-15.969778259425905],[-47.72990443294517,-15.969780917791406],[-47.72992269230901,-15.969782423751637],[-47.72994549072504,-15.969782679922695],[-47.73002927045682,-15.969780319678426],[-47.73025705185133,-15.969862651456578],[-47.73026676502498,-15.969870768664583],[-47.7303690352405,-15.970029573139426],[-47.73037616715968,-15.970040111079285],[-47.72942808168412,-15.970383761421015],[-47.72941008665971,-15.970362232458932],[-47.729400365629836,-15.970352296330987],[-47.729377389913836,-15.970332221444457],[-47.72936804727369,-15.970325266385311],[-47.72934014027088,-15.970307672750106],[-47.7293318540879,-15.97030330540653],[-47.7292993042382,-15.970289222584361],[-47.72929262767496,-15.97028692655134],[-47.72925593577792,-15.97027734708926],[-47.72925128436705,-15.970276508360007],[-47.72921115943204,-15.970272357135697],[-47.72920878351369,-15.970272296965282],[-47.72916611416896,-15.970274388197927],[-47.72813988074348,-15.970372337040244],[-47.726466400615884,-15.970532064187871]]]}},{"type":"Feature","properties":{"lote":"38","tipo":"Parcela","assentamento":"1º de Julho"},"geometry":{"type":"Polygon","coordinates":[[[-47.727497194565174,-15.973495996900809],[-47.727574712163594,-15.97336735269074],[-47.72758553893061,-15.973347546170865],[-47.72759518548801,-15.973325527405592],[-47.72765735494153,-15.9731641483154],[-47.72772608536435,-15.9730420009295],[-47.72773102112714,-15.973033229976801],[-47.72774023066892,-15.973012860518411],[-47.727746459805054,-15.97299619030662],[-47.72775241765664,-15.972975760935695],[-47.727843878664885,-15.972607473745393],[-47.7279426904972,-15.972285870216208],[-47.727997518130294,-15.972191079091239],[-47.72800589700929,-15.972175416641216],[-47.72801246518772,-15.972161032562118],[-47.72815959023474,-15.971811795201289],[-47.72830605928323,-15.971594652671284],[-47.728312930799916,-15.971584466278848],[-47.72832429817955,-15.971563227686087],[-47.72832928426224,-15.971552525115678],[-47.728490342845895,-15.97118573937369],[-47.72854374212842,-15.971101459307576],[-47.72855810774126,-15.971087622972888],[-47.72866648067705,-15.971021162243625],[-47.72879349462749,-15.970961630709201],[-47.72882881993319,-15.970941880034708],[-47.728831849142225,-15.970939442789122],[-47.728860803735415,-15.970917370508875],[-47.72886612505513,-15.97091170335556],[-47.72888876788239,-15.970888627349265],[-47.72889547463847,-15.97087910054187],[-47.728911907427175,-15.970856601870944],[-47.728919163845354,-15.970842443869842],[-47.7289300409943,-15.970821688351329],[-47.72893661124519,-15.970802643885795],[-47.72894279753165,-15.970784614033388],[-47.72894738018852,-15.970760685164715],[-47.728949907437226,-15.970746151837274],[-47.728951202880424,-15.97071761155407],[-47.72895122466774,-15.970707098403727],[-47.72894798553996,-15.97067449359415],[-47.728946721064155,-15.970668268747046],[-47.728940582513225,-15.970641338296856],[-47.728954408520075,-15.970670479710513],[-47.72896035124575,-15.970680761841765],[-47.72897872824511,-15.970707190199013],[-47.728986430984335,-15.970716588376815],[-47.7290060040289,-15.970737031616446],[-47.729008817972854,-15.970739651227413],[-47.72901813679055,-15.970747878263568],[-47.72903962878146,-15.970764147999166],[-47.729043902632085,-15.970767023649476],[-47.729054645347055,-15.970773814643959],[-47.72907720792531,-15.970785863835895],[-47.72908307255545,-15.970788594664247],[-47.72909499515347,-15.970793717888892],[-47.729117826821906,-15.970801650635691],[-47.729125311899445,-15.970803808163442],[-47.729138135408895,-15.97080707026684],[-47.729160494307095,-15.970811119967093],[-47.729169526746325,-15.970812271600401],[-47.72918293726285,-15.970813519414083],[-47.729204163472346,-15.970814041258024],[-47.72921457133918,-15.970813762882797],[-47.729228225822396,-15.970812897798258],[-47.72924777094369,-15.970810346716396],[-47.72925928001584,-15.970808244418004],[-47.72927281933333,-15.970805220415029],[-47.72929024980364,-15.970800120328084],[-47.72930249703081,-15.970795859122074],[-47.72931555168153,-15.970790691727638],[-47.72933056346526,-15.970783617296709],[-47.729343098934315,-15.970776928329224],[-47.7293553020191,-15.970769687227623],[-47.72936772586575,-15.970761238498541],[-47.72938003552211,-15.970751942240371],[-47.72939103406763,-15.97074276016106],[-47.729400829494736,-15.970733531932911],[-47.72941235020028,-15.970721547020025],[-47.72942181066195,-15.970710612442407],[-47.72942906566102,-15.970701172595087],[-47.72943920781747,-15.970686531798544],[-47.72944682909879,-15.97067408517394],[-47.729451744881466,-15.970664951379348],[-47.72945990923274,-15.970647801391898],[-47.72946543201977,-15.97063413502508],[-47.72946831341368,-15.970625754999226],[-47.72947392283216,-15.9706063596445],[-47.7294771350227,-15.970591804980312],[-47.72948088040281,-15.970563280580038],[-47.729481654813206,-15.97054231365354],[-47.729480606610785,-15.970519679125896],[-47.72947810239498,-15.97050010494281],[-47.729473105589456,-15.970476685994678],[-47.72946872801902,-15.970461754382285],[-47.72946779557183,-15.97045894833195],[-47.729458571675025,-15.970435413227694],[-47.72945098510821,-15.970419848572343],[-47.729437381595474,-15.970396929005574],[-47.72942808168412,-15.970383761421015],[-47.73037618946443,-15.970040103570833],[-47.73038683116271,-15.970054039831128],[-47.730398642166136,-15.97006759456209],[-47.73041134456803,-15.970080377510376],[-47.730413476135816,-15.970082521666152],[-47.73041952256047,-15.970087780824567],[-47.73052708269408,-15.970181325646795],[-47.730530771018124,-15.970184533839285],[-47.730533152095816,-15.97018648877377],[-47.73054747064391,-15.970197555048172],[-47.73056250478855,-15.97020769100704],[-47.73057819420098,-15.970216854064027],[-47.73059446924242,-15.97022500355743],[-47.73061125855416,-15.970232109685318],[-47.73061426521503,-15.97023338110827],[-47.73043337883905,-15.970687392675574],[-47.73041922537376,-15.970682442355145],[-47.730383717624925,-15.970673720531808],[-47.73036559937246,-15.970671060390709],[-47.73034733808734,-15.97066955631105],[-47.73032901591283,-15.970669207250094],[-47.73031070764707,-15.97067002129011],[-47.730292495310856,-15.970671988358305],[-47.73027445357992,-15.970675107506876],[-47.730256662485665,-15.970679359656675],[-47.730239196483396,-15.970684727605704],[-47.7302221299794,-15.970691190539972],[-47.730205537257575,-15.970698718615333],[-47.73018949071043,-15.970707280205358],[-47.73017405516492,-15.970716836554317],[-47.73015929923087,-15.970727352471163],[-47.730143359335294,-15.970740473698413],[-47.730096464622534,-15.970782092583761],[-47.729990283724355,-15.9708402350544],[-47.729985039411034,-15.97084317910757],[-47.72996960389299,-15.970852739056912],[-47.729954849804024,-15.970863254939115],[-47.729940836248105,-15.970874679039461],[-47.729927626136565,-15.97088696901394],[-47.72992092663723,-15.970893860312605],[-47.72987538745473,-15.97094236396049],[-47.72986973550749,-15.970948570006199],[-47.729858296131006,-15.970962419852784],[-47.72984781658357,-15.97097696379385],[-47.729841627050874,-15.970986624954634],[-47.729788388068414,-15.97107373014189],[-47.72978574300987,-15.971078057369146],[-47.72977667947683,-15.97109499118083],[-47.72976933563399,-15.971111234823093],[-47.72976310488989,-15.971127908696694],[-47.729758577592825,-15.971142832288761],[-47.72971860560258,-15.971290136794535],[-47.72965621261258,-15.971412849008374],[-47.72965473640952,-15.971415797618072],[-47.72964998895874,-15.9714250900456],[-47.729647392548735,-15.971432041259087],[-47.72964048013718,-15.971450772166362],[-47.729629924006765,-15.971483078763718],[-47.72962661629882,-15.971493205509129],[-47.729625516888134,-15.97149805321366],[-47.72962158966653,-15.971515369808376],[-47.72961883981613,-15.97153289905913],[-47.72961728492871,-15.971550561263962],[-47.72961692596531,-15.971568289576263],[-47.72961704308228,-15.97157334582723],[-47.72962800346466,-15.971906804236621],[-47.729612961288616,-15.972059516626302],[-47.729390741431175,-15.972566492112165],[-47.729382223386864,-15.972588545375551],[-47.72937713458238,-15.972605576860225],[-47.72937323696419,-15.972622737734662],[-47.72934884476511,-15.972749658724137],[-47.729346067102384,-15.972767341867083],[-47.729283894220714,-15.972776479756009],[-47.72927504398541,-15.97276095643288],[-47.72926516168931,-15.972746022427222],[-47.72925429311825,-15.97273174941126],[-47.729242481995136,-15.972718194632675],[-47.7292297795105,-15.972705415244452],[-47.72921624053974,-15.972693464740075],[-47.729201921874036,-15.972682400201466],[-47.72918688568493,-15.972672262385228],[-47.72917119797569,-15.97266309922469],[-47.72915492271122,-15.972654946034776],[-47.72913813139749,-15.972647843453654],[-47.729120897186995,-15.972641815841712],[-47.729103291414226,-15.972636891194986],[-47.729067270688645,-15.97263043543084],[-47.72904900916546,-15.972628927655157],[-47.7290306868446,-15.972628582122992],[-47.72901237832908,-15.972629392468727],[-47.728994165836504,-15.972631363068162],[-47.72897612384748,-15.9726344785256],[-47.72895833254136,-15.972638730598423],[-47.72894086634979,-15.972644100278922],[-47.72892379963102,-15.972650563141338],[-47.72890720666987,-15.972658089341886],[-47.72887572419999,-15.972676210765627],[-47.728860968056395,-15.972686726624515],[-47.72884359997196,-15.972701123118561],[-47.72847998786386,-15.973028362504706],[-47.72847292802978,-15.973034714638699],[-47.72845778206517,-15.973050775454594],[-47.728451005659025,-15.97305875150108],[-47.72839381440178,-15.973128768117963],[-47.72839015190795,-15.97313325275012],[-47.728378671494625,-15.973149187580407],[-47.72836919931082,-15.973164365366909],[-47.728361003778666,-15.97317964075625],[-47.72832380100999,-15.973254728858372],[-47.728318617434205,-15.973265190083499],[-47.72831645699157,-15.973270972478593],[-47.72831022608276,-15.973287646336244],[-47.72830513717536,-15.973304677811415],[-47.72830120982654,-15.973321994402571],[-47.728298461726574,-15.973339523631887],[-47.72829690486701,-15.97335718586844],[-47.728296545810025,-15.973374914194517],[-47.72829734553268,-15.973394650916568],[-47.728278311134815,-15.97338696257497],[-47.72826474032268,-15.973381479097304],[-47.72825692612878,-15.973379293213428],[-47.72823932034678,-15.973374372114984],[-47.72822141794298,-15.973370572900077],[-47.72820329946429,-15.973367914416537],[-47.728185731134324,-15.97336644474705],[-47.72812294451674,-15.973363111946325],[-47.72811034834143,-15.97336244443171],[-47.72810392885033,-15.973362728174898],[-47.72808562027604,-15.973363540258584],[-47.7280655533828,-15.973365776362433],[-47.7278865306592,-15.973392075111446],[-47.72787547053409,-15.973393698404097],[-47.727870341018296,-15.973394924942857],[-47.72785254960892,-15.973399176937916],[-47.72783972486125,-15.973402999247474],[-47.727642844754385,-15.973466714980393],[-47.727497194565174,-15.973495996900809]]]}},{"type":"Feature","properties":{"lote":"39","tipo":"Parcela","assentamento":"1º de Julho"},"geometry":{"type":"Polygon","coordinates":[[[-47.72837643772997,-15.970476804557096],[-47.72823228862903,-15.970645878075882],[-47.72822360464195,-15.970651423490493],[-47.72820885045473,-15.970661939264838],[-47.72819483679279,-15.970673363264723],[-47.72818462112143,-15.970682725025494],[-47.728124816103985,-15.970740336216755],[-47.72812182341557,-15.970743264313588],[-47.728109471844064,-15.970756361571988],[-47.72809803233945,-15.970770211342213],[-47.7280875526581,-15.97078475521586],[-47.72808366014542,-15.970790727564703],[-47.728001928430295,-15.970919721481753],[-47.72799634883461,-15.970928928700566],[-47.72798792252803,-15.970944671224645],[-47.72798293461759,-15.97095537742389],[-47.727823434719454,-15.971318611739331],[-47.727675830326575,-15.97153743383097],[-47.727666019540955,-15.971553116234482],[-47.72765759318831,-15.971568858752896],[-47.727651023152546,-15.971583244652475],[-47.72750027914442,-15.971941068029475],[-47.72743869341051,-15.972047545053654],[-47.72743031443838,-15.972063203875694],[-47.72742297037022,-15.972079447471408],[-47.72741463945452,-15.97210264894922],[-47.72730485169348,-15.972459983608719],[-47.727300993755776,-15.972473885334262],[-47.72721643183138,-15.972814382949094],[-47.7271558861268,-15.972921986555608],[-47.727149084823495,-15.972934881541152],[-47.727139436383084,-15.972956902121481],[-47.727078707715386,-15.973114536369396],[-47.72687273404033,-15.973456360320457],[-47.726814509273716,-15.973421208451494],[-47.726746310235136,-15.97338003425282],[-47.726734872349574,-15.973373484984323],[-47.72671859711543,-15.973365333409863],[-47.726705325641774,-15.97335961482058],[-47.726571061259925,-15.973305746897235],[-47.726568051688545,-15.973304538679516],[-47.72655030713619,-15.973298331275496],[-47.72653270138019,-15.97329341002952],[-47.7265147989925,-15.973289610666189],[-47.726508078502995,-15.973288489233544],[-47.72607863520538,-15.973221916291354],[-47.726070416983454,-15.97322064222707],[-47.72606723725014,-15.973220380873975],[-47.72604897565279,-15.973218872848088],[-47.72603502558313,-15.973218608927306],[-47.72603800338325,-15.973208648961009],[-47.726040237462335,-15.973199475147648],[-47.7261319655785,-15.972790973931932],[-47.726133657153596,-15.97278282938316],[-47.726136405496355,-15.972765303764644],[-47.72613796250349,-15.972747637902051],[-47.72613833813775,-15.972735667950603],[-47.72614441651061,-15.972006158656257],[-47.72614249465266,-15.971965592768978],[-47.72613432560979,-15.97192575996032],[-47.72613290719862,-15.971920985721036],[-47.726120097032826,-15.971887555601134],[-47.72611685360455,-15.971880797650964],[-47.72610012305743,-15.971851839138317],[-47.72609441693557,-15.971843578820042],[-47.72607485705414,-15.971819410450868],[-47.726066164534124,-15.971810272169455],[-47.72604486347782,-15.971790999368924],[-47.72603281172466,-15.971781717609847],[-47.726010817573936,-15.971767244001635],[-47.72599520110614,-15.971758639639566],[-47.72597348282895,-15.971748680185087],[-47.726444590820876,-15.970661192217914],[-47.72837643772997,-15.970476804557096]]]}},{"type":"Feature","properties":{"lote":"13","tipo":"Parcela","assentamento":"Camapuã"},"geometry":{"type":"Polygon","coordinates":[[[-47.72025893189873,-15.960477184518846],[-47.72333619819409,-15.961226387458806],[-47.72275864978097,-15.96187334729341],[-47.72253102522327,-15.9624717592461],[-47.72258641134098,-15.962642321688234],[-47.72015985436893,-15.961368223183756],[-47.72017711093444,-15.961358504574276],[-47.7201953265039,-15.961346244954415],[-47.72020456326108,-15.961339123183421],[-47.72021580058512,-15.961329506846887],[-47.72022739291471,-15.961318319015597],[-47.720235916371315,-15.961309119927732],[-47.720250435112334,-15.961291063496684],[-47.72025868197674,-15.961279080709296],[-47.72026820491606,-15.961263079827603],[-47.720277140761866,-15.961245014485533],[-47.72028395277762,-15.96122805889487],[-47.72028818539655,-15.961215186644132],[-47.72029255947926,-15.961198410893427],[-47.720296014918965,-15.961179491781484],[-47.720297765677095,-15.961163408507595],[-47.720298450588366,-15.9611470704637],[-47.72029786375664,-15.961133757870913],[-47.720297317379426,-15.961121366907427],[-47.72029500375314,-15.961103999214235],[-47.72028904866482,-15.961077744255611],[-47.720283503342536,-15.961060677525584],[-47.720276381287654,-15.961043270358982],[-47.72026570440535,-15.96102242277672],[-47.72025477166205,-15.961005026746236],[-47.7202450949,-15.960991871498718],[-47.72023879958854,-15.960984181064733],[-47.72023214261247,-15.960976670417676],[-47.72021906338736,-15.960963475986492],[-47.720196428299474,-15.960937229543719],[-47.72018442545243,-15.96091684307673],[-47.72017303663479,-15.960886205949901],[-47.72016874349091,-15.960861829353265],[-47.72016855295864,-15.96083389477938],[-47.72017310379798,-15.96080711775554],[-47.720236515475136,-15.960563353389544],[-47.72025893189873,-15.960477184518846]]]}},{"type":"Feature","properties":{"lote":"40","tipo":"Parcela","assentamento":"1º de Julho"},"geometry":{"type":"Polygon","coordinates":[[[-47.72597348282895,-15.971748680185087],[-47.72595428354072,-15.971741622297234],[-47.72593051294174,-15.971734954711065],[-47.72591109742224,-15.971731094974048],[-47.72588581929683,-15.971728100713717],[-47.725866731191594,-15.971727322050794],[-47.725840567668925,-15.971728302115325],[-47.72582230651055,-15.971730401305031],[-47.725795939909354,-15.971735551163475],[-47.72577894826945,-15.971740255259318],[-47.72575310230683,-15.971749656057243],[-47.72573775474142,-15.971756633365798],[-47.72571317213027,-15.971770252209115],[-47.72569976410074,-15.971779121461942],[-47.72567719146798,-15.97179680076995],[-47.72566593958564,-15.97180714918378],[-47.725646099493076,-15.971828608849826],[-47.72563713618737,-15.971840012063794],[-47.72562071025635,-15.971864844250028],[-47.72561408203015,-15.971876875379325],[-47.72560168318219,-15.971904562931636],[-47.72559736016623,-15.971916808703446],[-47.72558951771212,-15.971946727146594],[-47.725587391993564,-15.971958802372004],[-47.725584531317075,-15.971990236424022],[-47.72558443197249,-15.97200179103282],[-47.725578466960954,-15.972703282834628],[-47.72549607117107,-15.97307021381545],[-47.7253880223143,-15.973384155770622],[-47.725383802144705,-15.973396414690603],[-47.72538229741861,-15.973403053995456],[-47.725378369808574,-15.973420370572464],[-47.725345988868774,-15.973416581183002],[-47.72532072502484,-15.973406522108585],[-47.7252793097505,-15.973380076472008],[-47.725168637575266,-15.973267406710761],[-47.725003190857635,-15.973060077814223],[-47.725001436005975,-15.97305789812033],[-47.72499475336375,-15.973049503831527],[-47.72498962510802,-15.973044343066656],[-47.724976922827985,-15.973031563388425],[-47.72497054896754,-15.973025150354394],[-47.72496338406485,-15.97301961438644],[-47.72494906553554,-15.973008547725787],[-47.72494511417533,-15.973005494497961],[-47.72493607111083,-15.972999704149437],[-47.72471898904636,-15.972860727230362],[-47.724703303337435,-15.972851563690613],[-47.724696129259534,-15.972847969644437],[-47.72475443229928,-15.972746737023284],[-47.72476021738613,-15.972736694535124],[-47.72476256156695,-15.972731511345529],[-47.72476990588029,-15.972715267804558],[-47.72477231347157,-15.972709941110626],[-47.724776052694104,-15.972698842543902],[-47.72484901908721,-15.972482302424432],[-47.72496248709714,-15.972280886641196],[-47.724969354156954,-15.97226787346231],[-47.724972226020554,-15.972263601207121],[-47.72497669846613,-15.972251631724907],[-47.724982927807204,-15.972234959754266],[-47.72498563249678,-15.972227718186772],[-47.724988018864074,-15.972217928293135],[-47.724990205369956,-15.9722089610104],[-47.72501075613001,-15.972117789315366],[-47.72501249723718,-15.972109438218963],[-47.725014377635695,-15.972101721189627],[-47.72501524378924,-15.972091910817703],[-47.725016802767804,-15.9720742449241],[-47.7250175830316,-15.97206540022629],[-47.72501716218061,-15.972056520169103],[-47.72501632113912,-15.97203880881753],[-47.725015900435146,-15.9720299395965],[-47.725014286320274,-15.972021190263717],[-47.72501106427874,-15.972003734871825],[-47.725009446308384,-15.971994976556086],[-47.72500667105046,-15.971986523723908],[-47.72500112065772,-15.971969627089482],[-47.724998333807925,-15.9719611455025],[-47.72499444208264,-15.971953116854834],[-47.72498665875538,-15.97193706858929],[-47.72498276506642,-15.971929032740798],[-47.72497780697892,-15.971921543248325],[-47.724967928779186,-15.971906610746633],[-47.724962978258354,-15.971899128383157],[-47.72495706053247,-15.971892337457763],[-47.72494524966972,-15.971878778777201],[-47.72493933194508,-15.971871987851104],[-47.72493254750248,-15.971866000889262],[-47.72491900883152,-15.97185405187074],[-47.72491222249875,-15.971848063125677],[-47.724904690397835,-15.971842985192803],[-47.724889654445356,-15.971832847031592],[-47.72487396695178,-15.971823683515932],[-47.724868763551946,-15.971818762131822],[-47.72485769377255,-15.971815531744548],[-47.72449935066297,-15.971711017096352],[-47.72449126534769,-15.971708659279107],[-47.7244814484315,-15.971707217535176],[-47.7244633301035,-15.971704558704808],[-47.72445425596756,-15.971703226769169],[-47.72444506863514,-15.971703050519132],[-47.724426746317214,-15.971702702773818],[-47.72441756090047,-15.971702530110996],[-47.724408437826135,-15.971703514522964],[-47.72439022343907,-15.971705484749783],[-47.724381104098136,-15.971706469113316],[-47.72437218328659,-15.971708601601266],[-47.72435439189847,-15.971712853295452],[-47.72434545990912,-15.971714987730294],[-47.72433692557365,-15.971718220802536],[-47.72431985871981,-15.97172468331039],[-47.72483916470563,-15.969963419818468],[-47.726444590820876,-15.970661192217914],[-47.72597348282895,-15.971748680185087]]]}},{"type":"Feature","properties":{"lote":"41","tipo":"Parcela","assentamento":"1º de Julho"},"geometry":{"type":"Polygon","coordinates":[[[-47.72431985871981,-15.97172468331039],[-47.724311290925506,-15.971727927643583],[-47.72430326559789,-15.971732209170733],[-47.724287218675386,-15.971740772176998],[-47.72427915811963,-15.97174507221303],[-47.72427178273209,-15.971750329962973],[-47.7242570263306,-15.97176084372716],[-47.72424964168058,-15.971766107012842],[-47.72424301425083,-15.971772271103383],[-47.72422980363397,-15.97178455717777],[-47.72422318543982,-15.971790713925506],[-47.72421745171899,-15.971797654260573],[-47.72420601186447,-15.97181150387318],[-47.72420027814251,-15.971818444207967],[-47.72419553187709,-15.971826051219935],[-47.72418605936814,-15.971841227056967],[-47.72418294147554,-15.97184622314982],[-47.724177714523435,-15.971856805875694],[-47.724111530621705,-15.971990802246362],[-47.72400049733444,-15.972126730433946],[-47.723995834029736,-15.972132604110845],[-47.72399031773876,-15.972139193064372],[-47.72398535393924,-15.972147146033828],[-47.72397588145064,-15.972162325478056],[-47.72397475014505,-15.972164137116545],[-47.72397165211224,-15.972169911489509],[-47.72393095888688,-15.972245767592584],[-47.72381400115364,-15.972353039075445],[-47.72380607989179,-15.972360597781812],[-47.7238007513023,-15.972365190153258],[-47.72379372791599,-15.972373694849413],[-47.72378228618428,-15.972387548084123],[-47.72377654692967,-15.97239449570714],[-47.72377180795774,-15.972402091783229],[-47.72376233539372,-15.972417267610021],[-47.723759074942336,-15.972422493103817],[-47.723753910527435,-15.972433008197587],[-47.72368276116482,-15.972577903629833],[-47.723589494472954,-15.972683359481772],[-47.72358147229588,-15.97269243136925],[-47.72357790010236,-15.972697388051637],[-47.72356741995558,-15.972711929962813],[-47.72356217805138,-15.972719203650989],[-47.72355794741279,-15.97272710939693],[-47.72354959172833,-15.97274272085385],[-47.72343867916516,-15.972721208319822],[-47.723434660041285,-15.972720459004837],[-47.7234244919098,-15.972718456280843],[-47.72341654161891,-15.972717800098403],[-47.723398280074775,-15.972716293642952],[-47.72339335996232,-15.972715886297031],[-47.72338261259611,-15.972715924847538],[-47.723341445400294,-15.97271606680743],[-47.72332775162765,-15.972716113763148],[-47.723320481877245,-15.972716901259176],[-47.72330226921654,-15.972718869579806],[-47.72329313119703,-15.972719857753509],[-47.72328422707675,-15.972721986380037],[-47.723266435564526,-15.972726238001226],[-47.72325864071257,-15.97272809969283],[-47.723248969087976,-15.97273160363153],[-47.723239544616156,-15.972735019542217],[-47.72318417013609,-15.972756184758234],[-47.7229148590395,-15.972601228884347],[-47.722915652074335,-15.972597738020644],[-47.72291957800833,-15.972580419674674],[-47.722921544391404,-15.972571736975981],[-47.72292232658947,-15.972562890441855],[-47.72292388575127,-15.97254522453503],[-47.72292466615569,-15.97253638344264],[-47.72292424536761,-15.972527501561476],[-47.722923406367265,-15.972509790150436],[-47.72292298587269,-15.972500929941635],[-47.72292136982562,-15.972492169767357],[-47.72291814799515,-15.972474717929774],[-47.72291653008175,-15.972465957778999],[-47.72291375492201,-15.972457506713495],[-47.72290820467667,-15.972440610000344],[-47.72290541979222,-15.972432130156236],[-47.72290152624064,-15.97242409967701],[-47.722893744861494,-15.972408047677428],[-47.722890343049,-15.972401031556183],[-47.72288489509696,-15.972392524011346],[-47.722882713701544,-15.972389040097216],[-47.72286476687268,-15.972360830046558],[-47.722857066471796,-15.972349383195082],[-47.72285436737951,-15.972344484242452],[-47.72284619827923,-15.972335106168297],[-47.72283438755752,-15.972321550966159],[-47.72282846612074,-15.972314758214353],[-47.72282168544668,-15.97230877113134],[-47.72280814686938,-15.972296823771385],[-47.72280168183351,-15.972291118093871],[-47.72279382846857,-15.97228575513395],[-47.722781572576395,-15.972277387963018],[-47.722735185219726,-15.97224748232741],[-47.72273240522976,-15.97224571298367],[-47.72272348760418,-15.972239940809297],[-47.72271671588171,-15.972236547518088],[-47.722700442751076,-15.972228397381185],[-47.72269228737035,-15.972224311712324],[-47.72268365157096,-15.972221290642183],[-47.72266641753121,-15.9722152642824],[-47.72265777986552,-15.972212243234727],[-47.723930672228484,-15.969568551804205],[-47.72483916470563,-15.969963419818468],[-47.72431985871981,-15.97172468331039]]]}},{"type":"Feature","properties":{"lote":"42","tipo":"Parcela","assentamento":"1º de Julho"},"geometry":{"type":"Polygon","coordinates":[[[-47.72265777986552,-15.972212243234727],[-47.72264881186789,-15.972210339076057],[-47.722630907732864,-15.972206539385908],[-47.72262211765542,-15.97220467451965],[-47.72261279124869,-15.972203882185125],[-47.72259590126736,-15.97220244680203],[-47.722544491077066,-15.972199598702755],[-47.72253182231843,-15.972199359869455],[-47.722528477518644,-15.972195867195047],[-47.72251846356616,-15.972185934428413],[-47.7225119131397,-15.972179436836424],[-47.7225049230974,-15.97217398345669],[-47.72250035818021,-15.972170293077898],[-47.72216897557035,-15.971908064463948],[-47.722159224049705,-15.971900689750417],[-47.72215433844249,-15.971896481387736],[-47.722144188199024,-15.971890551376228],[-47.722128500768015,-15.971881385835344],[-47.72212063732817,-15.971876794282302],[-47.72211222579364,-15.971873233863063],[-47.7220954347073,-15.971866130682107],[-47.722091986947476,-15.971864826785062],[-47.72199607623926,-15.9718292219167],[-47.721990480340075,-15.971827305758305],[-47.722184225320426,-15.969693791786133],[-47.7227347817042,-15.969554234445514],[-47.72351195115415,-15.96889275590872],[-47.723670772164624,-15.968920325719552],[-47.723930672228484,-15.969568551804205],[-47.72265777986552,-15.972212243234727]]]}},{"type":"Feature","properties":{"lote":"43","tipo":"Parcela","assentamento":"1º de Julho"},"geometry":{"type":"Polygon","coordinates":[[[-47.721990480340075,-15.971827305758305],[-47.721982289980744,-15.97182449758619],[-47.721977307710425,-15.971822253938507],[-47.72196468440955,-15.971819575927778],[-47.72194678218096,-15.971815776149445],[-47.7219382317974,-15.971813960602281],[-47.72192866197408,-15.971813117125231],[-47.72191364637802,-15.971811793437556],[-47.7216632707748,-15.971796275260079],[-47.72165746124862,-15.971789607495829],[-47.72164565058555,-15.971776048598228],[-47.721639732960895,-15.971769257563404],[-47.721632948578865,-15.971763268675472],[-47.72161941010192,-15.971751321223369],[-47.721612623854156,-15.971745332358221],[-47.72160509179727,-15.971740252490028],[-47.72159005600587,-15.971730115876754],[-47.72158252773275,-15.971725039572405],[-47.72157436863157,-15.971720952095449],[-47.72155809368679,-15.971712800075569],[-47.721550743004386,-15.971709119633811],[-47.721541302602766,-15.971705695040074],[-47.72153035728578,-15.971701724102369],[-47.72142679275161,-15.971666522880033],[-47.7214205059633,-15.971664467326848],[-47.72141183089694,-15.971661439470674],[-47.721402900364055,-15.97165954200595],[-47.72138499815308,-15.971655742176889],[-47.72137602271672,-15.97165383805374],[-47.7213668798519,-15.971653084884267],[-47.72134861836788,-15.971651576430983],[-47.7213437917953,-15.97165118049457],[-47.72133320490187,-15.971651207872142],[-47.72128596159599,-15.97165133054855],[-47.72126644025469,-15.97165138064735],[-47.721245386665466,-15.971623173598543],[-47.72123826857351,-15.971614045876661],[-47.721234488089735,-15.971608571709604],[-47.72122645799601,-15.971600490561908],[-47.72121375602481,-15.971587710608317],[-47.721207931320386,-15.971581852263647],[-47.72120021758196,-15.971575763123937],[-47.72119635486141,-15.971572631020244],[-47.72114102451901,-15.971528553545562],[-47.721130569020616,-15.97152062049095],[-47.721126052312634,-15.97151662600102],[-47.721115533217095,-15.971510480225955],[-47.72109984590188,-15.971501318209835],[-47.72109723541075,-15.971499792359877],[-47.721090020943315,-15.971496242039866],[-47.72082871492803,-15.971367597790532],[-47.720827681066154,-15.971367088834919],[-47.72082701195031,-15.971366764931586],[-47.72067580127507,-15.971293571628491],[-47.72060535605036,-15.971253518245819],[-47.72060029708877,-15.971250710145476],[-47.72059206372138,-15.97124596063567],[-47.72058402221249,-15.971242558039458],[-47.72056723119233,-15.971235452916089],[-47.72056372307373,-15.971234102789893],[-47.72056064158024,-15.97123005581124],[-47.72054883104472,-15.971216498642173],[-47.72054291722998,-15.971209709327333],[-47.720536129138274,-15.97120371863767],[-47.72052259070944,-15.971191767487873],[-47.720518631644794,-15.97118827531863],[-47.72050963781737,-15.97118169295024],[-47.720480994959516,-15.971160736733877],[-47.72047962968927,-15.971159746060836],[-47.72047049059811,-15.971153053534273],[-47.720464593965445,-15.971149607546737],[-47.72044890665411,-15.97114044186177],[-47.7204410489238,-15.97113585377776],[-47.72043263181615,-15.971132291547894],[-47.72041584078482,-15.971125184604343],[-47.720407425569256,-15.971121624155796],[-47.72039860688233,-15.971119158036924],[-47.72038100136864,-15.971114234426798],[-47.720372178899545,-15.971111764741895],[-47.72036309921313,-15.971110434501854],[-47.72034498093712,-15.971107775307168],[-47.72033654297109,-15.97110653810515],[-47.720326719521005,-15.971106268564109],[-47.72031327413708,-15.971105898516813],[-47.72021349070315,-15.971105478791788],[-47.72018944170723,-15.971099337892253],[-47.72011925668957,-15.971070791078008],[-47.720114494029886,-15.971068905873372],[-47.7201053777857,-15.971065146547504],[-47.720097260113114,-15.971062877473567],[-47.720079654583465,-15.971057952030746],[-47.720070832167416,-15.971055485944591],[-47.72006175243469,-15.971054152079033],[-47.72004363418806,-15.971051494663543],[-47.7200397671023,-15.971051077529767],[-47.72002027325351,-15.971048184619685],[-47.72001802842184,-15.971044976033888],[-47.72000715867488,-15.971030702455408],[-47.720002446117036,-15.971024510282797],[-47.71999535007691,-15.97101714703051],[-47.719988719913054,-15.971010267406577],[-47.719938562605286,-15.970960000625345],[-47.71993249091015,-15.970954100202524],[-47.71992681733271,-15.97094822906566],[-47.71991895253018,-15.97094214900627],[-47.71990463254729,-15.970931083771069],[-47.719897843286084,-15.970925833674196],[-47.719889598731726,-15.970920945185762],[-47.71987713966541,-15.970913557621968],[-47.719801556506084,-15.970871325419404],[-47.719789197306916,-15.970864418881547],[-47.71978205537206,-15.970861396853445],[-47.71976526437952,-15.970854289851815],[-47.71975684918338,-15.970850729374146],[-47.719748030512456,-15.970848263225436],[-47.7197304250307,-15.97084333955573],[-47.71972584121167,-15.97084225229172],[-47.71955060546401,-15.970802224747022],[-47.719079774779686,-15.970656158605363],[-47.71897095982939,-15.970603497235093],[-47.71897759198454,-15.970586612551333],[-47.718990593686804,-15.970573075800118],[-47.719079182310594,-15.970480838307676],[-47.722184225320426,-15.969693791786133],[-47.721990480340075,-15.971827305758305]]]}},{"type":"Feature","properties":{"lote":"11","tipo":"Parcela","assentamento":"1º de Julho"},"geometry":{"type":"Polygon","coordinates":[[[-47.73403486236171,-15.97129935942579],[-47.73484113591598,-15.971171811448393],[-47.73404040042233,-15.97660061830104],[-47.734033978599676,-15.976627532965104],[-47.73402294000294,-15.976653008886345],[-47.73400760138355,-15.97667630866737],[-47.73398839625047,-15.976696767485391],[-47.73396589523507,-15.976713780189115],[-47.733940758237615,-15.976726852484546],[-47.73391365827487,-15.976735630804551],[-47.733885459848345,-15.976739836819755],[-47.733861198857376,-15.976739735252112],[-47.73385687851918,-15.976739362083338],[-47.733817731343485,-15.976738140192783],[-47.733811823326256,-15.976738417618096],[-47.733778762625626,-15.97674221940726],[-47.73376716769962,-15.97674448023144],[-47.733740763017295,-15.976751521034462],[-47.73372407113612,-15.976757406933158],[-47.73370447694073,-15.976765862203267],[-47.73368370148894,-15.976776845093475],[-47.73367061573117,-15.976784961115523],[-47.73300508583497,-15.97647882020231],[-47.733217078143845,-15.976061815017623],[-47.7333977739853,-15.975797641896166],[-47.733795814798306,-15.975355740975687],[-47.733732992481244,-15.974931551972965],[-47.73307743963338,-15.97403992787382],[-47.73306668988011,-15.973643253522905],[-47.733530782778665,-15.973269073347456],[-47.73360027183193,-15.972858411612915],[-47.73384826383653,-15.972365083022307],[-47.73385509854518,-15.972131157793665],[-47.73386107567273,-15.971926610765122],[-47.7339626112175,-15.971692460800794],[-47.734061242550524,-15.971465011283799],[-47.73403486236171,-15.97129935942579]]]}},{"type":"Feature","properties":{"lote":"RL","tipo":"Reserva Legal","assentamento":"1º de Julho"},"geometry":{"type":"Polygon","coordinates":[[[-47.73328388212589,-15.965001339018551],[-47.73368134833544,-15.96493031140836],[-47.73385126413015,-15.964831304307936],[-47.73393092217254,-15.964812136731307],[-47.733832902997484,-15.965678796765339],[-47.732267989728726,-15.965730963920565],[-47.73222065634627,-15.965347685104957],[-47.73329028171449,-15.965123275372191],[-47.73328388212589,-15.965001339018551]]]}},{"type":"Feature","properties":{"lote":"RL","tipo":"Reserva Legal","assentamento":"1º de Julho"},"geometry":{"type":"Polygon","coordinates":[[[-47.732267989728726,-15.965730963920565],[-47.733832902997484,-15.965678796765339],[-47.73364805705505,-15.967313120554152],[-47.73254846579446,-15.967211545387066],[-47.73275131908179,-15.966422329478362],[-47.73226072615617,-15.965984271409456],[-47.732267989728726,-15.965730963920565]]]}},{"type":"Feature","properties":{"lote":"RL","tipo":"Reserva Legal","assentamento":"1º de Julho"},"geometry":{"type":"Polygon","coordinates":[[[-47.73177857377374,-15.967759756322057],[-47.731912650899964,-15.967453007528434],[-47.732515298842685,-15.967340584694652],[-47.73254846579446,-15.967211545387066],[-47.73364805705505,-15.967313120554152],[-47.733455048400835,-15.969019614398501],[-47.732795424482454,-15.96888321700787],[-47.73280346966833,-15.968793078232014],[-47.732865744736415,-15.968533262834786],[-47.73284212270557,-15.96843738122217],[-47.73247630475028,-15.9683228934398],[-47.732405819354824,-15.968275386280634],[-47.731819305661304,-15.96783303499012],[-47.73179577475014,-15.967798041677792],[-47.73177857377374,-15.967759756322057]]]}},{"type":"Feature","properties":{"lote":"RL","tipo":"Reserva Legal","assentamento":"1º de Julho"},"geometry":{"type":"Polygon","coordinates":[[[-47.733054781065626,-15.970230859482495],[-47.73273613426812,-15.970610866902126],[-47.7324268267204,-15.970658244104317],[-47.732295030005886,-15.970593862615445],[-47.73209332937832,-15.970549426660046],[-47.73196057311743,-15.970620770454392],[-47.731727580643714,-15.970713162959166],[-47.731460841290584,-15.970770578780197],[-47.73136665324577,-15.97069800333847],[-47.7313914206359,-15.97052307878057],[-47.73149638731954,-15.970355758316481],[-47.73161923924615,-15.970123374197804],[-47.73163065273525,-15.970078458402185],[-47.733054781065626,-15.970230859482495]]]}},{"type":"Feature","properties":{"lote":"60","tipo":"Parcela","assentamento":"1º de Julho"},"geometry":{"type":"Polygon","coordinates":[[[-47.71793464463464,-15.973872854171118],[-47.71614092304989,-15.974271034293444],[-47.71613699114337,-15.974271906747637],[-47.71611543682769,-15.974274023268032],[-47.71609739435307,-15.974277140406038],[-47.716079602458024,-15.97428139147619],[-47.71606213557676,-15.974286757475006],[-47.71605830711283,-15.974288100079177],[-47.715965764542965,-15.974321271095343],[-47.71592540736503,-15.97431367748726],[-47.715834043235716,-15.974281210604769],[-47.71582672671404,-15.974278610636112],[-47.7158064200389,-15.9742729323145],[-47.71578851760337,-15.974269131136406],[-47.715770399032394,-15.974266471591221],[-47.715752138228765,-15.974264964486936],[-47.715733814635314,-15.974264616045737],[-47.715715505754766,-15.974265427095286],[-47.71570639356914,-15.974266265610412],[-47.71564272269267,-15.974273142608574],[-47.715637076812264,-15.974273752197375],[-47.71563362190961,-15.974274272702612],[-47.715627828327236,-15.974275145174254],[-47.71561684562888,-15.974262597849753],[-47.715604143763215,-15.97424981753801],[-47.71559060536542,-15.974237867872727],[-47.71557791081815,-15.974227982146248],[-47.715495483078385,-15.97416752753182],[-47.71549385847852,-15.974166345918357],[-47.71547882269844,-15.974156207053618],[-47.715463135333394,-15.974147043716963],[-47.715446860334914,-15.974138890324637],[-47.71543793114086,-15.974134954133559],[-47.71529948464612,-15.97407673493984],[-47.715293556964966,-15.974074242053444],[-47.71527438857135,-15.974067536843378],[-47.71525678285566,-15.974062613737974],[-47.715238880454535,-15.97405881341251],[-47.71522076189037,-15.974056152913821],[-47.715151822644735,-15.973971760748787],[-47.715157803911616,-15.973963208921258],[-47.71516728005429,-15.973948034231634],[-47.71517570656526,-15.973932289341942],[-47.71518305174767,-15.973916046906579],[-47.71518928196474,-15.97389937418538],[-47.715194373908744,-15.973882342823613],[-47.715198302417335,-15.973865025393133],[-47.71520104983248,-15.97384749708054],[-47.715202609673526,-15.97382983112496],[-47.71520268594441,-15.973826072947933],[-47.715204515357485,-15.97382485856076],[-47.715219271523466,-15.973814344432222],[-47.7152332862404,-15.973802920230593],[-47.7152464975745,-15.9737906318968],[-47.71525885026043,-15.973777535222514],[-47.715270290875495,-15.973763684169807],[-47.71528076981617,-15.973749138974748],[-47.71528656286711,-15.973740131611159],[-47.71531659010959,-15.973691322363075],[-47.71536453795546,-15.973674584431048],[-47.7153800162792,-15.973668672794451],[-47.71539660996067,-15.973661144839088],[-47.71541265941522,-15.973652585101489],[-47.71542809412501,-15.973643026083327],[-47.71544285119848,-15.973632511931376],[-47.7154568658893,-15.973621087718904],[-47.71547007719734,-15.97360879937513],[-47.715482429857374,-15.973595702691787],[-47.71548946032044,-15.973587413982397],[-47.715608068555944,-15.973441786548467],[-47.71571806674799,-15.97336452533476],[-47.715724567635924,-15.973359958974049],[-47.7157268938696,-15.973358062733983],[-47.71574090665773,-15.973346638531742],[-47.7157541197972,-15.973334350152136],[-47.71576647239774,-15.973321251651575],[-47.715777912976925,-15.97330740238678],[-47.715788391858446,-15.973292857175778],[-47.71579786511308,-15.97327768160209],[-47.715806292496794,-15.973261937590014],[-47.71581363759695,-15.97324569424084],[-47.715819869626216,-15.973229022391177],[-47.715824959639775,-15.973211991047988],[-47.7158288880764,-15.97319467271243],[-47.71583064582557,-15.9731844121112],[-47.715852819029486,-15.973037415665498],[-47.71585363998827,-15.973031971790995],[-47.71585520975396,-15.973015183600515],[-47.71586044607227,-15.972934063743653],[-47.715865022676034,-15.972929770054291],[-47.71586936324755,-15.972925697010915],[-47.71587061324532,-15.97292437252372],[-47.715882965840734,-15.97291127582715],[-47.71589440638003,-15.97289742565751],[-47.71590488522353,-15.97288287954191],[-47.71591436032126,-15.972867703943342],[-47.71592278769539,-15.97285196083326],[-47.71593013277598,-15.972835717483338],[-47.7159363629088,-15.972819044753747],[-47.715941454774345,-15.972802013386792],[-47.71594538319839,-15.972784695051308],[-47.7159481305598,-15.972767167642994],[-47.715949690341596,-15.972749501691872],[-47.715950050547846,-15.972731776828912],[-47.71594921028677,-15.972714065319428],[-47.71594717623186,-15.972696446558587],[-47.71594395497124,-15.972678993620338],[-47.71593956059736,-15.972661782193446],[-47.71593401276694,-15.972644885186813],[-47.71592733485832,-15.972628374559202],[-47.715923249589515,-15.972619609343523],[-47.71587606601696,-15.972522964720635],[-47.71590644109835,-15.972471586922445],[-47.71595966328994,-15.972429987407667],[-47.716081402290556,-15.972364430214279],[-47.71608677640089,-15.972361535405637],[-47.71608836616447,-15.972360551640252],[-47.716103800745024,-15.97235099259285],[-47.71610657087382,-15.972349128678252],[-47.71629845750364,-15.972218238473124],[-47.71653247237319,-15.97217115458064],[-47.71655247933835,-15.972169930062504],[-47.71681494947692,-15.972153860075776],[-47.716818566152746,-15.972153638270985],[-47.716837437080144,-15.972151598058792],[-47.716849171247574,-15.972149618192354],[-47.71685336367677,-15.972156637097534],[-47.71685516271198,-15.972159606592427],[-47.7168650422289,-15.972174537728804],[-47.71687578087833,-15.972188653282387],[-47.71694686081759,-15.972276018194064],[-47.71694292771836,-15.972289525193526],[-47.71693899936152,-15.972306841727129],[-47.7169362502457,-15.972324370964055],[-47.716934654332974,-15.972342466374872],[-47.71693453457736,-15.972345352630075],[-47.71693028945733,-15.972447582495526],[-47.71693009420028,-15.97245227605541],[-47.7169300683277,-15.97245699908664],[-47.71692951111733,-15.972557366980887],[-47.716929588749785,-15.972559452335434],[-47.71692946453782,-15.972565674073815],[-47.71693037028213,-15.9725800691832],[-47.716932403509745,-15.972597689739576],[-47.716935624851274,-15.972615142650032],[-47.71694001932976,-15.972632355849623],[-47.71694556723994,-15.972649252817236],[-47.7169522470583,-15.972665760667464],[-47.716960028945444,-15.97268181294215],[-47.71696887741234,-15.972697339641787],[-47.71697875696989,-15.972712270766886],[-47.71698962665005,-15.972726545418897],[-47.71700143709568,-15.97274010370846],[-47.71701413892524,-15.97275288394016],[-47.71702046761005,-15.972758664693103],[-47.71703948895576,-15.972775508854996],[-47.71704477392706,-15.972780189177445],[-47.71706101678834,-15.97279274493826],[-47.71707605061305,-15.972802881011324],[-47.7170917398206,-15.972812046921522],[-47.71710801288191,-15.972820200219976],[-47.71712480488749,-15.972827304696459],[-47.71714204075718,-15.972833331494652],[-47.71715964549613,-15.972838258079408],[-47.71717754592761,-15.972842058279923],[-47.717195666196446,-15.972844714991066],[-47.717213925962895,-15.972846224711935],[-47.717233889442255,-15.972846546906695],[-47.71726099535551,-15.972846051802742],[-47.71727766308795,-15.97284526498823],[-47.71729587777045,-15.972843297143998],[-47.71731391823005,-15.972840180854355],[-47.717331711826475,-15.972835929681638],[-47.71734917850051,-15.97283056089463],[-47.7173662439279,-15.972824101624617],[-47.71738283744511,-15.972816573537573],[-47.71739633972545,-15.972809461131508],[-47.717443983665824,-15.972782694158646],[-47.71745819517033,-15.97279699339158],[-47.717471733536286,-15.97280894203537],[-47.71748604986568,-15.972820010187343],[-47.7175010855761,-15.972830146203412],[-47.71751677480023,-15.972839312079213],[-47.71753304787585,-15.972847465342426],[-47.71754026050764,-15.972850671697364],[-47.71757720215835,-15.972866491862456],[-47.717577626512735,-15.972875101886698],[-47.717577937934415,-15.972881432821078],[-47.717578170463916,-15.972883442156737],[-47.71758020468824,-15.972901062685498],[-47.7175834270271,-15.972918515564544],[-47.717587821557615,-15.972935727837804],[-47.717593368598614,-15.972952624790338],[-47.71759919604678,-15.972967194330074],[-47.7176500502715,-15.973084209226787],[-47.717654494524446,-15.97309390193745],[-47.717722936497594,-15.973235595088875],[-47.71772594663605,-15.973241825986898],[-47.71772712479245,-15.973243893819928],[-47.71773597426657,-15.97325941955942],[-47.71774585392199,-15.973274351538457],[-47.71774708048223,-15.973276062908717],[-47.71788745237354,-15.973470435958653],[-47.717897575005416,-15.973507229814462],[-47.71790456011082,-15.97352891346784],[-47.71791156770443,-15.973547837637678],[-47.71791790072423,-15.973563406909639],[-47.717928759161424,-15.97358513644346],[-47.71793860839609,-15.973602790962035],[-47.717944380563154,-15.97361264119303],[-47.71795426024198,-15.97362757225394],[-47.71796513004351,-15.973641846837115],[-47.717975479571656,-15.973653822189917],[-47.717993922711386,-15.97367395117113],[-47.718008084768634,-15.97368831419932],[-47.71802162324255,-15.973700263696228],[-47.71793464463464,-15.973872854171118]]]}},{"type":"Feature","properties":{"lote":"44","tipo":"Parcela","assentamento":"1º de Julho"},"geometry":{"type":"Polygon","coordinates":[[[-47.72005908586214,-15.974893193932651],[-47.71869126727555,-15.973303117332748],[-47.71855823826873,-15.973013254289393],[-47.71865947258897,-15.972559701027357],[-47.718709569675184,-15.971542783479313],[-47.718778115714684,-15.971490421638418],[-47.718787600538725,-15.971483175699108],[-47.71879194427874,-15.971479136889558],[-47.718805157121146,-15.97146685017429],[-47.71881750938699,-15.971453750641771],[-47.7188264981911,-15.971443029234296],[-47.718884559277654,-15.971370046767152],[-47.718960574801415,-15.97130846930411],[-47.71896627011605,-15.971303855244674],[-47.718968167674646,-15.97130209084029],[-47.71898137861551,-15.971289803238045],[-47.71899373089583,-15.971276706407734],[-47.71900517111895,-15.971262856118143],[-47.71901564964657,-15.971248309896884],[-47.71902512443011,-15.971233134207345],[-47.71903355149305,-15.971217391021428],[-47.71903654930627,-15.971211789571358],[-47.719390026257386,-15.971321447636901],[-47.719406604203705,-15.971326051049989],[-47.719411188021404,-15.971327137416312],[-47.719557055241076,-15.971360456373915],[-47.719562899034244,-15.97136372332423],[-47.71956817446237,-15.971369009732156],[-47.71960788913491,-15.971426661123948],[-47.71960977659109,-15.971429400969997],[-47.71962100185967,-15.97144414424004],[-47.719632812344784,-15.971457700564466],[-47.71964551422138,-15.971470480628545],[-47.71965905260433,-15.97148243003248],[-47.71967336984471,-15.97149349712101],[-47.71968840462075,-15.9715036348012],[-47.719703897222466,-15.971512692817374],[-47.71976498962757,-15.971545854342718],[-47.71977572103621,-15.971551685006801],[-47.7197814592106,-15.971554113333873],[-47.719798250253845,-15.971561219421675],[-47.71981548604114,-15.971567245107327],[-47.71983309161457,-15.971572170565675],[-47.71985099194301,-15.971575970553419],[-47.719869112129544,-15.971578629760543],[-47.719869702413256,-15.971578716226022],[-47.71987297829233,-15.97157904690765],[-47.7199404002165,-15.97158584959588],[-47.719990432592965,-15.97160620030842],[-47.719994305999066,-15.97160777523012],[-47.719995194344264,-15.971608086428764],[-47.72001243015131,-15.971614113000083],[-47.720027495151164,-15.97161840222191],[-47.72010568320068,-15.971638369737144],[-47.72008707316438,-15.971743990989062],[-47.719949175883116,-15.97202267140609],[-47.71994900956206,-15.972023006780496],[-47.719943838154975,-15.972033434290289],[-47.71994166483561,-15.972039249311019],[-47.71993543320079,-15.972055922126273],[-47.719930343564705,-15.972072953510017],[-47.71992641547542,-15.972090270058033],[-47.719923439600805,-15.972109722310725],[-47.71989139491319,-15.972388640092595],[-47.719890166908954,-15.972399327521178],[-47.719890064372755,-15.972404382977123],[-47.71988970452306,-15.972422108696275],[-47.71989015655815,-15.97243434910988],[-47.71990367802523,-15.972658519192871],[-47.71990406470088,-15.972663988437498],[-47.71990609912006,-15.972681608913302],[-47.71990932071497,-15.972699061738824],[-47.71991371542888,-15.972716273934687],[-47.719919263579804,-15.972733170786297],[-47.71992594365545,-15.972749680311713],[-47.71993372483314,-15.972765732453057],[-47.7199425744355,-15.972781258079095],[-47.71995245418425,-15.972796188129424],[-47.719963324080624,-15.97281046440347],[-47.71997513466905,-15.972824019788526],[-47.719987836676985,-15.972836800717179],[-47.72000137518219,-15.97284875008077],[-47.72001569441437,-15.97285981710363],[-47.720030727438186,-15.972869953860801],[-47.72004641672608,-15.972879117727379],[-47.72006269267648,-15.972887270747101],[-47.72007948102038,-15.972894375022719],[-47.72009671696991,-15.97290040337518],[-47.72011432265639,-15.972905327887736],[-47.720132223109175,-15.972909127832402],[-47.720150343406395,-15.972911786093295],[-47.72016860313523,-15.972913293752539],[-47.72018692750803,-15.972913643627521],[-47.72020523429387,-15.972912830436139],[-47.72022344890042,-15.972910861444108],[-47.720241489292015,-15.972907745817698],[-47.72005908586214,-15.974893193932651]]]}},{"type":"Feature","properties":{"lote":"45","tipo":"Parcela","assentamento":"1º de Julho"},"geometry":{"type":"Polygon","coordinates":[[[-47.72005908586214,-15.974893193932651],[-47.720241489292015,-15.972907745817698],[-47.72025928279212,-15.97290349441112],[-47.72027674936632,-15.972898126300276],[-47.720293814629876,-15.972891664102313],[-47.72031040802957,-15.972884137611294],[-47.7203264571331,-15.972875575741922],[-47.7203418915216,-15.9728660182215],[-47.720356648244014,-15.972855504682894],[-47.72037066067648,-15.972844079321288],[-47.72038387347,-15.972831791608312],[-47.72039622571149,-15.972818693795464],[-47.720407665907985,-15.972804844337317],[-47.72041814438469,-15.972790298052747],[-47.72042761725076,-15.97277512323505],[-47.72043604422719,-15.972759379100085],[-47.72044338891535,-15.972743135652705],[-47.720449620517456,-15.97272646282689],[-47.720454710114886,-15.972709431436003],[-47.720458638148116,-15.97269211398137],[-47.72046138696118,-15.972674585649711],[-47.720462944474576,-15.972656919750845],[-47.720463306161896,-15.97263919582126],[-47.720462854089575,-15.972626955414547],[-47.720450712449875,-15.97242568873075],[-47.7204748941283,-15.972215210840913],[-47.720609191905844,-15.97194380560702],[-47.72061456561432,-15.971932944713778],[-47.72061670286775,-15.97192722588168],[-47.72062293257364,-15.97191055307948],[-47.72062802401341,-15.971893521665203],[-47.720632385671585,-15.971878930824317],[-47.720808639939236,-15.97196570260196],[-47.7208124150881,-15.971968710279121],[-47.72086955412444,-15.97204526201511],[-47.720874528937195,-15.97205192681541],[-47.72087667312926,-15.972054387931257],[-47.720888483718085,-15.972067943264268],[-47.7209011857194,-15.972080724138097],[-47.720914724211,-15.97209267344435],[-47.72092949663031,-15.972104046268662],[-47.72084640356663,-15.972256705885313],[-47.72084264659871,-15.97226360759334],[-47.72084143277392,-15.972266292728385],[-47.72083408813122,-15.972282536182338],[-47.72082785658272,-15.972299209915848],[-47.720822767023,-15.972316241309635],[-47.720818839012026,-15.972333557862452],[-47.720816090255035,-15.972351087999664],[-47.720814532746616,-15.972368752090317],[-47.72081416730194,-15.9723860578948],[-47.720815567838166,-15.972503612523752],[-47.72081571127545,-15.972515673487175],[-47.72081641231819,-15.972521742972436],[-47.720818446812416,-15.97253936342763],[-47.72082166847996,-15.97255681622773],[-47.72082606326378,-15.97257402839352],[-47.72082836979809,-15.972581522644429],[-47.72088432834364,-15.97275423203713],[-47.72087645382453,-15.972768297422363],[-47.72087169337767,-15.972776800508269],[-47.72086993653097,-15.972780685605073],[-47.720862591866606,-15.972796928158852],[-47.720856360311736,-15.972813601894604],[-47.72085127074875,-15.972830633289993],[-47.72084734273759,-15.972847949843766],[-47.720844593971336,-15.972865479078285],[-47.72084303646896,-15.972883143168623],[-47.72084267673412,-15.972900870681825],[-47.72084351552318,-15.97291857941955],[-47.72084555002953,-15.972936199872906],[-47.72084877171141,-15.972953652670707],[-47.72085316652399,-15.972970865736675],[-47.720858714760446,-15.972987762550337],[-47.72086539489591,-15.973004270226872],[-47.720873176156225,-15.97302032232068],[-47.72088202585141,-15.973035848797725],[-47.720891905690664,-15.973050779694782],[-47.72090277563823,-15.973065054102472],[-47.72091458633588,-15.973078612132493],[-47.720927288400915,-15.973091392090542],[-47.72094082695962,-15.973103340480344],[-47.72095514533236,-15.973114408344344],[-47.72097017933507,-15.97312454411041],[-47.72098586868844,-15.973133708801472],[-47.72100214189929,-15.973141862679176],[-47.72101893308739,-15.973148966837327],[-47.72103616905131,-15.973154993300476],[-47.72105377478359,-15.973159918631934],[-47.721071675252425,-15.973163717588939],[-47.72108979557245,-15.973166375765018],[-47.72110805530633,-15.973167882436664],[-47.721126379702994,-15.973168233130657],[-47.72114468648258,-15.973167418953187],[-47.72116290110159,-15.973165450782405],[-47.72118094148776,-15.973162335075843],[-47.72119873498896,-15.97315808449413],[-47.7212162015342,-15.97315271540445],[-47.72123326679985,-15.973146254939328],[-47.721249860171774,-15.973138728378082],[-47.721265909229984,-15.973130165538723],[-47.72128134356797,-15.973120607051866],[-47.72129610025924,-15.973110094356672],[-47.72131011543171,-15.973098668001098],[-47.72132332631766,-15.973086381163522],[-47.72133567758061,-15.97307328421881],[-47.721347117679024,-15.973059432009656],[-47.72135759611479,-15.973044887494064],[-47.721367068899674,-15.973029711741368],[-47.721368980404954,-15.973026355750084],[-47.721402609737844,-15.972966290114543],[-47.72140736651506,-15.972957793388169],[-47.72140912698783,-15.972953901017],[-47.721416472529796,-15.972937657535876],[-47.72142270127387,-15.972920986535147],[-47.721427273712656,-15.972905899884797],[-47.72144929772619,-15.972824545201897],[-47.72145268295576,-15.972812040390721],[-47.72145374273332,-15.972805282087862],[-47.72145649145742,-15.972787753756831],[-47.72145804888137,-15.972770087864344],[-47.72145841047922,-15.97275236394682],[-47.72145756972371,-15.972734651631106],[-47.721455535194075,-15.97271703299729],[-47.72145231345599,-15.972699579312826],[-47.72144791862836,-15.972682368071796],[-47.721445613949385,-15.972674874710744],[-47.72137518303467,-15.972457503424998],[-47.72137507537234,-15.97244843603118],[-47.72144301096767,-15.972323625004504],[-47.721461616740164,-15.972326355592694],[-47.72147663331096,-15.972327679294608],[-47.721835254082315,-15.97234990209673],[-47.721849227770356,-15.972355090096778],[-47.72206281418462,-15.972524105265945],[-47.72205646906434,-15.972532511917736],[-47.72204777128401,-15.972544720896128],[-47.7220382985845,-15.972559897570962],[-47.72202987172534,-15.972575639942255],[-47.722027938260574,-15.972579649208784],[-47.7219911377794,-15.972657673076691],[-47.72190788328926,-15.972773146039478],[-47.721903905942845,-15.972778661472248],[-47.7219027125063,-15.972780575044498],[-47.72189323981104,-15.972795753522089],[-47.72188481293274,-15.972811495890681],[-47.72187746836766,-15.972827739369594],[-47.72187103771963,-15.972845010833185],[-47.72184658503524,-15.972918390553305],[-47.72184294414673,-15.972929317148322],[-47.72184169474071,-15.972934824248064],[-47.72183776681734,-15.972952140806887],[-47.721835018127415,-15.97296966913775],[-47.72183346071399,-15.972987333221752],[-47.721827559551,-15.973105268275312],[-47.72182206925004,-15.973124763189373],[-47.72179972364432,-15.973164723254044],[-47.721688932912016,-15.97329224436251],[-47.7216789298602,-15.973304452691623],[-47.72166509128191,-15.973319685513204],[-47.72165897683963,-15.97333417571795],[-47.721649497074566,-15.973352079151029],[-47.72161102824724,-15.973431989154856],[-47.72160647856517,-15.973441439724592],[-47.72160478644499,-15.973445967968836],[-47.721598554956266,-15.973462642621822],[-47.721593465451754,-15.973479674026677],[-47.72158953750338,-15.973496990585161],[-47.72158740859176,-15.973509814576461],[-47.72155778106019,-15.973720338767162],[-47.721556149879326,-15.973738831995133],[-47.72155576861609,-15.973751993332472],[-47.721555464230775,-15.97383021372082],[-47.72153259232017,-15.973885459402497],[-47.721526225192925,-15.973902460914234],[-47.721521135677044,-15.973919492319448],[-47.7215172077199,-15.97393680887828],[-47.72151445901431,-15.97395433811306],[-47.72151290157903,-15.973972002198845],[-47.72151254191743,-15.97398972970273],[-47.721513380785524,-15.97400743842639],[-47.72151498344029,-15.974022045925027],[-47.7215244318459,-15.9740903985636],[-47.72151151951048,-15.974224319998536],[-47.72150853330058,-15.974255285122299],[-47.72150811206498,-15.974276053483484],[-47.72151098553559,-15.974311382640495],[-47.721514145581125,-15.974328550792736],[-47.72154382379865,-15.974464338372623],[-47.72154383873888,-15.974559885690917],[-47.721543840823536,-15.97457364007639],[-47.72154470161798,-15.974581094805194],[-47.72154673623789,-15.974598716140383],[-47.72154995800507,-15.974616167105662],[-47.72155435293524,-15.974633380139988],[-47.72155990129671,-15.97465027691697],[-47.72156658157625,-15.974666785454957],[-47.72157436298694,-15.974682838405528],[-47.721576426948864,-15.97468709603066],[-47.721572276714724,-15.974693982860503],[-47.721567369470094,-15.97470212474557],[-47.72156213256789,-15.974710812706077],[-47.72155894252118,-15.974717868018287],[-47.72155159785935,-15.974734109692353],[-47.721545808113476,-15.974749484512007],[-47.72152428641976,-15.974812480398567],[-47.72152064185634,-15.974823137895145],[-47.721519196893446,-15.974829511806067],[-47.72151526894354,-15.974846829269366],[-47.7215125202385,-15.974864358504758],[-47.721510962797026,-15.974882021687309],[-47.721502793539386,-15.975035562317558],[-47.720640507935336,-15.975310072624861],[-47.72005908586214,-15.974893193932651]]]}},{"type":"Feature","properties":{"lote":"14","tipo":"Parcela","assentamento":"Camapuã"},"geometry":{"type":"Polygon","coordinates":[[[-47.720476081447494,-15.963114741167676],[-47.7199841808481,-15.961392621043224],[-47.72015985436893,-15.961368223183756],[-47.72258641134098,-15.962642321688234],[-47.72258708135229,-15.962771787499156],[-47.72243912070162,-15.962943786467866],[-47.72225206210635,-15.963071493468222],[-47.722021999213545,-15.963126361549728],[-47.72194515981334,-15.963173948093385],[-47.721640316573655,-15.96357855990872],[-47.720476081447494,-15.963114741167676]]]}},{"type":"Feature","properties":{"lote":"15","tipo":"Parcela","assentamento":"Camapuã"},"geometry":{"type":"Polygon","coordinates":[[[-47.720476081447494,-15.963114741167676],[-47.71732886703798,-15.961860881953587],[-47.71763852494493,-15.961619845603403],[-47.71846422631907,-15.961387536477629],[-47.71981835548192,-15.961006547883054],[-47.71979901874352,-15.961040589947599],[-47.719783484309204,-15.961083748468372],[-47.7197765687297,-15.961124426328887],[-47.719775767428146,-15.961139407473858],[-47.71977622674423,-15.96116097850452],[-47.71977911693577,-15.961185718760579],[-47.71978488720301,-15.961211426947944],[-47.71979650925633,-15.961243852147543],[-47.71980536350404,-15.96126198346506],[-47.71982331180007,-15.961290492928724],[-47.71983980879589,-15.961310874099869],[-47.71985197215596,-15.961323512935785],[-47.71987239028317,-15.961341344560264],[-47.71988833701165,-15.961352915893599],[-47.71991106285495,-15.961366524005893],[-47.71992502632542,-15.961373437443216],[-47.71994289161323,-15.961380865145712],[-47.71996368564557,-15.96138767960512],[-47.71997037101131,-15.96138948003355],[-47.7199841808481,-15.961392621043224],[-47.720476081447494,-15.963114741167676]]]}},{"type":"Feature","properties":{"lote":"46","tipo":"Parcela","assentamento":"1º de Julho"},"geometry":{"type":"Polygon","coordinates":[[[-47.722390158793935,-15.97674588208271],[-47.72181004990726,-15.976148621073406],[-47.720640507935336,-15.975310072624861],[-47.721502793539386,-15.975035562317558],[-47.72149598501248,-15.975163521433016],[-47.721485340125575,-15.975203318966742],[-47.72143536052244,-15.975307969857061],[-47.72142947642247,-15.975321201739426],[-47.721423244873776,-15.975337875493],[-47.72141815626605,-15.975354906888937],[-47.72141422829215,-15.97537222344957],[-47.721411478645,-15.975389752697213],[-47.72140992122254,-15.97540741768632],[-47.72140956154581,-15.975425143383708],[-47.72141040045626,-15.975442853912188],[-47.72141243506142,-15.975460473441847],[-47.72141565778917,-15.975477925298772],[-47.7214200527516,-15.975495139236513],[-47.72142560020465,-15.975512036025634],[-47.72143228050202,-15.975528543660888],[-47.72144006193535,-15.97554459570866],[-47.72144891180171,-15.975560121232077],[-47.72145879184612,-15.975575052977215],[-47.721469661995435,-15.97558932732583],[-47.72148147289052,-15.975602884389913],[-47.72149417517216,-15.975615664281472],[-47.72150771397799,-15.975627614407514],[-47.72152203255415,-15.975638680392644],[-47.72153706680101,-15.975648816986235],[-47.72155275638951,-15.975657981599428],[-47.7215690298376,-15.975666135397226],[-47.72158582126409,-15.975673239473783],[-47.72160305747871,-15.975679266757],[-47.72162066344857,-15.975684192004525],[-47.7216385650621,-15.975687989059114],[-47.72165668469357,-15.975690648065198],[-47.721674944656186,-15.975692154652121],[-47.721693269264506,-15.975692504358811],[-47.72171157627426,-15.97569169100091],[-47.72172979110443,-15.975689722747843],[-47.72174783168181,-15.975686606057524],[-47.72176562540233,-15.975682357202967],[-47.721783092132995,-15.97567698803663],[-47.72180015756165,-15.975670526594383],[-47.72181675203133,-15.97566299995006],[-47.72183280030865,-15.975654437054418],[-47.7218482347869,-15.975644878502923],[-47.7218629925268,-15.975634364831983],[-47.72187700597061,-15.975622940249146],[-47.721890216932074,-15.975610651552868],[-47.72190256921405,-15.975597554548132],[-47.72191400939547,-15.97558370319844],[-47.72192448788697,-15.975569158644177],[-47.72193396070009,-15.97555398195479],[-47.7219438510208,-15.975535228838046],[-47.72200440768594,-15.975408430960732],[-47.722010290801336,-15.975395198176992],[-47.72201652044475,-15.975378525340385],[-47.722021300876726,-15.975362665639818],[-47.72204567401818,-15.975271527815407],[-47.72204960191079,-15.975254209445799],[-47.72205234873725,-15.975236682943214],[-47.72205392131633,-15.97521876216791],[-47.72206834602551,-15.97494764784549],[-47.72211381736934,-15.974875141826255],[-47.72211872273808,-15.974867000858241],[-47.722127151498555,-15.974851256642943],[-47.7221344960889,-15.974835013149862],[-47.72214072573617,-15.974818342119196],[-47.72214581707421,-15.974801310681546],[-47.72214974307624,-15.974783991432806],[-47.72215249174885,-15.974766464003974],[-47.72215279575078,-15.974763883406123],[-47.72215846206244,-15.974713435456309],[-47.72215971726357,-15.974698349239961],[-47.72216007690768,-15.974680625356749],[-47.72215923792152,-15.974662913033802],[-47.722157323542824,-15.974646109367137],[-47.72215227274736,-15.974611680262312],[-47.722149050892874,-15.974594226605102],[-47.72214465592739,-15.974577014493672],[-47.72213910565536,-15.974560117762637],[-47.72213242717925,-15.974543607419388],[-47.722124645746796,-15.97452755539796],[-47.722120917734394,-15.974520721320868],[-47.72210395985341,-15.97449067520005],[-47.72210395060744,-15.974435946706153],[-47.72210308576927,-15.974414734917517],[-47.72210105114264,-15.974397116303647],[-47.72209789292551,-15.974379949047462],[-47.72207095813459,-15.974256710765179],[-47.72208509258178,-15.974110115924185],[-47.72208591970622,-15.974099135526947],[-47.72208627934012,-15.974081409836112],[-47.7220854403961,-15.974063699316638],[-47.72208383237281,-15.974049043124932],[-47.72207993095385,-15.974020828642088],[-47.72209531682631,-15.973983665252975],[-47.72210168204932,-15.973966664658192],[-47.722106771514255,-15.973949633246741],[-47.722110699394456,-15.973932314878946],[-47.722113448992474,-15.973914786535824],[-47.72211500541673,-15.973897120659622],[-47.72211538854546,-15.973883962012488],[-47.722115824755804,-15.97377188006617],[-47.722136698112124,-15.973623557960641],[-47.722141572852834,-15.973613430405061],[-47.72224687784235,-15.973492223051723],[-47.72225688082609,-15.97348001199119],[-47.72226735920554,-15.973465467438537],[-47.722276833796585,-15.973450291630177],[-47.72227881088562,-15.973446815583593],[-47.722330116334234,-15.973355066799257],[-47.722336566078894,-15.973342798656578],[-47.722343910616196,-15.973326555165494],[-47.72235014206158,-15.973309882306982],[-47.72235400057764,-15.97329737691675],[-47.72237603283872,-15.97321914434912],[-47.722381191621885,-15.973197300862001],[-47.72238393840811,-15.973179773458034],[-47.72238549761369,-15.973162107547934],[-47.72239108304904,-15.97305046621173],[-47.72245605480096,-15.972960029236315],[-47.722466180431546,-15.972968966194331],[-47.7224804960358,-15.972980032174625],[-47.72249553196572,-15.972990168703044],[-47.72250490058335,-15.97299580421376],[-47.72300300642601,-15.97328240386211],[-47.72300932722971,-15.973285933807494],[-47.72302560143184,-15.973294086602293],[-47.72304239174539,-15.973301190600921],[-47.72305962775687,-15.973307216890179],[-47.7230772335252,-15.973312142045925],[-47.723095134030594,-15.97331594172922],[-47.72311325437535,-15.973318600631284],[-47.72313151412214,-15.973320108029403],[-47.72314983847098,-15.973320455838989],[-47.72316473607876,-15.973319882450417],[-47.72320394422501,-15.973317362877433],[-47.72320735341029,-15.973317124623623],[-47.72322556795678,-15.973315153569901],[-47.723243608319734,-15.973312039499035],[-47.72326140173728,-15.973307786945167],[-47.72327886821197,-15.973302417694322],[-47.72328829275672,-15.97329900539011],[-47.72338257762104,-15.973262967105416],[-47.72338860601334,-15.973264137142452],[-47.72345184346685,-15.973303538295129],[-47.723466645930465,-15.973312147729258],[-47.72348291920202,-15.973320299594985],[-47.723499710473845,-15.973327404446186],[-47.723516946495316,-15.973333430696254],[-47.72353934967129,-15.973339490856507],[-47.72356575463593,-15.973345501238008],[-47.72351198086153,-15.97345529434224],[-47.7235049480478,-15.973470901692938],[-47.72349871671321,-15.973487575473664],[-47.723493627376904,-15.973504606898642],[-47.72348969959787,-15.973521923466526],[-47.72348704707212,-15.973538681981951],[-47.72347100790719,-15.973666635052515],[-47.72337124606991,-15.973863141454043],[-47.723369847932084,-15.97386593370161],[-47.723362503471016,-15.973882177217257],[-47.72335627211684,-15.97389885099711],[-47.72335118276327,-15.973915882421617],[-47.72334716871455,-15.973933655280065],[-47.72329760291839,-15.974194846059937],[-47.72322232334252,-15.974412669749045],[-47.723221577972616,-15.974414853121228],[-47.723216488601274,-15.974431884545625],[-47.72321393240647,-15.974442516533905],[-47.72316891665659,-15.974648420771716],[-47.72313263364504,-15.974754250519979],[-47.723132102118946,-15.974755816124505],[-47.72312701273583,-15.974772847548824],[-47.72312308491744,-15.974790164116941],[-47.723120336343776,-15.974807692448113],[-47.723120072542365,-15.974809931137713],[-47.7231033823866,-15.974956785901664],[-47.72304052235536,-15.975079583192338],[-47.72303871675043,-15.975083174486736],[-47.723031372232555,-15.975099418000475],[-47.7230251408283,-15.975116091779165],[-47.723020051431654,-15.975133123203266],[-47.72301667231187,-15.975147660087039],[-47.723011622145606,-15.97517255854024],[-47.7229986511792,-15.975181876431964],[-47.72298463878358,-15.975193301964948],[-47.722971427911205,-15.975205589811337],[-47.72295907572894,-15.97521868686343],[-47.722948304578566,-15.97523167448101],[-47.722919437928134,-15.97526876115157],[-47.72290828871607,-15.975284168635495],[-47.72289881600522,-15.975299346257833],[-47.722890389139764,-15.975315088666703],[-47.7228830446037,-15.975331332178241],[-47.72287681318242,-15.975348005955341],[-47.722871723769984,-15.975365037378465],[-47.72286779592571,-15.975382353946264],[-47.72286504734191,-15.975399883181044],[-47.72286344997834,-15.97541831275133],[-47.722860886949285,-15.975468323101234],[-47.72286140649871,-15.975502993790526],[-47.72286344217599,-15.97552061417772],[-47.722864299750114,-15.975525963641287],[-47.722853323943916,-15.975541146748784],[-47.722847878471214,-15.975549597132778],[-47.722742269474345,-15.975720339544042],[-47.722738242216394,-15.975727066781186],[-47.72272981532493,-15.975742809187924],[-47.72272247076506,-15.975759052697853],[-47.722716239310095,-15.975775725570804],[-47.722711188972326,-15.975792610184508],[-47.72269067302774,-15.975870571609443],[-47.7226867060709,-15.97588803498595],[-47.722683957471325,-15.975905564221208],[-47.72268240015355,-15.975923228299067],[-47.7226820455098,-15.97593351991338],[-47.72268109204046,-15.975997675228916],[-47.72258044121311,-15.976218853861022],[-47.722531979484714,-15.976283984621658],[-47.72243876230238,-15.97634874453986],[-47.72242869320559,-15.976356076625619],[-47.72240156474693,-15.97637970567064],[-47.722373579809144,-15.976412212896639],[-47.72235116715452,-15.976448538628546],[-47.72233487310872,-15.976487796261683],[-47.722325095530785,-15.976529028816875],[-47.722322071982894,-15.976571231669302],[-47.72232587630133,-15.976613375171219],[-47.72233641522857,-15.976654431789788],[-47.72235343342225,-15.976693401332584],[-47.7223765146815,-15.976729332608322],[-47.722390158793935,-15.97674588208271]]]}},{"type":"Feature","properties":{"lote":"47","tipo":"Parcela","assentamento":"1º de Julho"},"geometry":{"type":"Polygon","coordinates":[[[-47.722401007945216,-15.976757352282284],[-47.72240509724891,-15.976761350328571],[-47.722434138453615,-15.976785585928795],[-47.72243848246822,-15.976788673964958],[-47.722471443219526,-15.97680843168153],[-47.72247585837811,-15.976810636417312],[-47.72251199584778,-15.976825321432166],[-47.72251631304987,-15.976826703714798],[-47.72255478981138,-15.976835837111025],[-47.72255885988958,-15.976836481921122],[-47.72259875906191,-15.976839715845326],[-47.722602461219964,-15.976839734899494],[-47.72264281274004,-15.976836862164058],[-47.72264605532755,-15.976836382163855],[-47.72268857803109,-15.976826505831124],[-47.72272681650495,-15.976811405606693],[-47.72276467911204,-15.97678943519486],[-47.72289590342717,-15.976698273709479],[-47.72290315039137,-15.976693238881015],[-47.72291993879981,-15.976679550964354],[-47.722933149770064,-15.976667264010144],[-47.72294550202764,-15.976654166947002],[-47.72295748596298,-15.976639655665563],[-47.72295984257435,-15.976636489108174],[-47.72305223423499,-15.976512321592812],[-47.723059812253226,-15.976501601620768],[-47.723069286895985,-15.976486426671343],[-47.723077713743514,-15.97647068154247],[-47.723081259325895,-15.976463201734976],[-47.723216648038736,-15.976165684099971],[-47.723219578402315,-15.976159243504496],[-47.72322044699218,-15.976156920385945],[-47.72322667656696,-15.976140249333216],[-47.7232317678236,-15.976123217880746],[-47.72323569560266,-15.976105898600906],[-47.72323844231026,-15.976088371195594],[-47.72324000141989,-15.976070705291663],[-47.723240244287766,-15.976067954769123],[-47.723241649770024,-15.975973261147352],[-47.72324392473368,-15.975964614276581],[-47.72329747735005,-15.97587803363602],[-47.723323114017894,-15.975860845844611],[-47.72333265235616,-15.975854450713024],[-47.72333695655722,-15.975850941571208],[-47.72335097082339,-15.975839515085188],[-47.72336418170394,-15.975827227213234],[-47.72337653388678,-15.975814130136783],[-47.72338797396344,-15.975800278722659],[-47.72339845233282,-15.975785733208511],[-47.72340792692274,-15.975770558252442],[-47.72341635373303,-15.975754814021133],[-47.72342369823278,-15.97573857049621],[-47.723427489670954,-15.97572883867647],[-47.72344643853326,-15.97567721908817],[-47.72344887663154,-15.975670278950279],[-47.723453967863186,-15.97565324749665],[-47.72345789375299,-15.975635928240104],[-47.723460642308055,-15.975618400811642],[-47.72346219953413,-15.975600734932648],[-47.72346256090616,-15.975583010139479],[-47.7234617199466,-15.975565299670997],[-47.723459685162396,-15.97554768018894],[-47.723457903381906,-15.97553723409977],[-47.72346303375087,-15.975532269419304],[-47.72347538591137,-15.975519172340661],[-47.723486825979144,-15.975505321827619],[-47.723497305249985,-15.97549077539694],[-47.723506778875795,-15.975475599548266],[-47.72351520568139,-15.975459856218839],[-47.72352255109923,-15.975443612681222],[-47.72352877967727,-15.975426939831854],[-47.723533870899075,-15.975409908378003],[-47.72353724998134,-15.97539537149154],[-47.72355911476588,-15.975287547666406],[-47.72362733562114,-15.975154278735861],[-47.72362914119072,-15.975150685632043],[-47.7236337700236,-15.975141708190826],[-47.72363648565807,-15.975134442105112],[-47.723642715178684,-15.975117771049202],[-47.7236478063869,-15.975100739594913],[-47.7236517341357,-15.975083421217686],[-47.72365448266165,-15.975065892886718],[-47.72365474648132,-15.97506365600341],[-47.72367361346131,-15.974897624651573],[-47.72370550687339,-15.97480460322177],[-47.723706035606654,-15.974803038555],[-47.72370935196282,-15.974793387714604],[-47.7237111268057,-15.974786007100857],[-47.723713682986805,-15.974775376013373],[-47.723758629621095,-15.974569787820563],[-47.72383585068574,-15.974346316286702],[-47.72383940268647,-15.974336072690633],[-47.72384094186813,-15.974329284832345],[-47.72384486771648,-15.97431196557603],[-47.723891095882124,-15.974068356622816],[-47.7239947057835,-15.97386427156314],[-47.72399610388751,-15.973861477506837],[-47.72400087593406,-15.973852116208137],[-47.72400344829329,-15.973845233977555],[-47.72400967774725,-15.973828562017134],[-47.72401476890839,-15.97381153056223],[-47.72401869475072,-15.973794212208928],[-47.72402134911006,-15.97377745457301],[-47.724037630548615,-15.973647562043924],[-47.7241193446331,-15.973480718381847],[-47.724124028393945,-15.97348270021919],[-47.724128094573146,-15.973484234681193],[-47.72418099643927,-15.973503733277386],[-47.72433061534563,-15.97359618137622],[-47.72434127238951,-15.973605606434386],[-47.72434997746012,-15.973620084170403],[-47.72435262213623,-15.973642615482333],[-47.72433240238592,-15.97390503135109],[-47.72433204297293,-15.973922758821184],[-47.72433288208637,-15.973940467495447],[-47.7243351257925,-15.973959448103601],[-47.724382102874394,-15.974262045537376],[-47.724385116941015,-15.974278137076233],[-47.72439074200939,-15.974299442957882],[-47.724451605856906,-15.97449629552494],[-47.72445592452336,-15.97450909924954],[-47.724462605007034,-15.974525606758425],[-47.72446771113419,-15.974536440626089],[-47.72462181874345,-15.974845261847738],[-47.72469915440171,-15.975042125950921],[-47.7247356185339,-15.975168041830603],[-47.72472747311367,-15.975253377219685],[-47.72470542924273,-15.975495072145485],[-47.7246573072178,-15.975637629558772],[-47.724653442829045,-15.975649071114153],[-47.72465208869904,-15.975655043777135],[-47.72464816101204,-15.975672360354167],[-47.724645413521046,-15.975689889576003],[-47.724644887245574,-15.97569453131436],[-47.724637339154036,-15.975766890514286],[-47.72463630735146,-15.975779912853165],[-47.72463594798945,-15.975797640317376],[-47.7246367871647,-15.975815348982344],[-47.72463882206909,-15.975832969339447],[-47.724642044159104,-15.97585042201787],[-47.72464643937594,-15.975867634038876],[-47.72465198803542,-15.975884530688642],[-47.7246586686231,-15.975901039986006],[-47.72466694039645,-15.975918189338342],[-47.72465334934537,-15.97597175968842],[-47.72465073551541,-15.975982060048269],[-47.724649967232445,-15.975986963159833],[-47.724647218808386,-15.976004492393724],[-47.724645662599684,-15.976022156447168],[-47.72464530230815,-15.976039883922834],[-47.724646142422245,-15.97605759257529],[-47.72464817639993,-15.976075212943266],[-47.72465139849811,-15.976092665620483],[-47.724651742039605,-15.976094524507669],[-47.72465323198841,-15.976100443972753],[-47.724686965525656,-15.976234429030475],[-47.72467717793411,-15.976239651449355],[-47.724661741691726,-15.976249208407545],[-47.7246469869152,-15.97625972402513],[-47.724632972711404,-15.976271150588452],[-47.72462305149129,-15.976280225816593],[-47.72459650596813,-15.97630571908375],[-47.724402475207114,-15.976412349252548],[-47.7243985161446,-15.976414524574835],[-47.72439761434321,-15.97641508332215],[-47.724382178072105,-15.97642464026426],[-47.72437980399659,-15.976426239151222],[-47.72425422522183,-15.976511591153656],[-47.724051900444636,-15.976594906926113],[-47.72404016833737,-15.976599737593542],[-47.72403444443896,-15.976602791474109],[-47.72401839711051,-15.976611351809948],[-47.72400296081555,-15.97662090963281],[-47.72400112885278,-15.976622139477096],[-47.723925645871994,-15.976673186473107],[-47.723916646714166,-15.976679272240958],[-47.723912722972834,-15.976682471303853],[-47.723898708681595,-15.976693896926898],[-47.723885497791,-15.976706184834635],[-47.723882842291715,-15.976708858442665],[-47.72370644836697,-15.976888890243703],[-47.723696750712946,-15.976899312847276],[-47.72368531062251,-15.97691316518602],[-47.723674830327305,-15.976927708033323],[-47.72366535763529,-15.976942886593461],[-47.72365693078729,-15.976958629031678],[-47.72364958626726,-15.976974871663927],[-47.72364335488491,-15.976991545459056],[-47.723638265521934,-15.977008576894415],[-47.72363433773737,-15.977025893468651],[-47.72363158922337,-15.977043422703971],[-47.72363003199779,-15.977061086775493],[-47.72362967256318,-15.977078814250302],[-47.72363051167447,-15.977096522930262],[-47.72363254652381,-15.977114143306721],[-47.723635768567924,-15.977131596008778],[-47.72364016376041,-15.977148808960614],[-47.72364571239284,-15.977165705642237],[-47.72268495167858,-15.977697992984169],[-47.722401007945216,-15.976757352282284]]]}},{"type":"Feature","properties":{"lote":"48","tipo":"Parcela","assentamento":"1º de Julho"},"geometry":{"type":"Polygon","coordinates":[[[-47.72268495167858,-15.977697992984169],[-47.72364571239284,-15.977165705642237],[-47.723652392938625,-15.977182213169359],[-47.72366017462189,-15.97719826509707],[-47.723669024750855,-15.977213791392002],[-47.72367890503275,-15.977228722091747],[-47.723689775430074,-15.977242996287707],[-47.72370158658262,-15.977256554092545],[-47.72394431940136,-15.977609227190532],[-47.723968833133696,-15.977635562867766],[-47.7239823722046,-15.977647511888833],[-47.72399669106428,-15.977658578566674],[-47.724011725575295,-15.977668714942517],[-47.72402741543188,-15.977677880234415],[-47.72404368910202,-15.977686031996344],[-47.7240604807768,-15.97769313674147],[-47.72407771813727,-15.977699162871838],[-47.72409532431936,-15.977704087878767],[-47.724113224301426,-15.977707887423959],[-47.72413134503886,-15.977710545272613],[-47.724149605183456,-15.9777120525205],[-47.72416792992141,-15.977712400180685],[-47.724186237093306,-15.977711588390987],[-47.72420445203205,-15.977709619000667],[-47.72422249272497,-15.977706502983809],[-47.72423310671329,-15.97770411057463],[-47.724447534773354,-15.977651507873157],[-47.72445311903216,-15.97765013745094],[-47.724454714537146,-15.977649647585146],[-47.72447218133422,-15.97764427908856],[-47.7244892468098,-15.977637818324162],[-47.724505840336626,-15.977630289669467],[-47.7245218895672,-15.977621728361836],[-47.72453732402109,-15.977612169615005],[-47.724552080795824,-15.977601656675214],[-47.724560506953345,-15.977594968498996],[-47.724810258381254,-15.977388767299168],[-47.724810089485885,-15.977396151048659],[-47.72481226961793,-15.977654478832573],[-47.72481312324565,-15.977673526709223],[-47.72481515819884,-15.977691146153628],[-47.72481812444592,-15.977707419813358],[-47.72486613741973,-15.97793079388661],[-47.72485548122664,-15.978027065966868],[-47.724818216291105,-15.978125976549757],[-47.724755962278564,-15.978291212910703],[-47.7247534450763,-15.978297893949794],[-47.724752735902605,-15.97830026743653],[-47.724747646623264,-15.978317298886914],[-47.724743718930796,-15.978334615468707],[-47.7247420089535,-15.978344577429361],[-47.72472727773259,-15.978441499957674],[-47.724646602070116,-15.978743127179838],[-47.724587689841535,-15.978845043275227],[-47.72457934969291,-15.978860636530001],[-47.72457200519641,-15.97887687828748],[-47.72456577386224,-15.978893552104031],[-47.72456362024238,-15.978900262855449],[-47.72452554946661,-15.979024485949152],[-47.72452326046775,-15.979031955272683],[-47.724522613768826,-15.979034805744591],[-47.72451868605253,-15.979052122326438],[-47.72451593761913,-15.979069651562497],[-47.724514380486205,-15.97908731562786],[-47.72451402115587,-15.979105043089659],[-47.72451462246813,-15.97911959276609],[-47.72453441134363,-15.97940549699475],[-47.724534649259496,-15.979408655978256],[-47.72453668424373,-15.97942627632686],[-47.72453990642228,-15.97944372809109],[-47.724544301784825,-15.979460941904287],[-47.72454985058549,-15.97947783853763],[-47.724556531309275,-15.979494346010036],[-47.72456431411302,-15.979510397864985],[-47.724571214298,-15.979522703717498],[-47.72460172781611,-15.97957390879429],[-47.72458893579611,-15.979580733598363],[-47.72457349934261,-15.979590292394104],[-47.7245628908205,-15.979597851800294],[-47.7245489548395,-15.97958708018615],[-47.72453391825659,-15.97957694209363],[-47.724518230124026,-15.979567779552147],[-47.72450195439629,-15.979559626974735],[-47.72448516255693,-15.97955252319486],[-47.72446792778522,-15.979546494380163],[-47.72445032146681,-15.979541572140038],[-47.72443241851343,-15.979537772685353],[-47.72441429944995,-15.979535113059013],[-47.72439603728437,-15.979533606786543],[-47.72437771424962,-15.979533259148049],[-47.72435940504945,-15.97953407100325],[-47.72435095000822,-15.979534840171441],[-47.72427575832814,-15.979542790768086],[-47.72426600013748,-15.979543991001538],[-47.72424795741858,-15.979547107070744],[-47.72423016535963,-15.979551358859988],[-47.72421269839546,-15.979556727362759],[-47.724195630899814,-15.979563189057501],[-47.72418248591275,-15.979569046500515],[-47.72410482848269,-15.979606029989116],[-47.724060646518296,-15.979614135809108],[-47.72405460207509,-15.979615311556172],[-47.72403681000359,-15.979619563330946],[-47.724019343026015,-15.979624931819691],[-47.72400227551617,-15.97963139350088],[-47.72398568179897,-15.97963892124098],[-47.723969634259,-15.979647482511988],[-47.72395963806342,-15.979653515903854],[-47.72390924480837,-15.97968536797829],[-47.72390487996658,-15.979688126471371],[-47.72390380450714,-15.97968889334193],[-47.723889049459565,-15.979699408949806],[-47.72387503497253,-15.979710833698306],[-47.723861823924665,-15.979723122535548],[-47.72385130084435,-15.979734167970172],[-47.72379686694513,-15.979794587926364],[-47.7237952388267,-15.979796394122584],[-47.72378359744062,-15.97981049018315],[-47.72332776879108,-15.979814959868657],[-47.723314230542776,-15.97980301261927],[-47.723299911528514,-15.979791945012709],[-47.723284874977075,-15.979781806825489],[-47.72326918686882,-15.97977264418654],[-47.7232529111581,-15.979764491509286],[-47.72323611932838,-15.97975738762765],[-47.723218884558946,-15.979751358709686],[-47.72320127823538,-15.979746436365254],[-47.72318337526944,-15.979742636805645],[-47.72316525618611,-15.979739977074232],[-47.72314699399342,-15.979738470696965],[-47.72313203855887,-15.97973818687185],[-47.7228768631314,-15.9783248237996],[-47.722895551560406,-15.978313268576922],[-47.72291283706145,-15.978300635573797],[-47.72293054713371,-15.978285363545197],[-47.72294447103165,-15.978271317201889],[-47.722960428242416,-15.978252359853256],[-47.72297099140072,-15.978237584763793],[-47.72298441113959,-15.978215123635547],[-47.72299175019861,-15.97820026474086],[-47.72300186668793,-15.978174631061314],[-47.723006237865256,-15.978160269468745],[-47.72301233683218,-15.978131943740069],[-47.723014101663296,-15.97811857793735],[-47.72301554730085,-15.978088181465454],[-47.72301514720244,-15.97807621048272],[-47.72301141467027,-15.978044492321096],[-47.7230093511656,-15.978034203337012],[-47.72300004592397,-15.97800202017204],[-47.72299685352267,-15.97799358524472],[-47.72298174092251,-15.977961880248031],[-47.72297796087292,-15.977955348518993],[-47.722956977936335,-15.97792512500637],[-47.722953134986064,-15.97792043022041],[-47.72292640768999,-15.977892718015747],[-47.72292298400954,-15.977889683367023],[-47.72288824545781,-15.977863861796235],[-47.722851180680244,-15.977844211242846],[-47.72280849710839,-15.977829382518786],[-47.722781605983606,-15.977819918233735],[-47.72275676515821,-15.977806176753178],[-47.72273469427603,-15.97778855719791],[-47.722716034203266,-15.977767570776734],[-47.72270132536263,-15.97774382660993],[-47.722690994383385,-15.977718011125223],[-47.72268495167858,-15.977697992984169]]]}},{"type":"Feature","properties":{"lote":"49","tipo":"Parcela","assentamento":"1º de Julho"},"geometry":{"type":"Polygon","coordinates":[[[-47.72172281682071,-15.976243451940688],[-47.72228419079416,-15.976821422901748],[-47.72256553502414,-15.97775345067498],[-47.722571187612196,-15.97778058713939],[-47.72257199898466,-15.977808257265096],[-47.722567946165576,-15.977835660230253],[-47.722559145354424,-15.97786199977255],[-47.7225458523173,-15.977886513085753],[-47.7225284523755,-15.97790848991309],[-47.722501398665926,-15.97794220918525],[-47.72248015552167,-15.977979620201658],[-47.72246525003924,-15.978019795054426],[-47.722464302488106,-15.978023252652115],[-47.72245705244584,-15.978061735567769],[-47.72245656394533,-15.978066481597624],[-47.72245576527577,-15.978104401433182],[-47.72245613895242,-15.978110351311532],[-47.72246142180848,-15.97814673280855],[-47.72246303997615,-15.978153712801172],[-47.722473880870226,-15.978187680188668],[-47.72247708450543,-15.978195428573736],[-47.72249283272779,-15.978226226006834],[-47.72249790574682,-15.978234404112124],[-47.72251780788052,-15.978261413425344],[-47.722524956761276,-15.978269617627411],[-47.72254818672493,-15.978292370598785],[-47.72255752856677,-15.978300146925074],[-47.722583213788994,-15.978318327654513],[-47.7225947662764,-15.978325189070723],[-47.72262202141178,-15.978338641681768],[-47.72263569470601,-15.978344089870774],[-47.722663644813856,-15.978352806475954],[-47.722679239967015,-15.978356352631012],[-47.72270705130479,-15.978360472038739],[-47.722724260504236,-15.978361654923958],[-47.72275116366972,-15.978361447894695],[-47.722769575247895,-15.978359859070464],[-47.722794887339,-15.978355709972634],[-47.72281399628645,-15.978351011726039],[-47.72283713745994,-15.97834340026264],[-47.722856358751066,-15.978335344405366],[-47.7228768631314,-15.9783248237996],[-47.72313203855887,-15.97973818687185],[-47.723110361683,-15.979738934706797],[-47.723092148392226,-15.979740903107505],[-47.72307410564604,-15.97974402088961],[-47.723056313529376,-15.979748272588065],[-47.72303884647731,-15.979753639196733],[-47.723021778937216,-15.979760102612538],[-47.72300518513643,-15.979767628478076],[-47.7226314334113,-15.97975651780564],[-47.722623651671086,-15.979740465846659],[-47.72261975312576,-15.979732424610262],[-47.722614801508776,-15.979724942225639],[-47.72260491926511,-15.979710010607395],[-47.72259995717308,-15.979702513001],[-47.722594050615804,-15.979695734538469],[-47.72258223939389,-15.979682179395116],[-47.72257631861539,-15.979675384854923],[-47.72256953675375,-15.979669399622797],[-47.722555997608154,-15.979657451425734],[-47.722549211031335,-15.979651462639806],[-47.722541678638976,-15.979646383760395],[-47.72252664212912,-15.97963624551231],[-47.7225191059794,-15.97963116487318],[-47.7225109540465,-15.979627081907704],[-47.72249467839424,-15.97961893097231],[-47.722486517999634,-15.979614843597062],[-47.722477886570104,-15.979611825219207],[-47.72246065183876,-15.979605797137866],[-47.722452029781465,-15.979602781349692],[-47.7224430455368,-15.979600874726339],[-47.72242514258818,-15.979597075099223],[-47.72241615834385,-15.979595168474653],[-47.72240702351771,-15.97959441530019],[-47.72238876134565,-15.97959290975849],[-47.72237959941144,-15.979592154216588],[-47.72237043826832,-15.979592561045985],[-47.722352129038526,-15.979593373635119],[-47.72234294175717,-15.979593780794328],[-47.72233391573042,-15.979595341067615],[-47.7223158729746,-15.979598458785826],[-47.72230683669098,-15.979600020091063],[-47.722298080843856,-15.979602710421977],[-47.722280613773336,-15.979608076970203],[-47.72227186721145,-15.97961076356989],[-47.72226354619823,-15.979614539424652],[-47.72224695240712,-15.979622067943271],[-47.722238636023654,-15.979625841029065],[-47.722230904760515,-15.979630628192597],[-47.722215469084574,-15.97964018592192],[-47.72220773041335,-15.979644977694445],[-47.722200711132054,-15.979650701462415],[-47.722186698425105,-15.979662127897496],[-47.72217967082662,-15.979667858092466],[-47.72217348723504,-15.97967441484038],[-47.72216113476671,-15.979687511892438],[-47.72215494194892,-15.979694076885343],[-47.72214969439326,-15.979701361478165],[-47.722139213911376,-15.979715907899026],[-47.722133971833465,-15.979723183390535],[-47.72212974190464,-15.97973108460847],[-47.72212131391209,-15.979746827031411],[-47.7221170948911,-15.979754706434983],[-47.72211396921907,-15.979763071448499],[-47.72210467501663,-15.979787938744288],[-47.722102648123126,-15.97979677665461],[-47.72209896370986,-15.979812839249512],[-47.72208582989302,-15.979879628910066],[-47.72132076934629,-15.979789306434157],[-47.72172281682071,-15.976243451940688]]]}},{"type":"Feature","properties":{"lote":"50","tipo":"Parcela","assentamento":"1º de Julho"},"geometry":{"type":"Polygon","coordinates":[[[-47.72132076934629,-15.979789306434157],[-47.72055358812937,-15.979698731593269],[-47.72055426645444,-15.979691035203617],[-47.720554549392695,-15.979684134093532],[-47.72055960643881,-15.97950209977347],[-47.72057840514486,-15.979388421591125],[-47.72057997968657,-15.97937747327678],[-47.720581537143765,-15.979359807380353],[-47.72058189686775,-15.979342083483713],[-47.720581057932165,-15.979324371142841],[-47.72057902331559,-15.979306752508686],[-47.720575801451,-15.979289298825108],[-47.720571406470064,-15.979272088489187],[-47.720565857062,-15.979255191711795],[-47.72055917755362,-15.979238681341965],[-47.72055139599345,-15.9792226292784],[-47.72054254600655,-15.97920710554295],[-47.72053266390853,-15.979192171994836],[-47.72052179544762,-15.97917789759927],[-47.720509985316376,-15.979164342303136],[-47.72049728189246,-15.979151562393977],[-47.72048374286402,-15.979139612235187],[-47.720469424052176,-15.979128546213774],[-47.720454387653724,-15.979118406894912],[-47.720438699684905,-15.979109243117572],[-47.72042242413613,-15.979101092005209],[-47.720405632404734,-15.979093986071671],[-47.72038839775502,-15.97908795780719],[-47.72037079151099,-15.979083034307598],[-47.72066453404205,-15.977527368564578],[-47.72075437171128,-15.977051584720575],[-47.720797029184034,-15.97704848444608],[-47.72080006225001,-15.977048044154053],[-47.72084199197517,-15.977038835891344],[-47.7208447147841,-15.977038029223957],[-47.720884981271304,-15.977022853062577],[-47.72088735378755,-15.977021757296322],[-47.72092505139585,-15.977000889327773],[-47.72092704858077,-15.976999586065206],[-47.72096131819959,-15.9769734291399],[-47.720962932714215,-15.97697199705008],[-47.72099298130574,-15.976941076014015],[-47.72099422168048,-15.976939593565147],[-47.72101934454906,-15.976904545042949],[-47.72104039926795,-15.9768632646298],[-47.72105397148962,-15.976822241477544],[-47.72106147362265,-15.976778284867883],[-47.7210621108391,-15.97673289148138],[-47.721056028797534,-15.976689582750186],[-47.7210432025929,-15.976646792887136],[-47.72102396919854,-15.976606311326833],[-47.720998751512816,-15.97656903227543],[-47.72006134083818,-15.975446340069563],[-47.71996865720702,-15.974985732561686],[-47.72172281682071,-15.976243451940688],[-47.72132076934629,-15.979789306434157]]]}},{"type":"Feature","properties":{"lote":"51","tipo":"Parcela","assentamento":"1º de Julho"},"geometry":{"type":"Polygon","coordinates":[[[-47.71781278506956,-15.97695018183702],[-47.719658902092284,-15.975876788872903],[-47.71966801632791,-15.975892816920453],[-47.719677896261814,-15.975907747862076],[-47.719687464572445,-15.975920414875844],[-47.72001602980184,-15.976329911386543],[-47.72002294244062,-15.976338540467856],[-47.7200278406639,-15.976343468538213],[-47.72004054292196,-15.976356248522048],[-47.72004275835894,-15.976358313149271],[-47.720180356658915,-15.9764851635764],[-47.720288106627955,-15.976650282327746],[-47.72029235496853,-15.976656792842356],[-47.72030499023035,-15.976673385042725],[-47.720500395260736,-15.976926164824905],[-47.72051025522375,-15.976938919317078],[-47.72052715797966,-15.976957910521817],[-47.72054160856062,-15.976971553453879],[-47.72055816717535,-15.976985807352255],[-47.720577611243385,-15.976999337425267],[-47.72059283779063,-15.97700932803878],[-47.72061746978327,-15.977021658079874],[-47.72063051399983,-15.97702802838846],[-47.72066030551197,-15.977038024369817],[-47.720670484254654,-15.977041555231176],[-47.72070517334941,-15.977048074338827],[-47.7207119944387,-15.977049652575484],[-47.72075437171128,-15.977051584720575],[-47.72066453404205,-15.977527368564578],[-47.718591054080896,-15.97808387982078],[-47.71858548192301,-15.978078757929692],[-47.71855007667093,-15.97805186381505],[-47.71851067487989,-15.978030805055221],[-47.71846829409037,-15.97801612423485],[-47.71842402993813,-15.97800820128389],[-47.7183959169408,-15.978003034723168],[-47.7183691178787,-15.977993328449882],[-47.71834440962672,-15.977979364367387],[-47.71832250909574,-15.977961547066103],[-47.71830405162798,-15.977940394161594],[-47.718289571137255,-15.97791651757892],[-47.718253336382915,-15.97784307887266],[-47.71781278506956,-15.97695018183702]]]}},{"type":"Feature","properties":{"lote":"52","tipo":"Parcela","assentamento":"1º de Julho"},"geometry":{"type":"Polygon","coordinates":[[[-47.718591054080896,-15.97808387982078],[-47.72066453404205,-15.977527368564578],[-47.72037079151099,-15.979083034307598],[-47.72035288862069,-15.979079234494296],[-47.72034391188583,-15.979077328584827],[-47.72033476960874,-15.979076575411783],[-47.720316507470734,-15.979075069684075],[-47.72030735583429,-15.979074314821917],[-47.720298184427314,-15.979074721689827],[-47.7202798751945,-15.979075533193246],[-47.720270695373536,-15.979075939263272],[-47.720261661883086,-15.97907750044589],[-47.720243619099236,-15.979080617084847],[-47.720234582795484,-15.979082177398809],[-47.72022582694026,-15.979084868549144],[-47.720208359841386,-15.979090235833633],[-47.72019960954965,-15.979092924203078],[-47.72019129221359,-15.97909669812713],[-47.720174698357845,-15.979104226491305],[-47.7201663828633,-15.979107998584867],[-47.72015865063503,-15.979112786593367],[-47.72014321393802,-15.979122344195028],[-47.72013549002457,-15.979127125775452],[-47.72012845683272,-15.979132860495648],[-47.72011444399234,-15.979144285002608],[-47.720107427406845,-15.97915000506141],[-47.72010123270765,-15.979156573638894],[-47.720088880110715,-15.97916967058828],[-47.720082689992346,-15.979176232785218],[-47.72007743959972,-15.97918352008174],[-47.720066958947434,-15.979198064615094],[-47.72006171677207,-15.979205338259812],[-47.72005748587787,-15.97921324307208],[-47.72004905865796,-15.979228985424331],[-47.72004483775053,-15.979236869337145],[-47.72004171378545,-15.979245228891225],[-47.720035482047145,-15.979261902635855],[-47.72003236256579,-15.979270248585582],[-47.72003039233854,-15.979278934038849],[-47.72002646420793,-15.979296249695903],[-47.72002528995816,-15.979302831523455],[-47.720003572851724,-15.979434158498737],[-47.72000226694467,-15.979442051592935],[-47.720000440733074,-15.979462770004782],[-47.72000015782356,-15.979469674729225],[-47.719996386124514,-15.979605388971864],[-47.71997176928076,-15.979649792427102],[-47.71996735793661,-15.97965774829355],[-47.7199657977787,-15.979661200090046],[-47.71995845288895,-15.979677443557003],[-47.71995222114809,-15.97969411820478],[-47.7199513867618,-15.97969635056701],[-47.71994940605754,-15.979703018464333],[-47.71991318894544,-15.979824938097844],[-47.71985909730077,-15.979921062552723],[-47.71985229809231,-15.979933954664626],[-47.719844953174224,-15.979950197227284],[-47.71984142122592,-15.979958007394126],[-47.71983872140646,-15.979966870971154],[-47.71983436234724,-15.979981180900879],[-47.71978307312607,-15.980168366642605],[-47.71977952655227,-15.980181310630252],[-47.71977841428062,-15.9801884028698],[-47.71977566543667,-15.980205933013087],[-47.71977432624212,-15.980214472297353],[-47.719774107888995,-15.980223597108388],[-47.719773729531454,-15.980239394780371],[-47.71977628184559,-15.980653851208546],[-47.71974390955328,-15.98077260715648],[-47.719674659514006,-15.98093571213596],[-47.71967359947147,-15.980938242690574],[-47.719669415889015,-15.980948061630054],[-47.71966736767159,-15.980954916435046],[-47.7196622779112,-15.98097194783842],[-47.719659725855706,-15.980980485307022],[-47.71965834975099,-15.980989264399387],[-47.7196556008847,-15.981006793640267],[-47.71965499284949,-15.981012233016083],[-47.71963625845646,-15.981197279128835],[-47.71952386275342,-15.98117953302205],[-47.719515197559645,-15.981178164149878],[-47.71951166997481,-15.981177873699579],[-47.719493407613335,-15.981176366124693],[-47.71948976787422,-15.981176205343466],[-47.7194631091622,-15.981175189640863],[-47.71862275114487,-15.978435888487018],[-47.71864601166094,-15.97839860577544],[-47.71866279615162,-15.978358199586928],[-47.71867267244296,-15.978315714037347],[-47.71867538554876,-15.97827224699818],[-47.718670863814,-15.978228921117154],[-47.718659225058275,-15.978186854839086],[-47.7186407696868,-15.978147136301006],[-47.71861597558332,-15.978110790882846],[-47.718591054080896,-15.97808387982078]]]}},{"type":"Feature","properties":{"lote":"53","tipo":"Parcela","assentamento":"1º de Julho"},"geometry":{"type":"Polygon","coordinates":[[[-47.7194631091622,-15.981175189640863],[-47.719370482791504,-15.981171660384902],[-47.719337489856436,-15.981172285479035],[-47.719319276348074,-15.981174253585278],[-47.7193044430471,-15.981176729866593],[-47.718993598371824,-15.98123697104937],[-47.71855385917922,-15.981302841160641],[-47.71851322789968,-15.981308926678796],[-47.71814143016684,-15.981344725406649],[-47.71757382216082,-15.981305534653824],[-47.717485921447846,-15.981287184264351],[-47.71723642783321,-15.981235097217425],[-47.717174789673166,-15.981222228459579],[-47.71716867464086,-15.981220951894532],[-47.71716674933195,-15.981220669150956],[-47.717148629174154,-15.981218008932172],[-47.717139113829774,-15.981217224223569],[-47.71698436370278,-15.98117760252823],[-47.71843618720037,-15.978545745050956],[-47.71847986746604,-15.978536012893034],[-47.71852138374262,-15.978519664340872],[-47.718559672665705,-15.978497119270253],[-47.71859375233049,-15.978468952776492],[-47.71862275114487,-15.978435888487018],[-47.7194631091622,-15.981175189640863]]]}},{"type":"Feature","properties":{"lote":"54","tipo":"Parcela","assentamento":"1º de Julho"},"geometry":{"type":"Polygon","coordinates":[[[-47.71698436370278,-15.98117760252823],[-47.716175821692964,-15.980970584878692],[-47.716036974961405,-15.980955991708786],[-47.71554825844491,-15.980842766006164],[-47.715496378915695,-15.980817500203784],[-47.715121320483966,-15.98027652323413],[-47.718187468259586,-15.978459245143917],[-47.71821577424232,-15.978485601363811],[-47.71824761487688,-15.97850786757275],[-47.71828236333584,-15.97852560371999],[-47.71831933522511,-15.97853846260685],[-47.718357804453696,-15.97854618968606],[-47.71839701176954,-15.978548632888906],[-47.71843618720037,-15.978545745050956],[-47.71698436370278,-15.98117760252823]]]}},{"type":"Feature","properties":{"lote":"55","tipo":"Parcela","assentamento":"1º de Julho"},"geometry":{"type":"Polygon","coordinates":[[[-47.715121320483966,-15.98027652323413],[-47.715080134891366,-15.98021711856182],[-47.71452770681201,-15.979450193521313],[-47.714699241890564,-15.979021890877572],[-47.71503558327083,-15.978711721613978],[-47.71814722623912,-15.977921543315766],[-47.7181716172768,-15.977970978185752],[-47.718181699670446,-15.977996884719293],[-47.71818709187537,-15.978024070735904],[-47.718187638511274,-15.97805174701994],[-47.71818332222038,-15.978079112675555],[-47.71817426856707,-15.978105372225109],[-47.718160739893975,-15.978129764588365],[-47.71814101437318,-15.978164302074632],[-47.71812668331921,-15.978201245156033],[-47.718118050794146,-15.978239810549827],[-47.718115301794455,-15.978279178544701],[-47.7181184932327,-15.978318516597353],[-47.71812755685986,-15.978356988327297],[-47.71814230147339,-15.978393778777848],[-47.7181624140213,-15.978428107046845],[-47.718187468259586,-15.978459245143917],[-47.715121320483966,-15.98027652323413]]]}},{"type":"Feature","properties":{"lote":"56","tipo":"Parcela","assentamento":"1º de Julho"},"geometry":{"type":"Polygon","coordinates":[[[-47.71503558327083,-15.978711721613978],[-47.714758834674214,-15.977322199348373],[-47.717661342574964,-15.9769367646185],[-47.71814722623912,-15.977921543315766],[-47.71503558327083,-15.978711721613978]]]}},{"type":"Feature","properties":{"lote":"57","tipo":"Parcela","assentamento":"1º de Julho"},"geometry":{"type":"Polygon","coordinates":[[[-47.714758834674214,-15.977322199348373],[-47.714576379925646,-15.97640609872115],[-47.71388152643011,-15.975419687749858],[-47.713773815117634,-15.975266780808568],[-47.71376423554008,-15.97525318153598],[-47.71378105691737,-15.97511616589211],[-47.71402728567535,-15.974970046598884],[-47.71403587366149,-15.974964949963153],[-47.714039459861546,-15.97496239477262],[-47.71405421708454,-15.974951878884955],[-47.714061602162815,-15.974946615891731],[-47.71406823006975,-15.974940453858448],[-47.71408144345372,-15.974928168260401],[-47.71408347463512,-15.974926129442794],[-47.71418564067749,-15.974822538908716],[-47.71557489669537,-15.976293991346722],[-47.71724679087613,-15.976096550767641],[-47.717661342574964,-15.9769367646185],[-47.714758834674214,-15.977322199348373]]]}},{"type":"Feature","properties":{"lote":"58","tipo":"Parcela","assentamento":"1º de Julho"},"geometry":{"type":"Polygon","coordinates":[[[-47.71781278506956,-15.97695018183702],[-47.71738645165576,-15.976086089198589],[-47.71805679788251,-15.973918988910984],[-47.718120404029,-15.97379279816149],[-47.718157284335966,-15.973856112404608],[-47.71816058544286,-15.97386162610746],[-47.71816505210257,-15.97386944894649],[-47.7181704651514,-15.973876557153742],[-47.71818133499506,-15.973890832624232],[-47.718183682718106,-15.97389391619286],[-47.71818983264719,-15.973900765809427],[-47.718242591458576,-15.973959528741423],[-47.71824416376503,-15.973965685678188],[-47.71824855838763,-15.973982897924135],[-47.71825076163556,-15.973991528809288],[-47.71825410645829,-15.973999794833261],[-47.71826078646504,-15.974016304423428],[-47.71826413421112,-15.97402457944191],[-47.71826856758551,-15.97403235663643],[-47.718277417142566,-15.974047882340749],[-47.718279124133694,-15.974050877367041],[-47.71828397190872,-15.97405802251992],[-47.71834447912708,-15.9741472057394],[-47.718347804067434,-15.974151994790688],[-47.718352980128905,-15.974159735499377],[-47.718358673952544,-15.974166271150644],[-47.71837048455436,-15.974179827529875],[-47.71837640123446,-15.974186618671336],[-47.71838318656373,-15.974192607651513],[-47.71839672509495,-15.97420455711557],[-47.71840350287221,-15.97421053986818],[-47.718411043431956,-15.974215624254715],[-47.71842607745182,-15.974225762011113],[-47.718697917389896,-15.974395979749598],[-47.718777655666585,-15.974503041866788],[-47.718782715328494,-15.974509835700037],[-47.71879675271056,-15.974525949683365],[-47.71880266752389,-15.974532739026662],[-47.71880945476838,-15.974538729771847],[-47.718822993335024,-15.974550678298138],[-47.718829034149934,-15.974555529642165],[-47.71894636525568,-15.97464709840713],[-47.71907356709333,-15.974865272036457],[-47.71907681473708,-15.974870695174298],[-47.71908669456873,-15.974885626158954],[-47.71909955774166,-15.974902519047134],[-47.719105111455626,-15.974908770137276],[-47.71916369564556,-15.974974708879634],[-47.71916795942522,-15.974979396627491],[-47.719173963098235,-15.974986265215472],[-47.71918066154864,-15.97499217758846],[-47.71919420018069,-15.975004126985771],[-47.71920851861708,-15.975015194055384],[-47.719210466353516,-15.975016588312162],[-47.71929865365558,-15.975079154133432],[-47.7193723938494,-15.975204243269976],[-47.71937498880927,-15.97520855471968],[-47.71937984994919,-15.975216890954773],[-47.71938487054854,-15.975223485660589],[-47.71939573867782,-15.975237760163987],[-47.7194011708456,-15.975244895181456],[-47.71940755033635,-15.975251315549585],[-47.71942025158365,-15.975264098308921],[-47.71942660551779,-15.975270492807455],[-47.71943379023624,-15.975276046782799],[-47.71944810871723,-15.975287114734154],[-47.71945527361409,-15.975292652702139],[-47.71946314377556,-15.975297250578695],[-47.71947883233098,-15.975306415374385],[-47.719486180658905,-15.975310258473979],[-47.71948924615392,-15.975311804775627],[-47.71948470970235,-15.975324316910584],[-47.71948262071638,-15.97533029524331],[-47.719479475662645,-15.975338751692512],[-47.71947753100316,-15.975347326630539],[-47.71947360285621,-15.975364643181564],[-47.71947305034287,-15.975367076093338],[-47.719471968918334,-15.975374102912888],[-47.7194685871617,-15.975396063898183],[-47.719467642987965,-15.975402193033752],[-47.71946747221241,-15.975404133404082],[-47.71946591461682,-15.975421798405586],[-47.71946513416562,-15.975430646732764],[-47.71946555476826,-15.975439524126253],[-47.71946639350891,-15.975457234688857],[-47.71946681408745,-15.97546611027627],[-47.71946842794703,-15.975474854263302],[-47.71947164957774,-15.975492306187322],[-47.719474831380374,-15.975505221973775],[-47.71947785610768,-15.9755174993965],[-47.71947884079313,-15.975519894804362],[-47.71948005379372,-15.975524193021101],[-47.719485602026644,-15.975541089873643],[-47.71948835375821,-15.975549470844891],[-47.719492282176006,-15.975557597593745],[-47.719499799004815,-15.975573148206195],[-47.71965888541164,-15.975876798115618],[-47.71781278506956,-15.97695018183702]]]}},{"type":"Feature","properties":{"lote":"59","tipo":"Parcela","assentamento":"1º de Julho"},"geometry":{"type":"Polygon","coordinates":[[[-47.71793464463464,-15.973872854171118],[-47.71724679087613,-15.976096550767641],[-47.71557489669537,-15.976293991346722],[-47.71418564067749,-15.974822538908716],[-47.714321724081614,-15.974684559876996],[-47.714416995894275,-15.974619732126335],[-47.714425592365686,-15.97461388212176],[-47.714429244756175,-15.974610905210291],[-47.71444325864112,-15.97459948105721],[-47.71445647560367,-15.97458718726841],[-47.71449897695737,-15.974544981817017],[-47.71457753721926,-15.97457302367284],[-47.71458502746019,-15.974575697358805],[-47.71458793364478,-15.974576510562708],[-47.714605539448954,-15.974581437330398],[-47.71462344002806,-15.97458523772671],[-47.714641560459725,-15.97458789463387],[-47.71465982133691,-15.974589404538351],[-47.71467814496116,-15.974589752163867],[-47.714679162880984,-15.97458977092516],[-47.71468360139232,-15.974589631802486],[-47.71472126894637,-15.974588446398172],[-47.714860544870064,-15.97463013184945],[-47.71487009253183,-15.974632989087546],[-47.714874375269225,-15.974633898709094],[-47.71489227585454,-15.974637699081457],[-47.71490647140821,-15.974639881673022],[-47.7149729141221,-15.974648414198105],[-47.71500640565269,-15.974714850810688],[-47.715008588691646,-15.974719086242372],[-47.71501743807028,-15.974734613017482],[-47.71502731947764,-15.97474954331018],[-47.71503818731485,-15.974763818989564],[-47.71505052353414,-15.974777938846207],[-47.715088765838104,-15.9748187980125],[-47.715096682377066,-15.97482725565705],[-47.71511448037997,-15.97484296568446],[-47.71512879675677,-15.974854033086363],[-47.71514383255691,-15.97486417016364],[-47.71515952187614,-15.974873336202176],[-47.71517580162274,-15.974881491355495],[-47.715274458355,-15.974927014853472],[-47.7153163807406,-15.974975593913914],[-47.715323241726445,-15.974983249307956],[-47.71533594363105,-15.974996029631138],[-47.715349482062706,-15.975007978403134],[-47.71536380034225,-15.975019046664848],[-47.715378834286106,-15.975029182842352],[-47.715590157322715,-15.975161812802739],[-47.715661077061526,-15.975241123744658],[-47.715664755874165,-15.975245156029082],[-47.71567745781646,-15.975257936325853],[-47.715690996309455,-15.975269886876255],[-47.71570531460072,-15.97528095330311],[-47.71571425853545,-15.975287153550916],[-47.71584764322377,-15.975375838070637],[-47.715866242663175,-15.975424150677622],[-47.71587137306356,-15.975436536161794],[-47.71587915409343,-15.975452589383554],[-47.71588742497753,-15.97546716695079],[-47.71597255243054,-15.975606885154868],[-47.71602649483139,-15.975733281572762],[-47.716035822299546,-15.975752884603155],[-47.716054551493876,-15.975783342466384],[-47.71606542225178,-15.975797617134228],[-47.71607723192473,-15.97581117546469],[-47.71608993486444,-15.975823955715098],[-47.716103473396984,-15.975835904423187],[-47.716117790842794,-15.975846972630114],[-47.716132824884795,-15.975857108738683],[-47.71614851432219,-15.975866274685231],[-47.71616478761267,-15.975874427117741],[-47.716181578948856,-15.975881532546655],[-47.71619881507988,-15.975887559382883],[-47.7162164210097,-15.975892485091071],[-47.71623432171795,-15.975896285329915],[-47.716252442281714,-15.975898942982292],[-47.71627070232345,-15.97590045183812],[-47.71628902700554,-15.975900801101464],[-47.71630733414444,-15.975899989101004],[-47.71632554909758,-15.975898019489199],[-47.71634358987646,-15.975894905043125],[-47.71636138376649,-15.975890653906829],[-47.71637885073149,-15.975885285154998],[-47.71639591643377,-15.9758788250157],[-47.71641251024521,-15.975871297863895],[-47.71642855979268,-15.975862737128296],[-47.71644399459444,-15.975853178020085],[-47.71645875177077,-15.97584266558937],[-47.71647276650186,-15.97583123949173],[-47.71648597788479,-15.975818952880866],[-47.71649833058098,-15.975805856130686],[-47.71650977117985,-15.975792004106586],[-47.716520250114506,-15.975777459754019],[-47.71652972526161,-15.975762284117986],[-47.716538152643054,-15.975746539170139],[-47.71654549774973,-15.975730296697378],[-47.71655172787856,-15.975713623947925],[-47.71655681972232,-15.97569659256715],[-47.71656074811901,-15.975679275127002],[-47.71656349541108,-15.975661746814154],[-47.716565055118444,-15.975644080867658],[-47.716565415245405,-15.975626356918522],[-47.71656457673099,-15.975608644499317],[-47.71656254255183,-15.975591025761364],[-47.71655932113916,-15.975573571948939],[-47.71655492661037,-15.975556360556691],[-47.71654937674374,-15.97553946361394],[-47.716544245106164,-15.975526505554766],[-47.71651668423928,-15.975461928055461],[-47.71652222122406,-15.97546203332348],[-47.71654054583856,-15.975462380765459],[-47.716558852957625,-15.975461570555895],[-47.716577067877935,-15.975459601832247],[-47.716595108599,-15.975456486468604],[-47.71661290244297,-15.975452235318148],[-47.71663036934951,-15.975446865649566],[-47.71664743500549,-15.975440405497073],[-47.71666402878302,-15.975432879235639],[-47.71668007827255,-15.975424317584986],[-47.716695513029116,-15.97541475846542],[-47.71671027014883,-15.975404245121029],[-47.71672428484865,-15.975392819916536],[-47.71673749618927,-15.975380533296589],[-47.71674984884443,-15.97536743653818],[-47.7167612894038,-15.975353584506724],[-47.7167717683006,-15.975339040147713],[-47.716781243399495,-15.975323863603156],[-47.71678967075907,-15.975308119553786],[-47.71679701582163,-15.97529187617444],[-47.71680324594521,-15.975275205228463],[-47.716808337761705,-15.97525817384612],[-47.716812266109244,-15.975240854599392],[-47.716815015258334,-15.975223327166443],[-47.71681657307929,-15.975205661245038],[-47.71681693317742,-15.975187936395358],[-47.716816094673604,-15.975170225785687],[-47.716814060471386,-15.975152606149184],[-47.7168108390508,-15.975135152342194],[-47.71680644451715,-15.97511794095632],[-47.71680089464864,-15.975101044020867],[-47.71679421655828,-15.975084533447179],[-47.71678643549209,-15.975068481170231],[-47.71677758600645,-15.97505295720093],[-47.71676770442717,-15.9750380243025],[-47.71675683650008,-15.975023751441332],[-47.716745025909034,-15.975010193159077],[-47.71673232392755,-15.974997412933272],[-47.71671878541672,-15.974985463358017],[-47.71670446709236,-15.974974396100826],[-47.71668943121019,-15.974964258243332],[-47.71667374371104,-15.974955093207976],[-47.71665746861996,-15.97494694082868],[-47.71664067735666,-15.974939835426927],[-47.716623443159,-15.974933807688586],[-47.71660583732477,-15.974928882904932],[-47.71658793483685,-15.97492508270808],[-47.71656075064302,-15.974921529819976],[-47.71641403529226,-15.974909393891263],[-47.7164171343474,-15.974906511547173],[-47.716430345658466,-15.974894223141646],[-47.71644269831194,-15.974881126401902],[-47.71645413888522,-15.974867275290284],[-47.71646461777501,-15.974852730043137],[-47.71647409289466,-15.974837554414504],[-47.716482520266204,-15.974821810375989],[-47.716489865344066,-15.974805567005415],[-47.716496095473985,-15.97478889516305],[-47.71650118731222,-15.974771863785206],[-47.71650511663026,-15.974754545431992],[-47.716507864885855,-15.974737018913975],[-47.71650942273748,-15.974719352990475],[-47.71650978285681,-15.974701627233534],[-47.716508944389,-15.974683916617455],[-47.71650691023738,-15.974666297875428],[-47.71650368977878,-15.974648843142997],[-47.716499294354435,-15.974631631756203],[-47.716493744530624,-15.974614734806066],[-47.716487066486685,-15.974598224215768],[-47.716479285468445,-15.974582171920328],[-47.716470436032075,-15.97456664793076],[-47.71646055451533,-15.974551715913382],[-47.716449686627314,-15.974537442125637],[-47.716437876088214,-15.974523883818328],[-47.716434749433034,-15.974520294354011],[-47.71643278419565,-15.974503284382951],[-47.71642956469393,-15.974485830538983],[-47.71642517021503,-15.974468619137143],[-47.716419620391726,-15.974451721280175],[-47.716412942361124,-15.974435210685563],[-47.716405161356825,-15.97441915838532],[-47.716396311934936,-15.974403634390521],[-47.71638643043316,-15.97438870236743],[-47.716375563481805,-15.97437442765875],[-47.716363752037125,-15.974360870259739],[-47.71635105012403,-15.974348090000595],[-47.71633751169421,-15.974336141293406],[-47.71632319342664,-15.974325073096765],[-47.716308157601105,-15.974314934298532],[-47.716292471128156,-15.974305771018548],[-47.71627619515903,-15.97429761770816],[-47.71625940397451,-15.974290513168764],[-47.716242169817775,-15.974284483583071],[-47.71622456407161,-15.974279560563696],[-47.71620666164551,-15.974275760324803],[-47.71618854306202,-15.974273099912818],[-47.71617028132706,-15.974271592856459],[-47.71615195960514,-15.974271244427564],[-47.71614092304989,-15.974271034293444],[-47.71793464463464,-15.973872854171118]]]}},{"type":"Feature","properties":{"lote":"RL","tipo":"Reserva Legal","assentamento":"1º de Julho"},"geometry":{"type":"Polygon","coordinates":[[[-47.73496171240308,-15.970354322880729],[-47.73477720830828,-15.970261950359625],[-47.73462372973581,-15.970077335024046],[-47.73431655743571,-15.969929465920112],[-47.7340695327757,-15.969864825214756],[-47.73366116109379,-15.969947530519736],[-47.73350053374913,-15.969974163215403],[-47.733163336422095,-15.970101400470208],[-47.733054781065626,-15.970230859482495],[-47.73163065368094,-15.97007845929334],[-47.73166148112801,-15.96995714739791],[-47.73174764853057,-15.969780283424216],[-47.73200940618978,-15.969636019956377],[-47.732171111157136,-15.969632922943894],[-47.732411443433975,-15.969628320365846],[-47.73272299703121,-15.969430150357574],[-47.73277215714374,-15.96914393404996],[-47.73277800457959,-15.969078412778199],[-47.73507970409813,-15.969554346136592],[-47.73496171240308,-15.970354322880729]]]}},{"type":"Feature","properties":{"lote":"AC","tipo":"Área Comunitária","assentamento":"1º de Julho"},"geometry":{"type":"Polygon","coordinates":[[[-47.727649485584436,-15.956109673679453],[-47.72766475060272,-15.956045588229852],[-47.72775761689138,-15.955667707593213],[-47.72777335367481,-15.955592064626634],[-47.72783458714904,-15.955297727900009],[-47.72786051798707,-15.955198281881406],[-47.72794901401993,-15.954858890099366],[-47.728023233223006,-15.954776287743332],[-47.72807978121229,-15.954746074561273],[-47.728155525077845,-15.954749408387698],[-47.728224099265006,-15.954783348429444],[-47.72892780416582,-15.955654380544802],[-47.72993987356195,-15.956304707022046],[-47.730948291696954,-15.956557168293394],[-47.73031121922026,-15.957802371976207],[-47.72957506428729,-15.957512938644282],[-47.72977005005106,-15.957099043935376],[-47.72908960337273,-15.956782406623974],[-47.72785179298667,-15.956204063591164],[-47.727649485584436,-15.956109673679453]]]}},{"type":"Feature","properties":{"lote":"RL","tipo":"Reserva Legal","assentamento":"1º de Julho"},"geometry":{"type":"Polygon","coordinates":[[[-47.72484157571612,-15.958366484984776],[-47.72486316999544,-15.958295613420669],[-47.72497952067674,-15.958075833117855],[-47.72518438002428,-15.957806120333997],[-47.72539174132973,-15.957560602408018],[-47.72553146840586,-15.957449526947835],[-47.72553933479936,-15.957445062317795],[-47.725960933926686,-15.957205814113259],[-47.72596242909358,-15.957204957939407],[-47.72597786205571,-15.957195399327134],[-47.72599261741748,-15.957184886515215],[-47.726006630379125,-15.95717346006394],[-47.72601238134316,-15.95716830689835],[-47.7261452217563,-15.95704590496977],[-47.72615079464329,-15.957040769410648],[-47.726152680437124,-15.957038770293693],[-47.72616503146069,-15.957025673244196],[-47.726176470478734,-15.957011822759094],[-47.72618694785812,-15.956997276366868],[-47.72619622905747,-15.956982431723606],[-47.72624392105371,-15.956900312957393],[-47.72625234709013,-15.956884569650791],[-47.72625969089624,-15.956868325243363],[-47.72626591986003,-15.956851653305025],[-47.726271010630086,-15.956834621869382],[-47.72627493802487,-15.956817301702694],[-47.726311277447664,-15.95662744661196],[-47.7264052831288,-15.956481550034487],[-47.72641019315403,-15.956473929213521],[-47.726411968682676,-15.956470611959936],[-47.72642039466801,-15.956454866844998],[-47.7264277384619,-15.956438623338823],[-47.72643396741579,-15.956421952302286],[-47.72643902975185,-15.956405028703124],[-47.72646211938505,-15.956317222660862],[-47.72648221227622,-15.956289985053061],[-47.726638673063114,-15.956131274368186],[-47.72664596477212,-15.956123877167851],[-47.72664896733594,-15.956120241809147],[-47.72666040625085,-15.956106389504415],[-47.72667088357949,-15.956091844906343],[-47.726680357192855,-15.956076668157898],[-47.72668878315629,-15.956060923940784],[-47.72669444722035,-15.956048663011147],[-47.726753463507016,-15.955911898037561],[-47.72676137211869,-15.955891244416787],[-47.72676555790156,-15.955877568880226],[-47.72681594646319,-15.955695425921625],[-47.72689186095852,-15.955512328309513],[-47.72689828417816,-15.955495185158727],[-47.726903374876954,-15.955478153719868],[-47.726907300366,-15.955460835381967],[-47.72691004862924,-15.955443307969864],[-47.726911607552886,-15.955425642084302],[-47.726911967012086,-15.95540791733247],[-47.72691171907401,-15.95539953002231],[-47.726904007518655,-15.95523035013224],[-47.72691422694334,-15.955081069354557],[-47.726914455651034,-15.95507734359007],[-47.726914815114455,-15.955059618837856],[-47.72691397609349,-15.955041907460267],[-47.72691194153062,-15.95502428889894],[-47.726909248967424,-15.95500930238166],[-47.726892009512994,-15.954927091114168],[-47.72690662243962,-15.954768928904896],[-47.72699614522419,-15.954627871303252],[-47.72700183330408,-15.954618492084448],[-47.72701025919819,-15.954602747866243],[-47.72701760289836,-15.954586504355378],[-47.72702383270208,-15.95456983330391],[-47.727028922445975,-15.954552801877906],[-47.72703284977355,-15.95453548261422],[-47.7270355961596,-15.954517955226498],[-47.72703715507842,-15.95450028934152],[-47.72703751453841,-15.954482564590101],[-47.727037255982744,-15.954473944396726],[-47.72702750895145,-15.954264171118215],[-47.727027192836104,-15.954257367928872],[-47.72702692850112,-15.954255080837626],[-47.72702489206897,-15.954237461397152],[-47.72702167229034,-15.954220007775127],[-47.72701976117863,-15.954209648235215],[-47.72702043235994,-15.954207852359792],[-47.72702666121131,-15.9541911804184],[-47.727031750017346,-15.954174149005151],[-47.72703567735491,-15.954156830645077],[-47.72703842562,-15.954139304136978],[-47.72703998266216,-15.954121637372552],[-47.72704034399354,-15.954103912597082],[-47.72703950311281,-15.954086201243337],[-47.72703746857494,-15.95406858358503],[-47.72795242015171,-15.95422465482881],[-47.72793074189653,-15.954461416338978],[-47.72782992748147,-15.954798711682791],[-47.727707096903266,-15.955269775357145],[-47.72762993709269,-15.95564066602776],[-47.72726781215768,-15.955609351238344],[-47.72692234977153,-15.956296772554655],[-47.72697711689986,-15.956594310039216],[-47.72697695540225,-15.95700463397038],[-47.726874237507175,-15.95737354892709],[-47.726813911208424,-15.957476442719592],[-47.72684336722349,-15.957654714799345],[-47.72693751844077,-15.957972435878972],[-47.727016027212244,-15.958142142159316],[-47.72704818757409,-15.958203271279492],[-47.72698267982994,-15.95837408774654],[-47.72679313599882,-15.958522906497263],[-47.726512749187926,-15.958519139162691],[-47.72639524196496,-15.958486271044142],[-47.726087175510955,-15.958485977823253],[-47.72600256826184,-15.958646455378746],[-47.72577772059103,-15.958703836429454],[-47.725587125342365,-15.95872722440048],[-47.72544801916301,-15.958708011553558],[-47.72512580305491,-15.958623998801587],[-47.72504663794719,-15.958545298050637],[-47.72494555475603,-15.958450095631868],[-47.72484157571612,-15.958366484984776]]]}},{"type":"Feature","properties":{"lote":"RL","tipo":"Reserva Legal","assentamento":"1º de Julho"},"geometry":{"type":"Polygon","coordinates":[[[-47.73149473587153,-15.962033626341984],[-47.731559601516565,-15.961870576174919],[-47.7319600061073,-15.961719485655884],[-47.73217984577922,-15.961801337619304],[-47.73236995466596,-15.961844064141617],[-47.73292592546767,-15.96184511468053],[-47.73343044758254,-15.961952269086295],[-47.73348274225301,-15.961790888332793],[-47.73333262316065,-15.961539825649025],[-47.73325405270784,-15.961177436666011],[-47.73398254714798,-15.961397158942741],[-47.734187447785814,-15.962040018926276],[-47.73430866255328,-15.962420313450103],[-47.73288073437113,-15.962864542787623],[-47.73276028466036,-15.963583077824836],[-47.733924714883216,-15.96462751112445],[-47.733677185757934,-15.964721888476761],[-47.73352402951287,-15.964705899238641],[-47.73340929414369,-15.964631057443002],[-47.73293226580674,-15.964236996532293],[-47.73253281883051,-15.963836687229398],[-47.732309606865314,-15.963455677913243],[-47.73194847640143,-15.963341919502389],[-47.731952436235375,-15.963226410239601],[-47.73196236387305,-15.962936674852607],[-47.731973666061506,-15.962606906319792],[-47.73199791892618,-15.962351751937046],[-47.732017346121815,-15.96223788876378],[-47.73149473587153,-15.962033626341984]]]}},{"type":"Feature","properties":{"lote":"AC","tipo":"Área Comunitária","assentamento":"1º de Julho"},"geometry":{"type":"Polygon","coordinates":[[[-47.72446822792552,-15.967357631277663],[-47.72382368975616,-15.967206370450647],[-47.72418526776526,-15.96600743500585],[-47.72422721447274,-15.966007324755438],[-47.72424841442318,-15.966006490933902],[-47.724266628330994,-15.966004522604159],[-47.72428466798942,-15.96600140583929],[-47.724302460761464,-15.965997154203498],[-47.72431992660374,-15.965991785870708],[-47.72433699115907,-15.965985325265029],[-47.72435358380402,-15.965977796763317],[-47.72437119584363,-15.96596832979141],[-47.72440718336894,-15.965946757045485],[-47.72442193938456,-15.965936243333413],[-47.72443595393746,-15.965924818678367],[-47.724461514843604,-15.965899432905921],[-47.724472954385,-15.965885581521922],[-47.724483432269274,-15.96587103603538],[-47.724551457232536,-15.965840241719777],[-47.72467112608343,-15.965896134517434],[-47.72472964377779,-15.96592346579511],[-47.724747701555906,-15.965931900319216],[-47.72476263069668,-15.965938873394347],[-47.724776808204595,-15.965945494719055],[-47.72479552986719,-15.96595621307832],[-47.72480522516513,-15.96596117604517],[-47.72481328379129,-15.966066374670511],[-47.72490640910484,-15.966246870738813],[-47.724905422051485,-15.966537282436473],[-47.72446822792552,-15.967357631277663]]]}},{"type":"Feature","properties":{"lote":"RL","tipo":"Reserva Legal","assentamento":"1º de Julho"},"geometry":{"type":"Polygon","coordinates":[[[-47.72132076934629,-15.979789306434157],[-47.72116106478358,-15.981197805545133],[-47.721042232590456,-15.981285056928398],[-47.721038172105395,-15.981288096019991],[-47.721024158287456,-15.981299522417427],[-47.72101094598983,-15.981311809326636],[-47.720998593351624,-15.981324906337383],[-47.72099307764216,-15.981331354357092],[-47.72095184184692,-15.981381089265344],[-47.720571341587956,-15.981281389158122],[-47.72056706002491,-15.981280301734841],[-47.72054915693092,-15.98127650196949],[-47.72053103864964,-15.981273842923324],[-47.72051277536473,-15.981272336352534],[-47.72049445212271,-15.981271988406203],[-47.720476142694686,-15.981272799957111],[-47.7204648851326,-15.981273879015886],[-47.7202669034247,-15.981296762740676],[-47.720188863115204,-15.981298298509742],[-47.72020846176851,-15.981104706501812],[-47.7202701491804,-15.980959381227017],[-47.72027637815133,-15.980942709314231],[-47.72028082982663,-15.980928069451133],[-47.72032802979943,-15.980754874953643],[-47.72033195787421,-15.980737556583698],[-47.72033470671688,-15.98072003005253],[-47.720336264186805,-15.980702364154887],[-47.72033664436179,-15.98068656646559],[-47.7203340894428,-15.980272280038992],[-47.72036718103186,-15.980151509913139],[-47.72041987020318,-15.980057878701066],[-47.72042666937511,-15.980044986576305],[-47.72043401423286,-15.98002874309761],[-47.72044024411905,-15.980012072076573],[-47.72044306105586,-15.980003171789914],[-47.7204795206819,-15.979880429863025],[-47.720521394449115,-15.979804903220787],[-47.72052736589558,-15.97979349374071],[-47.72053471073878,-15.979777250260913],[-47.72054094061179,-15.979760579239123],[-47.720546032147546,-15.979743547805889],[-47.72054996018533,-15.979726228533483],[-47.720552708997076,-15.979708701100128],[-47.72055358812937,-15.979698731593269],[-47.72132076934629,-15.979789306434157]]]}},{"type":"Feature","properties":{"lote":"SD","tipo":"Parcela","assentamento":"1º de Julho"},"geometry":{"type":"Polygon","coordinates":[[[-47.72704818757409,-15.958203271279492],[-47.727016027212244,-15.958142142159316],[-47.72693751844077,-15.957972435878972],[-47.72684336722349,-15.957654714799345],[-47.726813911208424,-15.957476442719592],[-47.726874237507175,-15.95737354892709],[-47.72697695540225,-15.95700463397038],[-47.72697711689986,-15.956594310039216],[-47.72692234977153,-15.956296772554655],[-47.72726781215768,-15.955609351238344],[-47.72762993709269,-15.95564066602776],[-47.72752231411667,-15.956080551066904],[-47.72715344450046,-15.957917729102968],[-47.72704818757409,-15.958203271279492]]]}},{"type":"Feature","properties":{"lote":"SD","tipo":"Parcela","assentamento":"1º de Julho"},"geometry":{"type":"Polygon","coordinates":[[[-47.72679313599882,-15.958522906497263],[-47.72677549429552,-15.958574544755317],[-47.726683551987065,-15.958632824192819],[-47.72667840568471,-15.95863616428234],[-47.72666605026362,-15.958644870211888],[-47.7265695682326,-15.958716824216236],[-47.72656635601454,-15.958716559636454],[-47.72654803584331,-15.958716211876546],[-47.726529727631025,-15.95871702363411],[-47.72651151629209,-15.958718992027178],[-47.726505787536944,-15.958719855773428],[-47.72646964228262,-15.95872566673084],[-47.726457330223624,-15.9587279207561],[-47.72643954001111,-15.95873217244218],[-47.72642207485224,-15.958737540843694],[-47.72640500911305,-15.958744002439467],[-47.72638841711078,-15.958751530096357],[-47.726372371222524,-15.95876009128672],[-47.72635706770309,-15.95876956340314],[-47.72630038552811,-15.958807207499754],[-47.72628549871167,-15.958817808715752],[-47.726271487512214,-15.958829233369336],[-47.72625827779564,-15.958841522139181],[-47.726257509557925,-15.958842286920452],[-47.72615123515771,-15.958948663604666],[-47.72614709651092,-15.958947891430242],[-47.726128979349575,-15.958945231659337],[-47.726110719091224,-15.958943725241582],[-47.726092397960194,-15.958943377457768],[-47.726074090652496,-15.95894418916818],[-47.726055879282484,-15.958946157526505],[-47.72603783843625,-15.95894927526595],[-47.726033391687,-15.958950225724982],[-47.72597146350599,-15.958963983207667],[-47.72585241022813,-15.958944096702933],[-47.72583768050027,-15.958942024419276],[-47.72581942024027,-15.958940517976401],[-47.725801099105915,-15.958940170167633],[-47.725782791793215,-15.958940981853372],[-47.72574653954979,-15.958946067000037],[-47.72572874929394,-15.958950318632542],[-47.725711284112975,-15.958955688788128],[-47.72569421831203,-15.958962149430773],[-47.72567762811199,-15.958969676112929],[-47.725661580314224,-15.95897823818414],[-47.72565922482344,-15.958979609222048],[-47.72562907104131,-15.95899735544102],[-47.72561599060129,-15.95900554124282],[-47.72560123700125,-15.959016056736543],[-47.72558722390124,-15.9590274831832],[-47.72557401410044,-15.959039770113275],[-47.72556166293088,-15.959052867151874],[-47.725550223784595,-15.959066718529574],[-47.725539744379866,-15.959081263129805],[-47.72553027243508,-15.959096439835978],[-47.725521846261344,-15.959112182231587],[-47.725514502327435,-15.959128425729803],[-47.72550827141625,-15.959145099493561],[-47.72550318241947,-15.959162130903403],[-47.72549925490699,-15.959179448361049],[-47.725496506545326,-15.959196977582806],[-47.72549570525945,-15.959204408181106],[-47.725424330979465,-15.95996757283137],[-47.72538116420425,-15.960194536264641],[-47.72537158264128,-15.960190298896414],[-47.72535894799538,-15.96018507147797],[-47.72534171497803,-15.960179043373035],[-47.725324110412714,-15.960174120033615],[-47.725306209240344,-15.960170320380447],[-47.72528539557794,-15.960167365944102],[-47.72523112876517,-15.960161667691862],[-47.72508681885498,-15.960076003902312],[-47.72507719650488,-15.960070545045246],[-47.72506092247114,-15.960062392255532],[-47.72504413236208,-15.960055288258165],[-47.72503075031216,-15.96005050199706],[-47.724953285589216,-15.9600249440298],[-47.724971462805854,-15.959949498696671],[-47.72497408447883,-15.959937369332344],[-47.724976832923176,-15.959919842818723],[-47.724978390121485,-15.959902176945528],[-47.724978749681796,-15.959884451272703],[-47.72497791073933,-15.959866739871206],[-47.72497676173657,-15.9598555758701],[-47.72495693892844,-15.959696469529048],[-47.72495605155121,-15.959690014961957],[-47.72495283084766,-15.959672561314243],[-47.72494843526853,-15.959655350140531],[-47.724942887259594,-15.959638453410212],[-47.72493459647394,-15.959618384244697],[-47.72486257592573,-15.959462415234572],[-47.72485640603431,-15.959449924817095],[-47.72484755683129,-15.95943439844124],[-47.72483767754076,-15.95941946584509],[-47.724759952020094,-15.959316699860466],[-47.724709420776286,-15.959225358796775],[-47.72470321810578,-15.959192774128299],[-47.724784988071995,-15.958830856086843],[-47.724789504803915,-15.958804848085869],[-47.72483488058681,-15.958388459001418],[-47.72484157571612,-15.958366484984776],[-47.72494555475603,-15.958450095631868],[-47.72504663794719,-15.958545298050637],[-47.72512580305491,-15.958623998801587],[-47.72544801916301,-15.958708011553558],[-47.725587125342365,-15.95872722440048],[-47.72577772059103,-15.958703836429454],[-47.72600256826184,-15.958646455378746],[-47.726087175510955,-15.958485977823253],[-47.72639524196496,-15.958486271044142],[-47.726512749187926,-15.958519139162691],[-47.72679313599882,-15.958522906497263]]]}},{"type":"Feature","properties":{"lote":"RL","tipo":"Reserva Legal","assentamento":"1º de Julho"},"geometry":{"type":"Polygon","coordinates":[[[-47.722956440032256,-15.963202405974432],[-47.723045858476624,-15.963051959312029],[-47.72305428493749,-15.96303621425378],[-47.72305966146244,-15.963024617224107],[-47.723161861827194,-15.96278955316401],[-47.7231635060494,-15.962785769741735],[-47.7231741247889,-15.96275499163753],[-47.72321079737226,-15.962623305678914],[-47.72327834297707,-15.962487796964874],[-47.72377950988421,-15.961710655662015],[-47.7240847833993,-15.96118416596017],[-47.72414182467668,-15.961111557790117],[-47.72427213070703,-15.960996852012592],[-47.72428057051276,-15.960989422260774],[-47.72428425383026,-15.960985516382735],[-47.7242966060897,-15.96097241666739],[-47.724308044511,-15.960958567146177],[-47.7243185222232,-15.960944022602842],[-47.724327994332135,-15.960928845924652],[-47.724336420635126,-15.960913101745813],[-47.724343764712074,-15.960896858265324],[-47.7243481770329,-15.960885420643137],[-47.72437813710929,-15.960802039921504],[-47.72437995586734,-15.960796806501675],[-47.72438504684884,-15.960779775075876],[-47.724388972577735,-15.960762455838697],[-47.724391721061416,-15.960744928421063],[-47.72439327830617,-15.96072726254432],[-47.72439363978665,-15.960709537744812],[-47.72439279902521,-15.960691827261403],[-47.72439076452763,-15.960674207755936],[-47.72438754290836,-15.960656754107799],[-47.7243853970326,-15.960647741429542],[-47.72437031957364,-15.96058904641922],[-47.724368719189194,-15.960582815828676],[-47.72436807268311,-15.960580847873576],[-47.72436252281519,-15.960563951149586],[-47.72435584482347,-15.960547440812629],[-47.72434806395383,-15.960531388796745],[-47.72433921476177,-15.960515865111692],[-47.72433039956767,-15.960502440869396],[-47.72434870493209,-15.960478763719033],[-47.72435918344115,-15.96047580685705],[-47.72438718422756,-15.960472792559825],[-47.72456044572935,-15.960454147021439],[-47.72456735619608,-15.96045340293141],[-47.7245696669833,-15.960453004280383],[-47.724582143898026,-15.960450849413823],[-47.72458661415519,-15.960454601494733],[-47.72458983039825,-15.960457300999463],[-47.72460414789115,-15.960468366934343],[-47.72461918100866,-15.96047850437984],[-47.724634869377425,-15.960487667135267],[-47.7246511434243,-15.960495819051268],[-47.724667932654945,-15.96050292489337],[-47.72468131568969,-15.960507712967772],[-47.72482046591466,-15.960553620614858],[-47.724991868277456,-15.960655365675274],[-47.724998774246096,-15.960659464430702],[-47.7250014897353,-15.960660825446766],[-47.725017761940784,-15.960668977354045],[-47.725034552116284,-15.960676082248298],[-47.72505178701595,-15.960682108542763],[-47.72506939164927,-15.960687033704442],[-47.725087291001245,-15.960690833394374],[-47.72510541019125,-15.960693493206774],[-47.725108106598384,-15.96069378872118],[-47.72517994584363,-15.960701330924877],[-47.72533230627381,-15.96076869825418],[-47.72534106606337,-15.960772571210848],[-47.72534493909163,-15.960773925691981],[-47.72536217400534,-15.96077995195875],[-47.72537977863877,-15.960784876189452],[-47.725397678001315,-15.960788675851227],[-47.72541579718791,-15.960791334732406],[-47.725433859567325,-15.960792831047465],[-47.72555428206331,-15.960799019061549],[-47.725566351280385,-15.960799643839835],[-47.72557260523739,-15.960799366841396],[-47.725590910854976,-15.96079855517091],[-47.725609124267585,-15.960796586801878],[-47.725627163432755,-15.960793469998764],[-47.725644955715495,-15.960789218326001],[-47.72566242107463,-15.960783849957627],[-47.725679485155034,-15.96077738931793],[-47.725696077335215,-15.960769860783913],[-47.725712125285774,-15.960761300495426],[-47.725727558495315,-15.960751740956635],[-47.72574231407857,-15.960741226316351],[-47.72575632822917,-15.960729801638214],[-47.72576953808636,-15.960717512877073],[-47.72578188839119,-15.960704415826374],[-47.72579332759389,-15.9606905644262],[-47.725803805163714,-15.960676018925977],[-47.72581327901947,-15.960660843080728],[-47.72582129626376,-15.960645925024448],[-47.725875888192846,-15.960536149544323],[-47.725883232128034,-15.960519906032195],[-47.725889461187606,-15.960503234087337],[-47.72589455016525,-15.960486202670046],[-47.725898477637095,-15.960468884305326],[-47.725977500324255,-15.960053395898417],[-47.72598018145058,-15.960036213441775],[-47.72598045116191,-15.960034482260513],[-47.725980984583295,-15.960028782820801],[-47.72602980999847,-15.959506705389142],[-47.72603750501737,-15.959505232396392],[-47.72604195363301,-15.95950428100875],[-47.72609044547433,-15.95949350885218],[-47.726169464274896,-15.959514225610107],[-47.72617377720004,-15.959515319813057],[-47.72619167738306,-15.959519119412512],[-47.72620979551848,-15.959521778255008],[-47.72622805396255,-15.95952328467963],[-47.72624637701169,-15.959523632419979],[-47.7262646825018,-15.959522820710475],[-47.726282895784884,-15.959520852303124],[-47.72630093481911,-15.95951773546254],[-47.72631260763684,-15.959515082206826],[-47.726342860276645,-15.959507537752117],[-47.72634774312301,-15.95950631984159],[-47.726348978688016,-15.959505940212654],[-47.72636644390091,-15.959500570903739],[-47.726383507847395,-15.95949411022791],[-47.72640009990654,-15.95948658256231],[-47.72641614768845,-15.959478019531877],[-47.72643158079225,-15.959468461768063],[-47.72644633627214,-15.95945794890473],[-47.72646034933999,-15.959446522405388],[-47.72647355910018,-15.95943423542551],[-47.72648591020872,-15.959421137437493],[-47.72649734929843,-15.959407286017282],[-47.72650688867561,-15.959394130620831],[-47.72655331974636,-15.959325878727022],[-47.726589989825946,-15.95928917267412],[-47.726607092608,-15.959290549202178],[-47.7266240513592,-15.959290871747648],[-47.72663706283841,-15.95930042321552],[-47.726638778836154,-15.959301673139816],[-47.726653811935606,-15.959311810441582],[-47.72666950030923,-15.959320975758148],[-47.726685772431715,-15.959329126643373],[-47.72670256253701,-15.959336232319366],[-47.72671979733075,-15.959342257587783],[-47.7267374018595,-15.95934718262527],[-47.72675530109648,-15.959350982190331],[-47.726773420137114,-15.959353640071699],[-47.72672267775028,-15.959540985335058],[-47.726318086715416,-15.960982678873645],[-47.72538371249303,-15.960836885136489],[-47.72528442230131,-15.961040667728177],[-47.72491975879242,-15.961789099069227],[-47.72555069983879,-15.962068360581265],[-47.725186563851054,-15.962793350288209],[-47.72428753878645,-15.96340489125827],[-47.722956440032256,-15.963202405974432]]]}},{"type":"Feature","properties":{"lote":"SD","tipo":"Parcela","assentamento":"1º de Julho"},"geometry":{"type":"Polygon","coordinates":[[[-47.72495547806239,-15.965141294806724],[-47.72489520391711,-15.96534158936768],[-47.724884719210095,-15.96539391639464],[-47.72459456688912,-15.965258673255802],[-47.72463231382015,-15.965143796003519],[-47.724869767738824,-15.965126158446596],[-47.72495547806239,-15.965141294806724]]]}},{"type":"Feature","properties":{"lote":"SD","tipo":"Parcela","assentamento":"1º de Julho"},"geometry":{"type":"Polygon","coordinates":[[[-47.7271383288105,-15.958373609540402],[-47.72716504611318,-15.958258157516745],[-47.72719386922911,-15.958225302591549],[-47.72721496324601,-15.958242568556646],[-47.72723802028044,-15.958305605772651],[-47.727266175214346,-15.958327799372341],[-47.727248134433154,-15.958330915395951],[-47.727230344281935,-15.958335167139566],[-47.72721287918754,-15.95834053559685],[-47.72719581351576,-15.958346997246446],[-47.727184366573674,-15.958352054624685],[-47.7271383288105,-15.958373609540402]]]}},{"type":"Feature","properties":{"lote":"16","tipo":"Parcela","assentamento":"Camapuã"},"geometry":{"type":"Polygon","coordinates":[[[-47.71846422631907,-15.961387536477629],[-47.71863700580206,-15.959505402949134],[-47.71870230986105,-15.958794026660588],[-47.720521360775216,-15.958950313094594],[-47.72004045576232,-15.96079898494743],[-47.72003202282721,-15.960823182799361],[-47.720019777377296,-15.96084580492977],[-47.72000402087147,-15.960866292075872],[-47.71998514325372,-15.960884138950115],[-47.719963609110565,-15.960898906156311],[-47.719939950313474,-15.96091022841137],[-47.719904175090534,-15.960927250189503],[-47.719871492104325,-15.960949337623381],[-47.71984266181552,-15.960975977132563],[-47.71981835548192,-15.961006547883054],[-47.71846422631907,-15.961387536477629]]]}},{"type":"Feature","properties":{"lote":"17","tipo":"Parcela","assentamento":"Camapuã"},"geometry":{"type":"Polygon","coordinates":[[[-47.71870230986105,-15.958794026660588],[-47.71885435286911,-15.95713777101881],[-47.71904202703296,-15.956981898631206],[-47.719202135820815,-15.956898652717998],[-47.721014465065124,-15.957054720628616],[-47.720521360775216,-15.958950313094594],[-47.71870230986105,-15.958794026660588]]]}},{"type":"Feature","properties":{"lote":"18","tipo":"Parcela","assentamento":"Camapuã"},"geometry":{"type":"Polygon","coordinates":[[[-47.71885435286911,-15.95713777101881],[-47.71870230986105,-15.958794026660588],[-47.71863700580206,-15.959505402949134],[-47.71592266328052,-15.959272168987653],[-47.71587844597271,-15.959002604774627],[-47.71596805429108,-15.95773828531986],[-47.71627548657028,-15.957617651414612],[-47.71693688888046,-15.957630323700656],[-47.71722239818227,-15.957701824272403],[-47.71797034614211,-15.957655969650096],[-47.71822703665542,-15.957567147852547],[-47.71885435286911,-15.95713777101881]]]}},{"type":"Feature","properties":{"lote":"19","tipo":"Parcela","assentamento":"Camapuã"},"geometry":{"type":"Polygon","coordinates":[[[-47.71732886703798,-15.961860881953587],[-47.71582979649199,-15.961261019212182],[-47.71596092440883,-15.960819057565114],[-47.716009656082214,-15.96055789954599],[-47.71612014557193,-15.960302298823635],[-47.71592266328052,-15.959272168987653],[-47.71863700580206,-15.959505402949134],[-47.71846422631907,-15.961387536477629],[-47.71763852494493,-15.961619845603403],[-47.71732886703798,-15.961860881953587]]]}},{"type":"Feature","properties":{"lote":"AC","tipo":"Área Comunitária","assentamento":"Camapuã"},"geometry":{"type":"Polygon","coordinates":[[[-47.719202135820815,-15.956898652717998],[-47.719214229178036,-15.956892365586908],[-47.71979127193038,-15.956637673329586],[-47.720092206570605,-15.956526645097071],[-47.720482228656074,-15.956359751953475],[-47.721123083885516,-15.956058435707112],[-47.72125059097761,-15.956146996771892],[-47.721014465065124,-15.957054720628616],[-47.719202135820815,-15.956898652717998]]]}},{"type":"Feature","properties":{"lote":"01","tipo":"Parcela","assentamento":"15 de Agosto"},"geometry":{"type":"Polygon","coordinates":[[[-47.72544876708417,-15.91331767647272],[-47.722914836458635,-15.91238455722141],[-47.721939130581006,-15.912030348537183],[-47.72178486923067,-15.911974347325108],[-47.721680588676044,-15.911684822592793],[-47.722417596381035,-15.910194716174784],[-47.72367125507072,-15.910252679121227],[-47.723611259229216,-15.91205897277335],[-47.725492336260174,-15.912134643126349],[-47.72544876708417,-15.91331767647272]]]}},{"type":"Feature","properties":{"lote":"APP","tipo":"APP","assentamento":"1º de Julho"},"geometry":{"type":"Polygon","coordinates":[[[-47.72723802028044,-15.958305605772651],[-47.72726679977001,-15.958327730946374],[-47.72728438648828,-15.958325830018918],[-47.72730269371811,-15.958325018214886],[-47.7273210147776,-15.958325365903988],[-47.727323552821154,-15.958325413223292],[-47.72733080926029,-15.95832602755525],[-47.72748121522943,-15.958338781946756],[-47.72748968091591,-15.958339624805683],[-47.72750779800809,-15.958342283564692],[-47.727525736456776,-15.958346089804904],[-47.72777223960273,-15.958407851474606],[-47.7278230002149,-15.958412777112395],[-47.72787023152261,-15.958407326699028],[-47.727881449487974,-15.958406250649174],[-47.727899756714194,-15.958405438793541],[-47.72791807590683,-15.958405786454112],[-47.72793633797049,-15.958407292700212],[-47.727954455044085,-15.958409949613662],[-47.72797235606768,-15.958413749063409],[-47.72798996052501,-15.958418674006543],[-47.72800719342687,-15.958424701911127],[-47.72802398344421,-15.958431804779865],[-47.728033237710996,-15.958436281006412],[-47.728058972959154,-15.958449305473074],[-47.728123000856954,-15.958447307174533],[-47.72812836535101,-15.958447190409196],[-47.72814668638695,-15.958447536219946],[-47.7281649466106,-15.958449044275442],[-47.72818306368787,-15.958451701168569],[-47.72820096471644,-15.95845550059801],[-47.7282185691801,-15.958460425520963],[-47.728235802089536,-15.958466453405581],[-47.728252592115716,-15.95847355625464],[-47.72826245739952,-15.958478342640865],[-47.728339860054504,-15.958517751228028],[-47.728399011363905,-15.958519635064386],[-47.72840445704436,-15.958519860466986],[-47.72842271724851,-15.958521366693226],[-47.7284408343567,-15.9585240253691],[-47.728458735393254,-15.95852782477529],[-47.72847762623267,-15.958533157857856],[-47.72859996969481,-15.958572245915983],[-47.728612117196796,-15.95856591063218],[-47.7286351715224,-15.95855496458676],[-47.7286480071198,-15.958549254602563],[-47.72866507272963,-15.958542791939344],[-47.728682537770084,-15.958537422464447],[-47.72870241230772,-15.958532672723138],[-47.728708948587126,-15.958531534957531],[-47.72874215524311,-15.958525752763332],[-47.72875157528684,-15.958524271359343],[-47.72876978657947,-15.958522304588623],[-47.72878378008951,-15.958521579859468],[-47.72883005590129,-15.958520301343775],[-47.7288343696116,-15.958520214139632],[-47.728852690669875,-15.958520561694998],[-47.72887408899512,-15.958522445360227],[-47.729133588278714,-15.958555036249304],[-47.7291548756451,-15.958554793427504],[-47.72919499138966,-15.958534599306773],[-47.72921370116111,-15.95852601498491],[-47.72923076676791,-15.958519554085948],[-47.72924957864107,-15.958513820672694],[-47.72954103237756,-15.958435812117191],[-47.72955747560074,-15.958431924085358],[-47.729578664102476,-15.958428382300385],[-47.73002450197235,-15.95837082644845],[-47.73003956540752,-15.958369282443147],[-47.73005267796139,-15.958368583257853],[-47.73021698048239,-15.958363547667515],[-47.73024324668603,-15.958352782903034],[-47.73032193959539,-15.958288306452621],[-47.7303295505393,-15.9582822905463],[-47.73034430379081,-15.958271774774222],[-47.73035973842038,-15.958262214941145],[-47.730375785944545,-15.958253655267706],[-47.73039237395043,-15.958246125573678],[-47.73040944134835,-15.958239664566872],[-47.73042690629371,-15.958234294961432],[-47.7304446963248,-15.958230042965138],[-47.73046273701532,-15.95822692758534],[-47.73048094821619,-15.958224958870368],[-47.73049925537873,-15.958224146797516],[-47.730517576389225,-15.958224494214738],[-47.73053583655215,-15.958226000263217],[-47.73055395360692,-15.958228656954805],[-47.73057185462688,-15.958232456182998],[-47.730589459095846,-15.958237380905853],[-47.73060669013322,-15.958243406810073],[-47.73062348210812,-15.958250513052299],[-47.730639756101766,-15.95825866270073],[-47.73065544265171,-15.958267827735362],[-47.73067047769997,-15.958277965616931],[-47.73068679083243,-15.958290793172578],[-47.73069833320326,-15.958300980781125],[-47.73071103470467,-15.958313760224732],[-47.73072284493034,-15.95832731686089],[-47.73073371262028,-15.95834158811837],[-47.73074359226165,-15.958356522191021],[-47.73075244180589,-15.958372047359063],[-47.73076022487817,-15.958388097249744],[-47.7307669032368,-15.958404605513993],[-47.730772451658666,-15.958421502024873],[-47.730776846738365,-15.958438713019738],[-47.73078006882853,-15.95845616649456],[-47.73078210196642,-15.95847378678588],[-47.73078294512349,-15.95849149804078],[-47.73078258231249,-15.95850922278974],[-47.730781027488106,-15.958526888602346],[-47.730778279572874,-15.958544416013556],[-47.730774352545986,-15.95856173439895],[-47.730769264022285,-15.958578765862615],[-47.730763035423706,-15.958595437879323],[-47.73075569006342,-15.958611679706173],[-47.7307472643956,-15.958627425852525],[-47.73073779288526,-15.958642601821273],[-47.73072731576918,-15.95865714568643],[-47.73071587701774,-15.958670995474629],[-47.73070352629966,-15.958684096365511],[-47.730690315028156,-15.95869638448494],[-47.73068883072204,-15.95869776529291],[-47.73068391322436,-15.958701794392745],[-47.730572692417276,-15.95879292247218],[-47.730565083356566,-15.958798940171068],[-47.73055032819378,-15.958809454179727],[-47.73053489535571,-15.958819010395441],[-47.73051884784815,-15.958827573698398],[-47.73050092293698,-15.958835653237216],[-47.73038729798588,-15.958882211514103],[-47.73037156740401,-15.958888122699443],[-47.7303541024026,-15.958893492309166],[-47.730336310445196,-15.958897744330857],[-47.730318271583805,-15.958900861491893],[-47.73030005845217,-15.958902830226421],[-47.730286947733966,-15.958903529408394],[-47.730084560271656,-15.958909729187752],[-47.729835076306685,-15.958941939457624],[-47.729840205436126,-15.958946912275374],[-47.729907188883956,-15.959013793076345],[-47.72992191569584,-15.959017992071377],[-47.729939148708645,-15.959024021609787],[-47.7299559388471,-15.959031126114894],[-47.72997221291501,-15.959039277613758],[-47.729987899460475,-15.95904843907972],[-47.73000067588218,-15.959056963693131],[-47.73001254710168,-15.959059038523861],[-47.730031696527966,-15.959063056776568],[-47.73004930106713,-15.95906798153407],[-47.73006653592889,-15.959074009231301],[-47.730083326050185,-15.959081111919028],[-47.73009960012602,-15.959089263406787],[-47.730208849833275,-15.959148586734823],[-47.73022430130895,-15.959157622912711],[-47.73023933452318,-15.959167759034376],[-47.73025365406425,-15.959178827245365],[-47.73025444277972,-15.959179436813386],[-47.730257773296586,-15.959182299152362],[-47.73033548413857,-15.959249087058422],[-47.73034490286616,-15.959257563925233],[-47.7303576044191,-15.959270343382808],[-47.73036941466659,-15.959283898226273],[-47.730373462496345,-15.959288989512725],[-47.730387357579524,-15.959306898270013],[-47.73073728810346,-15.959341573145856],[-47.73121309992577,-15.95948203662421],[-47.73170234626393,-15.959304867103604],[-47.731979551920965,-15.959172493813233],[-47.73237130458096,-15.959134152434302],[-47.7326524696356,-15.959106802464891],[-47.73269610810124,-15.95910586546701],[-47.73273936894886,-15.959111501079303],[-47.73278119725585,-15.959123570963824],[-47.73282057895278,-15.959141782726581],[-47.73285655767316,-15.959165693316061],[-47.73288825921724,-15.959194723163318],[-47.73291491220897,-15.959228164950945],[-47.73293586897355,-15.959265208636557],[-47.73295130960147,-15.959307430669515],[-47.73295912158835,-15.959349267278185],[-47.73296024013873,-15.959388638338678],[-47.7339356129894,-15.959189089663445],[-47.73296007352041,-15.959391770827823],[-47.732954141848154,-15.959433893945569],[-47.73294237389951,-15.959472324970186],[-47.73292237293174,-15.959512890854427],[-47.73289732146859,-15.959547818277882],[-47.7328669287814,-15.95957852348222],[-47.73283194455928,-15.959604252737185],[-47.73279389110514,-15.95962408715767],[-47.73275174255684,-15.959638379357806],[-47.732708498157386,-15.959645938813315],[-47.73242733609034,-15.959673287117631],[-47.73213666093068,-15.959701736666418],[-47.73192503081468,-15.959802795995186],[-47.7317861290937,-15.959853097086594],[-47.731855578027314,-15.95990607139795],[-47.73234976626152,-15.960150479027552],[-47.73265410536288,-15.960139906289129],[-47.73320171147922,-15.959799227373493],[-47.733240423874044,-15.959779108144877],[-47.73328191338793,-15.95976509697526],[-47.73332515590469,-15.959757537427524],[-47.73336908968361,-15.959756614585828],[-47.733412632111,-15.959762351230435],[-47.733454709592955,-15.959774609264386],[-47.733494287325485,-15.959793082110197],[-47.73353039201411,-15.95981731790345],[-47.733562132432745,-15.959846721037927],[-47.73358872573011,-15.95988056447556],[-47.73360952206553,-15.959918016528283],[-47.7336240047806,-15.959958153499882],[-47.73363182068472,-15.959999990008704],[-47.73363277465118,-15.96004249350674],[-47.73362684312638,-15.960084616621844],[-47.73361417452246,-15.960125326053912],[-47.73359507818861,-15.960163615359349],[-47.733570026793096,-15.960198542853762],[-47.73353963416717,-15.960229249956948],[-47.73350465181681,-15.960254979300538],[-47.732827784861016,-15.960676074650605],[-47.732224418241586,-15.960697035576944],[-47.73155183842589,-15.960364403811127],[-47.731380595857,-15.960233782734706],[-47.73145449321009,-15.960359934908082],[-47.73156134511609,-15.96079474872409],[-47.73151065444357,-15.961245104171145],[-47.73150448928835,-15.961542636804143],[-47.73137907979254,-15.96192156446138],[-47.73135275703731,-15.961984497057307],[-47.731383683893455,-15.962043392005016],[-47.73140045346944,-15.962082689092282],[-47.73141065990397,-15.962124040191668],[-47.73141405597832,-15.962166426057667],[-47.73141055659239,-15.962208803710503],[-47.73140024655084,-15.962250129819534],[-47.731383382797944,-15.962289387769818],[-47.73136037606816,-15.962325611377475],[-47.731331796756585,-15.962357904684877],[-47.73129834738224,-15.962385476630784],[-47.7312608514608,-15.962407646610782],[-47.731220231445675,-15.962423870046162],[-47.73117749015752,-15.962433745845287],[-47.73113367735262,-15.962437029472445],[-47.73108987120119,-15.962433644021116],[-47.7310471538712,-15.962423669685947],[-47.731006574338366,-15.962407355072822],[-47.730969133181596,-15.962385097522112],[-47.730935750920175,-15.962357448929327],[-47.7309072508446,-15.962325088867882],[-47.730884334600866,-15.962288814060688],[-47.73082109922632,-15.962168395238393],[-47.7307378984596,-15.962009957122232],[-47.73085203739228,-15.961737069040424],[-47.73094614682908,-15.961452715617249],[-47.73095117214675,-15.961210276093288],[-47.730994080399256,-15.960829077327094],[-47.730969744023135,-15.960730046790554],[-47.73092798981246,-15.960560134525823],[-47.73075439414896,-15.960263780855263],[-47.72990837841804,-15.959606799894202],[-47.729866711415845,-15.959584176585079],[-47.72981258985949,-15.95957471504747],[-47.72979469058649,-15.959570915749152],[-47.72977708600403,-15.959565990976875],[-47.729759851126964,-15.959559965067927],[-47.72974306281242,-15.959552860529943],[-47.72972678870592,-15.959544709019093],[-47.729711100210956,-15.959535543950238],[-47.729702568429275,-15.959530240375447],[-47.72968496385153,-15.959525315594702],[-47.72966772897968,-15.95951928967738],[-47.72965093880404,-15.959512185154827],[-47.72963466654598,-15.959504031806159],[-47.72961897808206,-15.959494868535433],[-47.729603944864685,-15.959484732369598],[-47.72958962535207,-15.959473665919454],[-47.72957608927657,-15.959461717071841],[-47.729574671974945,-15.959460465192038],[-47.72957037927307,-15.959456179007077],[-47.72946485234394,-15.959350815199974],[-47.729212974838454,-15.95920903089199],[-47.7291181570441,-15.959184496514583],[-47.72910397915546,-15.95918043501041],[-47.72908674432451,-15.959174409039026],[-47.72906995421711,-15.95916730626922],[-47.72905368200552,-15.95915915286836],[-47.72903799356605,-15.959149987740618],[-47.72902295855752,-15.959139853354987],[-47.729008642807244,-15.959128785003651],[-47.72899510494446,-15.959116837939826],[-47.72898240347599,-15.959104058386584],[-47.72897059329738,-15.959090501644503],[-47.72896485204762,-15.959083206389657],[-47.72896236550778,-15.959079932319906],[-47.72885161400855,-15.95906602421004],[-47.728846346410464,-15.959069159963327],[-47.72883458321693,-15.95907616234846],[-47.728892266961,-15.95915191131276],[-47.729171854095476,-15.959384790481305],[-47.729303766669666,-15.95946959430255],[-47.72931633268904,-15.959478161364318],[-47.729330650298756,-15.959489226052602],[-47.72934418825564,-15.959501176699986],[-47.7293568897728,-15.959513956223947],[-47.72937101885892,-15.959530398957382],[-47.729419025451286,-15.959590974392386],[-47.729427574310165,-15.959602361504063],[-47.729437455784385,-15.959617293810966],[-47.72944630528394,-15.959632817232206],[-47.72945408645859,-15.959648867200832],[-47.72946076480034,-15.959665377320137],[-47.72946288597757,-15.959670623115729],[-47.729466125172536,-15.959681627784047],[-47.72952579726649,-15.959884380100224],[-47.729533412459446,-15.959919044658426],[-47.729535449235314,-15.959936663120754],[-47.72953592940862,-15.959972099156785],[-47.729525221575024,-15.960150408365022],[-47.72953664718936,-15.960195102145343],[-47.72953871637463,-15.960203813151377],[-47.72954193838974,-15.96022126484853],[-47.72954397333149,-15.960238885139445],[-47.72954481454682,-15.960256596436134],[-47.72954289670213,-15.96029198521204],[-47.72954014870234,-15.960309514431454],[-47.72953622155591,-15.960326832813674],[-47.72953113290273,-15.960343864268834],[-47.72952490043165,-15.960360536319088],[-47.72951755868169,-15.960376779885545],[-47.72950913283347,-15.960392524201653],[-47.729499661159686,-15.960407700141118],[-47.72948918389783,-15.9604222457781],[-47.72947774497003,-15.960436095527289],[-47.72946539404578,-15.960449194568534],[-47.729452182563506,-15.960461480833883],[-47.72943817151596,-15.960472908391218],[-47.7294234161487,-15.960483420543323],[-47.72940798317739,-15.960492980317204],[-47.72939193546171,-15.960501541757065],[-47.72937534347551,-15.9605090696486],[-47.72935827958392,-15.960515530559878],[-47.72934081254086,-15.96052090013643],[-47.72932302227669,-15.960525152075734],[-47.72930498321924,-15.960528267370448],[-47.72928676994318,-15.960530237849358],[-47.72926846444153,-15.960531051634572],[-47.72925014131348,-15.960530702360957],[-47.72923188277227,-15.960529194404915],[-47.72921376363737,-15.96052653765559],[-47.7291958642797,-15.960522738319126],[-47.72917825961657,-15.960517813508876],[-47.729161024663156,-15.960511787562277],[-47.729144236276966,-15.960504682987148],[-47.72912796210376,-15.960496531439793],[-47.72911227354737,-15.960487366335261],[-47.72909724029161,-15.960477231948394],[-47.729082922563855,-15.960466163642353],[-47.72906938459422,-15.960454216599219],[-47.72905668299872,-15.960441435259618],[-47.72904487274675,-15.960427880342118],[-47.729034001242546,-15.960413605435873],[-47.729024123504324,-15.960398674871522],[-47.729015273966475,-15.960383149628012],[-47.729007492761575,-15.960367097837414],[-47.729000812579464,-15.960350589532501],[-47.72899458260024,-15.96033161709385],[-47.72899294024838,-15.960325192908789],[-47.72897133531371,-15.960240681014826],[-47.72896926423571,-15.96023196641121],[-47.728966042293,-15.960214516503795],[-47.728964007401565,-15.960196896199458],[-47.728963168104926,-15.960179184868739],[-47.72896361467652,-15.960159914621345],[-47.728973942852264,-15.95998799919831],[-47.72894495260891,-15.959889500539767],[-47.72884735960705,-15.9598267629202],[-47.72883479542118,-15.959818194001866],[-47.728819629924516,-15.959806424721014],[-47.728502851782245,-15.959542566468341],[-47.72849016174337,-15.959531320321577],[-47.72847746027148,-15.959518540738012],[-47.728465650093305,-15.95950498396713],[-47.72846417455789,-15.959503292070861],[-47.72846010845512,-15.959497951699209],[-47.72821010237821,-15.95916965606459],[-47.72820477447016,-15.959162411542898],[-47.72819489499724,-15.9591474809434],[-47.728186045613256,-15.959131957451667],[-47.72817826451008,-15.959115903805552],[-47.72817646287437,-15.959112191134887],[-47.72817305857354,-15.959103327232516],[-47.72814527652997,-15.959030994137773],[-47.72813593816868,-15.959026239004],[-47.728067099064695,-15.958991188899187],[-47.72800343867666,-15.95899317712869],[-47.72799807605876,-15.95899329567555],[-47.72797975307987,-15.958992948077485],[-47.72796149469619,-15.95899144179615],[-47.7279433756777,-15.958988783109204],[-47.72792547646808,-15.958984983641443],[-47.727907871959594,-15.958980058700721],[-47.727890637142245,-15.958974030819041],[-47.727873847079444,-15.958966927946527],[-47.72787134949493,-15.958965870378837],[-47.727864592788684,-15.95896245171655],[-47.72785026904103,-15.958955200171792],[-47.72782931340958,-15.958956229842382],[-47.72781099040752,-15.958955880423321],[-47.72780701615549,-15.958955804348275],[-47.72779768324775,-15.958954898436826],[-47.727694905326885,-15.958944920401782],[-47.72769081468974,-15.958944522464861],[-47.72767183511547,-15.958941739184423],[-47.72765265636643,-15.958937621735558],[-47.72740910700826,-15.958876599314305],[-47.72735884257595,-15.958872337458487],[-47.727349747637085,-15.958876596448011],[-47.72735154502556,-15.958886340548945],[-47.72735358156385,-15.958903957258785],[-47.72735442072028,-15.958921670426538],[-47.72735406132091,-15.958939393362886],[-47.727352502460704,-15.958957059244762],[-47.72734975613107,-15.958974588441295],[-47.727345828771924,-15.958991905004648],[-47.727340738072854,-15.959008936457074],[-47.72733450919068,-15.959025610226163],[-47.72732716541543,-15.959041853763175],[-47.72731873942004,-15.959057598013112],[-47.72730776537927,-15.959075177277107],[-47.72730327987342,-15.959081332316764],[-47.72725674937973,-15.95914518173408],[-47.72725225786343,-15.959151168859673],[-47.72724081884401,-15.95916502031001],[-47.727228467792564,-15.959178117428582],[-47.7272159808998,-15.959189731456881],[-47.72720124509904,-15.959201830984668],[-47.727200367880954,-15.959202544766034],[-47.727196568530076,-15.959205320480505],[-47.727123456000356,-15.959258702982888],[-47.7271133771608,-15.95926572729376],[-47.727097944135934,-15.95927528690526],[-47.72708189635735,-15.959283846367644],[-47.72706530437236,-15.959291375885465],[-47.72704823860608,-15.959297836633105],[-47.7270437357815,-15.95929954106762],[-47.72703361755423,-15.959302414905938],[-47.72691564701108,-15.959335908915278],[-47.7271383288105,-15.958373609540402],[-47.727184366573674,-15.958352054624685],[-47.72719581351576,-15.958346997246446],[-47.72721287918754,-15.95834053559685],[-47.727230344281935,-15.958335167139566],[-47.727248134433154,-15.958330915395951],[-47.727266175214346,-15.958327799372341],[-47.72723802028044,-15.958305605772651]]]}},{"type":"Feature","properties":{"lote":"RL","tipo":"Reserva Legal","assentamento":"1º de Julho"},"geometry":{"type":"Polygon","coordinates":[[[-47.7330050867807,-15.97647882109345],[-47.73286595484001,-15.97675250534423],[-47.73219473066602,-15.977255906003897],[-47.73201033978612,-15.977297523158843],[-47.73157899942071,-15.97739487801271],[-47.7312151536521,-15.977224633660184],[-47.73088696875052,-15.977461956359562],[-47.73101200915265,-15.977795529482819],[-47.73044461918357,-15.978167040562882],[-47.730496001195796,-15.978489185105527],[-47.73042055950881,-15.97840771572741],[-47.730311559811206,-15.978257789771611],[-47.73011885986246,-15.977965709644968],[-47.73011358007237,-15.977958001325957],[-47.730102711068014,-15.977943725703211],[-47.730090899530666,-15.977930171033638],[-47.7300781966159,-15.977917391760684],[-47.73006465723767,-15.977905444086403],[-47.73005400369296,-15.977897069725048],[-47.729961250367374,-15.977827748062946],[-47.72995758475567,-15.977825055300993],[-47.72994254810934,-15.977814917607697],[-47.729926859946644,-15.977805755477045],[-47.72991058423436,-15.977797604223374],[-47.72989592494508,-15.977791331804621],[-47.72986531189553,-15.977779236016111],[-47.72985458546844,-15.977765764191249],[-47.72985264061454,-15.977763350333866],[-47.72984082909214,-15.97774979474306],[-47.729828126204126,-15.977737015450874],[-47.729825671769454,-15.977734546647694],[-47.729819122144754,-15.977728895598302],[-47.72972264919442,-15.977645662590428],[-47.72956419326448,-15.977390419791666],[-47.729554899669054,-15.977376440239254],[-47.72954403076252,-15.977362166382514],[-47.729532219298456,-15.977348611670376],[-47.72951951645665,-15.977335832352523],[-47.72950597712623,-15.977323882825155],[-47.72949165806325,-15.977312817460845],[-47.72947662146538,-15.977302678821863],[-47.72946093334992,-15.97729351574425],[-47.72944465770785,-15.977285365348555],[-47.729427865936806,-15.977278260145507],[-47.729410631301306,-15.977272232622175],[-47.72939302512536,-15.9772673098713],[-47.72937512236894,-15.977263511714092],[-47.729357003519354,-15.977260852482672],[-47.729338741608295,-15.977259347506983],[-47.729323838454214,-15.977258976721265],[-47.72931383912196,-15.97724761807304],[-47.72930113629934,-15.977234838739005],[-47.72928759701192,-15.977222891000709],[-47.729273277942184,-15.977211823812727],[-47.72927168740751,-15.977210682529128],[-47.72910616631818,-15.977092878108525],[-47.7290903539088,-15.977050043787765],[-47.72908391629311,-15.977034199947257],[-47.729076134229956,-15.977018149185197],[-47.72906728374355,-15.97700262407943],[-47.72905829600237,-15.976988956724165],[-47.729011398706554,-15.976922146765379],[-47.729010505796616,-15.976920881922691],[-47.72899963696644,-15.976906608931042],[-47.72898782648726,-15.976893053263716],[-47.72897512277485,-15.976880273915176],[-47.72897355301486,-15.97687880541843],[-47.72875915258774,-15.976679902420125],[-47.72874718310194,-15.97666942132923],[-47.72873286410047,-15.976658354093944],[-47.72871782759877,-15.976648216290734],[-47.728702139576995,-15.976639054046863],[-47.7286858639891,-15.976630901774167],[-47.7286783618455,-15.97662757126408],[-47.72859858176464,-15.97659351639224],[-47.728589292239796,-15.976589743428976],[-47.72857205768076,-15.976583715824912],[-47.72855445157707,-15.976578792992436],[-47.72853654887615,-15.976574993850084],[-47.728518430114,-15.976572336342384],[-47.72851614393823,-15.97657208356456],[-47.72849828565887,-15.97657018321698],[-47.728492030005285,-15.976560730564959],[-47.72848488444687,-15.976551129344312],[-47.72844679851618,-15.976502244571932],[-47.72846011335175,-15.976493997684598],[-47.72847486979185,-15.976483483615855],[-47.72848888189366,-15.976472057760327],[-47.728502094321954,-15.976459770494577],[-47.728514446116165,-15.976446670460174],[-47.728525885846516,-15.976432820628471],[-47.72853636384002,-15.976418275820015],[-47.72854583613477,-15.976403098911321],[-47.728554262527354,-15.976387354537609],[-47.72856160659725,-15.976371110898693],[-47.728567837573834,-15.9763544397354],[-47.728572926492234,-15.976337408249728],[-47.72857685379585,-15.976320088943325],[-47.72857960189302,-15.976302561518201],[-47.72858115865824,-15.976284895672144],[-47.728581519568536,-15.976267170941293],[-47.728580678148276,-15.976249460564352],[-47.72857864290641,-15.976231841202567],[-47.72857542046042,-15.976214387734805],[-47.72857102492014,-15.976197176751171],[-47.72856547593494,-15.976180280255626],[-47.72855879502114,-15.976163770228474],[-47.728551013066514,-15.976147721240503],[-47.72854216265435,-15.976132195196712],[-47.72853228209116,-15.976117262961106],[-47.72852141335613,-15.976102990835276],[-47.7285096020031,-15.976089433334225],[-47.72849689930918,-15.976076653932065],[-47.72848335827143,-15.976064705243038],[-47.7284690412094,-15.976053638859984],[-47.72845400479275,-15.976043502834726],[-47.72843831679485,-15.976034337852894],[-47.72842204127963,-15.976026186453527],[-47.728405249656326,-15.976019082050808],[-47.728389489200694,-15.976013524333542],[-47.72837102008494,-15.976007609008834],[-47.72836950249855,-15.97600647582243],[-47.728294414674785,-15.975950417887397],[-47.72829086890715,-15.975947814787856],[-47.728275832481735,-15.975937676941394],[-47.72826014451111,-15.975928512846922],[-47.72824386901016,-15.97592036143153],[-47.728227077400305,-15.975913257012467],[-47.72820984290868,-15.975907229368289],[-47.72819223687097,-15.975902306495227],[-47.728185691937206,-15.975900780992074],[-47.72815923275094,-15.975894932700335],[-47.728113049938834,-15.975846416096582],[-47.727851884235925,-15.975458074086683],[-47.7278134599523,-15.975393705005608],[-47.72777428693935,-15.975290629295278],[-47.7277687425269,-15.975277162037012],[-47.72776096062775,-15.975261109392054],[-47.72776031613891,-15.975259779975142],[-47.72775768494701,-15.975255080749953],[-47.72757687834729,-15.97493216312522],[-47.72738004369769,-15.974510932712725],[-47.72737437880944,-15.974499525285923],[-47.727365529544045,-15.974484001863331],[-47.727355646348016,-15.974469068677891],[-47.72734477777076,-15.97445479465771],[-47.72733296662619,-15.974441238868742],[-47.72732253130873,-15.974430619894738],[-47.72724154711666,-15.974352551054107],[-47.72723927992681,-15.974350390525661],[-47.7272257409632,-15.974338442605285],[-47.72721142221611,-15.974327375227615],[-47.72721112028751,-15.974327141523236],[-47.72720895314442,-15.974325611943732],[-47.72703958106392,-15.974206040665024],[-47.72697385262234,-15.974100002179153],[-47.72696231480214,-15.974069131858275],[-47.72696216952776,-15.97406406060061],[-47.726962633947394,-15.974064159479124],[-47.72698075434606,-15.974066817133279],[-47.72699901414843,-15.974068325090432],[-47.72700481703787,-15.974068560389457],[-47.727015058525,-15.974068873975702],[-47.727210070072424,-15.974074859166663],[-47.72722262050046,-15.974074971859576],[-47.72724092727562,-15.974074158959557],[-47.727242849387714,-15.974074073168184],[-47.72724902314042,-15.974073428586799],[-47.727503642107514,-15.974046825391223],[-47.727513760779864,-15.974045586158258],[-47.72753055436134,-15.97404272326682],[-47.7277730011027,-15.973993980334694],[-47.72777424777188,-15.973993725181993],[-47.72779204110149,-15.973989473161513],[-47.727804865910585,-15.97398565265507],[-47.72799450892918,-15.973924277403656],[-47.72811207057559,-15.973907007727087],[-47.72823845792471,-15.973958068102686],[-47.72824260769772,-15.97395970618772],[-47.72825133032458,-15.973963268713415],[-47.72825984385562,-15.973965732026318],[-47.728272480588686,-15.973969388498473],[-47.72838605304441,-15.973999445609937],[-47.72839102313126,-15.974000713823525],[-47.72840892279362,-15.97400451305042],[-47.72842704318564,-15.974007170580412],[-47.72843154474867,-15.974007830583059],[-47.72844173653885,-15.974008473484933],[-47.72848733093507,-15.974011348721378],[-47.7284908973569,-15.974011552746433],[-47.72850370607046,-15.97401191768429],[-47.728531189754,-15.974012091913123],[-47.728571588516004,-15.97401235064377],[-47.72859640883259,-15.974011443244617],[-47.72868028687699,-15.974004766691113],[-47.72869074714969,-15.974003934010858],[-47.72869751466458,-15.974002875429244],[-47.72870657497166,-15.974001458098854],[-47.728804602974016,-15.9739845162801],[-47.72885136972155,-15.97398172544273],[-47.72886392081722,-15.97398767249514],[-47.728866554490395,-15.973988905316727],[-47.7288683626141,-15.973989777412019],[-47.728872852601995,-15.973991718243942],[-47.72902023254523,-15.97405543245424],[-47.72903072587895,-15.974059723007436],[-47.72904796205905,-15.97406574877773],[-47.729064324868084,-15.974070365850421],[-47.729231261221685,-15.974112159313222],[-47.72924254979793,-15.974114988372348],[-47.72924916183204,-15.974115958454185],[-47.72926728224592,-15.974118616812994],[-47.72927504866407,-15.974119755586345],[-47.729285542013436,-15.974120122766298],[-47.7292946267765,-15.974120440085134],[-47.72978604262893,-15.974129888061714],[-47.72990134116224,-15.974141952099764],[-47.730009882861374,-15.97434897908708],[-47.73001379326605,-15.974356439277939],[-47.73001847355361,-15.97436407936011],[-47.73005604584554,-15.974425421443703],[-47.730062170727926,-15.974435421223465],[-47.73006592639398,-15.974440352703576],[-47.730076797007605,-15.97445462653244],[-47.7300785184741,-15.97445688698065],[-47.73008359906985,-15.974462652423144],[-47.73022250576311,-15.974620281593754],[-47.730237248648876,-15.974648974077173],[-47.73025706930134,-15.974752450229449],[-47.730280844558536,-15.97506220821942],[-47.7302816355312,-15.97507254395153],[-47.73028288086381,-15.975079828436568],[-47.730284701197945,-15.975090476239147],[-47.73031063220237,-15.97522537182694],[-47.73028334226265,-15.975432022372816],[-47.73028169296211,-15.975444508820738],[-47.73028146754002,-15.975452184987203],[-47.73028108740225,-15.975465110516618],[-47.73027946818464,-15.975805976250017],[-47.73028032913853,-15.975828487585765],[-47.73028236452921,-15.975846107812458],[-47.730285588004676,-15.97586355851213],[-47.73028998369844,-15.975880771245457],[-47.73029553187532,-15.97589766768745],[-47.73030221288586,-15.975914175834115],[-47.7303118293413,-15.975933649736863],[-47.73047343536675,-15.976229943404325],[-47.73054540837556,-15.976432280742682],[-47.730549606532456,-15.97644408420007],[-47.73055291602482,-15.976451083258828],[-47.730558300815936,-15.976462472447338],[-47.73064750333653,-15.976640176529926],[-47.730649900680596,-15.976644837131039],[-47.73065875125809,-15.976660362155446],[-47.730668631971945,-15.97667529245781],[-47.730679502782856,-15.976689567131084],[-47.730691314292194,-15.976703123580851],[-47.73070401715033,-15.976715902824678],[-47.730717556492465,-15.976727852272388],[-47.73073187556234,-15.976738917551472],[-47.7307469102583,-15.9767490534144],[-47.73076260023713,-15.976758216372254],[-47.730778874051865,-15.976766370302478],[-47.730795665782814,-15.976773473593372],[-47.73081290225083,-15.976779500079235],[-47.73083050842198,-15.976784424521165],[-47.730848409250086,-15.976788220777218],[-47.73086652990955,-15.976790878959736],[-47.730884789912594,-15.976792384737102],[-47.73090311450716,-15.976792733639751],[-47.73092142238228,-15.976791919475112],[-47.73093963615706,-15.976789950451373],[-47.730957676559115,-15.976786832994426],[-47.73097547005179,-15.976782583392211],[-47.730992936502794,-15.976777213500569],[-47.73101000160139,-15.976770751358481],[-47.73102659475852,-15.976763224054423],[-47.73104264353044,-15.97675465960369],[-47.731058077548795,-15.976745101349017],[-47.731072833839555,-15.97673458712023],[-47.73108684580512,-15.976723162921676],[-47.73110005802518,-15.97671087280942],[-47.73111240967467,-15.976697775358813],[-47.73112384918987,-15.976683923608595],[-47.73113432697206,-15.976669377797856],[-47.7311437990725,-15.97665420170655],[-47.73115222711879,-15.976638457237513],[-47.73115957096972,-15.976622213541306],[-47.73116579985561,-15.976605542358982],[-47.731170890413345,-15.976588510821635],[-47.73117481561952,-15.976571191525851],[-47.73117756349659,-15.97655366500555],[-47.73117912002856,-15.976535999176237],[-47.73117948069349,-15.97651827357393],[-47.7311786390412,-15.97650056324332],[-47.73117660356942,-15.976482943942342],[-47.73117338089662,-15.97646549054962],[-47.731168987000544,-15.976448279631269],[-47.731163435930654,-15.976431383261977],[-47.731156756672,-15.976414873326757],[-47.73115137186343,-15.976403485061299],[-47.731069557856564,-15.976240501122481],[-47.73099605275936,-15.976033860024964],[-47.73099522429573,-15.97603156566688],[-47.730988545068776,-15.976015055721659],[-47.73098076290569,-15.975999004141816],[-47.73097892857211,-15.975995583666167],[-47.73083991615217,-15.975740713550062],[-47.73084113319639,-15.975484209693692],[-47.7330050867807,-15.97647882109345]]]}},{"type":"Feature","properties":{"lote":"RL","tipo":"Reserva Legal","assentamento":"1º de Julho"},"geometry":{"type":"Polygon","coordinates":[[[-47.72116106478358,-15.981197805545133],[-47.72132076934629,-15.979789306434157],[-47.72208582989302,-15.979879628910066],[-47.721941621027966,-15.980090048661841],[-47.72194016461586,-15.98009219497467],[-47.72193069164609,-15.980107371691771],[-47.721922786288424,-15.980122065233454],[-47.72187639139203,-15.980215123892762],[-47.72186852493731,-15.980232417172521],[-47.721862293342355,-15.980249090950064],[-47.721858504258826,-15.980261352516258],[-47.72182538888582,-15.980378502231897],[-47.72182408839829,-15.980383271187478],[-47.7218201604341,-15.98040058775819],[-47.72181741176059,-15.980418116997136],[-47.72181585439633,-15.980435781079372],[-47.72181549484445,-15.98045350857199],[-47.72181633386038,-15.980471217276733],[-47.72181690295625,-15.980477326350789],[-47.721821618093124,-15.980522259058151],[-47.721815546821034,-15.980535118517793],[-47.72163441299896,-15.980772192240169],[-47.72153687622612,-15.980858266535552],[-47.721525015788465,-15.980869369455444],[-47.7215126632111,-15.98088246648683],[-47.721501222757254,-15.980896317860154],[-47.72150033003448,-15.980897480706224],[-47.72144509765031,-15.980969833990972],[-47.721274060626136,-15.98111484038731],[-47.72116106478358,-15.981197805545133]]]}},{"type":"Feature","properties":{"lote":"RL","tipo":"Reserva Legal","assentamento":"1º de Julho"},"geometry":{"type":"Polygon","coordinates":[]}},{"type":"Feature","properties":{"lote":"AC","tipo":"Parcela","assentamento":"15 de Agosto"},"geometry":{"type":"Polygon","coordinates":[[[-47.720977073008214,-15.91171433159927],[-47.72131618885499,-15.911049905752714],[-47.72172021346566,-15.911186333098067],[-47.72149229006912,-15.911647153150623],[-47.721233477602595,-15.911774173714289],[-47.721008451679666,-15.911721655410718],[-47.720977073008214,-15.91171433159927]]]}},{"type":"Feature","properties":{"lote":"02","tipo":"Parcela","assentamento":"15 de Agosto"},"geometry":{"type":"Polygon","coordinates":[[[-47.720977073008214,-15.91171433159927],[-47.720764083117466,-15.911664621878378],[-47.72037419076001,-15.911573624186081],[-47.72015312281718,-15.911522028655305],[-47.720006044772404,-15.91148770116937],[-47.719521038690935,-15.911482351334051],[-47.71897768042056,-15.91151880400249],[-47.718510592253516,-15.911622103395525],[-47.71843266548079,-15.910033857596142],[-47.72039407034029,-15.910083343423397],[-47.72224269271165,-15.910129967206364],[-47.72172021346566,-15.911186333098067],[-47.72131618885499,-15.911049905752714],[-47.720977073008214,-15.91171433159927]]]}},{"type":"Feature","properties":{"lote":"03","tipo":"Parcela","assentamento":"15 de Agosto"},"geometry":{"type":"Polygon","coordinates":[[[-47.71843266548079,-15.910033857596142],[-47.718510592253516,-15.911622103395525],[-47.71844336653833,-15.911636971168688],[-47.71817737655427,-15.911745017156917],[-47.71784652863916,-15.911879408039825],[-47.717215147886265,-15.912135873954902],[-47.71707095652323,-15.91215555977478],[-47.7168055245706,-15.912191798087257],[-47.71661200843491,-15.912218218201643],[-47.71609721567247,-15.912196776303864],[-47.71610200094204,-15.909975032485592],[-47.716415396185646,-15.909982943426929],[-47.71843266548079,-15.910033857596142]]]}},{"type":"Feature","properties":{"lote":"04","tipo":"Parcela","assentamento":"15 de Agosto"},"geometry":{"type":"Polygon","coordinates":[[[-47.71609721567247,-15.912196776303864],[-47.715241431768995,-15.912161128522593],[-47.714573979667925,-15.912133323309886],[-47.71435437681989,-15.911915989421404],[-47.71433365606428,-15.911779416311512],[-47.71426893602635,-15.911595768240451],[-47.71347657743742,-15.910111171911407],[-47.71341454528211,-15.909907169797421],[-47.71610200094204,-15.909975032485592],[-47.71609721567247,-15.912196776303864]]]}},{"type":"Feature","properties":{"lote":"05","tipo":"Parcela","assentamento":"15 de Agosto"},"geometry":{"type":"Polygon","coordinates":[[[-47.71391815692395,-15.912106001072344],[-47.712283811313874,-15.912037902010496],[-47.71191039301119,-15.909360090085942],[-47.711919218768955,-15.909363993839438],[-47.711929178074094,-15.909368211205004],[-47.711940447722,-15.909372771572421],[-47.7119518656137,-15.90937697241614],[-47.71196208886632,-15.909380549719696],[-47.711973642822265,-15.90938438757941],[-47.711985320638,-15.90938785718994],[-47.71199576283913,-15.909390779642708],[-47.71200755234711,-15.90939387844678],[-47.71201943947661,-15.909396601202706],[-47.712030056596774,-15.909398856713306],[-47.712042030125495,-15.909401201755093],[-47.71205407603122,-15.9094031674532],[-47.712064823131975,-15.909404745748116],[-47.7120769292349,-15.9094063286422],[-47.712089081512914,-15.90940752710275],[-47.71209991277108,-15.909408421532289],[-47.71211210001381,-15.909409234796355],[-47.71212430819923,-15.909409661234399],[-47.71213517597378,-15.909409868784497],[-47.71214739203719,-15.909409908560075],[-47.712159602914056,-15.909409561838004],[-47.712170461454505,-15.90940908127721],[-47.71218265408007,-15.909408348221048],[-47.712194815389864,-15.909407228995585],[-47.712205618061084,-15.909406062716378],[-47.71221773501451,-15.909404559291282],[-47.71222979455932,-15.909402672734375],[-47.71224049568357,-15.909400824923553],[-47.71225248477908,-15.909398557204508],[-47.71226439134264,-15.909395912088488],[-47.712274944357524,-15.909393390556753],[-47.712286754415246,-15.909390370025221],[-47.712298456793505,-15.909386976025528],[-47.71230881705146,-15.909383792172227],[-47.71232039782474,-15.909380030297973],[-47.71233184489846,-15.909375903411245],[-47.71234196870942,-15.909372070430123],[-47.712353270024366,-15.909367584101112],[-47.712364413498136,-15.909362742094885],[-47.71237425627522,-15.909358275900527],[-47.712385230781756,-15.909353083775615],[-47.71239602331766,-15.909347546211817],[-47.71240554333417,-15.90934246719875],[-47.712416142797565,-15.909336591560672],[-47.71242653806361,-15.909330383407667],[-47.712435694538215,-15.90932471286179],[-47.7124458744929,-15.909318178655468],[-47.71245582803563,-15.909311325761212],[-47.712464581156574,-15.909305087665743],[-47.7124742971855,-15.909297923448241],[-47.712483766466384,-15.909290455249359],[-47.71249207925785,-15.909283676261461],[-47.71250129070096,-15.909275912348972],[-47.71251023415104,-15.90926786097947],[-47.71251807154001,-15.909260570441937],[-47.712526738706885,-15.909252239848042],[-47.712535119447416,-15.909243639189327],[-47.712542446397286,-15.909235869154044],[-47.71255053150026,-15.909227007577947],[-47.71255831363421,-15.909217895111835],[-47.71256509977432,-15.909209677572028],[-47.712572568807005,-15.909200324278128],[-47.71257971831587,-15.909190738365991],[-47.71258593425727,-15.909182108915271],[-47.71259275506756,-15.909172302241478],[-47.712599240780946,-15.909162284821601],[-47.71260486089167,-15.909153280812744],[-47.71261100510874,-15.909143062662155],[-47.712616799601115,-15.909132656528932],[-47.71262179919457,-15.909123316205978],[-47.71262723848398,-15.909112731190781],[-47.71263231808681,-15.909101980897756],[-47.712633846317075,-15.909098600046548],[-47.71304209662918,-15.908987952748012],[-47.71307900873018,-15.909587967514863],[-47.71323811692772,-15.909966813914574],[-47.713302551053715,-15.910178718550075],[-47.71409674135625,-15.911666749095826],[-47.71415146786096,-15.91182204020431],[-47.71415617004334,-15.911853031529992],[-47.71391815692395,-15.912106001072344]]]}},{"type":"Feature","properties":{"lote":"06","tipo":"Parcela","assentamento":"15 de Agosto"},"geometry":{"type":"Polygon","coordinates":[[[-47.712283811313874,-15.912037902010496],[-47.711518370047806,-15.912006004412623],[-47.710868745072226,-15.91217829050243],[-47.71015381736892,-15.911659007071751],[-47.710858248638424,-15.909547806116596],[-47.71086191173249,-15.909550639456718],[-47.71088195171821,-15.909564157686754],[-47.710886233041535,-15.909566808946941],[-47.710908743647394,-15.90958054090528],[-47.71092537253502,-15.909590111710642],[-47.71094706451131,-15.909600983629824],[-47.71096172253172,-15.909607379208328],[-47.71098621041687,-15.909617457330882],[-47.710993932165415,-15.909620535933007],[-47.71101690496689,-15.909628575630546],[-47.711040371360895,-15.909635143258932],[-47.71104293798447,-15.909635764924454],[-47.71106877431486,-15.909641928862978],[-47.71109006838528,-15.909646376002398],[-47.71111422041274,-15.909649923796845],[-47.711129557817145,-15.909651372222855],[-47.71115765415068,-15.909653459694217],[-47.71116665630521,-15.909654023097861],[-47.711191079666236,-15.909654489426702],[-47.71121548322126,-15.909653409751973],[-47.71122097632437,-15.909652952380164],[-47.71124903300579,-15.90965041423346],[-47.71126781730372,-15.909648249970159],[-47.7112918660218,-15.909644096696315],[-47.71131135579297,-15.909639557227397],[-47.71133856552818,-15.909632466827972],[-47.7113427924384,-15.90963133984351],[-47.71136607474608,-15.909624184977403],[-47.71138882321846,-15.90961557185241],[-47.7113980954956,-15.90961157258505],[-47.71142367514464,-15.909600133957516],[-47.711436521857244,-15.909594098265632],[-47.711457914882864,-15.909582685134502],[-47.71147869833901,-15.909569803858513],[-47.71150191310684,-15.909554345963471],[-47.71152137369742,-15.909540467028826],[-47.71154005452707,-15.909525234985965],[-47.71155084708426,-15.909515452499829],[-47.71157102719735,-15.909496419992093],[-47.711577846286964,-15.90948981966322],[-47.71159431225328,-15.90947235838869],[-47.71160956258874,-15.909453891789095],[-47.711612463623304,-15.909450081843852],[-47.71162902936824,-15.909428023016087],[-47.71164009876744,-15.909412440420722],[-47.711652727893146,-15.909392205804163],[-47.711661776544226,-15.909375574711559],[-47.711674250156626,-15.909351123280821],[-47.71167643728331,-15.90934676413736],[-47.71168622864145,-15.909325107435373],[-47.71169453669132,-15.909302876881108],[-47.71169736512363,-15.909294073246038],[-47.71170538925756,-15.909267933670495],[-47.711709347645105,-15.909254028209762],[-47.71171458469473,-15.909230939378036],[-47.71171755694743,-15.909212055318314],[-47.71172445213549,-15.909220240940575],[-47.71173145649466,-15.909228285197567],[-47.71173948052626,-15.909237199052871],[-47.711747800692805,-15.909245854489576],[-47.71175533367188,-15.909253437803006],[-47.711763942375285,-15.90926182498114],[-47.711772830161934,-15.909269934988007],[-47.7117808596087,-15.909277026150257],[-47.71179001702624,-15.909284850072313],[-47.71179943369998,-15.90929237991166],[-47.7118079255958,-15.90929894773857],[-47.71181759208546,-15.909306175484668],[-47.71182749708322,-15.909313093151379],[-47.71183641464617,-15.90931910920309],[-47.71184654872381,-15.909325709682857],[-47.71185690058561,-15.90933198589266],[-47.711866206136925,-15.90933742445011],[-47.71187676448828,-15.909343369305788],[-47.71188751804562,-15.90934897662737],[-47.711897171143306,-15.909353814715836],[-47.711908108636166,-15.909359079225235],[-47.71191039301119,-15.909360090085942],[-47.712283811313874,-15.912037902010496]]]}},{"type":"Feature","properties":{"lote":"07","tipo":"Parcela","assentamento":"15 de Agosto"},"geometry":{"type":"Polygon","coordinates":[[[-47.71015381736892,-15.911659007071751],[-47.70943312680264,-15.911135532750812],[-47.709595418787075,-15.908920374233956],[-47.7095920547606,-15.908884637724045],[-47.70958888887876,-15.908851010371185],[-47.70958632805289,-15.90882380699751],[-47.709583936931324,-15.908798401539533],[-47.709572802382816,-15.908680124827525],[-47.70957274476728,-15.908676940923042],[-47.709572141656665,-15.908650123017877],[-47.70957108284138,-15.90862969273343],[-47.709570161672445,-15.908620017645791],[-47.709549096575884,-15.908427181279125],[-47.709547170624795,-15.908412454649708],[-47.70954517919292,-15.908399387991805],[-47.70954102473735,-15.908377024914751],[-47.70953763205249,-15.90836295976429],[-47.70953256929032,-15.908343716849233],[-47.70953010751095,-15.908334831516301],[-47.70952619078315,-15.908322265004212],[-47.7094278640728,-15.90802635160568],[-47.70942483891737,-15.908017631399055],[-47.709422044543615,-15.908009904507942],[-47.709421592942896,-15.908008661072506],[-47.70941591110595,-15.907994130609799],[-47.709413279349256,-15.90798781245133],[-47.709410243648854,-15.90798074249462],[-47.70936288855747,-15.907873677311963],[-47.709352440417774,-15.907852060676804],[-47.70934239064403,-15.907832938152033],[-47.70933059676999,-15.90781223617184],[-47.70931742937233,-15.90779232545971],[-47.70930054804575,-15.907769057259486],[-47.70928837542149,-15.907753242645137],[-47.70928328997617,-15.90774713591821],[-47.709242421908165,-15.90769913882515],[-47.709222055889605,-15.907580216529094],[-47.70922120877308,-15.907517012369706],[-47.7092779279813,-15.90722814215906],[-47.70931201248241,-15.907128858102663],[-47.70931969926305,-15.90713518597633],[-47.70934355229245,-15.907153633992621],[-47.70935823110402,-15.9071642437121],[-47.709383279499974,-15.907181142208975],[-47.70939331449576,-15.907187605888506],[-47.70939864369231,-15.907190800397917],[-47.70942478102524,-15.907206077552747],[-47.70944076562798,-15.907214741673458],[-47.70946787902063,-15.90722833206686],[-47.70948441449427,-15.907235966864556],[-47.709513938876825,-15.907248457618165],[-47.709529405183595,-15.907254383459586],[-47.709558120307236,-15.90726443221876],[-47.70957554345007,-15.90726991351283],[-47.709734438352704,-15.907337670047276],[-47.70984556784115,-15.907462272790077],[-47.709933340452835,-15.907587819881973],[-47.71007315890643,-15.907844824020485],[-47.7100777896487,-15.907853074270369],[-47.710082008982845,-15.90786036418172],[-47.71008686024766,-15.90786849424866],[-47.71010002771965,-15.907888404901126],[-47.71011357065833,-15.907907360688712],[-47.71012742953225,-15.907925515900063],[-47.71046058362855,-15.908329636816257],[-47.71046502624513,-15.90833492245748],[-47.71046902563378,-15.908339589564383],[-47.71047895233628,-15.908350707741965],[-47.71048435606134,-15.908356394068566],[-47.71049418256268,-15.908366512775906],[-47.71050547688129,-15.90837765171173],[-47.71055261077191,-15.908471856171746],[-47.710678606694636,-15.908781929132559],[-47.71065824587033,-15.908897170039916],[-47.71065549913193,-15.908915548193512],[-47.71065476330095,-15.908922063065805],[-47.71065258947347,-15.908943074030004],[-47.71065124624956,-15.908960113199837],[-47.71065094833292,-15.908966780629658],[-47.71064574659171,-15.909114787425043],[-47.710645562536946,-15.909131754233421],[-47.71064592866882,-15.909143743912985],[-47.7106471575266,-15.90916946740518],[-47.71064790703001,-15.909181091899766],[-47.71065061704945,-15.909204584893672],[-47.71065469410637,-15.90922687212944],[-47.7106601514825,-15.909252075569867],[-47.710666220905566,-15.909276009575851],[-47.71067361458804,-15.909298540563347],[-47.71067706318134,-15.90930758056927],[-47.71068660880606,-15.909331617232086],[-47.71069206176696,-15.909344590717943],[-47.710702431685,-15.909365994182151],[-47.710712462104325,-15.909383796400816],[-47.71072585157777,-15.909406049769274],[-47.71074078293273,-15.909428860002434],[-47.710755267923005,-15.909447895114115],[-47.71075998266171,-15.9094535647922],[-47.710776872325354,-15.909473463851988],[-47.71078789906508,-15.909485870578548],[-47.71080482789078,-15.909502913277425],[-47.71081840617403,-15.90951509557709],[-47.71083836263595,-15.909532129147857],[-47.71084282858612,-15.909535880877133],[-47.710858248638424,-15.909547806116596],[-47.71015381736892,-15.911659007071751]]]}},{"type":"Feature","properties":{"lote":"RL","tipo":"Reserva Legal","assentamento":"1º de Julho"},"geometry":{"type":"Polygon","coordinates":[[[-47.72665311383368,-15.98112927437093],[-47.7266691632009,-15.981120712876065],[-47.72668459775599,-15.981111153048738],[-47.726699354608286,-15.981100639038907],[-47.72671336897574,-15.981089213214208],[-47.72672657990827,-15.981076925119016],[-47.72673893210582,-15.9810638278387],[-47.726750372172106,-15.981049977144002],[-47.72676085046935,-15.981035430564308],[-47.72677032495026,-15.981020254564394],[-47.72677875163937,-15.98100451111766],[-47.726786095969715,-15.980988267497128],[-47.7267923252903,-15.980971594564199],[-47.72679741628518,-15.980954563061859],[-47.72680134378366,-15.98093724465973],[-47.72680409203578,-15.980919717230096],[-47.72680564892763,-15.980902051373823],[-47.726806008068735,-15.98088432665074],[-47.72680516857169,-15.980866615325557],[-47.72680313338099,-15.980848996839724],[-47.72679991095644,-15.980831544242477],[-47.72679551539554,-15.980814333221092],[-47.726789964493065,-15.980797436706373],[-47.72678328536646,-15.980780926607732],[-47.72677550325396,-15.980764873955204],[-47.72676665274095,-15.980749350563439],[-47.72675677015737,-15.980734419193265],[-47.72674590118037,-15.980720143390116],[-47.72673408964451,-15.980706588529141],[-47.72672138670541,-15.980693809054577],[-47.72670784727714,-15.980681861169378],[-47.72669352804279,-15.980670793828722],[-47.72667849128637,-15.980660655916695],[-47.72666280297692,-15.98065149265805],[-47.726646527118504,-15.980643342077109],[-47.72662973510971,-15.980636236685411],[-47.72661250021608,-15.980630208970851],[-47.72659489377494,-15.980625286929941],[-47.72657699071066,-15.98062148767571],[-47.72657440674741,-15.980621035447442],[-47.726389944649846,-15.980589696703756],[-47.726374409441185,-15.980587488589423],[-47.7263561471916,-15.98058598250094],[-47.72633782408491,-15.980585635045195],[-47.726319514825185,-15.980586447081153],[-47.72631637467132,-15.980586703665564],[-47.72619515513441,-15.980597264515126],[-47.72618008199539,-15.980598976602352],[-47.72616203924083,-15.980602092842233],[-47.72614424715896,-15.980606344797955],[-47.72612678017248,-15.980611712559266],[-47.72610971269188,-15.980618175312998],[-47.72609311900528,-15.980625703215768],[-47.726077071509394,-15.980634264641903],[-47.726066055223434,-15.98064094509012],[-47.72586287375317,-15.980770597445254],[-47.72585845359538,-15.980773475897207],[-47.72584369672292,-15.980783990755626],[-47.725836991737474,-15.980789268998159],[-47.72566617718946,-15.980928016645313],[-47.72555813310012,-15.980989424730696],[-47.72555681100208,-15.98099018028596],[-47.725554252757874,-15.980991764366609],[-47.72545991390509,-15.981010798955444],[-47.72545886455267,-15.981011011860039],[-47.72544107241147,-15.981015263765277],[-47.7254236053752,-15.981020632380643],[-47.725418548578425,-15.981022417933081],[-47.72529244204265,-15.981068275627521],[-47.72528043127547,-15.981072951872392],[-47.725269529525164,-15.9810777531451],[-47.7250830748806,-15.981164563226384],[-47.7250561396471,-15.981155259728142],[-47.72508194236078,-15.981064562380308],[-47.725159044149756,-15.980916522761325],[-47.72517510139942,-15.980905643738438],[-47.72518781722215,-15.980896498710882],[-47.72520183166739,-15.980885072070516],[-47.72521504270871,-15.980872784958887],[-47.725227395008886,-15.980859687751968],[-47.725238835158976,-15.980845835317186],[-47.72523935998292,-15.98084515399617],[-47.72527114788141,-15.980803701049147],[-47.7253117444158,-15.980789367892106],[-47.72532627688098,-15.980783788120089],[-47.725342869696966,-15.980776261185046],[-47.72535891909834,-15.98076769888059],[-47.72537435370705,-15.980758139141717],[-47.72538911063223,-15.98074762611804],[-47.72540312505487,-15.980736199467795],[-47.725416336073515,-15.980723912347047],[-47.7254286883511,-15.980710815131857],[-47.72543745214957,-15.98070037447429],[-47.72551300353363,-15.980605660400125],[-47.72551567986039,-15.980602248614908],[-47.72552615826355,-15.980587703890727],[-47.72553563283127,-15.980572527933539],[-47.72554197294886,-15.980560924011863],[-47.7256114562165,-15.980425954919173],[-47.725666063579716,-15.98038450523709],[-47.725666563524754,-15.98038412408304],[-47.72568057793116,-15.980372699226741],[-47.725693788885316,-15.980360410288872],[-47.72570614112376,-15.98034731306359],[-47.72571758122553,-15.980333461515377],[-47.72572805960163,-15.980318916785453],[-47.72573753413108,-15.980303739920355],[-47.72574596087488,-15.980287995602305],[-47.72575330527801,-15.980271752007262],[-47.725759534701396,-15.980255080899502],[-47.725764625779824,-15.980238049409866],[-47.725768553354484,-15.980220730110958],[-47.72577130169947,-15.980203202681054],[-47.72577285870053,-15.980185537720994],[-47.72577321793002,-15.980167812081621],[-47.72577237854907,-15.980150101639783],[-47.725770343452766,-15.980132482224914],[-47.72576712112494,-15.98011502869242],[-47.72576272567489,-15.980097817632698],[-47.72575717488464,-15.980080921073725],[-47.725750495871196,-15.9800644109251],[-47.725749035893536,-15.980061398400135],[-47.72575301888422,-15.980056575552673],[-47.72576349723413,-15.98004202992031],[-47.72577296990852,-15.98002685488544],[-47.725781398508296,-15.980011110544211],[-47.72578874290194,-15.97999486694959],[-47.72579497229298,-15.979978194036185],[-47.725800063365135,-15.979961162546875],[-47.72580398909265,-15.979943845077939],[-47.72580673742246,-15.979926316745237],[-47.72580829441001,-15.979908650882317],[-47.72580865553139,-15.979890927025423],[-47.72580781426108,-15.979873214801264],[-47.725807467305444,-15.979870209840342],[-47.72581059379612,-15.97986329527417],[-47.725816824140935,-15.97984662415505],[-47.72582191334267,-15.979829592689514],[-47.725825840922326,-15.979812274293986],[-47.72582858925027,-15.979794745961405],[-47.72583014623678,-15.979777080098584],[-47.72583050549091,-15.97975935626546],[-47.72582966608816,-15.97974164401774],[-47.72582763100924,-15.979724025505973],[-47.72582440868903,-15.979706571973505],[-47.725820013249,-15.979689360913753],[-47.72581446433816,-15.97967246433102],[-47.72580778440593,-15.979655954194092],[-47.72580000151498,-15.97963990330371],[-47.725791151134665,-15.979624379850891],[-47.72578126959438,-15.979609446596722],[-47.72577039984361,-15.979595172540527],[-47.72575858843116,-15.979581616701116],[-47.72575185933903,-15.979574639233745],[-47.72572906020032,-15.979551814387817],[-47.72571458480373,-15.979511777074633],[-47.725714219246676,-15.979510775578683],[-47.725707540263265,-15.97949426542447],[-47.72569975830938,-15.979478213613179],[-47.72569090794532,-15.979462690153731],[-47.72568236109356,-15.979449652883659],[-47.72563004935565,-15.979374675665472],[-47.72562784144947,-15.979366626613238],[-47.72562229070039,-15.979349730044856],[-47.7256156117316,-15.979333219885563],[-47.72560782978065,-15.979317167165608],[-47.72559897943221,-15.979301643699939],[-47.72558909700334,-15.979286711346699],[-47.725578228231605,-15.979272438166744],[-47.725566416852956,-15.97925888231144],[-47.725565226088,-15.979257684450987],[-47.72557674563928,-15.979200977421034],[-47.72557731267009,-15.979198105378813],[-47.72558006102074,-15.979180577046462],[-47.7255816180336,-15.979162911181904],[-47.72558197731762,-15.979145187345054],[-47.72558113794816,-15.979127475091682],[-47.725580675185995,-15.979122399726938],[-47.72557115354047,-15.979028104907089],[-47.72557886751414,-15.9789541684911],[-47.725579896399864,-15.978941143484512],[-47.72558025754165,-15.97892341872071],[-47.72557941632174,-15.978905707393507],[-47.72557738129725,-15.978888089776445],[-47.72557415902361,-15.978870636233575],[-47.72556976363433,-15.978853425161349],[-47.7255642147782,-15.978836528564141],[-47.72555753582572,-15.978820017495927],[-47.7255571872953,-15.978819238866404],[-47.725514717780115,-15.978724439589021],[-47.72552300975894,-15.978646026961842],[-47.72552408030896,-15.978632631127242],[-47.72552443960488,-15.978614907289082],[-47.725523600250426,-15.978597195033572],[-47.725521565226096,-15.978579576511285],[-47.72551834296656,-15.978562122965602],[-47.72551394760525,-15.978544912793021],[-47.72550839689942,-15.978528016215558],[-47.72550491663312,-15.978519015994518],[-47.725380885049134,-15.978214936715283],[-47.72539346282563,-15.978181552375606],[-47.72539668638186,-15.978172498783357],[-47.72540177653549,-15.978155467314664],[-47.725405702289095,-15.978138149850576],[-47.72540845065593,-15.978120621518816],[-47.72540880123721,-15.978117623067394],[-47.72542777880945,-15.97794615869902],[-47.72542898711794,-15.977931490357909],[-47.725429346431305,-15.977913766517775],[-47.725428507110564,-15.977896055162125],[-47.725426472099514,-15.977878435732523],[-47.72542350581196,-15.977862162992459],[-47.72537216409883,-15.977623301319808],[-47.72537033994496,-15.977407297986893],[-47.72538134607769,-15.977307859483746],[-47.725382552551004,-15.977293192971905],[-47.7253829137314,-15.97727546820379],[-47.72538207255977,-15.977257756869633],[-47.72538003758068,-15.977240138340017],[-47.725376815386106,-15.97722268568806],[-47.72537242007253,-15.977205474601256],[-47.72536687130065,-15.977188577987027],[-47.72536237275834,-15.977177117786779],[-47.72526214695225,-15.976938266909674],[-47.72524438664886,-15.976865433702985],[-47.725257847446386,-15.976707680730046],[-47.725258411663276,-15.976699568532743],[-47.72525877286228,-15.976681843762435],[-47.72525793171267,-15.976664132424848],[-47.7252558976924,-15.976646513878759],[-47.72525267459289,-15.976629061232773],[-47.72525260191124,-15.976628727077957],[-47.72522560454381,-15.976506630124174],[-47.72522608958244,-15.976503287667189],[-47.72524634144839,-15.976419344174296],[-47.72524897983842,-15.97640713690818],[-47.7252517282451,-15.976389610383507],[-47.725253285306295,-15.976371944516165],[-47.72525359841452,-15.976363904142293],[-47.72525637864665,-15.976245186965295],[-47.72525558745659,-15.976217790303096],[-47.725253552514054,-15.976200171767431],[-47.725250330349574,-15.976182718204786],[-47.72524849686019,-15.976174941667393],[-47.725213662701776,-15.97603658038953],[-47.7252356284425,-15.975949996890082],[-47.72523900863023,-15.975934792537014],[-47.725241757013706,-15.975917264206638],[-47.725243314079016,-15.975899598339096],[-47.725243675301854,-15.97588187447069],[-47.725242834156376,-15.97586416222814],[-47.72524079922367,-15.975846543691118],[-47.72523757707103,-15.975829090126714],[-47.72523318181919,-15.975811879028496],[-47.72522763311635,-15.975794982400927],[-47.72522095527805,-15.975778472189313],[-47.72521367099145,-15.975763371382921],[-47.72520786236123,-15.975752237563244],[-47.725208164848105,-15.975751340494597],[-47.725262152899674,-15.975813003892316],[-47.725337830889025,-15.975979902476318],[-47.72534476929679,-15.975994073782],[-47.72535361947593,-15.976009599997063],[-47.72536349979611,-15.976024530610534],[-47.725367540883184,-15.97603006730354],[-47.7254338668427,-15.976118594391558],[-47.72548580738579,-15.976374760486387],[-47.72548669127584,-15.97637894540934],[-47.72549108659346,-15.976396158302292],[-47.7254966353423,-15.976413054916211],[-47.72550331600755,-15.97642956327007],[-47.725503916785286,-15.976430905893682],[-47.725558245901375,-15.97655143164387],[-47.72556542691398,-15.976566140860204],[-47.725574277141185,-15.976581667058891],[-47.72558415751125,-15.976596597654588],[-47.72559502798628,-15.97661087173914],[-47.72560052508285,-15.976617406034444],[-47.72589935961424,-15.976961523183162],[-47.72602998867218,-15.977144369216882],[-47.72608822252476,-15.97728740461011],[-47.72609148684027,-15.977295075385095],[-47.7260992687096,-15.977311127193335],[-47.72610811899231,-15.977326651551538],[-47.72611799944377,-15.97734158210992],[-47.726128870025796,-15.977355857960449],[-47.726140681304095,-15.97736941379841],[-47.726153383966675,-15.977382193349184],[-47.72616692312508,-15.977394142215239],[-47.72618124019357,-15.977405208755432],[-47.72619627663531,-15.977415344940683],[-47.72621196654337,-15.977424510060757],[-47.72622824025245,-15.977432661646713],[-47.72624503195347,-15.977439766212447],[-47.72626226839389,-15.977445792172587],[-47.72627987457658,-15.977450716995646],[-47.72629777547987,-15.977454516344043],[-47.72631589621669,-15.977457175813473],[-47.726334156299046,-15.977458681070635],[-47.72635248098668,-15.977459028547376],[-47.72637078809592,-15.97745821657635],[-47.72638900298443,-15.97745624881359],[-47.72640704356646,-15.97745313081588],[-47.72642483723794,-15.977448878857821],[-47.726442303927016,-15.977443509308749],[-47.726459370230785,-15.977437048388298],[-47.726475962721935,-15.977429520510114],[-47.72649201182953,-15.977420959070606],[-47.72650744614011,-15.97741139929593],[-47.72652220276408,-15.97740088533584],[-47.72653621692036,-15.977389459557736],[-47.72654942765979,-15.977377171505797],[-47.726561779683145,-15.977364074265221],[-47.72657321959486,-15.977350223606562],[-47.726583697757846,-15.977335677059052],[-47.72659317212535,-15.97732050108735],[-47.72660159872243,-15.977304757664722],[-47.72660894298248,-15.9772885140641],[-47.72661517225485,-15.97727184114677],[-47.72662026322374,-15.977254809655673],[-47.726624190718624,-15.97723749126037],[-47.72662693992301,-15.97721996382132],[-47.72662849592249,-15.9772022979748],[-47.726628855126826,-15.977184573245227],[-47.72662801571486,-15.977166861909149],[-47.72662598156422,-15.977149243396203],[-47.7266227583338,-15.977131790791237],[-47.726618362921016,-15.977114579746061],[-47.72661281218652,-15.977097683203436],[-47.72660939758858,-15.977088844740614],[-47.72653933353378,-15.976916751963484],[-47.726536069210844,-15.976909081196771],[-47.72652828547542,-15.976893030333516],[-47.72651943518778,-15.97687750599416],[-47.72650955470138,-15.976862572745729],[-47.726509146418806,-15.97686200079789],[-47.72635267115885,-15.976642975807973],[-47.72634221078279,-15.976629273695071],[-47.7263367136771,-15.976622740325583],[-47.72605548399725,-15.976298898953932],[-47.72602958318926,-15.976241439833538],[-47.72597165902,-15.97595575747165],[-47.725970775099036,-15.975951570745794],[-47.72596637978248,-15.975934359672927],[-47.72596083008255,-15.97591746308641],[-47.72595415031509,-15.975900952931411],[-47.72594636852978,-15.975884901105779],[-47.72593751928617,-15.975869377618443],[-47.72592763611237,-15.975854445266101],[-47.72592359689515,-15.975848909464748],[-47.72583871641606,-15.97573561982532],[-47.725758720872584,-15.975559198077196],[-47.72575178060321,-15.97554502771327],[-47.72574293043467,-15.975529502418642],[-47.725733050082944,-15.975514569113567],[-47.725722181562915,-15.975500296809395],[-47.72571595709918,-15.975492928172377],[-47.72549837201944,-15.975244408023048],[-47.725492785349545,-15.975238218961637],[-47.72548008288066,-15.975225439341962],[-47.72546654393565,-15.975213491304451],[-47.725452225195625,-15.975202423804905],[-47.725437188942436,-15.975192285728136],[-47.72542150115514,-15.975183123202608],[-47.72540522578678,-15.975174970641286],[-47.72538843431932,-15.975167866877593],[-47.725371200863925,-15.975161838067223],[-47.725367615749775,-15.975160738285133],[-47.72529928452772,-15.97514023710134],[-47.72529929815035,-15.975139588452695],[-47.725298457038434,-15.975121878015605],[-47.725296422107014,-15.975104258574598],[-47.725293199972285,-15.975086805008862],[-47.725288938841146,-15.975070051019785],[-47.725235116909246,-15.974884202331559],[-47.725234985599265,-15.974883744282142],[-47.72522943413443,-15.974866847684861],[-47.72522723339962,-15.974861044709412],[-47.72514110955626,-15.974641809614123],[-47.72513662970682,-15.974631102404036],[-47.72513152544662,-15.974620271243712],[-47.724981847199786,-15.974320328503547],[-47.72493307257762,-15.974162576551407],[-47.72489371399491,-15.973909068568386],[-47.72490341089108,-15.973783657020137],[-47.724916438504856,-15.973795154587773],[-47.72493075522902,-15.973806221265122],[-47.72494403693822,-15.973815247246783],[-47.72503476534482,-15.973873183005747],[-47.725036519742545,-15.973874294253624],[-47.72505220930851,-15.973883459512225],[-47.725068482662316,-15.973891610337247],[-47.72508244317391,-15.973897605699822],[-47.7251669985682,-15.973931277373886],[-47.725169829428005,-15.973932387623863],[-47.72518706553222,-15.973938413723761],[-47.725204671369404,-15.973943337785173],[-47.7252225719438,-15.973947137275976],[-47.72523794676433,-15.973949467703985],[-47.72539943652315,-15.973969523553986],[-47.72540218302549,-15.97396985091821],[-47.72542044281713,-15.973971358109784],[-47.72543876719711,-15.97397170571423],[-47.725457073983165,-15.973970892063603],[-47.72547528858305,-15.973968924425465],[-47.725493328887886,-15.97396580655003],[-47.725511122294726,-15.973961554711407],[-47.72552858876957,-15.973956187987447],[-47.72554565390374,-15.973949727191021],[-47.72556224709581,-15.97394219850583],[-47.72556743799497,-15.97393957313348],[-47.72564568660202,-15.973898987341846],[-47.725694210007845,-15.97388912387945],[-47.72569484870387,-15.97388899295322],[-47.725712642109364,-15.973884742002607],[-47.725730108533085,-15.973879372555052],[-47.725747173652,-15.973872911744596],[-47.725763766852545,-15.97386538485197],[-47.72577981571539,-15.973856821696646],[-47.72579524983499,-15.973847262910613],[-47.725810006285776,-15.97383674993425],[-47.725810228988905,-15.97383658002511],[-47.72585026957303,-15.973805979797753],[-47.72585049495418,-15.973805800822936],[-47.72585312123113,-15.973803800430948],[-47.72589431038827,-15.973785417265043],[-47.726034244801355,-15.973763802673938],[-47.726368577842244,-15.973815629552682],[-47.72636843185265,-15.973822840500965],[-47.72636927115456,-15.973840550042624],[-47.726371306171636,-15.973858171268695],[-47.726373567371006,-15.973871055213705],[-47.726400067592365,-15.9740027626019],[-47.72640365048476,-15.974127747417578],[-47.72640440631672,-15.974141500328559],[-47.72640644133201,-15.9741591206499],[-47.72640966349573,-15.9741765714785],[-47.72641405880978,-15.974193784350897],[-47.7264196084742,-15.974210680929565],[-47.72642022970518,-15.974212361980054],[-47.72645632510272,-15.974308934536127],[-47.72646238359018,-15.974323762726222],[-47.72647016533245,-15.974339814538212],[-47.726479016418025,-15.974355339791963],[-47.726479509947076,-15.974356140064883],[-47.72658840811724,-15.974531823877088],[-47.7265977939653,-15.974545954171955],[-47.72660866438095,-15.97456022911667],[-47.72662047550386,-15.974573785854849],[-47.72663317798602,-15.974586565402877],[-47.72664671696421,-15.97459851516927],[-47.7266610356838,-15.974609580780161],[-47.72666350476786,-15.97461134497351],[-47.72686139407131,-15.974751047821096],[-47.72689078593716,-15.974779380532302],[-47.72707062323095,-15.975164238782735],[-47.727076287170355,-15.9751756444225],[-47.72707956285517,-15.975181674884428],[-47.72725553526955,-15.975495958608878],[-47.72729603254563,-15.975602520136805],[-47.7273015769288,-15.975615986507414],[-47.72730935972145,-15.975632037354274],[-47.72731636305254,-15.97564451521696],[-47.72733830023378,-15.975681265988698],[-47.727345382963534,-15.975777234454672],[-47.72734553566415,-15.975779201425352],[-47.72734757080091,-15.975796821720019],[-47.72735079405181,-15.975814274309567],[-47.727354807442765,-15.97583016342724],[-47.72740144161869,-15.97599327393664],[-47.72742413117427,-15.976152480279776],[-47.72742440595729,-15.976154361707017],[-47.727427628292084,-15.976171814304823],[-47.72743202374964,-15.97618902623021],[-47.72743757264476,-15.976205922769797],[-47.72744425346198,-15.976222431942874],[-47.72744544321391,-15.97622507126384],[-47.72749587209989,-15.976335365975299],[-47.72749954899315,-15.976456951736603],[-47.727500292843196,-15.976470294742992],[-47.727502328010324,-15.976487915031992],[-47.72750338817478,-15.976494425169536],[-47.72755742711932,-15.976802013636059],[-47.72755919626423,-15.976827213976826],[-47.72753006493648,-15.97696208154105],[-47.72752883231544,-15.976968126729147],[-47.72752608414941,-15.976985655961549],[-47.72752452728272,-15.977003320911185],[-47.72752429724635,-15.977008528788563],[-47.72751895777478,-15.977164531249116],[-47.727519668150556,-15.977194757605009],[-47.727521703337246,-15.977212377891366],[-47.72752492570023,-15.977229829579223],[-47.727529321228474,-15.97724704330228],[-47.72753487017535,-15.977263939832063],[-47.727537773706615,-15.977271508580053],[-47.727550180957216,-15.977302437338775],[-47.727547749694565,-15.977417243715438],[-47.727548554765285,-15.977444054892407],[-47.727550589948386,-15.977461674274329],[-47.72755297341147,-15.977475163565105],[-47.727591930982555,-15.977666441790427],[-47.72759331286911,-15.977704464804658],[-47.72757271091114,-15.977861271417158],[-47.727572414694876,-15.977863594511128],[-47.72757085783834,-15.977881259460249],[-47.72757049873856,-15.977898985080687],[-47.72757133823452,-15.977916695495628],[-47.727573373443484,-15.977934315778608],[-47.72757659582058,-15.977951766559148],[-47.72757698447722,-15.977953507452867],[-47.72759049010204,-15.978013041862626],[-47.72755461854963,-15.978100925430972],[-47.72754875171317,-15.978116711373847],[-47.72754366268391,-15.978133742853247],[-47.72754253986843,-15.978138177202984],[-47.72751000830594,-15.978271473051665],[-47.72745665707073,-15.978369284712132],[-47.727405560340095,-15.978405785083803],[-47.72739853397653,-15.978410970796817],[-47.727384521683994,-15.978422396610005],[-47.727371310958276,-15.978434685618025],[-47.727366714484575,-15.978439360020234],[-47.727278828287915,-15.978530896493677],[-47.727123152442786,-15.978655558525784],[-47.727114333121584,-15.978662923740913],[-47.7271011223632,-15.978675212737096],[-47.72708877031375,-15.978688310014343],[-47.72707733036902,-15.97870215980225],[-47.72706685029946,-15.978716704595378],[-47.727057377826576,-15.97873188327626],[-47.727048951214634,-15.978747625815677],[-47.72704160694665,-15.978763868529152],[-47.72703537583128,-15.978780542385186],[-47.72703102442131,-15.978794825193797],[-47.72694347534567,-15.979114247509134],[-47.72694273768391,-15.979116997079185],[-47.726938810183114,-15.97913431367305],[-47.726936061966086,-15.979151842907374],[-47.7269346408099,-15.979167193123617],[-47.72691920729067,-15.979412044613962],[-47.726887401172924,-15.97948682849556],[-47.72684872612761,-15.979543357951526],[-47.72684738600456,-15.979545331212748],[-47.726837913472565,-15.979560508988547],[-47.72682948681804,-15.979576251526344],[-47.72682214252413,-15.979592495141679],[-47.72681591137519,-15.97960916899702],[-47.726810822264106,-15.979626200472472],[-47.72680883843967,-15.979634273770726],[-47.726779397492585,-15.979762806825079],[-47.726777452866614,-15.979772050132748],[-47.72677470463567,-15.97978957936762],[-47.72677314772122,-15.97980724432138],[-47.7267727885756,-15.979824969949142],[-47.72677362803798,-15.979842680374077],[-47.72677566322579,-15.979860300669657],[-47.72677888559423,-15.979877751465372],[-47.72678328115666,-15.979894965200874],[-47.72678883015409,-15.979911861744654],[-47.726795511070634,-15.979928369116001],[-47.72680329312889,-15.97994442087067],[-47.72681214362318,-15.979959946073055],[-47.726822024283564,-15.979974876567569],[-47.72683289507097,-15.97998915144646],[-47.726844706586874,-15.980002708114343],[-47.72685740948161,-15.9800154875879],[-47.7268709488902,-15.98002743727594],[-47.72688526618915,-15.980038502828615],[-47.72690030287735,-15.980048638926258],[-47.726915993046816,-15.980057804858978],[-47.72693226700663,-15.980065956352247],[-47.72694905894671,-15.980073059920336],[-47.72696629565014,-15.980079086687317],[-47.72698390208197,-15.980084011413048],[-47.727001803231715,-15.98008781066344],[-47.727019924186806,-15.980090468228523],[-47.72703818453159,-15.980091975193512],[-47.72705650943916,-15.980092321669602],[-47.727074816786015,-15.980091510504906],[-47.727093032801186,-15.980089540828974],[-47.72711107268313,-15.98008642455563],[-47.72712886655401,-15.980082172506236],[-47.72714633343201,-15.980076802868432],[-47.72716339896775,-15.980070340971029],[-47.727179992570335,-15.980062813901553],[-47.72719604183091,-15.980054252383265],[-47.72721147626886,-15.980044691630814],[-47.7272262330185,-15.980034177600308],[-47.727240247298184,-15.980022752659426],[-47.72725345812157,-15.980010463643605],[-47.72725468689307,-15.9800091610404],[-47.72726430839264,-15.980015647463672],[-47.72727999950497,-15.980024813355806],[-47.72729627253859,-15.980032964831473],[-47.72731306448386,-15.980040068369531],[-47.727330301190364,-15.980046095106045],[-47.72734790762314,-15.980051019801001],[-47.727365808734966,-15.980054816311386],[-47.727383929698966,-15.980057474748484],[-47.727402190062776,-15.980058983488592],[-47.7274205158963,-15.980059329922138],[-47.72743882230006,-15.980058518738948],[-47.727457037345616,-15.980056547238952],[-47.72747507906871,-15.980053430009649],[-47.727492872027305,-15.980049180652612],[-47.72751033888794,-15.980043810987127],[-47.727524594525896,-15.980038413421578],[-47.72753458851805,-15.980046136058359],[-47.727549622443846,-15.980056273043889],[-47.72756531262347,-15.980065438021446],[-47.727581586589885,-15.980073588558295],[-47.72759837856966,-15.980080693877944],[-47.72761561527236,-15.980086719686646],[-47.72763322171199,-15.980091644356548],[-47.72765112286573,-15.980095443550784],[-47.727669243821005,-15.980098101059616],[-47.727687504149955,-15.9800996070655],[-47.72770582906239,-15.980099954388896],[-47.72772413638589,-15.980099142266116],[-47.72774235146498,-15.980097173450828],[-47.727760392261956,-15.980094057112535],[-47.72777818611081,-15.980089805011367],[-47.72779565296331,-15.980084435323313],[-47.72781271848244,-15.980077974280464],[-47.72782931202847,-15.980070445358463],[-47.72784536126611,-15.980061884698848],[-47.7278607956782,-15.980052324807462],[-47.72787555237469,-15.980041809834479],[-47.72788956661087,-15.980030384856892],[-47.727902777388316,-15.980018095807209],[-47.72791512944429,-15.980004998480098],[-47.727926569358665,-15.979991146840463],[-47.72793704753094,-15.979976601126914],[-47.72794652187773,-15.979961425095322],[-47.72795494842411,-15.97994568071924],[-47.72796229262817,-15.979929437077846],[-47.72796852185171,-15.979912765935621],[-47.7279736136638,-15.97989573441172],[-47.72797754010603,-15.979878415114362],[-47.72798028826612,-15.979860888589362],[-47.72798184506038,-15.979843222740339],[-47.727982204098744,-15.979825497127138],[-47.72798136453092,-15.979807786723452],[-47.727979329252804,-15.979790167358571],[-47.72797610674902,-15.97977271388768],[-47.72797171206306,-15.979755502889077],[-47.72796789580426,-15.979743492216638],[-47.727969143097916,-15.979708166136895],[-47.72796844086132,-15.979677655197676],[-47.72796640561202,-15.979660037638135],[-47.72796318310104,-15.979642583263368],[-47.72795878935433,-15.97962537225186],[-47.72795323840845,-15.979608475775663],[-47.72794655924801,-15.979591965720303],[-47.72793877805712,-15.979575914006816],[-47.72792992566282,-15.979560390691008],[-47.7279271554882,-15.979555982255231],[-47.72789887633352,-15.97951193592873],[-47.72788667889371,-15.97936546679607],[-47.72793061583465,-15.979300343623034],[-47.72793096449109,-15.979299822586945],[-47.72794043881495,-15.979284646559677],[-47.727948865354506,-15.979268903090304],[-47.72795620953118,-15.979252658548962],[-47.72796243873136,-15.979235986506156],[-47.72796752960286,-15.979218954995885],[-47.72797145698783,-15.979201636590808],[-47.727974203282024,-15.979184110089957],[-47.72797576193619,-15.979166443314025],[-47.727976120996054,-15.979148718602973],[-47.72797527956226,-15.979131007318438],[-47.727973244325874,-15.979113389757385],[-47.72797002184321,-15.979095936283686],[-47.727965626236454,-15.97907872439044],[-47.727960077179745,-15.979061827887731],[-47.727953396177426,-15.979045317852787],[-47.72794580190616,-15.979029622321915],[-47.72792358783532,-15.978987297237042],[-47.727934984430604,-15.978925773335272],[-47.7279374346836,-15.97890982481274],[-47.72793899148818,-15.978892158963204],[-47.72793935150055,-15.978874435142552],[-47.727938510996395,-15.978856722941922],[-47.72793849646114,-15.978856546105439],[-47.72792385297004,-15.978678128630124],[-47.72793001971934,-15.978662566472448],[-47.72797642983286,-15.97857747991634],[-47.72815848710659,-15.978907031617396],[-47.72815655398409,-15.978920698498019],[-47.728155907954125,-15.97892559102752],[-47.72815435115685,-15.978943255972641],[-47.72815399212237,-15.978960981584795],[-47.72815483168937,-15.978978691987226],[-47.72815686696257,-15.978996311350516],[-47.72816008943349,-15.97901376301326],[-47.72816448507839,-15.979030976706262],[-47.728166395255975,-15.979037236708518],[-47.72819483842474,-15.979126496210835],[-47.728198477322714,-15.979137132702473],[-47.72820515833596,-15.979153641823036],[-47.72821294045807,-15.979169693514807],[-47.72822179100759,-15.979185218648437],[-47.7282297542521,-15.979197414223853],[-47.728264024128976,-15.979246929026756],[-47.72826594159218,-15.979249663871125],[-47.72827681242226,-15.979263938667913],[-47.72828862397166,-15.979277495248665],[-47.728301326890545,-15.979290274630397],[-47.728314866313866,-15.979302224222327],[-47.728319440946215,-15.979305922442272],[-47.72838317432967,-15.979356346709828],[-47.728385302994496,-15.979359784246347],[-47.728393399729605,-15.979402887225753],[-47.72839149492252,-15.979411962945862],[-47.72838874684781,-15.979429493082307],[-47.72838719006249,-15.979447157122788],[-47.728386831055104,-15.979464882731563],[-47.728387670651955,-15.979482593128836],[-47.72838970596989,-15.979500213388219],[-47.72839292846354,-15.979517664139351],[-47.72839732413356,-15.979534876919026],[-47.72840287324483,-15.979551773402058],[-47.728409554281015,-15.979568281607934],[-47.7284173364398,-15.979584333286722],[-47.72842618796078,-15.979599858394263],[-47.72843606777314,-15.979614788810897],[-47.72844693863796,-15.979629063593704],[-47.72845875022281,-15.979642620159561],[-47.72847145317781,-15.979655399525594],[-47.72848499263769,-15.979667349101039],[-47.72849930997872,-15.979678414536577],[-47.728514346711854,-15.979688551416023],[-47.72853003689229,-15.979697716320985],[-47.728546310853446,-15.97970586678349],[-47.728563102821916,-15.979712972027373],[-47.72858033950732,-15.979718997759214],[-47.728597945911474,-15.979723921448462],[-47.728615847036195,-15.979727720564622],[-47.728633968902486,-15.979730378886444],[-47.72865222825766,-15.979731884826231],[-47.72867055312444,-15.979732232072248],[-47.72868886039712,-15.979731419873003],[-47.72870707542043,-15.979729450982443],[-47.72872511614465,-15.97972633366742],[-47.72874290992854,-15.979722081494401],[-47.728760376724125,-15.979716712639691],[-47.72877744217022,-15.979710251529628],[-47.72879403563963,-15.979702722543175],[-47.72881008479742,-15.979694161822138],[-47.72882551912673,-15.979684601872611],[-47.728840275737895,-15.979674086845053],[-47.7288542898866,-15.979662661816647],[-47.72886750057472,-15.979650372720169],[-47.72887985253997,-15.979637275350441],[-47.72889129236254,-15.979623423672566],[-47.728901770442405,-15.979608877925315],[-47.72891124469651,-15.979593701864717],[-47.728919671150365,-15.979577957464434],[-47.72892701526244,-15.979561713803756],[-47.72893324438268,-15.979545041744245],[-47.728937982532734,-15.97952933874246],[-47.72895101067765,-15.97948074282829],[-47.72895136330409,-15.979479413405768],[-47.72895529061487,-15.979462095898468],[-47.72895803866342,-15.979444567568457],[-47.72895959537337,-15.979426901725612],[-47.72895995435505,-15.979409177929716],[-47.728959114685004,-15.979391465736352],[-47.728957079345214,-15.97937384729582],[-47.72895546717986,-15.979364298702421],[-47.728927322209806,-15.979214454719022],[-47.72892571181704,-15.97920655077011],[-47.72892131613992,-15.979189339812706],[-47.72891576606885,-15.979172443359667],[-47.72890908592123,-15.979155933355539],[-47.728901303748415,-15.979139881697552],[-47.72889245317812,-15.979124358405741],[-47.72889206370321,-15.979123728422733],[-47.72883865533114,-15.979037426797943],[-47.728829162189186,-15.979023125515084],[-47.72881829323187,-15.979008852532377],[-47.728806481682625,-15.978995296886588],[-47.72879377875833,-15.978982517536517],[-47.72878023933624,-15.978970567975544],[-47.72877566470571,-15.978966869765463],[-47.72872145033283,-15.978923977331169],[-47.72872576217722,-15.978893501214431],[-47.72872640818079,-15.978888607782368],[-47.728727964915194,-15.97887094193789],[-47.72872832392454,-15.978853218138552],[-47.728727484285216,-15.978835505939927],[-47.728725448979105,-15.978817887492365],[-47.72872222644196,-15.978800434038932],[-47.728717830796235,-15.978783223072707],[-47.7287122798248,-15.978766326621281],[-47.72870560065765,-15.978749817496736],[-47.72869781852097,-15.978733765825865],[-47.72869528915954,-15.978729077071725],[-47.72851571606402,-15.97840402559104],[-47.72854388097859,-15.978340382294192],[-47.728546545987534,-15.97833414551749],[-47.72855277513229,-15.97831747437136],[-47.72855786594109,-15.97830044285718],[-47.72856179326857,-15.978283124450693],[-47.728564541353244,-15.9782655961212],[-47.72856609810634,-15.978247930275542],[-47.72856645713802,-15.978230206473516],[-47.728565617524595,-15.978212494270743],[-47.72856403379407,-15.97819801762618],[-47.72854401699589,-15.978052524784571],[-47.72855968989388,-15.977979051893078],[-47.72855970050787,-15.977979008406324],[-47.728586676240006,-15.978051631168698],[-47.72859292494038,-15.978066968938096],[-47.72860070704688,-15.978083021521975],[-47.72860686111065,-15.978094065929733],[-47.728673435788046,-15.978207178184475],[-47.728725362844635,-15.978397410829485],[-47.72872659862216,-15.978401789055171],[-47.72873214771259,-15.978418685531812],[-47.72873882873324,-15.978435194633652],[-47.72874661085742,-15.978451246304724],[-47.7287554613914,-15.978466770512775],[-47.72876534208951,-15.978481700908663],[-47.72877621291251,-15.978495976585032],[-47.72878802441278,-15.978509531334906],[-47.72879394993758,-15.978515701530004],[-47.728879691762735,-15.978602243980042],[-47.72888777836364,-15.9786588448976],[-47.72888803978268,-15.978660634366738],[-47.72889126231731,-15.978678086912979],[-47.72889565798575,-15.978695298776858],[-47.728900920035166,-15.978711405907989],[-47.72890945552159,-15.978734951521645],[-47.72890375346266,-15.978747803715557],[-47.728897522511076,-15.978764477601572],[-47.72889243359416,-15.97878150909681],[-47.72888850626909,-15.978798825699691],[-47.728885758226035,-15.978816354932313],[-47.728884201480824,-15.978834018969772],[-47.728883818228866,-15.97884844019203],[-47.728883966299534,-15.979004316872704],[-47.728884830200144,-15.97902533074037],[-47.72888686556186,-15.97904295189267],[-47.72889008808354,-15.97906040263142],[-47.72889406736091,-15.979076169292181],[-47.72891811651814,-15.97916043120378],[-47.72891853293559,-15.979161877308009],[-47.72892408207296,-15.979178773772857],[-47.728930763131785,-15.979195281958308],[-47.72893854532192,-15.979211334517467],[-47.72894739591265,-15.979226858709133],[-47.72895727667032,-15.97924178908723],[-47.72895856997853,-15.97924359345593],[-47.728980961763405,-15.979274567844744],[-47.72898118705339,-15.979276240360317],[-47.728981772616116,-15.97928038207793],[-47.72898499515303,-15.979297832813042],[-47.72898939086381,-15.97931504557378],[-47.7289949400132,-15.97933194203501],[-47.72900162108468,-15.979348450216348],[-47.72900940327576,-15.979364501867918],[-47.72901825389245,-15.979380026957575],[-47.72902813466425,-15.97939495733024],[-47.729039005551655,-15.979409232078643],[-47.729050817155674,-15.979422788607966],[-47.72906352012629,-15.979435567935486],[-47.72907705959819,-15.979447517470646],[-47.729091378814594,-15.979458582840582],[-47.72910641368543,-15.97946871970035],[-47.729122103866864,-15.979477884560666],[-47.7291383778253,-15.97948603497748],[-47.729155169787354,-15.979493140174787],[-47.729172406462666,-15.979499165859368],[-47.7291900128531,-15.979504089500907],[-47.729207913960536,-15.979507888569069],[-47.72922603579381,-15.97951054593981],[-47.72924429513706,-15.979512052734703],[-47.72926261997636,-15.979512399933144],[-47.729280927218376,-15.979511587686876],[-47.7292991421957,-15.979509617847047],[-47.72931718289556,-15.979506501389722],[-47.729334976640054,-15.979502249172517],[-47.729352443393694,-15.979496880274972],[-47.729369508795436,-15.979490419123596],[-47.729386102218264,-15.979482890097506],[-47.72940215132748,-15.979474329338704],[-47.72941758560637,-15.979464769353452],[-47.729432342165566,-15.979454254292333],[-47.72944635626091,-15.979442829232685],[-47.729459566894555,-15.979430540107426],[-47.729471918804414,-15.97941744271151],[-47.72948335857092,-15.979403591010119],[-47.7294938365943,-15.979389045242153],[-47.72949713904804,-15.979383755913908],[-47.729500483711554,-15.979385431273236],[-47.72951727567272,-15.979392536441594],[-47.72953451234493,-15.979398562096817],[-47.72955211873009,-15.979403485708685],[-47.72957001980557,-15.979407282940981],[-47.72958814072027,-15.979409942099725],[-47.72960640096083,-15.979411447046973],[-47.72962472581092,-15.979411796021845],[-47.72964303394623,-15.979410981928474],[-47.72966124799697,-15.979409013877754],[-47.72967928865287,-15.979405895586233],[-47.72969708240067,-15.979401645147593],[-47.72971454913143,-15.979396276223396],[-47.729731614508744,-15.979389815046314],[-47.729748207905665,-15.97938228599559],[-47.72976425695087,-15.979373722504263],[-47.72977969123805,-15.979364165205808],[-47.72979444776764,-15.979353650123809],[-47.72980846183239,-15.979342225044725],[-47.72982167243458,-15.979329935901548],[-47.729834025245765,-15.979316838477459],[-47.729845464046036,-15.979302986773288],[-47.72985594203623,-15.979288440992429],[-47.7298654143332,-15.979273264926576],[-47.729873842563755,-15.979257520478448],[-47.72988118658584,-15.979241276798499],[-47.729887416550284,-15.979224604712869],[-47.72989250631741,-15.979207573194175],[-47.729893040153506,-15.979205218182184],[-47.72995134191283,-15.97928014156002],[-47.72996319058,-15.97933351095335],[-47.729967464053914,-15.979350172496112],[-47.729973014216306,-15.979367068907225],[-47.7299796944435,-15.979383577960265],[-47.729987476708665,-15.979399629563984],[-47.72999632739624,-15.979415154601286],[-47.73000246654823,-15.979424678207868],[-47.7300450871554,-15.97948786261518],[-47.73004882976633,-15.979493268408616],[-47.730059700736405,-15.979507543996126],[-47.7300715123946,-15.979521099554576],[-47.73008421542736,-15.979533878810555],[-47.73009775494463,-15.979545827367774],[-47.7301120742261,-15.97955689356271],[-47.73012710913249,-15.979567029438766],[-47.73014279935651,-15.979576194215989],[-47.73015907336439,-15.9795843454507],[-47.73017586534583,-15.979591449658205],[-47.73019310204705,-15.979597475254732],[-47.73021070846988,-15.97960239971029],[-47.730228609591556,-15.979606198688963],[-47.73024673049958,-15.979608855981903],[-47.73026499077862,-15.979610362675551],[-47.73028331561421,-15.979610709785195],[-47.73030162378002,-15.979609897439289],[-47.73031983780823,-15.979607927524897],[-47.72728256804748,-15.981071922220728],[-47.72665311383368,-15.98112927437093]]]}},{"type":"Feature","properties":{"lote":"RL","tipo":"Reserva Legal","assentamento":"1º de Julho"},"geometry":{"type":"Polygon","coordinates":[[[-47.71770490842385,-15.971148351634769],[-47.71785307443346,-15.971194565392047],[-47.717871903804635,-15.97120681114582],[-47.71790547301707,-15.971238334962955],[-47.71808333921701,-15.971487380339683],[-47.718093813004586,-15.971501099969899],[-47.718105623428976,-15.971514658199716],[-47.71811832522762,-15.971527438368529],[-47.71813186352792,-15.971539386979108],[-47.71814618165132,-15.971550455073022],[-47.7181612154149,-15.971560591077093],[-47.71817690452809,-15.971569755110254],[-47.71819317752309,-15.971577909239118],[-47.718204370283765,-15.971582784920978],[-47.71828707153989,-15.971616729616944],[-47.71829266977838,-15.971618959249952],[-47.718309905557966,-15.97162498596564],[-47.718327511120236,-15.971629911552299],[-47.71834541237977,-15.97163371165732],[-47.718363531602684,-15.971636368296469],[-47.718381791238,-15.971637877030819],[-47.7184001154919,-15.971638225270743],[-47.71840967110433,-15.971637947345453],[-47.718465082897225,-15.97163541444908],[-47.7184738349694,-15.971634882950134],[-47.71849204854563,-15.971632912325815],[-47.718510088888905,-15.971629797761127],[-47.71852788234073,-15.971625546509403],[-47.71854534886689,-15.971620177645812],[-47.71855517561733,-15.971616610538442],[-47.71857543604461,-15.97160955083995],[-47.718529438688485,-15.97254323697507],[-47.71843048599055,-15.972986569956515],[-47.71838279440067,-15.973200235245548],[-47.71837020710936,-15.973192763426788],[-47.718220138125545,-15.972984962058742],[-47.71816428018909,-15.972869321086948],[-47.718135213069075,-15.97280243807111],[-47.718134912467676,-15.972755154354868],[-47.71813479017806,-15.972727433857491],[-47.7181339306597,-15.972707342762071],[-47.71813189642906,-15.972689724954565],[-47.71812867497215,-15.972672271175414],[-47.71812428134011,-15.972655058907325],[-47.71811873053523,-15.972638162020926],[-47.71811205245871,-15.97262165148897],[-47.718104271423066,-15.97260559925804],[-47.718095421984536,-15.972590075338866],[-47.71808554048091,-15.972575143397485],[-47.71807719664516,-15.97256401245125],[-47.718029937633155,-15.972504231574808],[-47.718027413574156,-15.972501086104643],[-47.71801560312194,-15.972487530588841],[-47.71800290125806,-15.972474750423348],[-47.717989362867485,-15.972462800008085],[-47.71797504470208,-15.972451733719325],[-47.71796000895593,-15.972441594123346],[-47.717944321642314,-15.97243243006041],[-47.717928046749,-15.972424278655078],[-47.71792083597217,-15.972421070482012],[-47.71785596119969,-15.97239328856956],[-47.717783695577914,-15.97226073600397],[-47.71777666404174,-15.972248606707565],[-47.717766784447306,-15.972233674721227],[-47.71776467505448,-15.972230746187988],[-47.71775223329334,-15.97221371779389],[-47.71774347485822,-15.972202371693943],[-47.71773166443125,-15.972188815253487],[-47.717718962604664,-15.972176035065166],[-47.71770542425107,-15.972164084625978],[-47.71769110612216,-15.972153018312305],[-47.717676071345345,-15.972142878678724],[-47.71766038313334,-15.972133714601004],[-47.717645408556066,-15.972126166316452],[-47.717618398223195,-15.972113541630103],[-47.717601607179425,-15.972106435367431],[-47.71758437321055,-15.972100406768611],[-47.717566767637685,-15.972095482930836],[-47.71754886540609,-15.972091682776954],[-47.71753074703741,-15.972089023353027],[-47.71751161946969,-15.972087474036575],[-47.717496850277236,-15.972086770115755],[-47.717493823171104,-15.9720805249741],[-47.717484973805384,-15.972065001018239],[-47.71747509237474,-15.972050069037095],[-47.71746435558851,-15.972035955301136],[-47.71732832095401,-15.971868753173519],[-47.717321169273355,-15.97185678072003],[-47.717329603228144,-15.97184603114787],[-47.71734133285964,-15.971829609543166],[-47.71746134256691,-15.971647580189149],[-47.71747799378044,-15.971618538650596],[-47.71765569228684,-15.971241958977503],[-47.71770490842385,-15.971148351634769]]]}},{"type":"Feature","properties":{"lote":"RL","tipo":"Reserva Legal","assentamento":"1º de Julho"},"geometry":{"type":"Polygon","coordinates":[[[-47.71376423554008,-15.97525318153598],[-47.71388152643011,-15.975419687749858],[-47.714576379925646,-15.97640609872115],[-47.714758834674214,-15.977322199348373],[-47.71369796013254,-15.977463067552588],[-47.71368694490034,-15.976956955882496],[-47.713686145213536,-15.976941413263322],[-47.713684109382456,-15.976923794486664],[-47.71368089003913,-15.976906340574036],[-47.713676495699154,-15.976889129091145],[-47.713670946006914,-15.976872232044116],[-47.713664268074744,-15.976855721344835],[-47.713656487160044,-15.976839669831762],[-47.713647637794274,-15.976824145710415],[-47.71364174329732,-15.976814980598194],[-47.71334776243086,-15.976377569655385],[-47.71317967273528,-15.976075300854646],[-47.71317519413473,-15.97595101509632],[-47.713180413717495,-15.975729468408884],[-47.713190925140445,-15.975696955959759],[-47.71319409678278,-15.975696613376932],[-47.71321231180415,-15.975694644930329],[-47.71323035262023,-15.975691528032042],[-47.7132481466258,-15.975687278952293],[-47.71326561371123,-15.975681911346495],[-47.71328268047176,-15.975675451429922],[-47.71329927347836,-15.975667923611876],[-47.71331532315776,-15.975659361284759],[-47.71332464472655,-15.975653756860632],[-47.713507347579366,-15.975539010341432],[-47.713633943521884,-15.97546190536997],[-47.71364334211559,-15.975455921531154],[-47.71365809944449,-15.975445409274414],[-47.713672114341065,-15.975433983338839],[-47.71368532590159,-15.975421696877433],[-47.71369767878679,-15.975408600263476],[-47.713709120518764,-15.975394748349986],[-47.71371959872926,-15.975380204117242],[-47.713729074094516,-15.975365028574485],[-47.71373750170202,-15.975349283704668],[-47.713744847041674,-15.975333041294402],[-47.713751077421605,-15.975316369494648],[-47.71375616949703,-15.975299337241553],[-47.71376009814142,-15.975282019815944],[-47.71376283574868,-15.975264585557227],[-47.71376423554008,-15.97525318153598]]]}},{"type":"Feature","properties":{"lote":"RL","tipo":"Reserva Legal","assentamento":"1º de Julho"},"geometry":{"type":"Polygon","coordinates":[[[-47.714758834674214,-15.977322199348373],[-47.71503558327083,-15.978711721613978],[-47.71377856934475,-15.97903091661616],[-47.713761829699436,-15.97894612269673],[-47.71369207723407,-15.978677508635979],[-47.71366808215077,-15.978495177342934],[-47.7136703806025,-15.978231011467471],[-47.71370341201714,-15.977748291638786],[-47.71369796013254,-15.977463067552588],[-47.714758834674214,-15.977322199348373]]]}},{"type":"Feature","properties":{"lote":"RL","tipo":"Reserva Legal","assentamento":"1º de Julho"},"geometry":{"type":"Polygon","coordinates":[[[-47.71503558327083,-15.978711721613978],[-47.714699241890564,-15.979021890877572],[-47.71452770681201,-15.979450193521313],[-47.715080134891366,-15.98021711856182],[-47.715121320483966,-15.98027652323413],[-47.71478813698126,-15.980472916081476],[-47.71477240192395,-15.980453131109755],[-47.714782961933835,-15.98039475733448],[-47.71478676951521,-15.980362247288745],[-47.714786291291986,-15.980326810883406],[-47.71478425528281,-15.980309192142313],[-47.7147810357438,-15.980291738274198],[-47.714776641191364,-15.980274526844644],[-47.714771091270755,-15.980257629859501],[-47.71476441310753,-15.98024112013344],[-47.71475663192356,-15.980225067795534],[-47.71474778228795,-15.980209543760044],[-47.714737900514926,-15.980194609887391],[-47.7147242504616,-15.980176977040076],[-47.7146439756391,-15.980081622703118],[-47.714622244475315,-15.980058643026627],[-47.71422081995312,-15.979689454999793],[-47.71420974719094,-15.97967980255285],[-47.7141954304669,-15.979668735139416],[-47.71418039429186,-15.97965859714489],[-47.714174881224864,-15.97965522203087],[-47.71406334428233,-15.979588669703631],[-47.713941178484305,-15.979497193743759],[-47.71387921014477,-15.979281927951842],[-47.71387341543765,-15.979264179612256],[-47.71386673645657,-15.979247669852189],[-47.71385895539054,-15.979231617463403],[-47.7138499827242,-15.97921589261506],[-47.71379763381017,-15.979130936749012],[-47.71377856934475,-15.97903091661616],[-47.71503558327083,-15.978711721613978]]]}},{"type":"Feature","properties":{"lote":"RL","tipo":"Reserva Legal","assentamento":"1º de Julho"},"geometry":{"type":"Polygon","coordinates":[[[-47.715121320483966,-15.98027652323413],[-47.715496378915695,-15.980817500203784],[-47.71554825844491,-15.980842766006164],[-47.716036974961405,-15.980955991708786],[-47.716175821692964,-15.980970584878692],[-47.71698436370278,-15.98117760252823],[-47.717139113829774,-15.981217224223569],[-47.71713036681786,-15.981216502960137],[-47.71711204446035,-15.981216153808594],[-47.71709373405468,-15.981216965987159],[-47.71707552047667,-15.981218933004047],[-47.71705747742446,-15.981222050315115],[-47.717039684972214,-15.981226301554425],[-47.71702901346152,-15.981229435878838],[-47.71695517737578,-15.981252683845247],[-47.71694838148092,-15.98125491658504],[-47.716944531111736,-15.98125637420247],[-47.71694307089957,-15.981256723220012],[-47.716932397530236,-15.981259858466721],[-47.71680559277894,-15.981299786426584],[-47.71661967758801,-15.981297697801022],[-47.71632494289926,-15.981166359661849],[-47.71631154899141,-15.981160796453288],[-47.71629920659523,-15.981156354345188],[-47.71598585967413,-15.981051645258727],[-47.71598096730548,-15.981050058775216],[-47.71596336091758,-15.98104513402183],[-47.715945457868855,-15.981041333855762],[-47.715927338672465,-15.981038674420077],[-47.71592033117017,-15.981037959126885],[-47.71574430025416,-15.981022132164203],[-47.71573304539653,-15.981021340464997],[-47.71571472211828,-15.981020992105872],[-47.71569641262624,-15.981021803248584],[-47.71568480077718,-15.981022923563721],[-47.71535504017881,-15.981061445957993],[-47.71494969663673,-15.981085899924793],[-47.71494434059277,-15.981060265885224],[-47.71493994599919,-15.981043054464843],[-47.71493439790066,-15.981026157466838],[-47.71492771967667,-15.981009646849888],[-47.71491993847728,-15.980993597234608],[-47.71482603494429,-15.980819967972097],[-47.71485105697341,-15.980711955432854],[-47.71485314225983,-15.980702092605767],[-47.71485589157994,-15.980684565167799],[-47.714857451417664,-15.980666900114787],[-47.71485781160714,-15.980649174345082],[-47.714856973172395,-15.980631463712553],[-47.71485493713744,-15.980613844070964],[-47.714851715716215,-15.980596390229643],[-47.71484732301398,-15.980579178780333],[-47.71484177307509,-15.98056228179968],[-47.71483509487996,-15.980545771175672],[-47.71482731367493,-15.980529718843417],[-47.71481846401705,-15.980514194814146],[-47.71480858223277,-15.980499261851278],[-47.71479974047946,-15.980487505772457],[-47.71478813698126,-15.980472916081476],[-47.715121320483966,-15.98027652323413]]]}},{"type":"Feature","properties":{"lote":"01","tipo":"Parcela","assentamento":"Camapuã"},"geometry":{"type":"Polygon","coordinates":[[[-47.72518139729809,-15.94717637644516],[-47.72521796515511,-15.947771352304956],[-47.72490206912489,-15.950948704119725],[-47.723666110555925,-15.950615832070469],[-47.72404938381012,-15.95017140990702],[-47.72406879059096,-15.949666380486706],[-47.72387057426882,-15.947867867809544],[-47.72518139729809,-15.94717637644516]]]}},{"type":"Feature","properties":{"lote":"02","tipo":"Parcela","assentamento":"Camapuã"},"geometry":{"type":"Polygon","coordinates":[[[-47.72221819234583,-15.950414480459392],[-47.723666110555925,-15.950615832070469],[-47.72490206912489,-15.950948704119725],[-47.72487349178853,-15.951236137987499],[-47.72422207096179,-15.952381277286152],[-47.7218211600983,-15.951775295741871],[-47.72171438130354,-15.95155878733571],[-47.72221819234583,-15.950414480459392]]]}},{"type":"Feature","properties":{"lote":"03","tipo":"Parcela","assentamento":"Camapuã"},"geometry":{"type":"Polygon","coordinates":[[[-47.72127185075873,-15.950276644885905],[-47.72070353138708,-15.95145298539438],[-47.72163927039483,-15.951729386189525],[-47.721599550639816,-15.951845458359715],[-47.721270570202726,-15.952612462394361],[-47.719270181140374,-15.952199412090119],[-47.71929345217274,-15.951578636784223],[-47.71947234752638,-15.950819877911632],[-47.72018883662949,-15.951007268547837],[-47.7207082337965,-15.950196881295039],[-47.72127185075873,-15.950276644885905]]]}},{"type":"Feature","properties":{"lote":"04","tipo":"Parcela","assentamento":"Camapuã"},"geometry":{"type":"Polygon","coordinates":[[[-47.721270570202726,-15.952612462394361],[-47.72061623152602,-15.954160910135835],[-47.71900932434256,-15.954299167841425],[-47.719270181140374,-15.952199412090119],[-47.721270570202726,-15.952612462394361]]]}},{"type":"Feature","properties":{"lote":"05","tipo":"Parcela","assentamento":"Camapuã"},"geometry":{"type":"Polygon","coordinates":[[[-47.7224360959517,-15.954177482080619],[-47.72078530522075,-15.953743718004263],[-47.721270570202726,-15.952612462394361],[-47.721599550639816,-15.951845458359715],[-47.72413772066412,-15.952490652904947],[-47.724173502754105,-15.952567648998217],[-47.72413534282905,-15.95264023474573],[-47.72385840329294,-15.953424224708764],[-47.72308777804996,-15.95250945088395],[-47.7225780059033,-15.95288504239103],[-47.722071466773905,-15.953112337965015],[-47.722039621908095,-15.953406753328006],[-47.722111587682335,-15.95379546431118],[-47.7224360959517,-15.954177482080619]]]}},{"type":"Feature","properties":{"lote":"06","tipo":"Parcela","assentamento":"Camapuã"},"geometry":{"type":"Polygon","coordinates":[[[-47.72078530522075,-15.953743718004263],[-47.7224360959517,-15.954177482080619],[-47.7227805091727,-15.954325465649562],[-47.72314808028883,-15.954321268225742],[-47.723720078558195,-15.954536215477434],[-47.723596769266514,-15.954681546085718],[-47.72341970289903,-15.95483973507919],[-47.72326301998715,-15.954916609997268],[-47.72289945985739,-15.955053633624317],[-47.722438971867376,-15.95525213496478],[-47.72214791524563,-15.955398152898972],[-47.72136955661215,-15.955741729073633],[-47.72111103348919,-15.955863281203456],[-47.72061623152602,-15.954160910135835],[-47.72078530522075,-15.953743718004263]]]}},{"type":"Feature","properties":{"lote":"07","tipo":"Parcela","assentamento":"Camapuã"},"geometry":{"type":"Polygon","coordinates":[[[-47.72111103348919,-15.955863281203456],[-47.719024747876055,-15.95678585513395],[-47.71890874159955,-15.95673735224899],[-47.71891505135459,-15.956432744451787],[-47.71894727698998,-15.956358264410405],[-47.71902276462177,-15.956255721796182],[-47.71928006110408,-15.955636591282053],[-47.71928383508716,-15.955500775629217],[-47.719161358967774,-15.954980872696732],[-47.719075095370975,-15.954686338549154],[-47.71912330072487,-15.954289362233945],[-47.72061623152602,-15.954160910135835],[-47.72111103348919,-15.955863281203456]]]}},{"type":"Feature","properties":{"lote":"08","tipo":"Parcela","assentamento":"Camapuã"},"geometry":{"type":"Polygon","coordinates":[[[-47.72437743497354,-15.95535758491942],[-47.72397128615985,-15.956678469033005],[-47.72133295887237,-15.956348405517188],[-47.721449118378054,-15.95590514061947],[-47.72222968608742,-15.955560589629334],[-47.722520005673765,-15.955414941247877],[-47.72297137680263,-15.955220369107932],[-47.723339307209,-15.955081698649906],[-47.723527291538886,-15.954989465716922],[-47.7237078215358,-15.95482818189287],[-47.723805981013285,-15.954577306799969],[-47.724076627814846,-15.955095535591706],[-47.72437743497354,-15.95535758491942]]]}},{"type":"Feature","properties":{"lote":"09","tipo":"Parcela","assentamento":"Camapuã"},"geometry":{"type":"Polygon","coordinates":[[[-47.72397128615985,-15.956678469033005],[-47.7242768262509,-15.95711208798782],[-47.723941327753465,-15.957987844127244],[-47.72108725032312,-15.95729297090506],[-47.72133295887237,-15.956348405517188],[-47.72397128615985,-15.956678469033005]]]}},{"type":"Feature","properties":{"lote":"10","tipo":"Parcela","assentamento":"Camapuã"},"geometry":{"type":"Polygon","coordinates":[[[-47.72108725032312,-15.95729297090506],[-47.723941327753465,-15.957987844127244],[-47.72386608191424,-15.958184260826021],[-47.723723194158325,-15.95855724108806],[-47.72355533150883,-15.959098578840079],[-47.72079253244326,-15.958425930156714],[-47.72108725032312,-15.95729297090506]]]}},{"type":"Feature","properties":{"lote":"08","tipo":"Parcela","assentamento":"15 de Agosto"},"geometry":{"type":"Polygon","coordinates":[[[-47.709595418787075,-15.908920374233956],[-47.70943312680264,-15.911135532750812],[-47.708908471274654,-15.91075444410379],[-47.708058695327054,-15.910125388058129],[-47.70700118141027,-15.909440663499575],[-47.70814748936512,-15.907684783398144],[-47.70814988115077,-15.907704611724563],[-47.708151048145446,-15.907711881272286],[-47.708192967680986,-15.907956660442688],[-47.70819370264076,-15.907960802260689],[-47.70819437825113,-15.907964485102044],[-47.708196768748785,-15.907976344639549],[-47.70820213949508,-15.907997616811727],[-47.70820943564432,-15.908023133279462],[-47.70820991919877,-15.908024811652854],[-47.70821731347313,-15.908047341861815],[-47.70821886149788,-15.908051493348363],[-47.70824739035932,-15.908126558589464],[-47.70825474357674,-15.908144421650114],[-47.708261095227044,-15.9081579583755],[-47.70827395169284,-15.908183924404932],[-47.70827796965207,-15.90819179221539],[-47.70828976344421,-15.90821249336281],[-47.708302930785194,-15.908232404148503],[-47.70830524380955,-15.90823562478649],[-47.708319812057304,-15.908255672437795],[-47.70833198466366,-15.90827148801629],[-47.70833707009976,-15.908277594767815],[-47.708401499506486,-15.908353264432414],[-47.70840851799716,-15.90836913112962],[-47.70848208318018,-15.908590528825295],[-47.70849729194312,-15.908729763546596],[-47.70849908058208,-15.90874358150818],[-47.70850171880982,-15.908758880870165],[-47.70850674225538,-15.908784598344534],[-47.708508394684664,-15.90879256989253],[-47.70851424999152,-15.908815520407263],[-47.70852164434169,-15.908838050594559],[-47.708522853727125,-15.908841307657411],[-47.70853212272613,-15.908865895257696],[-47.70853981371377,-15.908884651827439],[-47.708550182455866,-15.908906055446783],[-47.70855753015737,-15.908919323152615],[-47.708570798912135,-15.908942129151917],[-47.708575245083175,-15.908949562566141],[-47.708588413442726,-15.908969473309662],[-47.70860289821385,-15.908988508603306],[-47.708604829053535,-15.908990858845938],[-47.70862174693227,-15.909011278895022],[-47.70863555644117,-15.909027006164797],[-47.708652485056135,-15.909044048164493],[-47.70866349674698,-15.909054019321657],[-47.7086836141004,-15.909071512633673],[-47.708690647389524,-15.909077475706917],[-47.70870972941591,-15.909092233617425],[-47.708729769252145,-15.909105752980533],[-47.708731978261525,-15.909107130613354],[-47.708754762468466,-15.909121233310612],[-47.708773463498346,-15.909132076173794],[-47.70879515440809,-15.909142948347288],[-47.7088084589787,-15.90914878484135],[-47.708833305813876,-15.909159122457625],[-47.70884238091823,-15.909162762197408],[-47.708865353604764,-15.90917080124292],[-47.708888819923985,-15.909177370027944],[-47.70889090993964,-15.909177877579095],[-47.70891716052868,-15.909184176588417],[-47.70893893112433,-15.909188737194214],[-47.70896308309783,-15.90919228524419],[-47.70897790475507,-15.90919369514472],[-47.709005540019994,-15.909195785986865],[-47.70901505788455,-15.909196388170812],[-47.70903948215863,-15.909196854741118],[-47.709063884777414,-15.909195775328458],[-47.70906783130646,-15.909195454838422],[-47.70909544111109,-15.909193069805799],[-47.70911577291817,-15.909190767992266],[-47.709139820746294,-15.909186615874697],[-47.70915680849047,-15.909182719461064],[-47.70918362464958,-15.9091759250975],[-47.70919035362249,-15.909174154390014],[-47.70921363599495,-15.909166999752477],[-47.70923638454853,-15.909158386848073],[-47.70924235929162,-15.909155843448621],[-47.70926763393089,-15.90914482887724],[-47.70928377827445,-15.909137337528811],[-47.709305170479894,-15.909125924611253],[-47.709322099731665,-15.909115576570525],[-47.70934513039958,-15.909100646855906],[-47.709348776594915,-15.909098252806928],[-47.70936844734341,-15.909084235936065],[-47.709595418787075,-15.908920374233956]]]}},{"type":"Feature","properties":{"lote":"09","tipo":"Parcela","assentamento":"15 de Agosto"},"geometry":{"type":"Polygon","coordinates":[[[-47.70700118141027,-15.909440663499575],[-47.70660952361027,-15.909187069013004],[-47.70654147080492,-15.909096799030712],[-47.706549709331156,-15.908985344607423],[-47.70657427554665,-15.90887785183896],[-47.70655356975001,-15.9087720024582],[-47.70649041768521,-15.90868093488423],[-47.70639644373149,-15.908622046810894],[-47.70628299217556,-15.908603602823932],[-47.70617320386364,-15.908630043662201],[-47.706080922898664,-15.90869892606707],[-47.70604437675189,-15.908752232405218],[-47.70732412681962,-15.90629865830592],[-47.70734263773443,-15.90630947843899],[-47.70735862219601,-15.906318142739602],[-47.70738573536143,-15.9063317334363],[-47.70739701435386,-15.906337079736016],[-47.70740884313117,-15.906342360432724],[-47.70745330643175,-15.90636163403071],[-47.707458580551126,-15.906363855652362],[-47.70747628393453,-15.906371105671704],[-47.70749017805123,-15.906376377620191],[-47.707518892986236,-15.90638642668683],[-47.707536316021276,-15.906391908166455],[-47.70756564938585,-15.906400117809003],[-47.70758082101915,-15.906403910566898],[-47.70761323096169,-15.90641082076696],[-47.707631244550385,-15.906414054027413],[-47.70766143362726,-15.906418489348244],[-47.70767962691239,-15.906420575111133],[-47.707712215361866,-15.906423252534985],[-47.707722531966404,-15.906423850195761],[-47.70773533915623,-15.906424343457806],[-47.7078760690804,-15.906428249292901],[-47.707891047476934,-15.90642827636186],[-47.707940943829165,-15.906427073318346],[-47.70796286518962,-15.90642570276564],[-47.707973756713876,-15.90642469727356],[-47.707989963211155,-15.90643349150499],[-47.708006852240736,-15.906441957445239],[-47.70800893643332,-15.906447397378047],[-47.70809984197338,-15.906674273352648],[-47.708104890046044,-15.906686234130031],[-47.70811228316391,-15.906701856806475],[-47.708124391530184,-15.906725914786174],[-47.70812736789419,-15.906731695766535],[-47.70813916156215,-15.906752396940282],[-47.708143026709585,-15.906758545204768],[-47.708146522083666,-15.906763983688531],[-47.70815051315091,-15.906770056311881],[-47.70824836614728,-15.906915728142403],[-47.7082420327201,-15.906934200066027],[-47.70823574927807,-15.906955009709073],[-47.70823019761495,-15.906975683725255],[-47.708224757528946,-15.906999112862959],[-47.708151190595096,-15.907373773890246],[-47.708150888537894,-15.907375332061685],[-47.708150309365145,-15.907378429124739],[-47.70814955294983,-15.907382577912744],[-47.70814646551698,-15.907402852513396],[-47.70814490236654,-15.907418540582624],[-47.70814275300883,-15.907446484101795],[-47.708142236781896,-15.907454349193387],[-47.708141754488715,-15.907477983474012],[-47.70814383541528,-15.90763330523179],[-47.708144950734386,-15.90765692037156],[-47.70814526771206,-15.907660586036412],[-47.70814748936512,-15.907684783398144],[-47.70700118141027,-15.909440663499575]]]}},{"type":"Feature","properties":{"lote":"10","tipo":"Parcela","assentamento":"15 de Agosto"},"geometry":{"type":"Polygon","coordinates":[[[-47.70593277192375,-15.908966201058282],[-47.704860403068075,-15.908271838024119],[-47.70606285599557,-15.905738468031421],[-47.706078840380755,-15.905747133345896],[-47.70610595339152,-15.905760723326376],[-47.70612064504101,-15.905767569566716],[-47.70614239496757,-15.905776961019468],[-47.706148148497554,-15.905779369949872],[-47.70624439071952,-15.905818104200845],[-47.70625154608665,-15.905820929987481],[-47.70626197942086,-15.905824811149577],[-47.706290694238795,-15.905834860401889],[-47.706308118127936,-15.905840341078843],[-47.70633745046529,-15.905848551823778],[-47.70634774076425,-15.905851229923599],[-47.70645734457479,-15.905877836565796],[-47.70646438996967,-15.905879419132425],[-47.70649285651622,-15.905885423386229],[-47.70651046009304,-15.905888569765269],[-47.70654064909081,-15.905893005259244],[-47.70655884233175,-15.905895091125936],[-47.70659142977526,-15.905897768746481],[-47.70660053891246,-15.905898317477941],[-47.70660871394218,-15.90589866838138],[-47.706704158075205,-15.905902114085485],[-47.706716034991864,-15.905902209933839],[-47.70673246852672,-15.905902524121142],[-47.706745250838864,-15.905902485782406],[-47.7067577186575,-15.905902171398445],[-47.70682262393256,-15.905970688862105],[-47.70682833068388,-15.905976573819398],[-47.706847650912444,-15.905995910836285],[-47.7068602016109,-15.90600771074579],[-47.70688365140361,-15.906028411270693],[-47.70689668715615,-15.906039144754764],[-47.70692053986244,-15.906057593095232],[-47.70693521848476,-15.90606820301274],[-47.70696026657333,-15.906085101845234],[-47.706970740140065,-15.906091846467632],[-47.70706616135028,-15.906150936673457],[-47.70707272388753,-15.906154863621794],[-47.707096167248295,-15.906168459737211],[-47.70711132767917,-15.906176644866052],[-47.70713844081252,-15.906190235599539],[-47.707154976136124,-15.906197870603396],[-47.70718450026493,-15.906210361722984],[-47.70719996644642,-15.906216287754994],[-47.70721893467246,-15.906222925834014],[-47.70722452127229,-15.906227852198187],[-47.70723755705417,-15.906238585656661],[-47.70726152665762,-15.9062568383003],[-47.70732412681962,-15.90629865830592],[-47.706080922898664,-15.90869892606707],[-47.70604437675189,-15.908752232405218],[-47.70593277192375,-15.908966201058282]]]}},{"type":"Feature","properties":{"lote":"11","tipo":"Parcela","assentamento":"15 de Agosto"},"geometry":{"type":"Polygon","coordinates":[[[-47.70744014721441,-15.90286716599316],[-47.70965114327077,-15.902666658022433],[-47.70921511734168,-15.905255981395928],[-47.70920622984376,-15.905247871237568],[-47.70919820065525,-15.905240779938174],[-47.70918904352935,-15.905232955859358],[-47.70917962714853,-15.905225425858971],[-47.7091711355144,-15.905218857886469],[-47.70916146931979,-15.905211629974197],[-47.70915156461761,-15.905204712137238],[-47.709142647318345,-15.905198695931826],[-47.709132513537604,-15.905192095276819],[-47.709122161972445,-15.905185818887974],[-47.70911285668532,-15.90518038016904],[-47.70910229863101,-15.905174435129533],[-47.709091545357495,-15.905168826717532],[-47.709081892522974,-15.905163988460291],[-47.709070955337566,-15.905158724662007],[-47.70905984548612,-15.905153808949583],[-47.70904988738671,-15.90514959229975],[-47.70903861709748,-15.905145031744627],[-47.70902719948269,-15.905140829795537],[-47.709016976486154,-15.905137252310178],[-47.70900542282873,-15.905133415147235],[-47.70899374529569,-15.905129945327923],[-47.70898330333246,-15.905127021784734],[-47.708971515048795,-15.905123923659621],[-47.70895962819369,-15.905121200689239],[-47.70895817179899,-15.905120891108085],[-47.70895288327407,-15.905115015415353],[-47.70894456340907,-15.90510635982282],[-47.70893702976672,-15.905098776379901],[-47.70892842136825,-15.905090389040222],[-47.70891953482143,-15.905082278855316],[-47.70891150472772,-15.905075188457298],[-47.708902348552655,-15.905067364351593],[-47.70889293124394,-15.905059833444406],[-47.708884439637224,-15.905053266361035],[-47.70887477439281,-15.905046038421272],[-47.70886486876209,-15.90503911967695],[-47.70885595148963,-15.90503310436017],[-47.70884581772523,-15.905026503688852],[-47.70883546616396,-15.905020226380412],[-47.70882616183614,-15.905014788537986],[-47.70881560378529,-15.905008842578669],[-47.7088048496059,-15.905003235064433],[-47.70879519771786,-15.904998396780286],[-47.70878425961404,-15.90499313297655],[-47.708773150710066,-15.904988217235077],[-47.708763191690046,-15.904984000581454],[-47.708751922347815,-15.904979439997133],[-47.70874050381325,-15.90497523804214],[-47.70873028176158,-15.904971660529332],[-47.70871872810496,-15.904967822445622],[-47.708707050584344,-15.904964352608486],[-47.70869660771085,-15.904961429964137],[-47.708684819439064,-15.904958331821131],[-47.70867293258323,-15.904955607929756],[-47.70866231478195,-15.904953352222613],[-47.70865034246691,-15.904951006933505],[-47.70863829684775,-15.904949041901144],[-47.70862754904321,-15.904947462502545],[-47.70861544415367,-15.904945880259783],[-47.70860329120364,-15.904944681569791],[-47.70859246016253,-15.904943786021638],[-47.70858027410673,-15.904942972502553],[-47.708568066167224,-15.904942545820557],[-47.708557197674644,-15.90494233806437],[-47.70854498278187,-15.904942298031544],[-47.70853277213382,-15.904942644508036],[-47.70852191285967,-15.904943124861523],[-47.70850972138666,-15.90494385765941],[-47.70849756028678,-15.904944976638827],[-47.70848675687672,-15.904946143613655],[-47.708474640122866,-15.904947646792365],[-47.70846258168845,-15.9049495321893],[-47.70845187980668,-15.904951380696744],[-47.7084398908772,-15.904953647267844],[-47.708427985414026,-15.904956292128986],[-47.708417431609504,-15.904958813456497],[-47.70840562171912,-15.904961834648931],[-47.70839392040565,-15.904965227494136],[-47.70838356026997,-15.90496841113482],[-47.70837197962774,-15.904972172771053],[-47.708360531739864,-15.904976299434528],[-47.7083504089621,-15.904980132195856],[-47.70833910776497,-15.904984619195357],[-47.70832796345129,-15.904989460984412],[-47.708318120738966,-15.904993926073415],[-47.70830714725716,-15.90499911886392],[-47.708305334656856,-15.905000017692691],[-47.70825317883841,-15.905026074067345],[-47.70825289958779,-15.905016863273469],[-47.70825240323291,-15.905006355519369],[-47.70825164598771,-15.904994556773406],[-47.70825048968751,-15.90498278832266],[-47.70824928378857,-15.904972333725581],[-47.708247730481446,-15.904960609092049],[-47.70824578217872,-15.90494893908874],[-47.70824387201882,-15.904938583644785],[-47.7082415298355,-15.904926981805412],[-47.70823879672809,-15.904915459834355],[-47.70823619129875,-15.904905247686697],[-47.70823306931549,-15.904893819105896],[-47.708229563267004,-15.9048824946933],[-47.70822627341396,-15.904872469058665],[-47.708222386281726,-15.904861262324498],[-47.70821812195525,-15.904850184961488],[-47.708214161311574,-15.9048403881184],[-47.70820952554765,-15.904829451795536],[-47.708204521302534,-15.904818668217255],[-47.70819990724604,-15.904809143300488],[-47.70819454213083,-15.904798523209319],[-47.708188820046985,-15.904788079201072],[-47.70818357178545,-15.90477886661285],[-47.708177500344064,-15.90476860943001],[-47.708171085288704,-15.904758549838919],[-47.708165225750385,-15.904749689031613],[-47.708158473759006,-15.904739837786446],[-47.70815139244144,-15.904730205630186],[-47.70814494640884,-15.904721735129714],[-47.70813754244302,-15.904712332816457],[-47.70812982528091,-15.904703169259788],[-47.70812282123277,-15.904695124836156],[-47.70811479848548,-15.904686210778417],[-47.708106477750725,-15.904677556059662],[-47.708098945074724,-15.904669971665083],[-47.708090336726755,-15.904661584283424],[-47.70808144929646,-15.904653474067226],[-47.708073420179716,-15.904646383618834],[-47.70806426312026,-15.904638559480922],[-47.70805484679255,-15.904631028517194],[-47.70804635522798,-15.904624461393556],[-47.70803668909726,-15.904617233419833],[-47.70802678444551,-15.904610314617342],[-47.70801786721333,-15.904604299258878],[-47.70800773349365,-15.904597698540355],[-47.70799738198805,-15.90459142208703],[-47.70798807675324,-15.904585983310351],[-47.70797751874479,-15.904580037302466],[-47.70796676553973,-15.904574429727377],[-47.70795711275459,-15.90456959141095],[-47.707946175623825,-15.904564327545806],[-47.70793506582527,-15.90455941176587],[-47.70792510777212,-15.90455519505569],[-47.70791383753395,-15.904550634432445],[-47.70790241996836,-15.904546432414756],[-47.70789219701477,-15.904542854868108],[-47.707880643392535,-15.904539016733098],[-47.707868965904815,-15.904535546844356],[-47.70785852399309,-15.904532624142286],[-47.707846735752724,-15.904529525947463],[-47.707834848926744,-15.904526802004126],[-47.707824231151314,-15.904524546250673],[-47.7078122579314,-15.904522200921187],[-47.707800213272094,-15.904520235825],[-47.70778946549056,-15.904518656380006],[-47.707777359692905,-15.904517074096834],[-47.70776520769942,-15.90451587534309],[-47.707754376678366,-15.90451497974867],[-47.707742189723206,-15.904514167092367],[-47.70772998272475,-15.90451373944386],[-47.70771911424918,-15.904513531641706],[-47.70770689844153,-15.904513491569062],[-47.70769468874314,-15.904513837982591],[-47.70768382948289,-15.904514318290621],[-47.707671637103566,-15.904515051952334],[-47.707669530953794,-15.904515217457586],[-47.70766765702823,-15.904515370115298],[-47.707665551968816,-15.904515547348254],[-47.7075885962749,-15.904522248619244],[-47.70757854672781,-15.90452325616278],[-47.70756961817392,-15.904524269517303],[-47.70755960108578,-15.90452554038316],[-47.707557901016244,-15.904525782081356],[-47.70754472011657,-15.904527690533405],[-47.70754236492052,-15.904527030939345],[-47.7074293350489,-15.90452122203703],[-47.70744014721441,-15.90286716599316]]]}},{"type":"Feature","properties":{"lote":"12","tipo":"Parcela","assentamento":"15 de Agosto"},"geometry":{"type":"Polygon","coordinates":[[[-47.70965114327077,-15.902666658022433],[-47.70996472522142,-15.902638219086207],[-47.710930725963,-15.902520363250755],[-47.71123558831739,-15.902589376224565],[-47.71026285866599,-15.905964168233014],[-47.71024632328494,-15.905956533482653],[-47.710227090133806,-15.90594802851293],[-47.71020536833395,-15.905926126244358],[-47.71019224700669,-15.905913753876806],[-47.710168797870665,-15.9058930528474],[-47.71015576105448,-15.905882319598296],[-47.71013190814732,-15.905863872561183],[-47.71011723034287,-15.90585326287318],[-47.710092181149605,-15.90583636445542],[-47.71008214621117,-15.905829900800763],[-47.71007681704611,-15.905826706303996],[-47.710050679872815,-15.90581142920644],[-47.71003469629355,-15.905802764202013],[-47.71000758216086,-15.905789174769271],[-47.709991046801655,-15.905781539995493],[-47.70996152262997,-15.905769049277021],[-47.70994605643668,-15.905763123450171],[-47.70991734152822,-15.9057530747113],[-47.70989991851841,-15.905747593425305],[-47.709870585198615,-15.9057393831969],[-47.70985541361311,-15.905735591501903],[-47.70982300469506,-15.90572868162192],[-47.70980499023139,-15.905725448552088],[-47.70977480126331,-15.905721013522408],[-47.70976467228295,-15.905719718148697],[-47.70965282668768,-15.905673834005887],[-47.709595845835786,-15.905641480008555],[-47.70958827428057,-15.905632324626767],[-47.709583107305406,-15.905626258663098],[-47.70956558434125,-15.905606285200326],[-47.70955399788547,-15.905593875456782],[-47.70953283674674,-15.905572572103761],[-47.70951971548049,-15.905560199684965],[-47.709496266448376,-15.905539498564728],[-47.70948823123354,-15.905532725276004],[-47.70948029212899,-15.905526298506691],[-47.709358343238804,-15.90542934848495],[-47.709353303121645,-15.905425435017197],[-47.70933634973036,-15.905412580508342],[-47.709325206347756,-15.905404607050233],[-47.70932468897077,-15.905403538753571],[-47.70931932378004,-15.90539291870253],[-47.70931360162102,-15.905382474736285],[-47.70930835330484,-15.90537326308929],[-47.70930228177659,-15.905363005047215],[-47.70929586664693,-15.90535294550172],[-47.70929000705487,-15.905344085638777],[-47.70928325498975,-15.905334234440918],[-47.70927617266592,-15.905324602345328],[-47.709269727501734,-15.905316131877456],[-47.70926232345147,-15.905306728711778],[-47.709254606217804,-15.905297565207254],[-47.70924760210635,-15.9052895208307],[-47.70923957928837,-15.905280606826624],[-47.70923125848387,-15.905271952162979],[-47.70922372574626,-15.905264367818058],[-47.70921511734168,-15.905255981395928],[-47.70965114327077,-15.902666658022433]]]}},{"type":"Feature","properties":{"lote":"13","tipo":"Parcela","assentamento":"15 de Agosto"},"geometry":{"type":"Polygon","coordinates":[[[-47.71123558831739,-15.902589376224565],[-47.7123696650426,-15.902846097609672],[-47.71259015129981,-15.902980423595613],[-47.711479167132474,-15.906068757643924],[-47.71147275187683,-15.906058698184095],[-47.71146689217341,-15.906049838398852],[-47.71146013998406,-15.906039987289873],[-47.71145705602538,-15.906035792805529],[-47.71145305847105,-15.906030355274616],[-47.71144661226574,-15.906021884901703],[-47.7114392090283,-15.906012481819353],[-47.711431491688565,-15.906003319315865],[-47.71142448652768,-15.90599527413644],[-47.71141646359379,-15.905986360233149],[-47.71140814360897,-15.905977705661323],[-47.711400609838286,-15.905970121421399],[-47.71139200132273,-15.905961735105379],[-47.71138311371647,-15.905953625055629],[-47.71137508443278,-15.90594653385393],[-47.7113659272013,-15.905938709886097],[-47.71135651071776,-15.905931179998948],[-47.71134551396059,-15.905922385632389],[-47.71133831687438,-15.905917496775933],[-47.71132818009286,-15.905910609968647],[-47.71132039337171,-15.905905320278201],[-47.7113093966423,-15.905897849975782],[-47.711299044986966,-15.905891573707937],[-47.711289740554264,-15.905886135085721],[-47.71127918241314,-15.90588019016884],[-47.71126842812316,-15.90587458189269],[-47.71125877614924,-15.90586974373481],[-47.71124783795095,-15.905864480073728],[-47.711236728956564,-15.90585956447631],[-47.71122676985794,-15.905855347951444],[-47.71121550042952,-15.905850787512417],[-47.711204081813015,-15.90584658570381],[-47.711193859690376,-15.905843008321693],[-47.71118230596829,-15.90583917128832],[-47.711170628374575,-15.905835701599253],[-47.71116018542592,-15.905832778183951],[-47.71114839708557,-15.905829680189632],[-47.711136510177866,-15.90582695735045],[-47.71112589232172,-15.905824701776156],[-47.71111391993529,-15.905822355733457],[-47.71110187426157,-15.905820390850685],[-47.7110911264227,-15.90581881248822],[-47.711079021471306,-15.905817229491964],[-47.71106686847635,-15.905816030951359],[-47.71105603740954,-15.905815136439019],[-47.71104385131372,-15.905814323068938],[-47.71103164333913,-15.905813896535458],[-47.71102077481755,-15.905813688911161],[-47.71100855988257,-15.905813648123132],[-47.710996349221524,-15.905813995649687],[-47.71098548992726,-15.905814476133596],[-47.7109732984342,-15.905815209077511],[-47.7109611373193,-15.90581632820185],[-47.710950333886046,-15.905817494402044],[-47.71093821712227,-15.905818997724367],[-47.71092615869511,-15.905820884166502],[-47.7109154567992,-15.90582273189674],[-47.71090346786994,-15.905824998608404],[-47.71089156242421,-15.905827644511405],[-47.71088100862668,-15.905830165961637],[-47.710869198734606,-15.905833186387952],[-47.71085749743662,-15.905836579368048],[-47.71084713639593,-15.905839764042543],[-47.710835556707394,-15.905843525799755],[-47.71082410883297,-15.905847651690571],[-47.71081398608021,-15.905851484566817],[-47.710802684913666,-15.905855971694212],[-47.710791540635526,-15.905860813608568],[-47.710781697957046,-15.905865278807873],[-47.71077072451574,-15.90587047172091],[-47.71075993114659,-15.905876008291658],[-47.710750412158795,-15.905881087202808],[-47.7107398128102,-15.905886963643036],[-47.7107294167054,-15.90589317170869],[-47.71072026124369,-15.905898842155253],[-47.71071008137371,-15.90590537626381],[-47.71070774850213,-15.905906940066268],[-47.71070567756111,-15.90590833981299],[-47.71070335705066,-15.905909920620687],[-47.71055788498576,-15.906009832988408],[-47.710550306204624,-15.90601517835599],[-47.7105436240809,-15.90602001661694],[-47.7105361858655,-15.906025543565482],[-47.710526717564676,-15.906033011656497],[-47.7105184048104,-15.906039790559872],[-47.71050919340401,-15.906047554378604],[-47.71050024904857,-15.906055605669174],[-47.71049481027287,-15.906060664951776],[-47.710487962953664,-15.906056663115539],[-47.710471979339836,-15.906047998149644],[-47.710444865151175,-15.906034408781847],[-47.71042832975936,-15.906026774047444],[-47.710398805532165,-15.90601428339888],[-47.71038333931126,-15.906008357608433],[-47.7103546243538,-15.905998308936791],[-47.710337201315696,-15.905992827691367],[-47.7103078679507,-15.905984617530919],[-47.710297948185456,-15.905982081292802],[-47.710289972836,-15.905977757627152],[-47.71026285866599,-15.905964168233014],[-47.71123558831739,-15.902589376224565]]]}},{"type":"Feature","properties":{"lote":"14","tipo":"Parcela","assentamento":"15 de Agosto"},"geometry":{"type":"Polygon","coordinates":[[[-47.71259015129981,-15.902980423595613],[-47.712883948334714,-15.903159411806316],[-47.71317245763516,-15.903432637194827],[-47.7133279425992,-15.903701526819107],[-47.71336187192899,-15.90386055993741],[-47.71334545902072,-15.904109834949228],[-47.713195230496794,-15.904725633958712],[-47.71285498644034,-15.905619669907072],[-47.712742400744574,-15.906142693316001],[-47.7127844426024,-15.90712801744618],[-47.7128911015324,-15.907804401479263],[-47.7128692169524,-15.907777499774998],[-47.71282003858319,-15.907717046469525],[-47.71276366314782,-15.907647746608827],[-47.712640163264105,-15.907495933774301],[-47.71260296882126,-15.907450213341718],[-47.71251028452552,-15.907336280087883],[-47.71243661316787,-15.907245717963125],[-47.712324801432075,-15.907108272148717],[-47.71193876494606,-15.906633730075603],[-47.71187536109243,-15.90655578982775],[-47.71176519092521,-15.906420360565251],[-47.711708809613064,-15.906351053166647],[-47.71163527185026,-15.906260653359585],[-47.711551435958334,-15.90615759650663],[-47.71153123428089,-15.906132763439382],[-47.71149965445178,-15.906093942984368],[-47.711486931605094,-15.906078302502689],[-47.711479167132474,-15.906068757643924],[-47.71259015129981,-15.902980423595613]]]}},{"type":"Feature","properties":{"lote":"15","tipo":"Parcela","assentamento":"15 de Agosto"},"geometry":{"type":"Polygon","coordinates":[[[-47.713374286107765,-15.904777784979144],[-47.71365237294698,-15.905521354818639],[-47.714417727822934,-15.90599547137154],[-47.715848488156844,-15.904215328613981],[-47.715954403998,-15.905856580685537],[-47.71309832522278,-15.907921161491087],[-47.71297050860671,-15.907110615756133],[-47.71292984503236,-15.906157610201726],[-47.713034900200704,-15.905669568623594],[-47.713374286107765,-15.904777784979144]]]}},{"type":"Feature","properties":{"lote":"16","tipo":"Parcela","assentamento":"15 de Agosto"},"geometry":{"type":"Polygon","coordinates":[[[-47.715954403998,-15.905856580685537],[-47.716066749647396,-15.907579998563428],[-47.71357140045764,-15.909387191442153],[-47.71330372814298,-15.909274452557067],[-47.71324518679132,-15.90924979552345],[-47.71320510845676,-15.908598321197251],[-47.71309832522278,-15.907921161491087],[-47.715954403998,-15.905856580685537]]]}},{"type":"Feature","properties":{"lote":"17","tipo":"Parcela","assentamento":"15 de Agosto"},"geometry":{"type":"Polygon","coordinates":[[[-47.716415396185646,-15.909982943426929],[-47.71610200094204,-15.909975032485592],[-47.71341454528211,-15.909907169797421],[-47.713497267830654,-15.90966648135687],[-47.71612946744714,-15.907760180499958],[-47.717059303594766,-15.907753596491608],[-47.716415396185646,-15.909982943426929]]]}},{"type":"Feature","properties":{"lote":"18","tipo":"Parcela","assentamento":"15 de Agosto"},"geometry":{"type":"Polygon","coordinates":[[[-47.717059303594766,-15.907753596491608],[-47.71909542173924,-15.907739165654029],[-47.71843266548079,-15.910033857596142],[-47.716415396185646,-15.909982943426929],[-47.717059303594766,-15.907753596491608]]]}},{"type":"Feature","properties":{"lote":"19","tipo":"Parcela","assentamento":"15 de Agosto"},"geometry":{"type":"Polygon","coordinates":[[[-47.71909542173924,-15.907739165654029],[-47.72107515218659,-15.907725115730628],[-47.72039407034029,-15.910083343423397],[-47.71843266548079,-15.910033857596142],[-47.71909542173924,-15.907739165654029]]]}},{"type":"Feature","properties":{"lote":"20","tipo":"Parcela","assentamento":"15 de Agosto"},"geometry":{"type":"Polygon","coordinates":[[[-47.72039407034029,-15.910083343423397],[-47.72107515218659,-15.907725115730628],[-47.722850804734776,-15.907594178835929],[-47.7229668050678,-15.90773264185763],[-47.72224269271165,-15.910129967206364],[-47.72039407034029,-15.910083343423397]]]}},{"type":"Feature","properties":{"lote":"21","tipo":"Parcela","assentamento":"15 de Agosto"},"geometry":{"type":"Polygon","coordinates":[[[-47.72317277087901,-15.907694543296165],[-47.72335104270636,-15.907557289300568],[-47.72377462250209,-15.907526051627226],[-47.723741018185855,-15.908450699419737],[-47.725652461755956,-15.908555877840593],[-47.72559056951494,-15.909876495559228],[-47.72369032237773,-15.909794434755085],[-47.72367125507072,-15.910252679121227],[-47.722417596381035,-15.910194716174784],[-47.72317277087901,-15.907694543296165]]]}},{"type":"Feature","properties":{"lote":"22","tipo":"Parcela","assentamento":"15 de Agosto"},"geometry":{"type":"Polygon","coordinates":[[[-47.716066749647396,-15.907579998563428],[-47.715954403998,-15.905856580685537],[-47.715848488156844,-15.904215328613981],[-47.71628455836065,-15.903672765605387],[-47.71687301997423,-15.90332987424947],[-47.71708478837362,-15.903543103649337],[-47.71709554751518,-15.903556158286765],[-47.71709357757864,-15.90359590492557],[-47.71708411955631,-15.903655641947857],[-47.7170317999378,-15.903986076613695],[-47.71702931015812,-15.90400366937523],[-47.71702777781375,-15.9040170846224],[-47.71702518034227,-15.904046526652051],[-47.7170242198921,-15.904064231128489],[-47.71702361733326,-15.904093774497834],[-47.717023587136616,-15.904102639587723],[-47.717023855560996,-15.904111501822698],[-47.7170252518162,-15.9041410200373],[-47.71702668770329,-15.904158694356184],[-47.71703007547603,-15.904188061062424],[-47.71703270240502,-15.904205606591335],[-47.717038110153666,-15.904234925296388],[-47.71704187549956,-15.904252037422594],[-47.71704919552632,-15.904280725124105],[-47.71705416699295,-15.904297788653064],[-47.71706340911717,-15.904325950898976],[-47.71706664835112,-15.90433523546395],[-47.71706952385116,-15.904342664056166],[-47.71708065006684,-15.904370181201342],[-47.717087880957436,-15.904386471170024],[-47.71710084301799,-15.904413225504507],[-47.71710915927032,-15.904429023127038],[-47.717124253177616,-15.904455511286407],[-47.71713326766557,-15.90447013682433],[-47.71714972790539,-15.904495024510865],[-47.717160103917905,-15.904509636524146],[-47.71717821073731,-15.904533428700269],[-47.71718496288148,-15.904541942892811],[-47.717189551889334,-15.904547352986064],[-47.717209228331626,-15.904569948560356],[-47.717221485286046,-15.90458312522614],[-47.717242646977645,-15.904604426813233],[-47.71725576857946,-15.904616799602131],[-47.71727921906526,-15.9046374988582],[-47.71729225516413,-15.904648231643023],[-47.71731610844412,-15.904666678713419],[-47.71733078738208,-15.904677287855199],[-47.717355835948545,-15.90469418537348],[-47.71736587100117,-15.904700648662747],[-47.717371200218984,-15.90470384296634],[-47.71741259699845,-15.904723887306732],[-47.71657282975432,-15.907576416379047],[-47.716066749647396,-15.907579998563428]]]}},{"type":"Feature","properties":{"lote":"23","tipo":"Parcela","assentamento":"15 de Agosto"},"geometry":{"type":"Polygon","coordinates":[[[-47.71657282975432,-15.907576416379047],[-47.71741259699845,-15.904723887306732],[-47.717501961677904,-15.904767421065378],[-47.717530676647876,-15.904777468757988],[-47.71754809966227,-15.904782948505531],[-47.71757743297549,-15.904791157663054],[-47.717592604554056,-15.904794949706462],[-47.71762501432212,-15.90480185838923],[-47.717643027784526,-15.904805090810967],[-47.71767321660231,-15.904809524733658],[-47.71769140970294,-15.904811609658394],[-47.717723997770825,-15.90481428558893],[-47.7177401291988,-15.904815052532022],[-47.717770658242365,-15.904815635516949],[-47.71778897701246,-15.904815404905886],[-47.71781948005244,-15.90481405360124],[-47.717835586337145,-15.904812880824627],[-47.71786809050821,-15.904809385462393],[-47.71788622140429,-15.904806843263177],[-47.717916280811394,-15.904801650889898],[-47.71793420221587,-15.904797966093],[-47.71796641436139,-15.904790243901722],[-47.717981478866875,-15.904786071224533],[-47.71801058157246,-15.904777126432801],[-47.71802785138274,-15.904771209947866],[-47.71805628653094,-15.904760442810955],[-47.71807158825611,-15.904754130219684],[-47.71810076682167,-15.904740901586663],[-47.718117091457586,-15.904732853751378],[-47.718143831306264,-15.904718586453496],[-47.71815957670323,-15.904709523509638],[-47.718185294627595,-15.90469359458001],[-47.71819053617274,-15.90469026720638],[-47.71820039408385,-15.904683553494978],[-47.71822498086974,-15.90466603114462],[-47.71823936871394,-15.904655056098264],[-47.71826271803182,-15.904636014824131],[-47.71827546213662,-15.904624957509661],[-47.71829834732317,-15.904603674967191],[-47.71831113188424,-15.904590976065602],[-47.71833171379531,-15.904569149002693],[-47.71834361332695,-15.904555668252193],[-47.71836267477685,-15.904532585043075],[-47.71836711680106,-15.904527061266998],[-47.71837363778766,-15.90451837999265],[-47.71839109891597,-15.904494140089964],[-47.71840107862895,-15.904479271841948],[-47.718416864289836,-15.904453978251663],[-47.71842548351076,-15.904439130746335],[-47.71843985934988,-15.904412271634344],[-47.71844774813391,-15.904396270031516],[-47.718459986630045,-15.904369198489048],[-47.718466777187544,-15.904352732029574],[-47.71847715995955,-15.904324944149863],[-47.71847983480155,-15.904317445695783],[-47.71848282336526,-15.904308082742931],[-47.718491306280455,-15.904279697398394],[-47.718495817390384,-15.90426251451824],[-47.71850236287259,-15.904233652304999],[-47.71850494418776,-15.904220794662],[-47.718507378764755,-15.904206880341082],[-47.71850806966378,-15.904202734179131],[-47.718539154195824,-15.904006416182428],[-47.718584289323395,-15.904000261687145],[-47.71869650122083,-15.903995416613283],[-47.718714632089004,-15.903990311135152],[-47.71872722093881,-15.903982565907887],[-47.71877081617256,-15.903941644838484],[-47.71881630272359,-15.903930324206058],[-47.71884443426394,-15.903933221387843],[-47.71890841801527,-15.903930157678086],[-47.718924600183314,-15.903925889585341],[-47.718969104799235,-15.903904014098893],[-47.71897687631291,-15.903899006548231],[-47.71901298689759,-15.90390698475787],[-47.71795113363442,-15.907566652538415],[-47.717057936984595,-15.907572980491182],[-47.71657282975432,-15.907576416379047]]]}},{"type":"Feature","properties":{"lote":"25","tipo":"Parcela","assentamento":"15 de Agosto"},"geometry":{"type":"Polygon","coordinates":[[[-47.7191511925442,-15.90755814447544],[-47.720130281457486,-15.90415381811563],[-47.721347551549165,-15.904422729519668],[-47.720513344598416,-15.907332174550906],[-47.72028947102619,-15.90755006872568],[-47.7191511925442,-15.90755814447544]]]}},{"type":"Feature","properties":{"lote":"24","tipo":"Parcela","assentamento":"15 de Agosto"},"geometry":{"type":"Polygon","coordinates":[[[-47.71795113363442,-15.907566652538415],[-47.71901298689759,-15.90390698475787],[-47.720130281457486,-15.90415381811563],[-47.7191511925442,-15.90755814447544],[-47.71909405331164,-15.907558549949833],[-47.71795113363442,-15.907566652538415]]]}},{"type":"Feature","properties":{"lote":"26","tipo":"Parcela","assentamento":"15 de Agosto"},"geometry":{"type":"Polygon","coordinates":[[[-47.721347551549165,-15.904422729519668],[-47.720130281457486,-15.90415381811563],[-47.71901298689759,-15.90390698475787],[-47.71897687631291,-15.903899006548231],[-47.71904988265488,-15.90385196720819],[-47.71909814596527,-15.90381116793154],[-47.71916611471788,-15.903736612546892],[-47.71920691481568,-15.903682178935219],[-47.719266695458245,-15.903630306115703],[-47.719290332458655,-15.903604358143692],[-47.71929946597917,-15.903589521299667],[-47.719314562337175,-15.903546159234391],[-47.71935546336414,-15.903464538665183],[-47.719459148934774,-15.903283771177762],[-47.71946822048895,-15.903264328901244],[-47.71947730721295,-15.903225197146574],[-47.71949138957067,-15.90311338693418],[-47.71948837310403,-15.90302789394293],[-47.719465362422426,-15.902836709966413],[-47.719461413656845,-15.902779046606204],[-47.719462727951225,-15.902717162336229],[-47.7194989721828,-15.90253218650161],[-47.71951788361065,-15.902286735393162],[-47.719536580057465,-15.90219184682107],[-47.71957119507398,-15.902070188956303],[-47.719578732377066,-15.902071575235118],[-47.7216094303093,-15.90288700539873],[-47.72153200027715,-15.90377942340209],[-47.721347551549165,-15.904422729519668]]]}},{"type":"Feature","properties":{"lote":"27","tipo":"Parcela","assentamento":"15 de Agosto"},"geometry":{"type":"Polygon","coordinates":[[[-47.719578732377066,-15.902071575235118],[-47.71967807175086,-15.902046798027316],[-47.71968620582012,-15.902044674260532],[-47.719697769122696,-15.902041323233158],[-47.71971515098613,-15.902035987790777],[-47.71972686871488,-15.90203218322776],[-47.71974286472416,-15.90202629984979],[-47.71975025282474,-15.902023393389669],[-47.7197570049159,-15.902020662931623],[-47.71975850561828,-15.902020035286702],[-47.71991831160682,-15.901952802920272],[-47.71994725273517,-15.901940626593316],[-47.72003688400857,-15.901903583536154],[-47.7202273101714,-15.901836129615617],[-47.720350724526135,-15.901804613684583],[-47.72035678158055,-15.901803014616412],[-47.720369370944624,-15.9017993462586],[-47.72038582913062,-15.901794243683124],[-47.72039652072358,-15.901790755483137],[-47.7204192678253,-15.901782141596959],[-47.72043408839765,-15.901775606437212],[-47.720460169896484,-15.901763434466256],[-47.72046746691825,-15.901759933937669],[-47.720488857594795,-15.901748520123371],[-47.7205094314849,-15.901735777185616],[-47.720516096722484,-15.901731240542192],[-47.72053959716284,-15.901714870598154],[-47.720552600149816,-15.90170538868363],[-47.72057127954132,-15.90169015606718],[-47.720588883309226,-15.901673779128155],[-47.72060908982471,-15.901653709718355],[-47.72062556081578,-15.9016362415603],[-47.72063513924562,-15.901624935019093],[-47.72063894751594,-15.901620249218446],[-47.72064315016872,-15.901614978608567],[-47.7206487240719,-15.901607852754593],[-47.720666066992194,-15.90158568521311],[-47.72081305220033,-15.901530222353086],[-47.72082477162282,-15.901525576857667],[-47.720841221670995,-15.901518276923715],[-47.72086579776851,-15.901506664883993],[-47.720871465261666,-15.901503929095536],[-47.720892855884,-15.901492515248696],[-47.720913429718806,-15.901479772280165],[-47.72092009493775,-15.901475235626908],[-47.72094359531168,-15.901458865648232],[-47.72095659826114,-15.901449383714668],[-47.7209752775959,-15.901434151071353],[-47.720992881306685,-15.901417774107575],[-47.72101308775434,-15.90139770466976],[-47.72102955868812,-15.901380236489178],[-47.72104480757356,-15.90136177034229],[-47.72105426743959,-15.901348938008509],[-47.72107056562803,-15.901325776565974],[-47.721075074758474,-15.901319215963323],[-47.721087702475266,-15.901298981006523],[-47.721098935935,-15.90127798959629],[-47.72110236471225,-15.90127083476919],[-47.72111425830199,-15.901245287541716],[-47.721120620497416,-15.901230786333839],[-47.721128926329925,-15.901208555626477],[-47.721135711071135,-15.90118585275902],[-47.721142840910545,-15.901158694684598],[-47.72114807856833,-15.901135599464235],[-47.72115174363891,-15.901112227819151],[-47.72115330575917,-15.9010965371032],[-47.721155453360915,-15.901068592827256],[-47.72115596913719,-15.901060730490842],[-47.72115645001159,-15.901037096407956],[-47.721155332425994,-15.901013482468427],[-47.721154606187625,-15.901005634880374],[-47.721151707408964,-15.900977755100653],[-47.721149723617586,-15.900962109069207],[-47.72114543092742,-15.900938838608527],[-47.721139573612795,-15.900915883203387],[-47.721131715441885,-15.900888914002477],[-47.72112432213395,-15.900866389801159],[-47.7211154200402,-15.9008443768439],[-47.72110867267331,-15.900830044449389],[-47.72109609572389,-15.900804804684089],[-47.72109247366176,-15.900797733288767],[-47.72108067923261,-15.900777032965873],[-47.72106751136944,-15.9007571230687],[-47.72106282344959,-15.900750672942053],[-47.721045907647266,-15.900727930941503],[-47.72103611048155,-15.900715346688882],[-47.72102036901099,-15.900697270153358],[-47.721003440330165,-15.900680229166644],[-47.720982700802715,-15.900660674786138],[-47.72096465588412,-15.900644741608739],[-47.72094557404298,-15.90062998478781],[-47.720932311033295,-15.900620828406346],[-47.72090837829591,-15.900605057020284],[-47.72090160177641,-15.900600695160179],[-47.72088435048864,-15.900590612693575],[-47.72088807212577,-15.900576437393534],[-47.7208933098097,-15.900553342176075],[-47.720896974911135,-15.900529970531244],[-47.720898537066674,-15.900514280717035],[-47.72090068472347,-15.900486337340807],[-47.720901200499895,-15.900478474100279],[-47.72090168141416,-15.900454840012388],[-47.72090056387269,-15.900431226065287],[-47.720899837662095,-15.900423379377147],[-47.720896938927616,-15.90039549868287],[-47.72089495515666,-15.900379851741329],[-47.72089066251854,-15.900356581267978],[-47.72088480525964,-15.900333625847665],[-47.720876947156796,-15.900306656627347],[-47.72086955390795,-15.900284132408476],[-47.720860652809584,-15.900262119419548],[-47.720853902625635,-15.90024778253071],[-47.720841325766095,-15.900222543641735],[-47.720837705653025,-15.900215476730393],[-47.72082591129161,-15.900194776383213],[-47.72081274349849,-15.9001748664597],[-47.72080805940788,-15.900168421694959],[-47.72079114367846,-15.900145678758241],[-47.720781341834574,-15.90013309003021],[-47.720765601370914,-15.900115013452849],[-47.72074866614829,-15.900097966195476],[-47.72072792672274,-15.900078412679386],[-47.720709888485175,-15.900062484804545],[-47.72069080670885,-15.90004772704588],[-47.720677552233944,-15.900038576855893],[-47.720653619576176,-15.900022804523928],[-47.72064683461141,-15.900018437339364],[-47.72062592506771,-15.900006217047993],[-47.72060423478176,-15.899995346003037],[-47.72059685081921,-15.89999203224294],[-47.72057045188714,-15.899980521455985],[-47.72055545691323,-15.899974360123496],[-47.72053248507521,-15.899966322227192],[-47.720509015030075,-15.899959753752704],[-47.72048094688131,-15.899952853932135],[-47.72045709574469,-15.899947788624555],[-47.720432944915785,-15.899944241718925],[-47.720416732018734,-15.899942729924565],[-47.72038785703629,-15.899940651484014],[-47.720379731654525,-15.89994015322946],[-47.72035530961184,-15.899939686858634],[-47.720330908388235,-15.89994076826981],[-47.72032279916131,-15.899941471036293],[-47.72029398986637,-15.89994427614206],[-47.72027782312515,-15.899946195832069],[-47.72025377588038,-15.899950349903083],[-47.720246657784394,-15.899951883749964],[-47.72023326743157,-15.899954902854782],[-47.720218280014485,-15.899958600493287],[-47.72000325210278,-15.900016267410825],[-47.72086693030682,-15.898854652015963],[-47.72169303544122,-15.899965115053268],[-47.7218192378688,-15.900468864596046],[-47.7216094303093,-15.90288700539873],[-47.719578732377066,-15.902071575235118]]]}},{"type":"Feature","properties":{"lote":"28","tipo":"Parcela","assentamento":"15 de Agosto"},"geometry":{"type":"Polygon","coordinates":[[[-47.72086693030682,-15.898854652015963],[-47.72000325210278,-15.900016267410825],[-47.71982596251619,-15.900050753824244],[-47.71943406990263,-15.90012588525659],[-47.71913386913692,-15.900174858774456],[-47.71911937692277,-15.90018047568315],[-47.71909627543738,-15.900119132748767],[-47.719067127932895,-15.899921929403861],[-47.71905064083255,-15.899834077065229],[-47.71902364926785,-15.899742382997555],[-47.71901110615099,-15.899677150780194],[-47.719003949706135,-15.899609954062766],[-47.719002863583654,-15.899397269120254],[-47.71899345396933,-15.899315198316778],[-47.71897945482413,-15.899273557391085],[-47.718961851855994,-15.89924153553302],[-47.718890414577984,-15.899155187854413],[-47.71877837732716,-15.89904785561329],[-47.718744353324254,-15.898995357658407],[-47.71869688014616,-15.89888658031356],[-47.71862109990507,-15.898803448308705],[-47.718543124542144,-15.898695867743935],[-47.718495159947416,-15.898606063276356],[-47.71998938917463,-15.897675027363707],[-47.72086693030682,-15.898854652015963]]]}},{"type":"Feature","properties":{"lote":"29","tipo":"Parcela","assentamento":"15 de Agosto"},"geometry":{"type":"Polygon","coordinates":[[[-47.71888791750699,-15.896194360878907],[-47.71998938917463,-15.897675027363707],[-47.718495159947416,-15.898606063276356],[-47.71842333715557,-15.898490999129674],[-47.71832587253986,-15.898364757512706],[-47.71825865567821,-15.898278928127098],[-47.718197181790245,-15.898197783476727],[-47.71807439505541,-15.898019686432109],[-47.71802152171327,-15.897932653118424],[-47.717948723142264,-15.897772712987479],[-47.71790288962422,-15.89771088909556],[-47.7179498927743,-15.897679592189377],[-47.71799259666643,-15.897642975461183],[-47.71803036471509,-15.897601587929516],[-47.71806262942501,-15.897556049997759],[-47.718088910883644,-15.897507040576555],[-47.718108813913,-15.897455293506889],[-47.71812204280519,-15.897401582923612],[-47.71812839836494,-15.897346711551148],[-47.718127786149466,-15.89729149885858],[-47.71812021541363,-15.89723677204101],[-47.718105798866794,-15.897183347959167],[-47.71808475258754,-15.897132026818309],[-47.71805739111493,-15.89708357416656],[-47.71802412365521,-15.897038716426916],[-47.717985447307086,-15.896998122919193],[-47.717941941402195,-15.896962401415431],[-47.71789425520478,-15.896932085650514],[-47.71784310129512,-15.896907629083252],[-47.717789246129186,-15.896889396886799],[-47.71773349411547,-15.89687766163322],[-47.71767667916864,-15.896872599787114],[-47.7176196506525,-15.896874287366671],[-47.71756326121358,-15.896882697387156],[-47.717508353754155,-15.896897702734302],[-47.71738916149205,-15.896683536520582],[-47.71736907973489,-15.896329878057106],[-47.71888791750699,-15.896194360878907]]]}},{"type":"Feature","properties":{"lote":"30","tipo":"Parcela","assentamento":"15 de Agosto"},"geometry":{"type":"Polygon","coordinates":[[[-47.71736907973489,-15.896329878057106],[-47.717353430317864,-15.895993176112363],[-47.717307835722316,-15.89546217941005],[-47.7170615961631,-15.894923792330554],[-47.71692453284926,-15.89486070319786],[-47.7167009641508,-15.894801786296178],[-47.71652575142598,-15.894793296162389],[-47.716366488704274,-15.894769271106806],[-47.71614538511328,-15.894642173973049],[-47.71591278917763,-15.894453802938672],[-47.71571654601494,-15.894310468717858],[-47.71566678053055,-15.894299968965615],[-47.71562310518068,-15.894250784347136],[-47.715610753873875,-15.894240389557483],[-47.71562662825869,-15.894102131501526],[-47.71564037872781,-15.894055806074144],[-47.715665651191486,-15.893991814082193],[-47.71572316290775,-15.893875303233235],[-47.715782567469574,-15.893767710075785],[-47.71581879358925,-15.893713244409652],[-47.715917253919216,-15.893595134913339],[-47.71597881420848,-15.893502146158971],[-47.71601039771479,-15.893442500391965],[-47.716050830893195,-15.893326023583873],[-47.71608165578457,-15.89327243866387],[-47.716127741155525,-15.893222455233952],[-47.716224709482546,-15.893132272705621],[-47.716327358812485,-15.89305511483827],[-47.71641486907178,-15.893025112701011],[-47.716649983807066,-15.892985396756742],[-47.71680761738747,-15.89298585301734],[-47.716905012589606,-15.892976631401476],[-47.71690459796599,-15.89298245038949],[-47.7169041574479,-15.892994264112874],[-47.716903943105166,-15.893004781637158],[-47.7169039021123,-15.893016602077289],[-47.71690426049913,-15.893028418397854],[-47.71690475718009,-15.893038926979992],[-47.716905514752845,-15.893050724732499],[-47.71690667136593,-15.893062493080583],[-47.716907876598434,-15.893072947592593],[-47.71690943019196,-15.89308467211125],[-47.716911379687154,-15.893096341975877],[-47.716913289144955,-15.893106698216213],[-47.71691563249411,-15.893118299904788],[-47.71691836579479,-15.893129820821894],[-47.7169209714071,-15.893140033732914],[-47.71692409263593,-15.893151462162528],[-47.7169275997566,-15.893162785485776],[-47.71693088973234,-15.893172810959824],[-47.71693284907972,-15.893178611832598],[-47.71693383248663,-15.89318714174653],[-47.71693538608361,-15.89319886626453],[-47.71693733558247,-15.893210536128421],[-47.716939245043626,-15.893220892368044],[-47.716941588396615,-15.893232494055797],[-47.71694432170135,-15.89324401497198],[-47.716946927317366,-15.893254227882174],[-47.71695004855044,-15.893265656310803],[-47.71695355567554,-15.893276979632988],[-47.7169568456553,-15.893287005106055],[-47.716960732916704,-15.893298211652713],[-47.716964997357074,-15.893309289719756],[-47.71696895806743,-15.893319085477525],[-47.71697359390679,-15.89333002158977],[-47.71697859727889,-15.893340805860984],[-47.71698321229955,-15.89335033056351],[-47.71698857742448,-15.893360949518415],[-47.7169942995028,-15.893371393282576],[-47.71699954774786,-15.893380605648607],[-47.71700519074781,-15.893390164386785],[-47.71704656511425,-15.893613044802406],[-47.71704884013583,-15.893624769275918],[-47.717049916810055,-15.893630305778085],[-47.7170509142857,-15.893635226404086],[-47.71705208034407,-15.893640747331105],[-47.717054813664255,-15.89365226824366],[-47.71705526347064,-15.89365740890852],[-47.71705741929432,-15.893662481150495],[-47.71706054054352,-15.893673909575165],[-47.71706404768542,-15.893685232893114],[-47.71706733768039,-15.89369525836227],[-47.71707122495922,-15.893706464904385],[-47.7170754894176,-15.893717542966595],[-47.717079450144304,-15.89372733871993],[-47.71708408600228,-15.893738274827053],[-47.717089089393575,-15.893749059092828],[-47.7170937044316,-15.893758583790424],[-47.71709906957627,-15.893769202739643],[-47.717104791674885,-15.893779646497824],[-47.71711003993824,-15.893788858858425],[-47.71711611136892,-15.893799115779824],[-47.71712252638696,-15.893809175098719],[-47.717128385880784,-15.89381803565888],[-47.71713513780954,-15.89382788662078],[-47.71713736231569,-15.893830984548261],[-47.71713935720172,-15.89383373222034],[-47.717141615008714,-15.893836808052582],[-47.717208472242945,-15.893926878533252],[-47.71720971529557,-15.893931252354104],[-47.71721322245227,-15.893942575667388],[-47.71721651246059,-15.893952601132249],[-47.71722039975457,-15.893963807669374],[-47.71722319225639,-15.893971186751264],[-47.717225751375956,-15.893977727004613],[-47.71722871011584,-15.8939850452886],[-47.71724916687924,-15.894034076327397],[-47.717250720541216,-15.89403774266323],[-47.71725212217515,-15.894040999061128],[-47.71725371760869,-15.894044648614265],[-47.7172587210187,-15.894055432873241],[-47.7172633360735,-15.894064957564634],[-47.717268701237195,-15.894075576506703],[-47.71727442335515,-15.89408602025741],[-47.71727967163584,-15.894095232611205],[-47.71728574308614,-15.894105489524799],[-47.7172900704503,-15.894112355258589],[-47.71729399139551,-15.894118423177288],[-47.71729847519387,-15.894125193012293],[-47.717304761019136,-15.894134456439687],[-47.71730665828674,-15.894145778324525],[-47.71730856778308,-15.894156134555777],[-47.717310911176405,-15.89416773623362],[-47.71731364452294,-15.894179257139],[-47.71731625017679,-15.894189470039153],[-47.7173193714531,-15.894200898456058],[-47.71732287862287,-15.89421222176563],[-47.717326168642956,-15.894222247227063],[-47.71733005595036,-15.894233453760211],[-47.71733432043803,-15.89424453181289],[-47.717338281191054,-15.894254327557485],[-47.71734291707895,-15.89426526365451],[-47.717347920500806,-15.894276047909642],[-47.71735253556626,-15.894285572597493],[-47.71735790074208,-15.894296191535535],[-47.717363622872384,-15.894306635281984],[-47.71736887116417,-15.894315847631917],[-47.71737494262708,-15.894326104541083],[-47.717379370074525,-15.894333125263026],[-47.717383383370425,-15.894339328397498],[-47.71738797466854,-15.894346249514546],[-47.71741895015651,-15.894391791986063],[-47.71744517533007,-15.89446693271682],[-47.71744605139145,-15.89446941357012],[-47.717446839761585,-15.894471619153444],[-47.71744773440028,-15.894474093450759],[-47.71745199890128,-15.894485171499092],[-47.71745595966632,-15.894494967239716],[-47.71746059556785,-15.894505903332139],[-47.71746559900364,-15.894516687582414],[-47.7174702140816,-15.89452621226586],[-47.71747120928429,-15.894528183129752],[-47.717471196536366,-15.89453209767286],[-47.71747155497365,-15.894543913985435],[-47.717472051700724,-15.894554422559798],[-47.71747280932668,-15.894566220302776],[-47.717473965995666,-15.894577988639881],[-47.717475171279055,-15.894588443141442],[-47.71747672493112,-15.894600167647608],[-47.71747867448739,-15.894611837498289],[-47.71748058400068,-15.894622193725557],[-47.71748292741342,-15.894633795398715],[-47.717485660780135,-15.894645316298972],[-47.71748826645227,-15.894655529194377],[-47.717491387749476,-15.8946669576057],[-47.71749364639178,-15.894674402103702],[-47.71749572949001,-15.894681006142994],[-47.71749815266219,-15.894688401605691],[-47.7175231634769,-15.894761994187943],[-47.71752449753374,-15.894765846628387],[-47.71752570447617,-15.894769268044728],[-47.71752708312828,-15.894773105473242],[-47.71753134764241,-15.894784183518077],[-47.717535308419315,-15.89479397925548],[-47.71753994433442,-15.894804915344183],[-47.71754494778419,-15.894815699590563],[-47.71754956287479,-15.894825224270416],[-47.71755492807919,-15.894835843199226],[-47.71756065023873,-15.894846286936035],[-47.71756589855681,-15.894855499277188],[-47.71757197004959,-15.894865756176266],[-47.71757838513076,-15.894875815471927],[-47.71758424468123,-15.894884676010973],[-47.71759099667415,-15.894894526948734],[-47.71759807796774,-15.89490415878644],[-47.71760452396824,-15.894912628998254],[-47.717611926952756,-15.894922030993094],[-47.71761964404137,-15.89493119420903],[-47.717626648946535,-15.894939238312787],[-47.71763467159633,-15.894948152018706],[-47.71763613733967,-15.894949718658925],[-47.71763744578491,-15.894951108448467],[-47.717638920750225,-15.894952666844015],[-47.717686991076434,-15.895003142305475],[-47.71769388836232,-15.895010191552743],[-47.717700112464264,-15.89501638492614],[-47.71770720330224,-15.895023252908034],[-47.71771609056528,-15.895031362739743],[-47.7177241195227,-15.895038452841515],[-47.71773327640344,-15.895046277487927],[-47.71774269250358,-15.895053807145324],[-47.717751183866035,-15.895060373905867],[-47.71776084883701,-15.895067602381658],[-47.717770754146756,-15.895074519848642],[-47.7177723495631,-15.895075596235767],[-47.71777967114675,-15.895080535731818],[-47.71778980458045,-15.895087136020909],[-47.71780015577621,-15.895093412037482],[-47.717809459792086,-15.895098850433694],[-47.71782001838912,-15.895104795082137],[-47.7178307712384,-15.895110402206125],[-47.717840422763906,-15.895115240129615],[-47.71785136046194,-15.895120504427796],[-47.71786246891448,-15.8951254188526],[-47.717863248927245,-15.895125751343407],[-47.71786370722938,-15.895126520505215],[-47.71787012233408,-15.895136579788433],[-47.717875981905486,-15.895145440316204],[-47.71788273392194,-15.89515529124105],[-47.71788428140364,-15.895157453852477],[-47.71788566603569,-15.89515937375118],[-47.71788723016787,-15.895161525314903],[-47.7180319724589,-15.895346492462043],[-47.71832306499376,-15.895683438248296],[-47.71872827331885,-15.895979753689943],[-47.71888791750699,-15.896194360878907],[-47.71736907973489,-15.896329878057106]]]}},{"type":"Feature","properties":{"lote":"31","tipo":"Parcela","assentamento":"15 de Agosto"},"geometry":{"type":"Polygon","coordinates":[[[-47.718987108677105,-15.893951775676722],[-47.718951396891455,-15.89380673653924],[-47.71985207775901,-15.893295845663875],[-47.719560482587625,-15.892097517433879],[-47.71982178401317,-15.892056270108199],[-47.71984364342176,-15.892052300009777],[-47.71987328536558,-15.892045216217614],[-47.719902385270004,-15.892036271472064],[-47.71993081859734,-15.892025504371666],[-47.719958463706455,-15.892012960703973],[-47.719977376960635,-15.892003099219538],[-47.720042008867544,-15.891967517637715],[-47.72004983375653,-15.891963111861791],[-47.720075550038665,-15.891947182966222],[-47.72010013432673,-15.891929660662475],[-47.72012348216429,-15.891910619423578],[-47.72013272493396,-15.89190234644612],[-47.72020625477162,-15.891834720012046],[-47.72021902369857,-15.89182251535399],[-47.72023960335647,-15.891800687429768],[-47.72025219516921,-15.89178579081875],[-47.72036520990373,-15.891646113773087],[-47.72041031935909,-15.89159036157162],[-47.72052699330306,-15.891596257845992],[-47.72054029802439,-15.891610580000933],[-47.72056167340594,-15.891632114464684],[-47.720584228131386,-15.891652030933225],[-47.720608079919295,-15.89167047785144],[-47.72063312690267,-15.891687375215682],[-47.72064164781096,-15.891692605697841],[-47.72075851783632,-15.891762638569412],[-47.720884985368926,-15.891838422959111],[-47.72090260117193,-15.891848468433937],[-47.72092971286191,-15.891862057604412],[-47.72095768580067,-15.891873900918963],[-47.72098639892635,-15.891883948420901],[-47.721015729407995,-15.891892157401317],[-47.72104555171242,-15.891898492410848],[-47.72106661569921,-15.891901791957112],[-47.721136148766504,-15.891911110354888],[-47.721145271617175,-15.891912244545596],[-47.72117569394059,-15.891914757858233],[-47.72118574863992,-15.891915163186882],[-47.72124073269548,-15.891916806249375],[-47.721261204999955,-15.891916982813976],[-47.72129170508062,-15.891915632238756],[-47.72132204950707,-15.89191235352885],[-47.72135210688244,-15.891907160984037],[-47.721383650189374,-15.891899554490365],[-47.721451913919054,-15.891880622921851],[-47.72149810743081,-15.891867815619436],[-47.721572322712845,-15.891847236612557],[-47.72164161762666,-15.891829206014666],[-47.721709038970246,-15.891827025380268],[-47.72175315333708,-15.891832062107069],[-47.72178336814281,-15.891834551756643],[-47.72181389512255,-15.891835133570783],[-47.721844395174244,-15.89183378291993],[-47.72187473956671,-15.891830504135585],[-47.72187722282963,-15.891830148609268],[-47.721953766519064,-15.891819006346594],[-47.721956472279466,-15.891821940097962],[-47.72196107627978,-15.891826817053891],[-47.72200578901741,-15.891873490796518],[-47.722022344656466,-15.891889916026006],[-47.722044899533444,-15.891909832314496],[-47.72206160588443,-15.891922753119296],[-47.72206875146215,-15.891928279045285],[-47.72209379857496,-15.891945176215545],[-47.72211993538109,-15.8919604519967],[-47.72214704714374,-15.89197404099895],[-47.72217502014415,-15.891985884142011],[-47.722203733320214,-15.891995931469928],[-47.72223306384075,-15.89200414027453],[-47.72223688242459,-15.892004951983703],[-47.72223833096247,-15.892006071734912],[-47.72226337809691,-15.89202296888166],[-47.722289514923474,-15.8920382446386],[-47.722316626705286,-15.892051833616057],[-47.722344599723506,-15.892063676733823],[-47.72237331291594,-15.89207372403605],[-47.72240264345134,-15.892081932814712],[-47.72243246579631,-15.892088267621272],[-47.722444055503004,-15.892692661358993],[-47.718987108677105,-15.893951775676722]]]}},{"type":"Feature","properties":{"lote":"32","tipo":"Parcela","assentamento":"15 de Agosto"},"geometry":{"type":"Polygon","coordinates":[[[-47.722374730311536,-15.894107153412023],[-47.719192339349895,-15.894785280607934],[-47.718987108677105,-15.893951775676722],[-47.722444055503004,-15.892692661358993],[-47.722374730311536,-15.894107153412023]]]}},{"type":"Feature","properties":{"lote":"33","tipo":"Parcela","assentamento":"15 de Agosto"},"geometry":{"type":"Polygon","coordinates":[[[-47.72232449578969,-15.895649183602735],[-47.71933418842295,-15.895693426907334],[-47.71934407410549,-15.895401519675469],[-47.719192339349895,-15.894785280607934],[-47.722374730311536,-15.894107153412023],[-47.72237199339263,-15.894216275432042],[-47.72234645619524,-15.894604778236486],[-47.72237484556851,-15.894697884819243],[-47.72237279159704,-15.894711003158996],[-47.72235552548174,-15.894821290039863],[-47.7223759831908,-15.895063511747505],[-47.72234712836057,-15.895205881925563],[-47.72239739610428,-15.89541741548837],[-47.72238468192241,-15.895439516609141],[-47.72236649868133,-15.895574650611781],[-47.72232449578969,-15.895649183602735]]]}},{"type":"Feature","properties":{"lote":"34","tipo":"Parcela","assentamento":"15 de Agosto"},"geometry":{"type":"Polygon","coordinates":[[[-47.719965830127194,-15.897426958146118],[-47.719072762392926,-15.89622643970667],[-47.71911049418777,-15.895999854751228],[-47.71933418842295,-15.895693426907334],[-47.72232449578969,-15.895649183602735],[-47.722257132147725,-15.895768719091143],[-47.722138654264356,-15.896051101223053],[-47.72209571510137,-15.896204972938655],[-47.72203970233324,-15.896324491792088],[-47.721986216562975,-15.89657188493143],[-47.721980216086216,-15.896582669523257],[-47.719965830127194,-15.897426958146118]]]}},{"type":"Feature","properties":{"lote":"35","tipo":"Parcela","assentamento":"15 de Agosto"},"geometry":{"type":"Polygon","coordinates":[[[-47.719965830127194,-15.897426958146118],[-47.721980216086216,-15.896582669523257],[-47.7219666203266,-15.896918014408499],[-47.72214001485636,-15.897177362980042],[-47.72165545985375,-15.897912059064408],[-47.72247714823238,-15.899154629120984],[-47.721943554352585,-15.899958677153993],[-47.7218510004717,-15.89996105580775],[-47.719965830127194,-15.897426958146118]]]}},{"type":"Feature","properties":{"lote":"36","tipo":"Parcela","assentamento":"15 de Agosto"},"geometry":{"type":"Polygon","coordinates":[[[-47.72247714823238,-15.899154629120984],[-47.72165545985375,-15.897912059064408],[-47.72214001485636,-15.897177362980042],[-47.72249723409509,-15.897218406737585],[-47.72280188445491,-15.897010797041478],[-47.7228592424956,-15.896907698886501],[-47.722882375674665,-15.896836644273504],[-47.72293205353681,-15.896606863142914],[-47.722959386063806,-15.896548540954798],[-47.72296595999546,-15.896533632435306],[-47.722969591562645,-15.89652539755093],[-47.722971500717584,-15.896520243439765],[-47.72297997888436,-15.896497596883018],[-47.72298168739245,-15.896492373950444],[-47.72298530675916,-15.89648101422916],[-47.723024719555,-15.896339776262018],[-47.72310180660047,-15.896156043944167],[-47.723211637259375,-15.895961150094802],[-47.72322560124025,-15.895933658374565],[-47.72324070049893,-15.895900444265962],[-47.7232491228935,-15.895878233739834],[-47.72326330430498,-15.895837291884563],[-47.72327065208848,-15.895812416085697],[-47.72327711532614,-15.895787138687481],[-47.72328178933337,-15.895766217287772],[-47.72328697724654,-15.895727663019306],[-47.723298896128505,-15.895706943809204],[-47.723309658545325,-15.895686768440758],[-47.723320033614314,-15.895663817075825],[-47.72333087092895,-15.895635895122474],[-47.72333507504647,-15.895625061804278],[-47.723336430685585,-15.895620526121213],[-47.723343215944205,-15.89559781781199],[-47.72334645849718,-15.89558439727578],[-47.72335326357509,-15.895553594450547],[-47.723357310734016,-15.895527635811227],[-47.72427336791271,-15.896096975155608],[-47.724232093356655,-15.89622477757918],[-47.72426481559948,-15.896364273098092],[-47.72424354525806,-15.896492877222657],[-47.72247714823238,-15.899154629120984]]]}},{"type":"Feature","properties":{"lote":"37","tipo":"Parcela","assentamento":"15 de Agosto"},"geometry":{"type":"Polygon","coordinates":[[[-47.72427336791271,-15.896096975155608],[-47.723357310734016,-15.895527635811227],[-47.72335915025169,-15.89550788182879],[-47.72336088027684,-15.89548061841267],[-47.72336136192101,-15.895456984344618],[-47.72335998946329,-15.895430391364899],[-47.72335785120118,-15.89540660156468],[-47.72335539587054,-15.895386087969708],[-47.72335110314693,-15.895362816660441],[-47.72334895715601,-15.895353634931107],[-47.723343201760045,-15.895330414576987],[-47.72333949148214,-15.895316647273617],[-47.723335731917864,-15.89530455688677],[-47.7233190541464,-15.895254132380668],[-47.72331541853962,-15.895243693242985],[-47.72331084576828,-15.895231855159137],[-47.72330112288105,-15.895190941923474],[-47.72330261152124,-15.895183599298168],[-47.72330558789567,-15.89516551901904],[-47.723309410326316,-15.895137494036351],[-47.72331148708922,-15.895113941012271],[-47.723311740211,-15.895068407797197],[-47.72331051896899,-15.895042647443614],[-47.72329446332544,-15.894852564147605],[-47.72329544646044,-15.8948462855151],[-47.7233107621728,-15.894748456347845],[-47.723312383486046,-15.894736826478136],[-47.72331403095232,-15.894719998498612],[-47.723315899947174,-15.894694599291798],[-47.72331632923501,-15.894687873344127],[-47.723316809964864,-15.894664239285872],[-47.72331569322102,-15.894640625367355],[-47.72331311490786,-15.894612013633386],[-47.72330639103251,-15.894568494852283],[-47.723296890973394,-15.894530888942098],[-47.72328824529693,-15.894502537043394],[-47.723301658012446,-15.894298485807125],[-47.72333128105319,-15.894165885516378],[-47.723330591125695,-15.894158795247666],[-47.72335822327273,-15.894136137527827],[-47.723390684619396,-15.894114142366833],[-47.723454624930575,-15.894080370311102],[-47.72359945605259,-15.89397558221199],[-47.72367317043885,-15.893933016378272],[-47.72384472080521,-15.89385805733969],[-47.72391645217663,-15.893834573454816],[-47.7239959236992,-15.893817585131522],[-47.724106374730425,-15.893814115030967],[-47.72430359484814,-15.893795009495228],[-47.724426788273064,-15.893795262190856],[-47.72451858764431,-15.893806658557741],[-47.72471338646686,-15.89386417247767],[-47.724900577544126,-15.893945806636307],[-47.725067224052346,-15.89401261675172],[-47.72529217687854,-15.894070833512533],[-47.7253645296749,-15.894093493567302],[-47.725402402446186,-15.894108196314312],[-47.72540054686594,-15.89411254141813],[-47.72459445295727,-15.896000496890661],[-47.72447962273969,-15.895981093730967],[-47.72436513003443,-15.896013222354538],[-47.72427336791271,-15.896096975155608]]]}},{"type":"Feature","properties":{"lote":"38","tipo":"Parcela","assentamento":"15 de Agosto"},"geometry":{"type":"Polygon","coordinates":[[[-47.72459445295727,-15.896000496890661],[-47.72540054686594,-15.89411254141813],[-47.725402402446186,-15.894108196314312],[-47.725573092790874,-15.8941751283844],[-47.72580939234188,-15.894237355994553],[-47.7259106031133,-15.894275366941834],[-47.72597597069324,-15.894312926982105],[-47.72608164118111,-15.894397936958445],[-47.72613242523696,-15.89444751257039],[-47.72626545261835,-15.894595760669198],[-47.72632410198861,-15.894654178381062],[-47.72639383501298,-15.894717875225442],[-47.72648760883895,-15.894792648594374],[-47.72657970233312,-15.894874307246724],[-47.726629104420375,-15.894932119034726],[-47.72666031995328,-15.894976974033161],[-47.726680617787494,-15.895015012399249],[-47.72669002184966,-15.895041085742344],[-47.72669696416095,-15.89511993553283],[-47.72666780431154,-15.895289919739255],[-47.726655465464766,-15.895413087821877],[-47.7266550654882,-15.895437213041072],[-47.72664012632431,-15.89545795515753],[-47.72663150176664,-15.895470675951955],[-47.726620021862416,-15.895488691973195],[-47.726616644034564,-15.895494136497087],[-47.726499916847935,-15.895687321318848],[-47.72644547292727,-15.895746177486174],[-47.72643720965128,-15.895755307210555],[-47.726429235171054,-15.895764537154472],[-47.726410174489395,-15.895787620832042],[-47.72640573286515,-15.89579314471345],[-47.7264019085886,-15.895798148702541],[-47.726391819702414,-15.895811699928347],[-47.72637678537512,-15.895832517295325],[-47.72637083386949,-15.895836112990507],[-47.72636563508114,-15.895839330689439],[-47.72634706330224,-15.895851118512683],[-47.72633584042592,-15.89585870955166],[-47.72631125637579,-15.8958762325506],[-47.726296868672776,-15.895887207989214],[-47.72627352111915,-15.895906248967925],[-47.72626077893473,-15.895917306597037],[-47.726237895572,-15.895938590618252],[-47.726228821100314,-15.895947430721769],[-47.72621902878239,-15.895957435948706],[-47.72616460719108,-15.896014428535285],[-47.7261609510321,-15.896018334848945],[-47.72614889384191,-15.896031469257549],[-47.72613948099765,-15.89604227893682],[-47.72612042025769,-15.896065362597534],[-47.7261159786197,-15.896070886475032],[-47.726109458205016,-15.896079566992032],[-47.726091998678626,-15.896103808181433],[-47.7260820199023,-15.896118676642688],[-47.72607611387856,-15.896128141488834],[-47.72605841885948,-15.896144603896982],[-47.72605192070986,-15.896150850979664],[-47.72582454314473,-15.896376706293958],[-47.72581825680799,-15.89638315933184],[-47.725797674670055,-15.896404988697201],[-47.72578577610627,-15.896418470618533],[-47.72576671529236,-15.89644155425915],[-47.72576227363693,-15.896447078131995],[-47.72575575319582,-15.896455758642308],[-47.72573829359722,-15.89647999981403],[-47.725728314778166,-15.896494868265432],[-47.7257125305782,-15.896520162167574],[-47.72570391311565,-15.896535009825746],[-47.7256895377764,-15.896561869212958],[-47.7256816498129,-15.896577870953754],[-47.72566941265126,-15.896604942698728],[-47.7256626228741,-15.896621409263235],[-47.725652241367904,-15.896649197290463],[-47.725649566861165,-15.896656695780852],[-47.72564657962135,-15.896666057854615],[-47.725642065469664,-15.89668116261571],[-47.7256226859123,-15.89670171867252],[-47.72561078730888,-15.896715199685413],[-47.725591726450055,-15.896738283317493],[-47.72558728478406,-15.896743807188367],[-47.7255807643271,-15.89675248769585],[-47.72556330468544,-15.896776728860122],[-47.72555332584113,-15.89679159730737],[-47.72553754160014,-15.89681689120312],[-47.72553171173901,-15.89682667841594],[-47.72550942486025,-15.896865647149035],[-47.72471308495371,-15.896370260598927],[-47.72475436013763,-15.896242458115951],[-47.72471816367161,-15.896104949272827],[-47.72459445295727,-15.896000496890661]]]}},{"type":"Feature","properties":{"lote":"39","tipo":"Parcela","assentamento":"15 de Agosto"},"geometry":{"type":"Polygon","coordinates":[[[-47.72471308495371,-15.896370260598927],[-47.72550942486025,-15.896865647149035],[-47.725390250060165,-15.897074017777642],[-47.725386764150635,-15.897080310832076],[-47.7253733729991,-15.897105482400217],[-47.72536580905563,-15.897120876725939],[-47.725353571827924,-15.897147948463543],[-47.725348072849485,-15.897161029893397],[-47.72534168904371,-15.897177429914935],[-47.72533982370933,-15.897182368530522],[-47.72526539985949,-15.89738546438131],[-47.72526035208275,-15.897399825335032],[-47.725256926467466,-15.897410455577193],[-47.72524844468746,-15.897438841913571],[-47.72524441087315,-15.897457183009413],[-47.72523779050469,-15.897484980470578],[-47.72523424296697,-15.897501108070854],[-47.72523116999808,-15.897524058588981],[-47.7252308512209,-15.897529907056649],[-47.72522934255551,-15.897546287107982],[-47.725190486557544,-15.897813870628246],[-47.72510756619424,-15.897915509843612],[-47.725098188957,-15.897927309830227],[-47.72509110964348,-15.897936700052385],[-47.725073649857784,-15.897960941199832],[-47.725066134848504,-15.897971935538848],[-47.72505706575052,-15.897985964285075],[-47.724984331158375,-15.898102297859246],[-47.724975246059174,-15.89811735642507],[-47.724968904196174,-15.898128491306197],[-47.72495452867294,-15.8981553506739],[-47.72494664060556,-15.898171352404534],[-47.724934403277544,-15.89819842413473],[-47.72493046149751,-15.898207596841216],[-47.724928909483005,-15.89821140885575],[-47.72476132549403,-15.898627351806738],[-47.724758506464106,-15.898634656127903],[-47.72474947536971,-15.898659129609717],[-47.72474717457958,-15.898665622663215],[-47.72474418728168,-15.898674984734113],[-47.72473570540276,-15.898703371066933],[-47.724731194890936,-15.898720553983301],[-47.724724649432666,-15.898749415340722],[-47.72472253029965,-15.898759694019155],[-47.724712991547634,-15.898810427403175],[-47.72471164034444,-15.89881826956105],[-47.72470727144716,-15.898846449558686],[-47.72470518711068,-15.898863606380683],[-47.72470259071515,-15.898893048330432],[-47.72470163089305,-15.89891075273979],[-47.72470153780693,-15.898915342947568],[-47.724685915771445,-15.898931911903219],[-47.72468315115192,-15.898935080801511],[-47.724668879317846,-15.898951630914965],[-47.72465639557216,-15.898966928343622],[-47.72464242801841,-15.898986321425372],[-47.724639458227394,-15.898990817869965],[-47.724627603143034,-15.899009067071432],[-47.72461794570028,-15.899024804814216],[-47.72460671272317,-15.899045796335017],[-47.724603863764514,-15.899051711046408],[-47.72459463845772,-15.899071330603112],[-47.724587696922484,-15.899087072916966],[-47.72458503783635,-15.899093711385705],[-47.724568660474034,-15.89913582353433],[-47.724481218571796,-15.899209339692618],[-47.72447627228153,-15.899213573861404],[-47.72446127295664,-15.899227390200387],[-47.72444415060075,-15.899244061164332],[-47.724441541180845,-15.899246627491024],[-47.724425621398595,-15.899263474755738],[-47.72433079591262,-15.899370296487204],[-47.72302702681797,-15.898560007647923],[-47.72435347417867,-15.896561198672327],[-47.72449419153198,-15.896486484147244],[-47.7246213238087,-15.896454014439618],[-47.72471308495371,-15.896370260598927]]]}},{"type":"Feature","properties":{"lote":"40","tipo":"Parcela","assentamento":"15 de Agosto"},"geometry":{"type":"Polygon","coordinates":[[[-47.72190967841267,-15.901585221768725],[-47.72204357912013,-15.900041927515073],[-47.72302702681797,-15.898560007647923],[-47.72433079591262,-15.899370296487204],[-47.72417018169496,-15.899551565036235],[-47.72405967818307,-15.899657106863716],[-47.723918149337464,-15.899723220786738],[-47.72391212640593,-15.899726098408774],[-47.72357960084447,-15.899888637302219],[-47.7235784474637,-15.899889203689357],[-47.72355705625914,-15.899900617765686],[-47.723552650377286,-15.899903194097009],[-47.72352926909166,-15.899917079973623],[-47.72351310148933,-15.899927246812192],[-47.72347956812365,-15.899952376107573],[-47.72345886724085,-15.89996979752472],[-47.72345405285089,-15.899973918921395],[-47.723436443965845,-15.899990302429043],[-47.72331948096625,-15.900106480845832],[-47.723308372332596,-15.900118007278532],[-47.723298723015326,-15.900128468526251],[-47.72329336655321,-15.900134404914873],[-47.72327811705287,-15.900152872090903],[-47.72326972529198,-15.90016419626903],[-47.72325425582798,-15.900185942940716],[-47.72324867982371,-15.900194011786411],[-47.72323791258443,-15.900211069477596],[-47.72314817859107,-15.900362497717731],[-47.72302883000317,-15.900549325458815],[-47.72288299547508,-15.900699979852382],[-47.72287158697116,-15.900712321103818],[-47.72286179020696,-15.900723896008092],[-47.72284391207625,-15.900745937664514],[-47.72283845924843,-15.900752829015092],[-47.72282449140557,-15.900772222022791],[-47.72281186297076,-15.900792457061653],[-47.7228083497071,-15.900798669152437],[-47.72279469798883,-15.900823380590998],[-47.722786977990395,-15.900838159065309],[-47.72277718816705,-15.900859816037116],[-47.722769138288776,-15.900881286691456],[-47.722759871753695,-15.90090867584725],[-47.72275308634752,-15.900931384166324],[-47.72274784974136,-15.900954473966706],[-47.722745346657916,-15.900969239044121],[-47.72274125152647,-15.900996977551065],[-47.722740089728255,-15.901005584116918],[-47.72273801296383,-15.901029138047011],[-47.722737531341835,-15.901052772116346],[-47.72273769853879,-15.901059852717077],[-47.72273864304843,-15.901087858241143],[-47.722739593634465,-15.90110439244572],[-47.72274230477108,-15.901127885101102],[-47.72274642660712,-15.901150374603109],[-47.72275238250278,-15.901177795804088],[-47.72275255262237,-15.901178577616061],[-47.722758409119564,-15.901201527540753],[-47.72276580362499,-15.901224057061452],[-47.72277126519483,-15.901238054262407],[-47.72278205048423,-15.901264058897977],[-47.72278549120133,-15.901272074554477],[-47.72279586174796,-15.901293477316178],[-47.72280765638843,-15.901314178415296],[-47.722811458895,-15.901320228713368],[-47.72282674747086,-15.90134402519428],[-47.722836113029125,-15.901357884652773],[-47.7228505983071,-15.90137691797404],[-47.72286578786633,-15.901394399787902],[-47.72288511362744,-15.901415266028181],[-47.72288566574357,-15.901415860581334],[-47.722902594630604,-15.901432901384887],[-47.722920638834914,-15.901448835279043],[-47.72293260065239,-15.901458315005053],[-47.722955377342316,-15.90147561623576],[-47.72296249850282,-15.901480893107626],[-47.72298253730009,-15.901494411135161],[-47.72300344711744,-15.901506631150273],[-47.723009867299865,-15.901510031028229],[-47.72303540187486,-15.901523242208883],[-47.72305067317806,-15.901530713073868],[-47.7230730533055,-15.901540187850427],[-47.72309523995535,-15.901547977931408],[-47.72312354246239,-15.901556944489615],[-47.723147008061595,-15.901563511792302],[-47.72317086783627,-15.901568578461555],[-47.723186124356744,-15.901571000748124],[-47.72321478880135,-15.901574963649459],[-47.72190967841267,-15.901585221768725]]]}},{"type":"Feature","properties":{"lote":"41","tipo":"Parcela","assentamento":"15 de Agosto"},"geometry":{"type":"Polygon","coordinates":[[[-47.72190967841267,-15.901585221768725],[-47.72321478880135,-15.901574963649459],[-47.72449077806858,-15.90157176482807],[-47.72449625169829,-15.901576811348095],[-47.72451666342055,-15.901595211592017],[-47.724528653845375,-15.901605562420297],[-47.72454773601174,-15.90162031977077],[-47.7245659590832,-15.901632687319685],[-47.72458926453516,-15.901647523239738],[-47.72459108127917,-15.901648672637139],[-47.72461199118539,-15.901660892478425],[-47.72463368274687,-15.90167176304545],[-47.72464434582565,-15.901676487576697],[-47.72466988790847,-15.90168733935685],[-47.72468160502179,-15.901692089422152],[-47.724704576225946,-15.901700126830729],[-47.72472804185315,-15.901706693047641],[-47.72475625984993,-15.901713538885735],[-47.72477896042867,-15.901718322851547],[-47.724803111470166,-15.901721869224938],[-47.72481703748539,-15.9017232099205],[-47.72484387266806,-15.901725300819914],[-47.72485428606766,-15.901725971428545],[-47.724878708240404,-15.901726436351437],[-47.72490310958027,-15.901725355298993],[-47.72490437285925,-15.901725256264779],[-47.724931205286836,-15.901723125748429],[-47.72495421801424,-15.901720599974102],[-47.72497826529191,-15.901716446264729],[-47.72499090419495,-15.90171362420216],[-47.72501702808716,-15.901707326336707],[-47.72502810433624,-15.901704480640644],[-47.725051385045795,-15.901697324509788],[-47.725074132778275,-15.901688709250328],[-47.72509908620823,-15.90167831760529],[-47.72512097887861,-15.901668374627754],[-47.72513422320182,-15.901661307220664],[-47.725136457602076,-15.901667131593548],[-47.72546684622906,-15.902528373513787],[-47.72548228681586,-15.902568611021982],[-47.72548452123994,-15.902574435387699],[-47.7253930715844,-15.902680272177285],[-47.72181080456652,-15.902724797022753],[-47.72190967841267,-15.901585221768725]]]}},{"type":"Feature","properties":{"lote":"42","tipo":"Parcela","assentamento":"15 de Agosto"},"geometry":{"type":"Polygon","coordinates":[[[-47.72181080456652,-15.902724797022753],[-47.7253930715844,-15.902680272177285],[-47.72430708684144,-15.903937106824635],[-47.72423834893336,-15.904105839224165],[-47.72284292204913,-15.904140700441188],[-47.721613306741894,-15.904171411386057],[-47.72171652720933,-15.903811403545475],[-47.72181080456652,-15.902724797022753]]]}},{"type":"Feature","properties":{"lote":"43","tipo":"Parcela","assentamento":"15 de Agosto"},"geometry":{"type":"Polygon","coordinates":[[[-47.72201296340387,-15.907474819535215],[-47.72110105576375,-15.90754430642718],[-47.72106736787307,-15.907544545947063],[-47.720878882505446,-15.90754588415517],[-47.72070459032933,-15.907340733236339],[-47.721613306741894,-15.904171411386057],[-47.72284292204913,-15.904140700441188],[-47.72201296340387,-15.907474819535215]]]}},{"type":"Feature","properties":{"lote":"44","tipo":"Parcela","assentamento":"15 de Agosto"},"geometry":{"type":"Polygon","coordinates":[[[-47.72201296340387,-15.907474819535215],[-47.72284292204913,-15.904140700441188],[-47.72423834893336,-15.904105839224165],[-47.72365635077662,-15.905641459069733],[-47.723599352405515,-15.90720979091803],[-47.72340802147716,-15.90737194327909],[-47.72293417732846,-15.907406887767113],[-47.72201296340387,-15.907474819535215]]]}},{"type":"Feature","properties":{"lote":"45","tipo":"Parcela","assentamento":"15 de Agosto"},"geometry":{"type":"Polygon","coordinates":[[[-47.72384182763817,-15.905676823757757],[-47.72447097687826,-15.904029005960737],[-47.725962616612826,-15.902302690559138],[-47.72577623752773,-15.906052779297745],[-47.72384182763817,-15.905676823757757]]]}},{"type":"Feature","properties":{"lote":"46","tipo":"Parcela","assentamento":"15 de Agosto"},"geometry":{"type":"Polygon","coordinates":[[[-47.72548452123994,-15.902574435387699],[-47.725136457602076,-15.901667131593548],[-47.72513422320182,-15.901661307220664],[-47.7251423692064,-15.90165696039427],[-47.72517522373751,-15.901636861954152],[-47.725185628668676,-15.901630187133946],[-47.72520529743608,-15.901616169093941],[-47.72522339522099,-15.901601440211586],[-47.72524344036566,-15.901584048576911],[-47.72526163131124,-15.901567160831986],[-47.72527809537592,-15.90154969788288],[-47.72528506661828,-15.901541561707349],[-47.725301946065215,-15.901521264771237],[-47.72531022326616,-15.901510933654881],[-47.725324191828065,-15.901491541407884],[-47.72533593337335,-15.901472828457472],[-47.725349202594984,-15.90145015928683],[-47.72535008830699,-15.901448637096625],[-47.72536132129239,-15.90142764553241],[-47.72537111176957,-15.901405988471472],[-47.72537465814886,-15.901397045634006],[-47.725383968650945,-15.901372599305407],[-47.72538872855733,-15.901359312235185],[-47.72539327862715,-15.901344720919726],[-47.7254898585311,-15.901009639806249],[-47.7254920935581,-15.90100152276446],[-47.72549484914095,-15.900990273265048],[-47.72549879561907,-15.90097293127253],[-47.72550127631756,-15.9009610909538],[-47.725504939939064,-15.900937719325276],[-47.72550614532627,-15.900926331336702],[-47.725508296468,-15.900902226454075],[-47.72550916846422,-15.900890061427514],[-47.72550965963978,-15.90087505440131],[-47.72551366816588,-15.90051725273753],[-47.72553560991858,-15.9005016136995],[-47.72554999702518,-15.900490638269805],[-47.725573346038864,-15.90047159636833],[-47.72558608852559,-15.900460539636214],[-47.725608972401375,-15.900439255601293],[-47.7256166567796,-15.900431823025293],[-47.72562118251027,-15.900427268995307],[-47.72568970805307,-15.900357527061322],[-47.7256947753522,-15.900352231010336],[-47.72571141766606,-15.900334361174057],[-47.72572217281681,-15.900322101203724],[-47.72574123299559,-15.90029901752817],[-47.7257456747188,-15.900293493644186],[-47.72575219524462,-15.900284812214464],[-47.72576965510626,-15.900260571901082],[-47.72577963406178,-15.90024570342375],[-47.7258425590693,-15.900126262723926],[-47.72588353105522,-15.900026124497433],[-47.725886638036016,-15.900018167148124],[-47.72589293278482,-15.900000491142787],[-47.72589656236423,-15.8999914921588],[-47.72589911077487,-15.899984331234707],[-47.72590209895895,-15.899974969142386],[-47.7259105806899,-15.8999465827839],[-47.72591427396592,-15.899932892811217],[-47.72591841050349,-15.899915737182152],[-47.72591959905259,-15.89991057950409],[-47.725952002265544,-15.89976327187263],[-47.72598908896272,-15.899671101718658],[-47.72599575850674,-15.899664269008708],[-47.7260163390394,-15.899642440508321],[-47.726028237751876,-15.899628959453585],[-47.72604729783895,-15.899605875765353],[-47.72605173954067,-15.89960035187843],[-47.726058260034364,-15.89959167044452],[-47.7260757198091,-15.899567430120069],[-47.72608569871397,-15.899552561636611],[-47.72610148303629,-15.899527267683728],[-47.72611010149107,-15.89951241998614],[-47.726124475981166,-15.899485560565097],[-47.726132363981996,-15.899469558799657],[-47.72614460211984,-15.89944248700558],[-47.72615139097853,-15.8994260204328],[-47.726161773424195,-15.899398232364508],[-47.72616491881917,-15.899389318067307],[-47.72616782857186,-15.899380439259089],[-47.72619509300809,-15.89929489684284],[-47.7261970859885,-15.899288350765593],[-47.72620344418799,-15.899266453423188],[-47.726207376275504,-15.899251234070249],[-47.726213920573414,-15.899222371808326],[-47.72621722397987,-15.899205170698982],[-47.72622184066284,-15.899175725838102],[-47.726223995345386,-15.899158120157352],[-47.726226591513075,-15.89912867822403],[-47.72622755119821,-15.899110973828925],[-47.726228151579626,-15.899081430645861],[-47.726228182328896,-15.899072564699354],[-47.72622791262506,-15.899063703448919],[-47.726226516126424,-15.899034185474125],[-47.72622507955546,-15.899016511328949],[-47.72622132149111,-15.898984681235085],[-47.72629639535777,-15.898794963772684],[-47.72630015475123,-15.898788950848338],[-47.726763768364,-15.89908512896542],[-47.72667227976836,-15.899210286287495],[-47.72746173357548,-15.89975780998054],[-47.72730370856447,-15.900191135262345],[-47.72727541817403,-15.900262715014362],[-47.72616822196443,-15.901907292552186],[-47.72586473642321,-15.90213439865406],[-47.72548452123994,-15.902574435387699]]]}},{"type":"Feature","properties":{"lote":"47","tipo":"Parcela","assentamento":"15 de Agosto"},"geometry":{"type":"Polygon","coordinates":[[[-47.72698763039183,-15.899228043813933],[-47.726763768364,-15.89908512896542],[-47.7263043204417,-15.898791685456084],[-47.72630015475123,-15.898788950848338],[-47.72630208605544,-15.89878586109422],[-47.72630932347787,-15.898774286771738],[-47.72646891673809,-15.898578681142524],[-47.726478293897046,-15.89856688020171],[-47.72648537315567,-15.898557489941119],[-47.72650283280468,-15.898533249601996],[-47.72651281163642,-15.898518381110415],[-47.72652859584081,-15.8984930871451],[-47.726537214229886,-15.898478239441008],[-47.72655158860778,-15.898451380009599],[-47.726559476545454,-15.898435378238771],[-47.72657171458246,-15.898408306436883],[-47.72657850338339,-15.89839183986015],[-47.72658888573742,-15.898364051786428],[-47.72659376634231,-15.898349757951715],[-47.726599890098385,-15.898329996863515],[-47.7266016568581,-15.8983240479299],[-47.72663678900233,-15.898200462020434],[-47.72663950647551,-15.898190545181599],[-47.72664231094011,-15.898179327577038],[-47.726648855164484,-15.898150465314517],[-47.726651880396986,-15.89813499368258],[-47.72665572824089,-15.898111589925627],[-47.72665663674073,-15.898105528996016],[-47.726699320196616,-15.897795593397257],[-47.72672644666589,-15.89772157991873],[-47.72678601520538,-15.897617423454774],[-47.726831018948026,-15.897574112550359],[-47.72683701744252,-15.89756825379271],[-47.726844859411905,-15.897560268267725],[-47.726865439662824,-15.897538439730377],[-47.72687733821029,-15.897524958654689],[-47.726896398029375,-15.897501874933619],[-47.72690083966828,-15.897496351039111],[-47.72690736006837,-15.897487669594346],[-47.726924819589975,-15.897463429241315],[-47.72693479834768,-15.897448560742017],[-47.72695058243282,-15.897423266764925],[-47.72695920075555,-15.897408419054646],[-47.72697357502023,-15.897381559613413],[-47.72698029610146,-15.897368104165983],[-47.72698888595918,-15.897349622442892],[-47.72699139786067,-15.897344049755471],[-47.72702893979708,-15.897258151751736],[-47.72703362019048,-15.897247078450546],[-47.727083744620266,-15.897196565073557],[-47.7271464212364,-15.897150045084677],[-47.72715206538537,-15.897145802057466],[-47.7271606337563,-15.897139088053128],[-47.727183982254324,-15.897120046056314],[-47.72719672445616,-15.897108989272793],[-47.7272196078129,-15.897087705146964],[-47.727232391340024,-15.897075006773429],[-47.7272529715022,-15.897053178212504],[-47.72726486999706,-15.897039697123406],[-47.727283929729616,-15.897016613381252],[-47.727288371348116,-15.897011089481868],[-47.72729489171741,-15.8970024080301],[-47.727312351155064,-15.896978167658547],[-47.72732178385199,-15.89696433385532],[-47.727331901044074,-15.896957452167806],[-47.7273564860353,-15.896939929035568],[-47.72737087280127,-15.896928953536294],[-47.7273942212547,-15.896909911523284],[-47.72740696343161,-15.896898854731033],[-47.727429846742375,-15.896877570589721],[-47.7274426302431,-15.89686487220764],[-47.7274632103616,-15.896843043633185],[-47.72747510883045,-15.896829562536382],[-47.72749416852006,-15.896806478782096],[-47.72749861012844,-15.896800954879923],[-47.72750243532255,-15.896795950861286],[-47.72751252323059,-15.896782399600365],[-47.72758906608567,-15.896676284622131],[-47.72766360331162,-15.896595711413163],[-47.727671866552384,-15.896586581645705],[-47.727679840994355,-15.896577351660286],[-47.72769890063855,-15.896554267894807],[-47.72770334223624,-15.89654874399004],[-47.72770986257401,-15.896540062530496],[-47.72772732192554,-15.896515822138483],[-47.72773594644053,-15.89650310130514],[-47.7277474262657,-15.896485084329532],[-47.727750805017514,-15.896479640681786],[-47.72781698068822,-15.896370117948711],[-47.72788315628151,-15.896260594302543],[-47.72795129233667,-15.896173473485092],[-47.72797414928359,-15.896152320597967],[-47.72799558662361,-15.896157180772406],[-47.7281589717973,-15.89621725546668],[-47.72837146963168,-15.89630669498929],[-47.728498667514465,-15.89633389942138],[-47.728583152963346,-15.896356495273753],[-47.728631052071634,-15.89637892107233],[-47.72869934019905,-15.896418430193917],[-47.728789441398916,-15.896476810968904],[-47.728869755973065,-15.896536128201749],[-47.72893244287362,-15.896589345909721],[-47.72893621301345,-15.896593131339944],[-47.72893467636321,-15.89659517024912],[-47.72698763039183,-15.899228043813933]]]}},{"type":"Feature","properties":{"lote":"48","tipo":"Parcela","assentamento":"15 de Agosto"},"geometry":{"type":"Polygon","coordinates":[[[-47.72698763039183,-15.899228043813933],[-47.72893467636321,-15.89659517024912],[-47.72893621301345,-15.896593131339944],[-47.7289762464022,-15.896633318872569],[-47.729077320805345,-15.896757944037814],[-47.729133441949216,-15.896808715747161],[-47.72918964445909,-15.896844764698082],[-47.729392255586205,-15.896962236003128],[-47.72950478700036,-15.897036770693585],[-47.72955124924396,-15.897077187534432],[-47.72956870118069,-15.89709792057352],[-47.72966247245409,-15.897225176488176],[-47.72968706084921,-15.897258544111704],[-47.729750147376414,-15.897334426084257],[-47.729808021242384,-15.897418231512441],[-47.72981460971523,-15.897424700751644],[-47.72985370355274,-15.897463083666276],[-47.73002597680128,-15.897547290917196],[-47.73003167582198,-15.897549676409776],[-47.7296960040429,-15.897882849956046],[-47.7291186656872,-15.898394992543377],[-47.72833874416113,-15.898866459445074],[-47.728062327751225,-15.899232698202587],[-47.72767094309063,-15.899664399529833],[-47.72749080619014,-15.899549366090003],[-47.72698763039183,-15.899228043813933]]]}},{"type":"Feature","properties":{"lote":"49","tipo":"Parcela","assentamento":"15 de Agosto"},"geometry":{"type":"Polygon","coordinates":[[[-47.72971478458539,-15.901584839973172],[-47.729096890449156,-15.901713544537229],[-47.72635359132854,-15.902117267493614],[-47.72626775881219,-15.901991060616258],[-47.727384884493915,-15.900331732128766],[-47.72738865467579,-15.90043032278824],[-47.72742080670427,-15.900717733666943],[-47.72758483900272,-15.900974271891602],[-47.72778701724239,-15.901027677676689],[-47.72808837874429,-15.900918005097562],[-47.72828593059382,-15.900586641370058],[-47.72847394515256,-15.900148027072195],[-47.728791321367545,-15.899797955370628],[-47.728877193648835,-15.899684177800612],[-47.72971478458539,-15.901584839973172]]]}},{"type":"Feature","properties":{"lote":"50","tipo":"Parcela","assentamento":"15 de Agosto"},"geometry":{"type":"Polygon","coordinates":[[[-47.72971478458539,-15.901584839973172],[-47.728877193648835,-15.899684177800612],[-47.72898602108208,-15.899539986615022],[-47.729685919608144,-15.899116891977572],[-47.730345886341965,-15.898531449447992],[-47.73038789851694,-15.898489749932287],[-47.73100530062786,-15.900786676240962],[-47.73085440673427,-15.90087214868933],[-47.730792986380614,-15.90103056584306],[-47.73071380247673,-15.901165676410658],[-47.73017773434939,-15.901488587589752],[-47.72971478458539,-15.901584839973172]]]}},{"type":"Feature","properties":{"lote":"51","tipo":"Parcela","assentamento":"15 de Agosto"},"geometry":{"type":"Polygon","coordinates":[[[-47.73100530062786,-15.900786676240962],[-47.73038789851694,-15.898489749932287],[-47.730773104936205,-15.898107408971313],[-47.731431706062835,-15.898498869943879],[-47.73178935377614,-15.898652062436518],[-47.73193227997341,-15.898403444124575],[-47.73211906199882,-15.898584066324558],[-47.732196585655224,-15.898650823351055],[-47.73233164408549,-15.898749923810538],[-47.73237497441014,-15.898771216959458],[-47.73249375041847,-15.898810447127111],[-47.732610981225335,-15.898835743698802],[-47.73268870610728,-15.898852515626954],[-47.73271965117026,-15.898853722666027],[-47.73273482239087,-15.898857513671148],[-47.73276723131076,-15.898864420149284],[-47.732785244259176,-15.898867651352505],[-47.73281543214661,-15.89887208324409],[-47.73282460094495,-15.898873279525125],[-47.732958419225604,-15.898888584661306],[-47.7331049927491,-15.89896488372083],[-47.731264943844835,-15.900885517450815],[-47.73114989573022,-15.900799753392187],[-47.73100530062786,-15.900786676240962]]]}},{"type":"Feature","properties":{"lote":"52","tipo":"Parcela","assentamento":"15 de Agosto"},"geometry":{"type":"Polygon","coordinates":[[[-47.73307251948267,-15.901528592536124],[-47.731314469794455,-15.901057934935396],[-47.731264943844835,-15.900885517450815],[-47.7331049927491,-15.89896488372083],[-47.73319963944171,-15.899014152295159],[-47.733254273248484,-15.899042591668668],[-47.73347322531032,-15.899155899365706],[-47.73348014600232,-15.899160697010723],[-47.73350345980551,-15.89917634375858],[-47.73351296187102,-15.899182448128453],[-47.73351829111753,-15.899185642017274],[-47.73354442865144,-15.899200916135342],[-47.73356041330049,-15.8992095784111],[-47.733587526646886,-15.899223165694911],[-47.73360406201857,-15.899230798607904],[-47.733633586090285,-15.899243286016878],[-47.73364905216454,-15.899249210117322],[-47.73367776674892,-15.899259255661272],[-47.73369518948283,-15.899264734112528],[-47.733724522247186,-15.899272941099843],[-47.733737676292904,-15.89927628791384],[-47.73375699822978,-15.899280660320926],[-47.73380260396123,-15.899290204813699],[-47.73381814950002,-15.899293238656066],[-47.73383124554939,-15.89929547078398],[-47.73386143350081,-15.89929990251538],[-47.73387962603495,-15.899301986126659],[-47.733912213008075,-15.899304659717254],[-47.73392834385194,-15.899305425508768],[-47.73395975538639,-15.899305995137697],[-47.73410188143329,-15.899130928200462],[-47.73417483319701,-15.899047562404231],[-47.73427433856806,-15.899010457595999],[-47.734419011765,-15.899082291889428],[-47.73439368138997,-15.899135280917877],[-47.73438161029025,-15.899146869685339],[-47.73432785208124,-15.89920626175811],[-47.734297035619456,-15.899244459499586],[-47.734270969591435,-15.899285837661933],[-47.73425000026487,-15.899329845445122],[-47.7341904237348,-15.899393503673934],[-47.73415655491043,-15.899434081063193],[-47.73412779412288,-15.899478195615572],[-47.7341045354182,-15.899525240833249],[-47.734087086813496,-15.899574597759681],[-47.73407569015383,-15.899625585053759],[-47.73407050209017,-15.899677501679562],[-47.73376023829374,-15.900070559222929],[-47.733596006629654,-15.900229677746442],[-47.733538364624394,-15.900386016295247],[-47.73351162548945,-15.900431680337157],[-47.733506374769796,-15.900440996162652],[-47.73349200036372,-15.900467855942539],[-47.73348503938569,-15.900481831192497],[-47.73347568977747,-15.900502063129336],[-47.73347296216675,-15.900508166955834],[-47.73336515700617,-15.900757724381503],[-47.73336183254067,-15.900765587911465],[-47.73335772029528,-15.900775930678813],[-47.73334733979154,-15.900803718934817],[-47.73334410775818,-15.90081289721271],[-47.73334047155843,-15.900824073901786],[-47.73314966411922,-15.901431714811304],[-47.73313308629276,-15.901469359222972],[-47.73307251948267,-15.901528592536124]]]}},{"type":"Feature","properties":{"lote":"53","tipo":"Parcela","assentamento":"15 de Agosto"},"geometry":{"type":"Polygon","coordinates":[[[-47.73307251948267,-15.901528592536124],[-47.73301197658111,-15.901587802052047],[-47.733009036662615,-15.90159069779517],[-47.73300198696114,-15.901597905807868],[-47.73298140713092,-15.901619734884527],[-47.73296950977248,-15.901633215351662],[-47.73295044950523,-15.901656300468915],[-47.732944537767125,-15.901663737029871],[-47.73293629850076,-15.90167463328868],[-47.73278258580184,-15.90188297835421],[-47.73277905970672,-15.90188787210039],[-47.7327674924665,-15.901904304457169],[-47.732759214866846,-15.901916785356875],[-47.732743431322994,-15.901942079690945],[-47.732734814259445,-15.901956927578823],[-47.73272043966794,-15.901983787336897],[-47.73271398375585,-15.901996675992265],[-47.73270623279716,-15.902013251520124],[-47.73270395961295,-15.902018246820823],[-47.732588891269586,-15.90227818311335],[-47.732583722443515,-15.902290249850555],[-47.73257914157793,-15.90230169408795],[-47.73256876091746,-15.90232948233205],[-47.73256608664183,-15.902336980876331],[-47.732563098765446,-15.902346343016362],[-47.73255461888977,-15.902374728585642],[-47.732551359431326,-15.902386646520965],[-47.73254816378529,-15.902399557135672],[-47.73250447179293,-15.902585825309783],[-47.732463677824605,-15.902680738193325],[-47.7324607243678,-15.902687744430146],[-47.73245670608248,-15.902697862919052],[-47.732449450791506,-15.902717624876844],[-47.732446325392935,-15.902725651162179],[-47.73244365110971,-15.902733149706243],[-47.73244175823421,-15.902738939498528],[-47.732439674229475,-15.902745572560908],[-47.73240063362703,-15.902776376111902],[-47.73239537138191,-15.902780633415368],[-47.732378012523576,-15.90279502925051],[-47.732367025043736,-15.902804643454592],[-47.732344141773524,-15.902825928133131],[-47.732335838862184,-15.902833984715079],[-47.73232896223802,-15.9028409520876],[-47.732158714470046,-15.903016462775179],[-47.73215427832109,-15.903021144948736],[-47.732139681927535,-15.903036918371217],[-47.73213136282501,-15.903046333520425],[-47.7321182151726,-15.903061919716551],[-47.73211432455883,-15.903066638338482],[-47.731940359723275,-15.903282534236023],[-47.731933252965234,-15.90329153574182],[-47.73192817084371,-15.903298212157459],[-47.731916282098766,-15.903314345091296],[-47.73191277068388,-15.903319223289756],[-47.73183292977341,-15.903432772164232],[-47.731826516078314,-15.903442091846195],[-47.73181999523853,-15.903452046909338],[-47.73180421147766,-15.903477341208674],[-47.731795972113304,-15.903491486146981],[-47.73178414782506,-15.903513289267702],[-47.73178072131245,-15.903519823708297],[-47.731706773891325,-15.903665690193813],[-47.73167850524533,-15.90370762350796],[-47.73022744162541,-15.901607571510448],[-47.73078284345647,-15.901273014038757],[-47.730943075229305,-15.901263907635988],[-47.73110912028157,-15.901282294173216],[-47.73124460748847,-15.90120828345162],[-47.731314469794455,-15.901057934935396],[-47.73307251948267,-15.901528592536124]]]}},{"type":"Feature","properties":{"lote":"54","tipo":"Parcela","assentamento":"15 de Agosto"},"geometry":{"type":"Polygon","coordinates":[[[-47.73167850524533,-15.90370762350796],[-47.73161425384147,-15.90380293064864],[-47.73143818992435,-15.904021457599264],[-47.73143418883664,-15.904025462300089],[-47.73142829697708,-15.904031546538286],[-47.731408982969086,-15.904052112227701],[-47.73140207795105,-15.904059746479708],[-47.731397468108334,-15.904065045899769],[-47.73126731168169,-15.904215089788751],[-47.72893265021427,-15.903344829310871],[-47.729165903398965,-15.902777034448834],[-47.72911653394559,-15.901838540053928],[-47.73022744162541,-15.901607571510448],[-47.73167850524533,-15.90370762350796]]]}},{"type":"Feature","properties":{"lote":"01","tipo":"Parcela","assentamento":"Patrícia e Aparecida"},"geometry":{"type":"Polygon","coordinates":[[[-47.62501479766604,-15.922335103366063],[-47.6249924280548,-15.922323230695081],[-47.6248806054213,-15.922263881442106],[-47.62484697087249,-15.922233190521977],[-47.62450799143365,-15.921709548805067],[-47.62438547911338,-15.921489558540282],[-47.62398688047179,-15.920906164742417],[-47.62387375626978,-15.920707387064057],[-47.62374914475882,-15.920558290683982],[-47.623473976180044,-15.920327070300436],[-47.622774229468455,-15.919983916355498],[-47.62273380199201,-15.919940859167367],[-47.62254401107629,-15.919635312322683],[-47.622501967291136,-15.919534618317877],[-47.62247161100144,-15.919409968341393],[-47.62246534707473,-15.919149446703054],[-47.62240558782512,-15.91899771465653],[-47.62230295277529,-15.918817709422594],[-47.62183514061821,-15.91829940855215],[-47.6217186260698,-15.918206196702004],[-47.621245266378985,-15.91797288379679],[-47.62098115248535,-15.91793592104423],[-47.62088051508368,-15.917956869479676],[-47.620791743884396,-15.917929497643335],[-47.62067682968625,-15.917872893856106],[-47.62049772886711,-15.917776437411597],[-47.620402029277784,-15.917714051464674],[-47.623000474915195,-15.917682184578647],[-47.623003200397115,-15.917725162734277],[-47.62301316005838,-15.917780797624781],[-47.6230302177903,-15.91783479625806],[-47.623054104975516,-15.91788631195071],[-47.62308444993978,-15.917934540820882],[-47.62312077710049,-15.917978728121556],[-47.623162519298646,-15.918018183445863],[-47.62320902259422,-15.91805229060464],[-47.62325956129269,-15.918080514669803],[-47.623313345587505,-15.918102415430294],[-47.62336953280663,-15.918117650868354],[-47.623427246137496,-15.918125981448183],[-47.62348558314422,-15.91812727904477],[-47.623543630630344,-15.918121521343839],[-47.62360048153238,-15.918108798862141],[-47.62372690538359,-15.918322259923075],[-47.62389697810153,-15.91843627284382],[-47.62419141105347,-15.918710948258626],[-47.62427379435567,-15.918898825658772],[-47.62434554663932,-15.918998672776164],[-47.62449671131789,-15.91927387736285],[-47.62454581744324,-15.919338579451628],[-47.624532081014515,-15.919553600453504],[-47.62454876545078,-15.91982896060536],[-47.62465699836241,-15.920194603599718],[-47.624684882136954,-15.920326981429842],[-47.6247260297356,-15.920515994290755],[-47.62478194918896,-15.92076914416148],[-47.62479504774581,-15.920893363179841],[-47.62471582601311,-15.92115732803552],[-47.624716983776835,-15.921325638436665],[-47.62476078372422,-15.921505029305772],[-47.62483896865165,-15.921879144185601],[-47.62501479766604,-15.922335103366063]]]}},{"type":"Feature","properties":{"lote":"02","tipo":"Parcela","assentamento":"Patrícia e Aparecida"},"geometry":{"type":"Polygon","coordinates":[[[-47.623000474915195,-15.917682184578647],[-47.620402029277784,-15.917714051464674],[-47.62030374790603,-15.917714492757096],[-47.6201716670347,-15.91770466097564],[-47.62012259691195,-15.917667933241495],[-47.62005763191143,-15.917556185742209],[-47.61997263709905,-15.917434487483703],[-47.61993088908984,-15.917365094521603],[-47.619912898848966,-15.917181257066602],[-47.61988974815932,-15.91699687799899],[-47.619852395778906,-15.916836067994696],[-47.619791321926336,-15.916722458492435],[-47.61968813517968,-15.916697440659462],[-47.6195210618759,-15.916681588633217],[-47.61945615768669,-15.91665373849405],[-47.61938881565691,-15.916595887897826],[-47.61936115308234,-15.916559865597144],[-47.61931976452864,-15.916500093926972],[-47.621730076749884,-15.91556532941583],[-47.62248759789844,-15.915435743755255],[-47.62257780213153,-15.91543300982266],[-47.622592377811515,-15.915695571172979],[-47.62265976992106,-15.91603588258344],[-47.6227066164775,-15.91619548801276],[-47.6227533778976,-15.916348600171498],[-47.62290474406143,-15.916603009705772],[-47.62303911133548,-15.91677886699479],[-47.62317668311434,-15.917016387196515],[-47.623255204538005,-15.917201581702024],[-47.623283481118165,-15.917260894947871],[-47.62327316337225,-15.917265311683737],[-47.623221709287314,-15.917291942425647],[-47.623174092095546,-15.917324578200613],[-47.623131055660394,-15.917362709573519],[-47.62309327362311,-15.917405738542536],[-47.62306133561448,-15.917452994964846],[-47.62303574166657,-15.917503737527618],[-47.6230168922162,-15.917557174643775],[-47.6230050807086,-15.917612469961291],[-47.623000474915195,-15.917682184578647]]]}},{"type":"Feature","properties":{"lote":"03","tipo":"Parcela","assentamento":"Patrícia e Aparecida"},"geometry":{"type":"Polygon","coordinates":[[[-47.62257780213153,-15.91543300982266],[-47.62319171800805,-15.91541439849131],[-47.62413510896372,-15.91540293461061],[-47.62500736350262,-15.91536951898488],[-47.624853837532356,-15.918764533495297],[-47.6248243883241,-15.918715817145516],[-47.624766677678636,-15.91863551160569],[-47.62466232720336,-15.918397537203528],[-47.624151455907075,-15.917945895517398],[-47.623930288135625,-15.917620810628422],[-47.62391954312553,-15.917565311818281],[-47.62390172559253,-15.917511544721282],[-47.62387711340491,-15.917460348676178],[-47.62384609035492,-15.91741252560364],[-47.62380914313579,-15.917368822881746],[-47.62376684906807,-15.917329922656627],[-47.62371986852785,-15.917296433805598],[-47.62366893638304,-15.917268879396278],[-47.62361484885717,-15.91724769142707],[-47.62355845125638,-15.917233200137716],[-47.62350062581349,-15.917225632350785],[-47.62344227668566,-15.917225106234689],[-47.623384315932086,-15.917231629667757],[-47.62332764953865,-15.917245102214597],[-47.623283481118165,-15.917260894947871],[-47.623255204538005,-15.917201581702024],[-47.62317668311434,-15.917016387196515],[-47.62303911133548,-15.91677886699479],[-47.62290474406143,-15.916603009705772],[-47.6227533778976,-15.916348600171498],[-47.6227066164775,-15.91619548801276],[-47.62265976992106,-15.91603588258344],[-47.622592377811515,-15.915695571172979],[-47.62257780213153,-15.91543300982266]]]}},{"type":"Feature","properties":{"lote":"04","tipo":"Parcela","assentamento":"Patrícia e Aparecida"},"geometry":{"type":"Polygon","coordinates":[[[-47.624853837532356,-15.918764533495297],[-47.62500736350262,-15.91536951898488],[-47.62610800503072,-15.915327348146597],[-47.62729233713742,-15.915208118354451],[-47.62658589271755,-15.917226674496971],[-47.626289791321724,-15.9171801025374],[-47.62625361699422,-15.917311197780336],[-47.62604156668959,-15.917720989391528],[-47.62586132479399,-15.918139150621865],[-47.62568137262245,-15.918576418036144],[-47.62541384496191,-15.918899312168639],[-47.6250754819691,-15.919120973411854],[-47.62497214404437,-15.918984816035259],[-47.624853837532356,-15.918764533495297]]]}},{"type":"Feature","properties":{"lote":"05","tipo":"Parcela","assentamento":"Patrícia e Aparecida"},"geometry":{"type":"Polygon","coordinates":[[[-47.6250754819691,-15.919120973411854],[-47.62541384496191,-15.918899312168639],[-47.62568137262245,-15.918576418036144],[-47.62586132479399,-15.918139150621865],[-47.62604156668959,-15.917720989391528],[-47.62625361699422,-15.917311197780336],[-47.626289791321724,-15.9171801025374],[-47.62658589271755,-15.917226674496971],[-47.62730119411549,-15.920726746032328],[-47.6273042111517,-15.920750867212876],[-47.627304350660694,-15.920754918329882],[-47.62730347883843,-15.920775155093878],[-47.62730240259548,-15.920783193447019],[-47.62729901436787,-15.920799065718507],[-47.6272954106095,-15.920810711668075],[-47.6272909162702,-15.920822064977882],[-47.6272835859825,-15.920836636733384],[-47.62727936642122,-15.92084363942537],[-47.62726728811358,-15.920860181160007],[-47.627264622728866,-15.920863308107858],[-47.62724701362745,-15.920880629858667],[-47.62721604961593,-15.920911363824802],[-47.627190489850626,-15.920946444270369],[-47.62717095006321,-15.920985055302204],[-47.627157977319506,-15.921026125344277],[-47.62715187329381,-15.921068662583625],[-47.6271527781689,-15.92111145949386],[-47.627160667294795,-15.921153697140118],[-47.62717542958066,-15.921194369766825],[-47.62719657885643,-15.92123212573102],[-47.62722362784613,-15.921266174312018],[-47.627255896119586,-15.921295658495882],[-47.62729232212936,-15.921319700620405],[-47.62571931914474,-15.922435868211732],[-47.62552836663755,-15.922141177979633],[-47.62545582059931,-15.921975968551163],[-47.62539440607667,-15.921767027083188],[-47.62534279509135,-15.921500445454559],[-47.6252799452445,-15.9212416663444],[-47.62533025328934,-15.921092860955572],[-47.62535937610386,-15.920906598777737],[-47.625335981781355,-15.920684755101991],[-47.625273855928526,-15.920403509055777],[-47.62523325682967,-15.92021701694627],[-47.62520138048554,-15.920065686435855],[-47.62510419956503,-15.919737386439683],[-47.625093115043754,-15.919554462363614],[-47.62511728880527,-15.919176057991372],[-47.6250754819691,-15.919120973411854]]]}},{"type":"Feature","properties":{"lote":"06","tipo":"Parcela","assentamento":"Patrícia e Aparecida"},"geometry":{"type":"Polygon","coordinates":[[[-47.627022106193536,-15.918802486309136],[-47.62670156849827,-15.917234033910052],[-47.62741668659838,-15.915190689212459],[-47.62841104677209,-15.914912031567232],[-47.62967396805147,-15.914945575861047],[-47.63045065323063,-15.918914931939598],[-47.627022106193536,-15.918802486309136]]]}},{"type":"Feature","properties":{"lote":"02","tipo":"Parcela","assentamento":"Santarém"},"geometry":{"type":"Polygon","coordinates":[[[-48.159641709959686,-15.81829788478548],[-48.159308504796556,-15.817292290004193],[-48.15957143485675,-15.817225292864196],[-48.15913774166806,-15.81582506263637],[-48.15964092589519,-15.815673475436713],[-48.15978173891043,-15.816041150381583],[-48.159998723365135,-15.816601056041002],[-48.16001372032852,-15.81663645611019],[-48.16008101195833,-15.816860772791564],[-48.160154722275536,-15.817099634271491],[-48.160031968477526,-15.81712743914209],[-48.160377049763476,-15.818415591844978],[-48.1600944017704,-15.818374308175843],[-48.15975301955465,-15.81831920983734],[-48.159641709959686,-15.81829788478548]]]}},{"type":"Feature","properties":{"lote":"03","tipo":"Parcela","assentamento":"Santarém"},"geometry":{"type":"Polygon","coordinates":[[[-48.15964092589519,-15.815673475436713],[-48.16019365199545,-15.815506962269284],[-48.16107435192219,-15.818578563857498],[-48.16061198134455,-15.818469703362402],[-48.160377049763476,-15.818415591844978],[-48.160031968477526,-15.81712743914209],[-48.160154722275536,-15.817099634271491],[-48.16008101195833,-15.816860772791564],[-48.16001372032852,-15.81663645611019],[-48.159998723365135,-15.816601056041002],[-48.15978173891043,-15.816041150381583],[-48.15964092589519,-15.815673475436713]]]}},{"type":"Feature","properties":{"lote":"07","tipo":"Parcela","assentamento":"Patrícia e Aparecida"},"geometry":{"type":"Polygon","coordinates":[[[-47.627022106193536,-15.918802486309136],[-47.63045065323063,-15.918914931939598],[-47.63051815035822,-15.919259872037582],[-47.6307167815759,-15.92027494920051],[-47.630711573363655,-15.92027333089722],[-47.63070412609226,-15.920271016410423],[-47.63069499802274,-15.920266577242744],[-47.63069451086568,-15.920229174881426],[-47.63068643404065,-15.920173006474224],[-47.63067114437869,-15.920118260103244],[-47.630648885566345,-15.920065799898229],[-47.63062000628048,-15.920016452578842],[-47.63058496379164,-15.91997099747534],[-47.630544309741076,-15.919930149540825],[-47.63049868541541,-15.919894554892924],[-47.63044881032364,-15.919864773791955],[-47.63039547093912,-15.9198412762622],[-47.63033950938266,-15.919824433197736],[-47.63028180746286,-15.919814509331365],[-47.63022327453205,-15.91981166247949],[-47.63016483431482,-15.919815935573666],[-47.63010740912486,-15.919827263175604],[-47.630051903917156,-15.919845465348942],[-47.62999919332821,-15.919870255946092],[-47.629950109555274,-15.91990124365922],[-47.62990542751807,-15.919937939426653],[-47.629865849110466,-15.919979765657025],[-47.629832001392785,-15.920026060767322],[-47.62980441721583,-15.920076096580196],[-47.62978353061316,-15.920129082896176],[-47.62976967142423,-15.920184184720505],[-47.62976305982367,-15.920240532265282],[-47.629763798144594,-15.920297238210523],[-47.629771874728824,-15.920353406689644],[-47.629787164185075,-15.92040815315744],[-47.62980942377299,-15.920460613466657],[-47.62983830202578,-15.92050996092454],[-47.62987334449078,-15.920555417061783],[-47.629913999493716,-15.92059626420782],[-47.62995962298143,-15.92063185898049],[-47.63000949822705,-15.920661640175139],[-47.630062837814236,-15.920685137773],[-47.63011879960949,-15.920701980875666],[-47.630176501789165,-15.920711904747979],[-47.63023503499637,-15.92071475247624],[-47.630293475454636,-15.920710478421281],[-47.63033712968742,-15.920701867585421],[-47.63034812374446,-15.92070738324744],[-47.63034928911503,-15.920707918202638],[-47.63045800983798,-15.920757566390837],[-47.63047362895403,-15.920764144750484],[-47.63049085772878,-15.920770180507374],[-47.630508457641,-15.92077511250196],[-47.63052635375619,-15.920778920873667],[-47.630544468375284,-15.920781588505337],[-47.63055799304643,-15.92083734634836],[-47.63057615048298,-15.920905866376158],[-47.6305891377053,-15.920943292426552],[-47.630607607971804,-15.920978495589637],[-47.6306682431432,-15.921075779475075],[-47.630689238237466,-15.92110494985112],[-47.63071800836528,-15.921134864502733],[-47.630870488504634,-15.921271155166062],[-47.630887031302706,-15.921284647308807],[-47.63091334756231,-15.921304466615299],[-47.63091910836691,-15.921308805029746],[-47.6313549372126,-15.923535715074125],[-47.62753825592946,-15.921334984596202],[-47.627548957786246,-15.921330454573901],[-47.62757847164689,-15.921315107670294],[-47.62758763563836,-15.921309393271079],[-47.62761486153865,-15.921289233798387],[-47.62762238858027,-15.921282683072276],[-47.6276464813051,-15.921258035654049],[-47.62765234416513,-15.921250994872354],[-47.62767250608887,-15.921222326263626],[-47.62767674918851,-15.921215124566478],[-47.627692260932946,-15.92118303244123],[-47.627694989985876,-15.921175974737814],[-47.62770319763605,-15.921149704423307],[-47.62770523081168,-15.921141176601568],[-47.6277066098125,-15.921134527348556],[-47.62771107892032,-15.921097847633453],[-47.627711315117594,-15.921091823792239],[-47.62770965284333,-15.921054172824238],[-47.62770898919085,-15.921048937630294],[-47.6277009897658,-15.92101128798966],[-47.62769968898593,-15.921006945727331],[-47.6276853151636,-15.920970308586341],[-47.627683649457424,-15.92096690290776],[-47.627663036803504,-15.920932299075073],[-47.62766127200832,-15.920929814999703],[-47.62763473418284,-15.920898250468863],[-47.627633120439235,-15.920896614497202],[-47.627601143149946,-15.92086904619761],[-47.627599901953204,-15.920868135501335],[-47.62756313702668,-15.920845446080223],[-47.62752170579403,-15.920828064900691],[-47.627498608743686,-15.920818532597085],[-47.62749491360312,-15.920816623909928],[-47.62747723768953,-15.920805775491864],[-47.62747058166328,-15.920800853548664],[-47.62745807053083,-15.920790078605958],[-47.62744944899412,-15.92078123527249],[-47.62744153468096,-15.920771792608353],[-47.62743215807497,-15.920758363714274],[-47.627428000440226,-15.920751326670873],[-47.62741923508102,-15.920732934279616],[-47.62741776964362,-15.920729136864308],[-47.6274110709121,-15.920705719893544],[-47.627022106193536,-15.918802486309136]]]}},{"type":"Feature","properties":{"lote":"08","tipo":"Parcela","assentamento":"Patrícia e Aparecida"},"geometry":{"type":"Polygon","coordinates":[[[-47.6313549372126,-15.923535715074125],[-47.631483854004316,-15.924194414965616],[-47.630254173675254,-15.924271554544445],[-47.62993435902962,-15.924339073133028],[-47.62970009736552,-15.924432369609038],[-47.629597406474865,-15.924428007260307],[-47.62941135710656,-15.924420104394981],[-47.62918928044419,-15.924410741989963],[-47.62887387350409,-15.924373061685458],[-47.62866761060462,-15.924317736383268],[-47.62822324446381,-15.924202979575158],[-47.62796462257027,-15.924120504512558],[-47.62646807198359,-15.923301361965486],[-47.626431052944824,-15.923281054615446],[-47.62593669596102,-15.923015000555257],[-47.625747052234885,-15.922478668242482],[-47.62571931914474,-15.922435868211732],[-47.62729232212936,-15.921319700620405],[-47.62733069437578,-15.92133735573995],[-47.62733273909825,-15.92133810942283],[-47.62737138520095,-15.921349190163111],[-47.62737538355172,-15.921350009469226],[-47.627413457588105,-15.921354929880458],[-47.62741943476044,-15.921355240044642],[-47.627455943722616,-15.921354444872872],[-47.62746378766704,-15.921353669188802],[-47.62749786454474,-15.921347745260375],[-47.627507326392035,-15.921345337592122],[-47.62753825592946,-15.921334984596202],[-47.6313549372126,-15.923535715074125]]]}},{"type":"Feature","properties":{"lote":"09","tipo":"Parcela","assentamento":"Patrícia e Aparecida"},"geometry":{"type":"Polygon","coordinates":[[[-47.63808930030108,-15.926130914320117],[-47.63829716419025,-15.925796257031676],[-47.638164423818694,-15.925624432300369],[-47.63792101728209,-15.925610007440529],[-47.636305152262366,-15.92478669341627],[-47.63529730667849,-15.923729928631943],[-47.63560463296688,-15.923912830109247],[-47.635716034204314,-15.923928341011589],[-47.6357604367616,-15.923923975885202],[-47.63580355797355,-15.923912839542089],[-47.635844302859816,-15.923895215431868],[-47.63588163739692,-15.923871551550798],[-47.635914610752735,-15.923842447524564],[-47.63594238690127,-15.923808645189336],[-47.63596426013505,-15.923771001304942],[-47.63597967447583,-15.92373047286574],[-47.63598823918661,-15.923688089813961],[-47.635989734950805,-15.923644927867166],[-47.63598412476462,-15.923602084901091],[-47.63597155071231,-15.923560648472943],[-47.63595233364729,-15.923521671438097],[-47.63592695975999,-15.923486144114522],[-47.63589607463593,-15.92345496816189],[-47.63586046339676,-15.923428936953567],[-47.63582103077096,-15.92340871053005],[-47.63577877667489,-15.923394804155613],[-47.63573477637801,-15.92338757049633],[-47.63569014773181,-15.923387191891646],[-47.63564602317105,-15.923393680696508],[-47.635603525318935,-15.923406869643902],[-47.635563731687036,-15.92342642492136],[-47.63552765511175,-15.923451849119402],[-47.635496212222485,-15.923482496971612],[-47.635480202724196,-15.923498458483843],[-47.63546209234207,-15.923512155979623],[-47.63544221843218,-15.923523332431646],[-47.63542095446469,-15.923531780048988],[-47.63526337542058,-15.923582497126004],[-47.63519102240098,-15.923619686520977],[-47.63502996965518,-15.923449494102796],[-47.63518696819312,-15.923356439964381],[-47.63568271791668,-15.923224883775148],[-47.63624320931142,-15.92288254969595],[-47.637174872062815,-15.922522699711763],[-47.637490873304735,-15.922364840640263],[-47.637769894525825,-15.922218409458171],[-47.63793367913247,-15.922133396066569],[-47.638021053636486,-15.922091757121507],[-47.638105474154976,-15.922059295850671],[-47.638165966267294,-15.922045021084077],[-47.638739309426036,-15.922378137956349],[-47.63901726832354,-15.922441509191714],[-47.639246388261455,-15.92248022071854],[-47.63962381261421,-15.922468180169373],[-47.639731101272766,-15.922496335800442],[-47.640056505621494,-15.922627178588481],[-47.64129529749067,-15.922926054393463],[-47.641745557777135,-15.922928701387832],[-47.641860337445344,-15.922936499347509],[-47.6419129398443,-15.922941484817935],[-47.64211538898149,-15.92297533621479],[-47.64227331380709,-15.923024035464797],[-47.642341651160145,-15.92305369024584],[-47.64160973378462,-15.923293476352185],[-47.63927496832205,-15.925969781370243],[-47.63869571708933,-15.926108741390124],[-47.63818821536603,-15.92611588480507],[-47.63808930030108,-15.926130914320117]]]}},{"type":"Feature","properties":{"lote":"10","tipo":"Parcela","assentamento":"Patrícia e Aparecida"},"geometry":{"type":"Polygon","coordinates":[[[-47.636530617170486,-15.928188084650843],[-47.63409269534937,-15.926894380637787],[-47.63395746204079,-15.926699008155246],[-47.63292762688654,-15.925025451766205],[-47.634010699292,-15.924339734354923],[-47.63525813558892,-15.923707499545024],[-47.63529730667849,-15.923729928631943],[-47.636305152262366,-15.92478669341627],[-47.63792101728209,-15.925610007440529],[-47.638164423818694,-15.925624432300369],[-47.63829716419025,-15.925796257031676],[-47.63808930030108,-15.926130914320117],[-47.63767122704075,-15.926194438495186],[-47.63749547666696,-15.926427415444156],[-47.636530617170486,-15.928188084650843]]]}},{"type":"Feature","properties":{"lote":"11","tipo":"Parcela","assentamento":"Patrícia e Aparecida"},"geometry":{"type":"Polygon","coordinates":[[[-47.63409269534937,-15.926894380637787],[-47.636530617170486,-15.928188084650843],[-47.636934687287145,-15.929621894471815],[-47.635828812625874,-15.930588058694125],[-47.63522297911519,-15.930817204212227],[-47.634715390475,-15.931514196623903],[-47.6322729627202,-15.926953379190714],[-47.63222129161595,-15.926856889055387],[-47.63150150410982,-15.925512753475601],[-47.63192612133575,-15.925158482328055],[-47.632711793415275,-15.925162100141808],[-47.63292762688654,-15.925025451766205],[-47.63395746204079,-15.926699008155246],[-47.63409269534937,-15.926894380637787]]]}},{"type":"Feature","properties":{"lote":"12","tipo":"Parcela","assentamento":"Patrícia e Aparecida"},"geometry":{"type":"Polygon","coordinates":[[[-47.634715390475,-15.931514196623903],[-47.63347471462153,-15.931627555556567],[-47.63298731856654,-15.930265320080228],[-47.63173372972197,-15.930488749057607],[-47.63047791669302,-15.930712567663212],[-47.63045173305089,-15.930555545834705],[-47.630450728736875,-15.930451335887394],[-47.630472245818375,-15.930207668428864],[-47.630539658207724,-15.929920628672267],[-47.630670415421456,-15.929432216198192],[-47.63070032096494,-15.92914495575366],[-47.63067822659006,-15.928904945610588],[-47.63064245911273,-15.928767113366264],[-47.63057435532769,-15.92862178408811],[-47.63051597504763,-15.928489584761742],[-47.630515151458894,-15.928469506914954],[-47.63055573983019,-15.928281732756567],[-47.63061409659742,-15.927784399989946],[-47.630627328370345,-15.9275214764364],[-47.63059210138209,-15.927303949831844],[-47.6305374742916,-15.927226564307182],[-47.63044780448648,-15.926995347634568],[-47.63029001274499,-15.926447064503266],[-47.63021490992925,-15.926287171681942],[-47.630145598231,-15.926172043768444],[-47.63055915588797,-15.925909471320706],[-47.6310880146057,-15.925828879285158],[-47.63150150410982,-15.925512753475601],[-47.63222129161595,-15.926856889055387],[-47.6322729627202,-15.926953379190714],[-47.634715390475,-15.931514196623903]]]}},{"type":"Feature","properties":{"lote":"13","tipo":"Parcela","assentamento":"Patrícia e Aparecida"},"geometry":{"type":"Polygon","coordinates":[[[-47.62571951829322,-15.944179578904572],[-47.622673393802856,-15.941908437371433],[-47.62267830938778,-15.94181270309674],[-47.623852298298836,-15.941141204656542],[-47.62688552607718,-15.943402715434445],[-47.62571951829322,-15.944179578904572]]]}},{"type":"Feature","properties":{"lote":"14","tipo":"Parcela","assentamento":"Patrícia e Aparecida"},"geometry":{"type":"Polygon","coordinates":[[[-47.62688552607718,-15.943402715434445],[-47.623852298298836,-15.941141204656542],[-47.625136171801174,-15.940406842753765],[-47.62808367752975,-15.942604424744552],[-47.62688552607718,-15.943402715434445]]]}},{"type":"Feature","properties":{"lote":"15","tipo":"Parcela","assentamento":"Patrícia e Aparecida"},"geometry":{"type":"Polygon","coordinates":[[[-47.62808367752975,-15.942604424744552],[-47.625136171801174,-15.940406842753765],[-47.62645849968392,-15.939650473503612],[-47.629317714568224,-15.941782212070654],[-47.62808367752975,-15.942604424744552]]]}},{"type":"Feature","properties":{"lote":"16","tipo":"Parcela","assentamento":"Patrícia e Aparecida"},"geometry":{"type":"Polygon","coordinates":[[[-47.629317714568224,-15.941782212070654],[-47.62645849968392,-15.939650473503612],[-47.627972759655286,-15.93878430273227],[-47.628192958149526,-15.938808916532071],[-47.628655563947405,-15.939303607225456],[-47.628673246271035,-15.939326197251406],[-47.62868660605282,-15.939351415124156],[-47.62869523655392,-15.939378494445497],[-47.62869887686974,-15.939406612844007],[-47.628697414103065,-15.939434915432507],[-47.62869089491786,-15.939462541764051],[-47.62867951655891,-15.939488653038374],[-47.62866362436965,-15.939512456519573],[-47.628643701819534,-15.939533228238622],[-47.6286125820285,-15.939565284254185],[-47.62858723249266,-15.939601789654784],[-47.6285683212242,-15.939641782479121],[-47.62855634512517,-15.939684208013169],[-47.628551621986595,-15.93972794959764],[-47.62855427401649,-15.939771854119307],[-47.62856423294165,-15.939814765368443],[-47.62858123570479,-15.939855552091625],[-47.62860483515506,-15.939893140378018],[-47.62863440785586,-15.939926539758002],[-47.628669175893954,-15.939954869131315],[-47.628708222166566,-15.939977383677844],[-47.62875051951665,-15.93999348985737],[-47.62879495336993,-15.940002763198363],[-47.628840351744955,-15.940004958770748],[-47.62888551896157,-15.940000018903847],[-47.628929264599954,-15.939988074639464],[-47.62897043795423,-15.939969438988724],[-47.62900795227731,-15.93994460482966],[-47.629040820014566,-15.939914226412286],[-47.62906817591489,-15.939879101914986],[-47.62908929737679,-15.93984015874416],[-47.62910362924938,-15.93979842252149],[-47.62911079378134,-15.939754992575049],[-47.62911060145605,-15.939711013806779],[-47.62910305896776,-15.939667644078805],[-47.62908836325567,-15.939626026286012],[-47.62906690295828,-15.939587256725423],[-47.63043090083347,-15.941040509085184],[-47.629317714568224,-15.941782212070654]]]}},{"type":"Feature","properties":{"lote":"17","tipo":"Parcela","assentamento":"Patrícia e Aparecida"},"geometry":{"type":"Polygon","coordinates":[[[-47.63043090083347,-15.941040509085184],[-47.62906690295828,-15.939587256725423],[-47.62903924219223,-15.939552358197345],[-47.628979039867495,-15.939487980458903],[-47.63167808047005,-15.936344709613104],[-47.631826152701244,-15.936453766780184],[-47.63223622843935,-15.936910490374627],[-47.630987246661995,-15.939327613826134],[-47.63085251170272,-15.940592609065437],[-47.630556967202764,-15.94095651123712],[-47.63043090083347,-15.941040509085184]]]}},{"type":"Feature","properties":{"lote":"18","tipo":"Parcela","assentamento":"Patrícia e Aparecida"},"geometry":{"type":"Polygon","coordinates":[[[-47.628979039867495,-15.939487980458903],[-47.628122933799055,-15.938572497457148],[-47.627457421479505,-15.937860817761504],[-47.627599620763235,-15.93740024025114],[-47.62816286658071,-15.937407710833389],[-47.629284499778656,-15.937049896559481],[-47.6296558669053,-15.937117060429255],[-47.6300360709549,-15.936725271904791],[-47.630616798409335,-15.935800498531815],[-47.63131694637675,-15.936078727678309],[-47.63167808047005,-15.936344709613104],[-47.628979039867495,-15.939487980458903]]]}},{"type":"Feature","properties":{"lote":"19","tipo":"Parcela","assentamento":"Patrícia e Aparecida"},"geometry":{"type":"Polygon","coordinates":[[[-47.628122933799055,-15.938572497457148],[-47.62618636886685,-15.939680229813519],[-47.62595622296131,-15.939623020118558],[-47.62493416289994,-15.937023893329519],[-47.62489432971312,-15.936922597395572],[-47.62479018796087,-15.936657758121791],[-47.62473532365425,-15.936518235102017],[-47.62473060537213,-15.93650623075529],[-47.62631543626552,-15.936655933254332],[-47.62650612191849,-15.937642992715366],[-47.62677600854154,-15.937883463590913],[-47.627457421479505,-15.937860817761504],[-47.628122933799055,-15.938572497457148]]]}},{"type":"Feature","properties":{"lote":"20","tipo":"Parcela","assentamento":"Patrícia e Aparecida"},"geometry":{"type":"Polygon","coordinates":[[[-47.62631543626552,-15.936655933254332],[-47.62473060537213,-15.93650623075529],[-47.62463118332615,-15.936253395668372],[-47.62442498609886,-15.935729011211352],[-47.62446608120183,-15.935470410223212],[-47.62479168789548,-15.935437767371946],[-47.62510061107246,-15.935261938596593],[-47.625111697904345,-15.934975025362396],[-47.625181680347126,-15.934658717076282],[-47.62543133440596,-15.93448360988796],[-47.62544279395856,-15.934225369876305],[-47.625763547961014,-15.933819973703585],[-47.626044139644534,-15.93374486113219],[-47.62622660999348,-15.934101110296654],[-47.62658445958889,-15.934268816135987],[-47.62703009345779,-15.93434941921423],[-47.62745848364176,-15.934243824760172],[-47.627593705250014,-15.934385565691693],[-47.62753798287211,-15.934658682968427],[-47.62722980989331,-15.934891861971652],[-47.62687774366625,-15.935168591234767],[-47.626599389156155,-15.935415744957425],[-47.626677955266196,-15.935758920756731],[-47.626901706666665,-15.935870904477788],[-47.62703669372767,-15.936133652098388],[-47.62631543626552,-15.936655933254332]]]}},{"type":"Feature","properties":{"lote":"21","tipo":"Parcela","assentamento":"Patrícia e Aparecida"},"geometry":{"type":"Polygon","coordinates":[[[-47.62362816963257,-15.941143501303886],[-47.62232852552721,-15.940037121514125],[-47.62528711600131,-15.938226251371061],[-47.625868660113944,-15.939705121811231],[-47.625797127559345,-15.939902876130896],[-47.62362816963257,-15.941143501303886]]]}},{"type":"Feature","properties":{"lote":"22","tipo":"Parcela","assentamento":"Patrícia e Aparecida"},"geometry":{"type":"Polygon","coordinates":[[[-47.62232852552721,-15.940037121514125],[-47.62126304406981,-15.939130066933965],[-47.62479293709124,-15.936969528817075],[-47.62528711600131,-15.938226251371061],[-47.62232852552721,-15.940037121514125]]]}},{"type":"Feature","properties":{"lote":"23","tipo":"Parcela","assentamento":"Patrícia e Aparecida"},"geometry":{"type":"Polygon","coordinates":[[[-47.62479293709124,-15.936969528817075],[-47.62126304406981,-15.939130066933965],[-47.620591787362855,-15.938558611733608],[-47.620603739020545,-15.93830641507581],[-47.62073133838526,-15.938017647158608],[-47.620785495145164,-15.937917607963453],[-47.62090659624066,-15.937693907005217],[-47.62091503245629,-15.937696272051301],[-47.620936333781074,-15.937702241715083],[-47.62096616314112,-15.937708589986716],[-47.62099635708358,-15.937713037020105],[-47.62102678653111,-15.937715563610624],[-47.62105732252376,-15.937716159584696],[-47.62108783338347,-15.937714821124505],[-47.6211181875731,-15.937711555249498],[-47.621130036711,-15.937709748269071],[-47.62127052326191,-15.937686530698686],[-47.621283799402484,-15.937684336928527],[-47.62128874299409,-15.937683158588266],[-47.621318397051596,-15.937676086829171],[-47.62134750974707,-15.93766715375569],[-47.62135165086708,-15.937665716010418],[-47.62149917300731,-15.937613735826032],[-47.621515997491514,-15.937607807346277],[-47.62152347953452,-15.937604416802854],[-47.621551137670274,-15.937591883931965],[-47.62206045763999,-15.937378088409167],[-47.62223491215935,-15.937117865717182],[-47.62232102119898,-15.936901733701049],[-47.6224802859294,-15.93661301704678],[-47.62272863950567,-15.936337555983856],[-47.62304791125483,-15.935817469676097],[-47.62310326626801,-15.935515678503712],[-47.62342477276458,-15.93516763129669],[-47.62360537544995,-15.935380517051733],[-47.62359559145118,-15.935767786792452],[-47.62386621807658,-15.936065608677628],[-47.62420608289596,-15.935989776365627],[-47.62442498609886,-15.935729011211352],[-47.62463118332615,-15.936253395668372],[-47.6246113034116,-15.936212873832863],[-47.62458536533254,-15.93617675768919],[-47.624553729266424,-15.936145178334193],[-47.62451789366449,-15.936119367596334],[-47.62447682872491,-15.936098813233915],[-47.624433590003115,-15.936085249281987],[-47.62438865303218,-15.93607863291658],[-47.6243432018983,-15.936079137592088],[-47.62429843413516,-15.936086750533534],[-47.62425552802138,-15.936101270425024],[-47.62421608783269,-15.936122017468735],[-47.624180140529184,-15.936148983209504],[-47.62414886996222,-15.936181604970582],[-47.62412379476624,-15.93621828811641],[-47.624105184121404,-15.936258411557889],[-47.62409352654894,-15.936300920691062],[-47.624089137883075,-15.936344331266943],[-47.62409211252214,-15.93638857981265],[-47.62410239324678,-15.93643141977245],[-47.624119700332415,-15.936472086799924],[-47.62414343197214,-15.936509312851172],[-47.62417324592156,-15.936542551117006],[-47.62420838120543,-15.936570784784585],[-47.62424759550776,-15.93659302458015],[-47.624290012161964,-15.936608833171748],[-47.624334512991496,-15.936617794233724],[-47.62437986362996,-15.936619673503486],[-47.62442505513642,-15.936614414621554],[-47.62446870966033,-15.936602163530393],[-47.62449688732141,-15.936594432824617],[-47.6245260233458,-15.9365915543696],[-47.624555233884486,-15.936593614800046],[-47.6245836303501,-15.936600551774898],[-47.62461035116309,-15.936612154494052],[-47.62463458331296,-15.936628070661529],[-47.62465559048843,-15.936647816078523],[-47.62467273476805,-15.936670791540532],[-47.62468549642077,-15.936696297951073],[-47.62479293709124,-15.936969528817075]]]}},{"type":"Feature","properties":{"lote":"24","tipo":"Parcela","assentamento":"Patrícia e Aparecida"},"geometry":{"type":"Polygon","coordinates":[[[-47.62362816963257,-15.941143501303886],[-47.62262130469611,-15.941719407095526],[-47.622406446845226,-15.941709401430906],[-47.619565747055745,-15.93959132038928],[-47.620591787362855,-15.938558611733608],[-47.62126304406981,-15.939130066933965],[-47.62232852552721,-15.940037121514125],[-47.62362816963257,-15.941143501303886]]]}},{"type":"Feature","properties":{"lote":"AC","tipo":"Área Comunitária","assentamento":"Patrícia e Aparecida"},"geometry":{"type":"Polygon","coordinates":[[[-47.630117494819345,-15.929336556153045],[-47.62978749791225,-15.929468461247144],[-47.629451131425256,-15.92967303553025],[-47.629019179385416,-15.929769426829758],[-47.62868020112628,-15.929773560106469],[-47.62838197133745,-15.930014117948433],[-47.62804655125316,-15.930291577026281],[-47.62783915979839,-15.930275880464187],[-47.627683045663936,-15.92985861481236],[-47.62760083787011,-15.929331099969712],[-47.62759727992785,-15.929057772203633],[-47.62740492779684,-15.928750296022438],[-47.62798696156055,-15.928610462409301],[-47.63005396697412,-15.927754461422428],[-47.630035037709675,-15.927915802888576],[-47.630002216380284,-15.92819550907077],[-47.62995280394487,-15.92842410224881],[-47.629960461511466,-15.928610769432929],[-47.630061764464905,-15.928840165244825],[-47.630111563159275,-15.928946433714085],[-47.63012430354682,-15.928995527071487],[-47.63013776887049,-15.929141810279251],[-47.630117494819345,-15.929336556153045]]]}},{"type":"Feature","properties":{"lote":"RL","tipo":"Reserva Legal","assentamento":"Patrícia e Aparecida"},"geometry":{"type":"Polygon","coordinates":[[[-47.61964873435449,-15.919967721236512],[-47.619321523304286,-15.920006409744374],[-47.618760332910405,-15.919856961716544],[-47.618535694766976,-15.919818414158616],[-47.61836892439317,-15.91976147400151],[-47.61807557679973,-15.919646773973957],[-47.61745463612843,-15.919390715240313],[-47.61712095529898,-15.919284302622426],[-47.61690303912729,-15.919214807908743],[-47.616681609069815,-15.919144192199726],[-47.615990226181445,-15.918862916514012],[-47.61569605020458,-15.918802649593353],[-47.615229328754374,-15.91879340447562],[-47.614254198108874,-15.91877601340624],[-47.61355017706804,-15.917787394065599],[-47.61319518634645,-15.917486896266105],[-47.613868030941276,-15.915859872640477],[-47.61360807078675,-15.914756471062947],[-47.61470145184293,-15.914943352012692],[-47.61555968550924,-15.915529789981653],[-47.61556165408059,-15.915531373890904],[-47.61557194158053,-15.91553816531617],[-47.61593267650596,-15.915784656064462],[-47.61920539799525,-15.916529633604556],[-47.61961416743092,-15.91969966105595],[-47.61964873435449,-15.919967721236512]]]}},{"type":"Feature","properties":{"lote":"RL","tipo":"Reserva Legal","assentamento":"Patrícia e Aparecida"},"geometry":{"type":"Polygon","coordinates":[[[-47.61964873435449,-15.919967721236512],[-47.61961416743092,-15.91969966105595],[-47.61920539799525,-15.916529633604556],[-47.61926962585314,-15.91662238896063],[-47.619305811736936,-15.916669509787827],[-47.61939482773421,-15.916745980419453],[-47.619492164335306,-15.916787745946317],[-47.61966895552242,-15.91680452052285],[-47.61971521532017,-15.916815736186116],[-47.619746312276654,-15.916873583265474],[-47.61977923950389,-15.917015343503623],[-47.61980153438658,-15.917192903590381],[-47.61982170566676,-15.917399030935204],[-47.619877733117406,-15.917492158382736],[-47.61996226378441,-15.917613193018465],[-47.62003611067024,-15.917740218475549],[-47.62012965395017,-15.91781023335613],[-47.62029970549275,-15.917822891778094],[-47.62036805614379,-15.917822584591812],[-47.62043909776512,-15.917868897024594],[-47.620624171447346,-15.917968570555285],[-47.62074905503072,-15.918030084303352],[-47.62087492012415,-15.918068893962978],[-47.62098503529401,-15.918045971512756],[-47.62121092006684,-15.918077584572885],[-47.62165678143193,-15.918297344391021],[-47.62175676398662,-15.918377330534419],[-47.6222106894243,-15.918880246603885],[-47.622303724774376,-15.919043414794237],[-47.62235382172158,-15.919170614054526],[-47.62235990916752,-15.919423808081875],[-47.62239491244605,-15.919567539405508],[-47.62244346781008,-15.919683828171594],[-47.62264348549846,-15.92000583965447],[-47.62270519960973,-15.920071567656342],[-47.623410992742315,-15.920417686754694],[-47.62366825848281,-15.920633863864365],[-47.62378042885475,-15.920768075430242],[-47.62389095184647,-15.9209622819096],[-47.624289268708246,-15.921545262941905],[-47.62441112724525,-15.921764079791327],[-47.624759675239794,-15.92230250322437],[-47.62481418202692,-15.922352240514115],[-47.62494944583698,-15.922424030214112],[-47.62497174552983,-15.92250887169996],[-47.62499991569999,-15.922616042901305],[-47.62495966109986,-15.922792971035518],[-47.624959509187704,-15.922792917786932],[-47.6247846897012,-15.922731312079417],[-47.62471060616648,-15.922706409972724],[-47.62454923759407,-15.92261317701559],[-47.62433141179105,-15.922528125920921],[-47.624104312159986,-15.922471945572063],[-47.62376534664155,-15.922393802417336],[-47.62343625141092,-15.922280213924575],[-47.62322016038807,-15.922195142293921],[-47.62289195445522,-15.92207775388433],[-47.62245193306539,-15.921927365256904],[-47.62204238730504,-15.9215300554188],[-47.62162035087768,-15.92121983671052],[-47.62126255258215,-15.921022146788044],[-47.62055683926462,-15.920641430818982],[-47.62044888588957,-15.920594240123377],[-47.62031142705395,-15.920444368026088],[-47.62009064105732,-15.920277921858787],[-47.62001625607949,-15.920213346783212],[-47.619905365531096,-15.920117081388229],[-47.6196488381676,-15.919968528375575],[-47.61964873435449,-15.919967721236512]]]}},{"type":"Feature","properties":{"lote":"01","tipo":"Parcela","assentamento":"Santarém"},"geometry":{"type":"Polygon","coordinates":[[[-48.15852967094725,-15.816009290207463],[-48.15913774166806,-15.81582506263637],[-48.15957143485675,-15.817225292864196],[-48.159308504796556,-15.817292290004193],[-48.159641709959686,-15.81829788478548],[-48.15958068456203,-15.818287146534015],[-48.15931631825835,-15.818222928691135],[-48.159220484731364,-15.818193894008614],[-48.15878759707145,-15.818016521844058],[-48.158465304918366,-15.81700874899611],[-48.158814125572825,-15.816909022282765],[-48.158775581825736,-15.816790073080906],[-48.158637954795765,-15.816360166871593],[-48.15855401675849,-15.816086588756738],[-48.15852967094725,-15.816009290207463]]]}},{"type":"Feature","properties":{"lote":"04","tipo":"Parcela","assentamento":"Santarém"},"geometry":{"type":"Polygon","coordinates":[[[-48.16019437788403,-15.815506744032234],[-48.16070920296199,-15.81535164707717],[-48.161013726549534,-15.81643908950747],[-48.16102129208755,-15.816466106213294],[-48.1612631157926,-15.817344387139933],[-48.16158568004717,-15.818504809670264],[-48.16119785883058,-15.818600168998184],[-48.16107435192219,-15.818578563857498],[-48.16019437788403,-15.815506744032234]]]}},{"type":"Feature","properties":{"lote":"05","tipo":"Parcela","assentamento":"Santarém"},"geometry":{"type":"Polygon","coordinates":[[[-48.161013726549534,-15.81643908950747],[-48.16070920296199,-15.81535164707717],[-48.160774476874515,-15.8153359068438],[-48.16075378860587,-15.81524322992517],[-48.16103409591646,-15.815283550779299],[-48.16159430368163,-15.815650904135236],[-48.16229925225807,-15.814535277893718],[-48.162746754995084,-15.815493809751992],[-48.163014300858464,-15.8158996655301],[-48.161013726549534,-15.81643908950747]]]}},{"type":"Feature","properties":{"lote":"06","tipo":"Parcela","assentamento":"Santarém"},"geometry":{"type":"Polygon","coordinates":[[[-48.161013726549534,-15.81643908950747],[-48.163014300858464,-15.8158996655301],[-48.163557237718884,-15.816723271153897],[-48.16243869643643,-15.817026110912753],[-48.1612631157926,-15.817344387139933],[-48.16102129208755,-15.816466106213294],[-48.161013726549534,-15.81643908950747]]]}},{"type":"Feature","properties":{"lote":"07","tipo":"Parcela","assentamento":"Santarém"},"geometry":{"type":"Polygon","coordinates":[[[-48.16158568004717,-15.818504809670264],[-48.1612631157926,-15.817344387139933],[-48.16243869643643,-15.817026110912753],[-48.163101880296296,-15.818512812262096],[-48.16158568004717,-15.818504809670264]]]}},{"type":"Feature","properties":{"lote":"08","tipo":"Parcela","assentamento":"Santarém"},"geometry":{"type":"Polygon","coordinates":[[[-48.163101880296296,-15.818512812262096],[-48.16243869643643,-15.817026110912753],[-48.163557237718884,-15.816723271153897],[-48.16404787780731,-15.817467538050277],[-48.16371154911207,-15.818516439973754],[-48.163101880296296,-15.818512812262096]]]}},{"type":"Feature","properties":{"lote":"09","tipo":"Parcela","assentamento":"Santarém"},"geometry":{"type":"Polygon","coordinates":[[[-48.164321492675604,-15.820776881027188],[-48.164300920906264,-15.818972170696835],[-48.16497075073695,-15.819386047981714],[-48.1652142620891,-15.819486109782106],[-48.165777033511645,-15.819469984486414],[-48.16714033923529,-15.819469712356073],[-48.167374282272505,-15.819524907566805],[-48.16738515034665,-15.819632190690212],[-48.167309551509305,-15.819632030779061],[-48.16727924736009,-15.819635421239184],[-48.16721651055726,-15.819648885599376],[-48.167134647801184,-15.8196804709281],[-48.16708235472431,-15.81971084793446],[-48.16702005761449,-15.819761214366126],[-48.16696176431687,-15.819829251130507],[-48.16693700755885,-15.819811055006086],[-48.166864614646954,-15.819769636492309],[-48.16677574826124,-15.819739286658022],[-48.16671854519527,-15.81972933170997],[-48.16662715756461,-15.819727925916022],[-48.166541278221366,-15.819742826806262],[-48.16642560064691,-15.819790725773833],[-48.1663433462559,-15.819851784534581],[-48.16627350268159,-15.819933367670938],[-48.16621661396938,-15.820056571018837],[-48.16619930450971,-15.82018538480377],[-48.16617864827226,-15.82018526113072],[-48.16598905480162,-15.820193560101654],[-48.165939020610956,-15.820200436409106],[-48.165800205666514,-15.820239532191126],[-48.165656150970776,-15.820312558541998],[-48.16556605006167,-15.820401217812966],[-48.16551739108931,-15.820480951243109],[-48.16547497150335,-15.820648011664764],[-48.16548738281182,-15.820774733957727],[-48.164321492675604,-15.820776881027188]]]}},{"type":"Feature","properties":{"lote":"10","tipo":"Parcela","assentamento":"Santarém"},"geometry":{"type":"Polygon","coordinates":[[[-48.16736735459607,-15.819350482545588],[-48.1671612905705,-15.81930323353692],[-48.165754617073674,-15.819301327116209],[-48.165247484275206,-15.81931531753159],[-48.16505663545812,-15.819236545314629],[-48.16449708738542,-15.818889583736203],[-48.164139207726365,-15.818709811587782],[-48.16381568906449,-15.818563528948518],[-48.16741013007563,-15.818761619093967],[-48.16736735459607,-15.819350482545588]]]}},{"type":"Feature","properties":{"lote":"11","tipo":"Parcela","assentamento":"Santarém"},"geometry":{"type":"Polygon","coordinates":[[[-48.16741013007563,-15.818761619093967],[-48.16381568906449,-15.818563528948518],[-48.163983659847375,-15.818063458856109],[-48.16744512426748,-15.818279903048628],[-48.16741013007563,-15.818761619093967]]]}},{"type":"Feature","properties":{"lote":"12","tipo":"Parcela","assentamento":"Santarém"},"geometry":{"type":"Polygon","coordinates":[[[-48.16744512426748,-15.818279903048628],[-48.163983659847375,-15.818063458856109],[-48.16417709063707,-15.817487591138928],[-48.16747863421602,-15.817818621736047],[-48.16744512426748,-15.818279903048628]]]}},{"type":"Feature","properties":{"lote":"13","tipo":"Parcela","assentamento":"Santarém"},"geometry":{"type":"Polygon","coordinates":[[[-48.16747863421602,-15.817818621736047],[-48.16417709063707,-15.817487591138928],[-48.16451768491886,-15.817399424009363],[-48.164548024505436,-15.816981876601258],[-48.16752469464805,-15.817184578441815],[-48.16747863421602,-15.817818621736047]]]}},{"type":"Feature","properties":{"lote":"15","tipo":"Parcela","assentamento":"Santarém"},"geometry":{"type":"Polygon","coordinates":[[[-48.16752469464805,-15.817184578441815],[-48.164548024505436,-15.816981876601258],[-48.16460031710546,-15.816262178717812],[-48.16757697646361,-15.816464881767406],[-48.16752469464805,-15.817184578441815]]]}},{"type":"Feature","properties":{"lote":"16","tipo":"Parcela","assentamento":"Santarém"},"geometry":{"type":"Polygon","coordinates":[[[-48.16460031710546,-15.816262178717812],[-48.16465261077517,-15.815542481738136],[-48.1676292593494,-15.815745185996821],[-48.16757697646361,-15.816464881767406],[-48.16460031710546,-15.816262178717812]]]}},{"type":"Feature","properties":{"lote":"17","tipo":"Parcela","assentamento":"Santarém"},"geometry":{"type":"Polygon","coordinates":[[[-48.16465261077517,-15.815542481738136],[-48.1647049045541,-15.814822783870516],[-48.1676815423449,-15.815025489338367],[-48.1676292593494,-15.815745185996821],[-48.16465261077517,-15.815542481738136]]]}},{"type":"Feature","properties":{"lote":"18","tipo":"Parcela","assentamento":"Santarém"},"geometry":{"type":"Polygon","coordinates":[[[-48.1647049045541,-15.814822783870516],[-48.164757197523954,-15.81410308603121],[-48.16773382546426,-15.81430579269469],[-48.1676815423449,-15.815025489338367],[-48.1647049045541,-15.814822783870516]]]}},{"type":"Feature","properties":{"lote":"19","tipo":"Parcela","assentamento":"Santarém"},"geometry":{"type":"Polygon","coordinates":[[[-48.16467987340279,-15.813385715109353],[-48.16367911934591,-15.81278688379426],[-48.163001194796415,-15.812381320681046],[-48.16372292389648,-15.81154173899589],[-48.163816339892236,-15.811538457322422],[-48.164139806172734,-15.811586433964548],[-48.16422825059031,-15.811588722222025],[-48.1648818949774,-15.811952179825226],[-48.164934761093214,-15.811974171937614],[-48.16489802797421,-15.811962643559209],[-48.16489092214867,-15.81196098570415],[-48.164852392626386,-15.811955011825363],[-48.164845512996656,-15.811954465719847],[-48.16480608734217,-15.811954308585102],[-48.16479960754625,-15.811954766060131],[-48.16476022771595,-15.811960550069593],[-48.1647542930702,-15.811961880797549],[-48.1647159174484,-15.811973587458272],[-48.16471064311111,-15.811975640785347],[-48.16467422501022,-15.811993105413272],[-48.164669688663125,-15.811995719495007],[-48.16463615400385,-15.812018635151832],[-48.164632400626424,-15.812021644106345],[-48.164602621803915,-15.812049560174787],[-48.1645996609464,-15.812052798636948],[-48.16457443561118,-15.812085135575941],[-48.16457224523635,-15.812088445864289],[-48.16455227595098,-15.812124506340034],[-48.164550801586,-15.81212774388635],[-48.16453667452134,-15.812166722111545],[-48.164535837733105,-15.81216976075453],[-48.164528008115425,-15.812210766175214],[-48.16452770751311,-15.812213502660242],[-48.16452648593346,-15.812255579115774],[-48.16452660465541,-15.812257934791411],[-48.16453214337867,-15.812300079674527],[-48.16453255382429,-15.812302004937985],[-48.16454484627776,-15.812343196288477],[-48.164545415687606,-15.812344669601382],[-48.16456428659782,-15.812383891530683],[-48.164564884512494,-15.812384919310228],[-48.16458999676845,-15.812421183570493],[-48.164590499704396,-15.812421801024218],[-48.164621357589674,-15.812454174950508],[-48.16462165550953,-15.812454442370381],[-48.16465761344453,-15.8124820713254],[-48.16467938693753,-15.812499445562672],[-48.164698068702634,-15.812519918418994],[-48.164713193837,-15.81254297932921],[-48.16472438692028,-15.812568055027443],[-48.16473136968431,-15.812594522978268],[-48.16473396775041,-15.812621724821428],[-48.16467987340279,-15.813385715109353]]]}},{"type":"Feature","properties":{"lote":"20","tipo":"Parcela","assentamento":"Santarém"},"geometry":{"type":"Polygon","coordinates":[[[-48.162148002664495,-15.813373824172048],[-48.16154884925157,-15.813004407871716],[-48.161940849926424,-15.811571613697032],[-48.16199757706552,-15.81155980890834],[-48.162014116879696,-15.81161528170629],[-48.16203627889427,-15.811665280582458],[-48.16206631146302,-15.811714959796529],[-48.16210155684502,-15.811759345304914],[-48.162142207242944,-15.811799162925562],[-48.16218763764587,-15.811833800585285],[-48.16223610441861,-15.811862195727699],[-48.162288959673724,-15.811885121370107],[-48.162345313898584,-15.811901748090643],[-48.16240140098285,-15.8119111502565],[-48.162460066664934,-15.811913838950359],[-48.16251699983255,-15.811909583575645],[-48.16257436948462,-15.811898255007792],[-48.16262914829096,-15.81188031901923],[-48.162681211252504,-15.811855953495755],[-48.162729756605124,-15.81182553398662],[-48.16277403810881,-15.811789528228301],[-48.162813373354474,-15.81174849060597],[-48.16284715762325,-15.811703053825235],[-48.162874870216044,-15.811653916179512],[-48.1629438955601,-15.811639868796139],[-48.16318821321566,-15.811599690867784],[-48.16372292389648,-15.81154173899589],[-48.163001194796415,-15.812381320681046],[-48.162148002664495,-15.813373824172048]]]}},{"type":"Feature","properties":{"lote":"21","tipo":"Parcela","assentamento":"Santarém"},"geometry":{"type":"Polygon","coordinates":[[[-48.16367909579274,-15.812786928378639],[-48.163039918807186,-15.814006714470374],[-48.16259359779837,-15.814857898658712],[-48.1624526141005,-15.814529604981658],[-48.16262338213737,-15.81424732032936],[-48.161956357667535,-15.813860551437795],[-48.1621875009134,-15.813398176886961],[-48.162148002664495,-15.813373824172048],[-48.163001194796415,-15.812381320681046],[-48.16367909579274,-15.812786928378639]]]}},{"type":"Feature","properties":{"lote":"22","tipo":"Parcela","assentamento":"Santarém"},"geometry":{"type":"Polygon","coordinates":[[[-48.163039918807186,-15.814006714470374],[-48.16367909579274,-15.812786928378639],[-48.16467987340279,-15.813385715109353],[-48.16458196897433,-15.81470381415203],[-48.163039918807186,-15.814006714470374]]]}},{"type":"Feature","properties":{"lote":"23","tipo":"Parcela","assentamento":"Santarém"},"geometry":{"type":"Polygon","coordinates":[[[-48.164757197523954,-15.81410308603121],[-48.16480949156357,-15.813383389095709],[-48.16778610778918,-15.813586096982105],[-48.16773382546426,-15.81430579269469],[-48.164757197523954,-15.81410308603121]]]}},{"type":"Feature","properties":{"lote":"24","tipo":"Parcela","assentamento":"Santarém"},"geometry":{"type":"Polygon","coordinates":[[[-48.16480949156357,-15.813383389095709],[-48.164864190489226,-15.812630593813475],[-48.16486773574806,-15.812607560316943],[-48.16486854810036,-15.812604270127638],[-48.164874829449744,-15.812585307507895],[-48.16487753191147,-15.81257906804297],[-48.164885310745916,-15.812564346051143],[-48.164890873958534,-15.812555746271608],[-48.16489893811422,-15.8125451561876],[-48.164908171981914,-15.81253500318609],[-48.16491540036403,-15.812528175836293],[-48.164928908781164,-15.81251746209109],[-48.164934320295785,-15.812513796026764],[-48.16495246118757,-15.81250364852081],[-48.16495526562227,-15.812502343585075],[-48.16499204702655,-15.812481734303145],[-48.164994865000594,-15.812479861261167],[-48.16502772149429,-15.812454235977446],[-48.1650304340927,-15.812451764060572],[-48.16505865154807,-15.81242179590519],[-48.165061129951326,-15.812418717061185],[-48.165084114126216,-15.812385172217077],[-48.16508622802955,-15.81238150279301],[-48.1651035163507,-15.812345218654782],[-48.165105132141555,-15.812341002132209],[-48.165116402774935,-15.812302870921936],[-48.16511739556933,-15.812298172324057],[-48.16512247448518,-15.812259115707594],[-48.16512272824,-15.812254028820535],[-48.165121588861155,-15.81221497534072],[-48.16512100465294,-15.812209615369785],[-48.16511376662697,-15.812171481504041],[-48.16511226357013,-15.812165984157426],[-48.16509919052489,-15.812129649973016],[-48.16509671409256,-15.81212416682603],[-48.165078200273705,-15.812090456311852],[-48.16507472321602,-15.81208515389067],[-48.1650512866934,-15.812054817902009],[-48.165046810761574,-15.812049868629776],[-48.16501907913473,-15.812023565233817],[-48.16501363878231,-15.812019145571],[-48.164982328500095,-15.811997429514163],[-48.16497599170294,-15.811993712723583],[-48.16494419830146,-15.811977985253987],[-48.16500189176742,-15.812001859847257],[-48.16549067230963,-15.812266107005115],[-48.16595567330414,-15.81264978172395],[-48.166343574756176,-15.812822133279566],[-48.16706736972747,-15.813092625816408],[-48.167809071853505,-15.813269987340902],[-48.16778610778918,-15.813586096982105],[-48.16480949156357,-15.813383389095709]]]}},{"type":"Feature","properties":{"lote":"25","tipo":"Parcela","assentamento":"Santarém"},"geometry":{"type":"Polygon","coordinates":[[[-48.164399727203474,-15.81722171300247],[-48.16409080785202,-15.817297733728063],[-48.16286184917473,-15.815433473558393],[-48.164532602784064,-15.815377180755666],[-48.164399727203474,-15.81722171300247]]]}},{"type":"Feature","properties":{"lote":"29","tipo":"Parcela","assentamento":"Santarém"},"geometry":{"type":"Polygon","coordinates":[[[-48.164532602784064,-15.815377180755666],[-48.16286184917473,-15.815433473558393],[-48.16259359779837,-15.814857898658712],[-48.163039918807186,-15.814006714470374],[-48.16458196897433,-15.81470381415203],[-48.164532602784064,-15.815377180755666]]]}},{"type":"Feature","properties":{"lote":"26","tipo":"Parcela","assentamento":"Santarém"},"geometry":{"type":"Polygon","coordinates":[[[-48.1622227503182,-15.820554691751274],[-48.15990246460203,-15.819212293309283],[-48.15969600984753,-15.819101529566524],[-48.158735772956796,-15.818586355057036],[-48.15810509825323,-15.818435942795718],[-48.158074365684634,-15.818338472088314],[-48.15841953829261,-15.818206130740062],[-48.15858750133807,-15.818176442145703],[-48.15873651036833,-15.818209063596317],[-48.15916565230719,-15.818378941389687],[-48.15927675265326,-15.818411162968744],[-48.1596128866808,-15.818484401500815],[-48.15973072993844,-15.818505532046876],[-48.16007698812477,-15.818557212354259],[-48.160353509563556,-15.818594259589487],[-48.16105017580277,-15.81874838181128],[-48.161218010302846,-15.818775694389641],[-48.16161376020578,-15.818685515667804],[-48.16218029148424,-15.818688507013778],[-48.1622227503182,-15.820554691751274]]]}},{"type":"Feature","properties":{"lote":"27","tipo":"Parcela","assentamento":"Santarém"},"geometry":{"type":"Polygon","coordinates":[[[-48.1622227503182,-15.820554691751274],[-48.16218029148424,-15.818688507013778],[-48.1632247130799,-15.818686055919864],[-48.16326121416053,-15.820805622109761],[-48.16269523861332,-15.820828625710663],[-48.1622227503182,-15.820554691751274]]]}},{"type":"Feature","properties":{"lote":"28","tipo":"Parcela","assentamento":"Santarém"},"geometry":{"type":"Polygon","coordinates":[[[-48.16326121416053,-15.820805622109761],[-48.1632247130799,-15.818686055919864],[-48.16325135005723,-15.818694157158502],[-48.16366873598246,-15.818696358415707],[-48.164300920906264,-15.818972170696835],[-48.164321492675604,-15.820776881027188],[-48.16326121416053,-15.820805622109761]]]}},{"type":"Feature","properties":{"lote":"14","tipo":"Parcela","assentamento":"Santarém"},"geometry":{"type":"Polygon","coordinates":[[[-48.15852967094725,-15.816009290207463],[-48.158814125572825,-15.816909022282765],[-48.158465304918366,-15.81700874899611],[-48.15878762435644,-15.81801659728853],[-48.1585868941083,-15.817970078953758],[-48.158362987737185,-15.818006923096496],[-48.158017529751355,-15.818134264701046],[-48.15754727490558,-15.816682039854092],[-48.15782110094099,-15.816576575259925],[-48.15771512186237,-15.816253627521672],[-48.15852967094725,-15.816009290207463]]]}},{"type":"Feature","properties":{"lote":"01","tipo":"Parcela","assentamento":"Estrela da Lua"},"geometry":{"type":"Polygon","coordinates":[[[-47.611387762278,-15.95969304389447],[-47.61255348005568,-15.957715659187034],[-47.61255698638866,-15.957672286315201],[-47.61281780206955,-15.957313438615243],[-47.61291986824503,-15.957366027534489],[-47.61297584000039,-15.957382873732683],[-47.613033552866526,-15.957392800724518],[-47.613092097318145,-15.95739565154713],[-47.61315054940135,-15.957391380512524],[-47.61320798663831,-15.95738005572422],[-47.61326350386178,-15.957361856175165],[-47.61331622623735,-15.957337067976608],[-47.61339321974592,-15.957283178034194],[-47.61343083822621,-15.957290804439639],[-47.61359940668796,-15.95735333420673],[-47.61202798116049,-15.960064522379458],[-47.611387762278,-15.95969304389447]]]}},{"type":"Feature","properties":{"lote":"02","tipo":"Parcela","assentamento":"Estrela da Lua"},"geometry":{"type":"Polygon","coordinates":[[[-47.61202798116049,-15.960064522379458],[-47.61359940668796,-15.95735333420673],[-47.61363179311357,-15.957365347913266],[-47.61367789080775,-15.957372183955613],[-47.61404093108241,-15.957395891830663],[-47.61408719608507,-15.957395330014023],[-47.61410454128471,-15.957393196381068],[-47.614277830779116,-15.957363367874416],[-47.61435387780369,-15.957326713916723],[-47.614426266516915,-15.95727729821959],[-47.61383966290241,-15.95828938668775],[-47.61261377693039,-15.960404418950818],[-47.61202798116049,-15.960064522379458]]]}},{"type":"Feature","properties":{"lote":"03","tipo":"Parcela","assentamento":"Estrela da Lua"},"geometry":{"type":"Polygon","coordinates":[[[-47.61261377693039,-15.960404418950818],[-47.61383966290241,-15.95828938668775],[-47.614784353385915,-15.95827791322818],[-47.61331575459234,-15.960811724522387],[-47.61261377693039,-15.960404418950818]]]}},{"type":"Feature","properties":{"lote":"04","tipo":"Parcela","assentamento":"Estrela da Lua"},"geometry":{"type":"Polygon","coordinates":[[[-47.6134288429676,-15.96087513992029],[-47.614277243854126,-15.959411379395421],[-47.615384722773285,-15.96003094116639],[-47.61452539052026,-15.961513576681632],[-47.6134288429676,-15.96087513992029]]]}},{"type":"Feature","properties":{"lote":"05","tipo":"Parcela","assentamento":"Estrela da Lua"},"geometry":{"type":"Polygon","coordinates":[[[-47.614526345728216,-15.9615119293091],[-47.615384722773285,-15.96003094116639],[-47.61633831009868,-15.96056440148402],[-47.61633904661244,-15.96062110782998],[-47.61634712295038,-15.960677276943983],[-47.61636241372552,-15.960732024270872],[-47.61638467617641,-15.960784485649796],[-47.61641355879097,-15.960833834371119],[-47.616448607048014,-15.960879291945641],[-47.6155768601187,-15.96235170100559],[-47.615529756801095,-15.962227898285326],[-47.61543104859373,-15.962079178182814],[-47.61527121249629,-15.961960335762425],[-47.61494424071874,-15.961756598035155],[-47.614526345728216,-15.9615119293091]]]}},{"type":"Feature","properties":{"lote":"06","tipo":"Parcela","assentamento":"Estrela da Lua"},"geometry":{"type":"Polygon","coordinates":[[[-47.61633831009868,-15.96056440148402],[-47.615384722773285,-15.96003094116639],[-47.614277243854126,-15.959411379395421],[-47.61456236509605,-15.958919449139497],[-47.614589393062325,-15.958891702066051],[-47.61462029066559,-15.958868035794568],[-47.61465440523081,-15.958848948711053],[-47.614691018431216,-15.958834844255637],[-47.614729358271184,-15.958826019035016],[-47.61476861398658,-15.958822659931952],[-47.61480795837774,-15.958824838414587],[-47.614846561776226,-15.95883250765712],[-47.614887808014714,-15.958845407064464],[-47.61493054712137,-15.958852407329587],[-47.61497388368566,-15.958853360359848],[-47.615016908092294,-15.958848246496059],[-47.61505871703484,-15.95883717245671],[-47.61509843406442,-15.958820371991479],[-47.61513522533036,-15.958798195754223],[-47.615168319183525,-15.958771111064612],[-47.61519702182291,-15.958739684556287],[-47.6177048990345,-15.959646099714478],[-47.61753078147051,-15.9597155302032],[-47.6173458218764,-15.959739288270068],[-47.61722671040533,-15.959697719920893],[-47.61703406229727,-15.95970006238319],[-47.61685753595086,-15.95980258110356],[-47.61671977953713,-15.959932055215992],[-47.61672024754984,-15.959968085153731],[-47.616666344714986,-15.96000219825801],[-47.61659246640414,-15.960019825301135],[-47.61650988460639,-15.96005038141319],[-47.616457829887295,-15.959997412385787],[-47.61638505784495,-15.959926831818118],[-47.616334987054536,-15.959901458791215],[-47.616311547654,-15.959894015596648],[-47.61628716186041,-15.959890406412207],[-47.6162624938323,-15.959890729746915],[-47.61623821846773,-15.959894976494077],[-47.61621499621217,-15.959903031140698],[-47.61619346001332,-15.95991467373251],[-47.61617419953394,-15.959929586388386],[-47.616157738865645,-15.95994736260361],[-47.61614452640123,-15.959967518211782],[-47.61613492377348,-15.9599895023579],[-47.61612919208738,-15.960012715730613],[-47.61612748744015,-15.960036525068274],[-47.61612985742164,-15.960060281266465],[-47.61613623760306,-15.960083336581995],[-47.61614645174788,-15.96010506088888],[-47.61616022328326,-15.96012486231341],[-47.61617717640942,-15.960142200769319],[-47.61625361084143,-15.960208445597063],[-47.616407292205714,-15.960351364911743],[-47.616401205039566,-15.960360936470492],[-47.61637968187319,-15.960399966046014],[-47.61635878904721,-15.960452952037487],[-47.6163449250387,-15.960508053779007],[-47.61633831009868,-15.96056440148402]]]}},{"type":"Feature","properties":{"lote":"07","tipo":"Parcela","assentamento":"Estrela da Lua"},"geometry":{"type":"Polygon","coordinates":[[[-47.61519702182291,-15.958739684556287],[-47.61546948426183,-15.958269589580452],[-47.6183278954615,-15.958234839253976],[-47.61829346132441,-15.958271178082038],[-47.618211283097104,-15.95827674443211],[-47.618041609689676,-15.958336163799604],[-47.61787953242241,-15.958409830477676],[-47.6177409404256,-15.958579997969052],[-47.61772029579911,-15.958702130242754],[-47.617772767282666,-15.958748093802013],[-47.61789947449264,-15.958803908442107],[-47.61798908718506,-15.9588565892171],[-47.61808634278727,-15.95892710084762],[-47.61811719186835,-15.959019928977284],[-47.61810808072794,-15.959174183740656],[-47.61808312487066,-15.9592497667838],[-47.61808804091205,-15.959342909439824],[-47.61812208270835,-15.959396266951728],[-47.618054064241875,-15.95957905346282],[-47.617910284766246,-15.959540174612398],[-47.61780707916923,-15.959582057523086],[-47.6177048990345,-15.959646099714478],[-47.61519702182291,-15.958739684556287]]]}},{"type":"Feature","properties":{"lote":"AC","tipo":"Área Comunitária","assentamento":"Estrela da Lua"},"geometry":{"type":"Polygon","coordinates":[[[-47.61383966290241,-15.95828938668775],[-47.614426266516915,-15.95727729821959],[-47.61459035095706,-15.957165285218014],[-47.61468858676894,-15.957117730518148],[-47.61508160862665,-15.957473825337571],[-47.61531210294426,-15.95739523242807],[-47.61537751187119,-15.957387551445926],[-47.615510123944446,-15.957381525190506],[-47.61556296481192,-15.957373299555755],[-47.61562447049833,-15.957358087743257],[-47.615722910483406,-15.957323329019705],[-47.61584853391169,-15.95725161717089],[-47.61590473355242,-15.957231859627163],[-47.61599109269661,-15.957212660482858],[-47.6161050283869,-15.957201455851703],[-47.616175421377285,-15.957202442976381],[-47.616275922286505,-15.95737092129722],[-47.6166291374724,-15.957369018100177],[-47.616703485389515,-15.957346934303263],[-47.616719745150995,-15.95730817104616],[-47.61680457585553,-15.957182868581693],[-47.617190616022924,-15.957105228122552],[-47.61721023384815,-15.957034547808902],[-47.61728255595339,-15.956932424460971],[-47.61729451563707,-15.956881395086716],[-47.617410739256705,-15.956877592023867],[-47.61752331373896,-15.957011300797785],[-47.6175180689726,-15.957113519073511],[-47.61776444955796,-15.9571142318092],[-47.617801297251056,-15.957087106567661],[-47.61786060383805,-15.95708877532376],[-47.61791315247726,-15.957140711989023],[-47.61796832729244,-15.957204566545055],[-47.618047951604076,-15.957249004882234],[-47.6180954992331,-15.957296223277067],[-47.61834595965912,-15.95737084555497],[-47.61844386668103,-15.957491535813968],[-47.61845401395748,-15.957691801197758],[-47.61860657413025,-15.957940748415218],[-47.6183278954615,-15.958234839253976],[-47.61546948426183,-15.958269589580452],[-47.614784353385915,-15.95827791322818],[-47.61383966290241,-15.95828938668775]]]}}]}