{"type":"FeatureCollection","features":[{"type":"Feature","properties":{"nome":"Mancha Urbana DF (Evolução das Ocupações, unido)"},"geometry":{"type":"MultiPolygon","coordinates":[[[[-48.26448867643084,-16.042076566434794],[-48.254869381026495,-16.04490553881347],[-48.255174195266996,-16.04633409264545],[-48.25446321197643,-16.046359232267385],[-48.25407276113444,-16.045132624896596],[-48.25082737377849,-16.045001461976923],[-48.25038393017794,-16.042410530976557],[-48.25361733382806,-16.041883702817284],[-48.25413949347902,-16.034112660982192],[-48.25799998175005,-16.036084339111557],[-48.259366115407786,-16.038452198304984],[-48.25835525907138,-16.038945305189337],[-48.260003604937374,-16.04157758309513],[-48.26441185864108,-16.04115214455374],[-48.26448867643084,-16.042076566434794]]],[[[-48.253725109584146,-15.835458754489144],[-48.25260810313183,-15.833504863910289],[-48.25206547969154,-15.834289330054922],[-48.25057500915729,-15.833666750057438],[-48.25318103075701,-15.832301921733785],[-48.253725109584146,-15.835458754489144]]],[[[-48.252076015220645,-15.94277464502626],[-48.24975649573636,-15.94225247316041],[-48.24971913046854,-15.940528935054507],[-48.251726626602334,-15.940830655797063],[-48.24993327823839,-15.94158100701793],[-48.252076015220645,-15.94277464502626]],[[-48.249403241597946,-15.941407390181576],[-48.24944808650094,-15.941566155050138],[-48.249814898735835,-15.941427010059678],[-48.249403241597946,-15.941407390181576]]],[[[-48.25151386010046,-15.939208860952832],[-48.24869510748227,-15.939678715462072],[-48.24925323458065,-15.937888799987284],[-48.251267096302136,-15.938100419750276],[-48.25151386010046,-15.939208860952832]],[[-48.251232553898014,-15.939122829582896],[-48.25126625992411,-15.939232391408293],[-48.25134678700713,-15.939152006467342],[-48.251232553898014,-15.939122829582896]],[[-48.250944280875494,-15.938538257016262],[-48.25059661131479,-15.938484126380521],[-48.25057374825463,-15.93877165934792],[-48.250944280875494,-15.938538257016262]],[[-48.25061648249302,-15.939058467835418],[-48.249894741135236,-15.939164264616911],[-48.250040244404914,-15.939442822173135],[-48.25061648249302,-15.939058467835418]],[[-48.24984836198423,-15.939530970842354],[-48.24967469524256,-15.93920381938806],[-48.24937024594415,-15.93932015862657],[-48.24984836198423,-15.939530970842354]]],[[[-48.249995207755504,-15.946427763424806],[-48.24944587461451,-15.947534027704162],[-48.248620844885956,-15.946912414284395],[-48.249522552518926,-15.948808402359846],[-48.247636610442164,-15.947984863816814],[-48.248494425051376,-15.945886612764474],[-48.249995207755504,-15.946427763424806]],[[-48.24819324036956,-15.94738401029979],[-48.24809995325323,-15.947385417664128],[-48.24810140788374,-15.947475674354559],[-48.248194695041676,-15.947474266981825],[-48.24819324036956,-15.94738401029979]],[[-48.24864076608975,-15.946203640942342],[-48.24873405354227,-15.946202233431288],[-48.248732598751076,-15.946111976787133],[-48.248639311340156,-15.946113384289806],[-48.24864076608975,-15.946203640942342]]],[[[-48.245054698739594,-15.948084702161553],[-48.24266536485748,-15.948120702320793],[-48.24194839912195,-15.944631088279557],[-48.240894145164845,-15.944474971483219],[-48.241556849280336,-15.942497778996174],[-48.23979587639198,-15.942560547654544],[-48.23442064279946,-15.945656010790657],[-48.23216455410356,-15.950696403442908],[-48.22941177480767,-15.950791548745531],[-48.23113668083306,-15.947320319133814],[-48.22778045183143,-15.946213234431195],[-48.22946505157107,-15.941962035196562],[-48.22750820272826,-15.941372279746844],[-48.22734150897958,-15.94312437517078],[-48.225663218053256,-15.942557346001395],[-48.22554404479018,-15.94032502763765],[-48.22391424700664,-15.941049267745388],[-48.22461446241157,-15.944541199014438],[-48.223426340381536,-15.948056080305594],[-48.22074166704406,-15.948153587565484],[-48.221629669608646,-15.944394775784408],[-48.22305777079454,-15.94316160900527],[-48.22205490736432,-15.939596656136382],[-48.21977667859894,-15.938042616721766],[-48.221095915779806,-15.93689464629616],[-48.21878469615708,-15.935826924991785],[-48.21916973321612,-15.934875473434447],[-48.220961296110566,-15.934238096369805],[-48.2212386154232,-15.93551747964171],[-48.22443034326586,-15.936788666533474],[-48.22448839904732,-15.935199698477199],[-48.225708623425675,-15.935848772149887],[-48.22620360338205,-15.93475449862754],[-48.22727499816027,-15.937230576688918],[-48.22727439190305,-15.935454072583914],[-48.228498575294935,-15.935462648495882],[-48.22931553022631,-15.932624138503146],[-48.23001686528806,-15.932990461786641],[-48.22911906816046,-15.935991686421682],[-48.23031802458792,-15.936162130189434],[-48.23118259383586,-15.934561076706517],[-48.235477494709606,-15.93608047790432],[-48.233437109667285,-15.938139936170284],[-48.231476449037125,-15.937275265119768],[-48.23248590109719,-15.937771538466174],[-48.23192891755715,-15.938812651631045],[-48.23466204630351,-15.940179224412562],[-48.23335177531081,-15.943186573753646],[-48.23371804757055,-15.94247162817163],[-48.23492556061542,-15.94294795647981],[-48.236665265805044,-15.937318523863334],[-48.242040519413905,-15.937514784212635],[-48.24345262791082,-15.939968206198351],[-48.24339277572881,-15.942386456284654],[-48.24240944797419,-15.942467382912268],[-48.24326116747091,-15.945254860966072],[-48.24499810216602,-15.944569415978707],[-48.245054698739594,-15.948084702161553]],[[-48.23310450471725,-15.943061836162675],[-48.23091705582492,-15.941936184189636],[-48.230910061124256,-15.941954812234389],[-48.23310450471725,-15.943061836162675]],[[-48.231086408098776,-15.941481590107566],[-48.22989319153706,-15.940895143354297],[-48.23107941520136,-15.941500212709082],[-48.231086408098776,-15.941481590107566]]],[[[-48.2376668146098,-15.974229445342301],[-48.23382441653036,-15.976365447132668],[-48.23349873874747,-15.97300227875999],[-48.234972248240425,-15.972502373674432],[-48.2376668146098,-15.974229445342301]]],[[[-48.222441990666574,-15.809736088472906],[-48.21339305187673,-15.812206517932577],[-48.214925201878756,-15.815480310021789],[-48.220043222192075,-15.814592219035156],[-48.221287569931484,-15.815266481150786],[-48.21716182427975,-15.818050894631629],[-48.218251753353925,-15.818321374134102],[-48.21839173103755,-15.8193703486957],[-48.21473127902613,-15.820380145749121],[-48.215729998612375,-15.82268243367085],[-48.21494702611891,-15.823100134148355],[-48.21387921601564,-15.821109403716635],[-48.21316760528152,-15.821358825946334],[-48.21056503338613,-15.815927093240889],[-48.20960713150325,-15.816204034165606],[-48.201958014183234,-15.807827882656108],[-48.20066305003961,-15.809726995980775],[-48.199799531266386,-15.808945457494481],[-48.201127043726075,-15.806876974645933],[-48.19747695232322,-15.799281768419899],[-48.19813935226942,-15.799101516936256],[-48.197716606740535,-15.791578913443479],[-48.20831545982779,-15.791594612743582],[-48.208231494407144,-15.786264098491753],[-48.21888825860304,-15.786221142313687],[-48.21896738913901,-15.798717944574477],[-48.218292571273025,-15.800099321978498],[-48.22064157669211,-15.805104753883178],[-48.221647224694586,-15.804731517121493],[-48.22218299331029,-15.805846275496934],[-48.221180744926635,-15.806434453035319],[-48.222441990666574,-15.809736088472906]],[[-48.21005951053955,-15.808911586198269],[-48.208832936874835,-15.809359707204845],[-48.20807503480419,-15.80980089343093],[-48.21005951053955,-15.808911586198269]]],[[[-48.22212376603823,-15.792673455778722],[-48.221063847780925,-15.792789773851718],[-48.22066104707739,-15.79051429346603],[-48.22212376603823,-15.792673455778722]],[[-48.22127622836197,-15.792144340065978],[-48.2211630610818,-15.792176920607645],[-48.22124605595134,-15.792254861932896],[-48.22127622836197,-15.792144340065978]],[[-48.221034397288385,-15.791758346490218],[-48.22080470564125,-15.7914813648337],[-48.22089906963425,-15.791879089497906],[-48.221034397288385,-15.791758346490218]]],[[[-48.21697756482276,-15.844571264900129],[-48.216442427928236,-15.84611399686329],[-48.214953383552995,-15.846316672491826],[-48.21466443860276,-15.844263973185427],[-48.21633367236673,-15.843667502758539],[-48.21697756482276,-15.844571264900129]],[[-48.21670212745541,-15.844846200303877],[-48.21665885760284,-15.844455389483928],[-48.21651564093834,-15.844848970309993],[-48.21670212745541,-15.844846200303877]]],[[[-48.209123068551506,-15.638322564554763],[-48.20806399722232,-15.638701170337736],[-48.20744222079059,-15.640563984166553],[-48.20384827359412,-15.64027258113706],[-48.20390669239125,-15.637691811865858],[-48.20897461802776,-15.637655874536472],[-48.209123068551506,-15.638322564554763]]],[[[-48.20608268970512,-15.813319734668914],[-48.20457368445658,-15.815262611109414],[-48.20313011561005,-15.81415642574089],[-48.20485304414403,-15.812009740146365],[-48.20608268970512,-15.813319734668914]]],[[[-48.20582425537324,-15.689086158325498],[-48.204915746730514,-15.691225519146276],[-48.20228351330703,-15.689415185200136],[-48.19990005471654,-15.689508634056375],[-48.19973771166686,-15.686820015512827],[-48.1969855426929,-15.686286507044551],[-48.20529924283341,-15.686228602839964],[-48.20114125972339,-15.68700967349674],[-48.20397365317955,-15.689323519703313],[-48.20582425537324,-15.689086158325498]]],[[[-48.20530151142481,-15.685578416963658],[-48.20528811390556,-15.686224817913384],[-48.200957710968744,-15.685950287988206],[-48.199883063798005,-15.6867009446009],[-48.19670098305103,-15.68606596039408],[-48.19811395409327,-15.687269152744761],[-48.19555724793905,-15.68717648748877],[-48.19742904986375,-15.688023085768],[-48.19674408609172,-15.689631202431006],[-48.19040582795784,-15.68743253639977],[-48.19068748913113,-15.686573954295998],[-48.19181025897072,-15.686958829466914],[-48.189532566968765,-15.686165771303791],[-48.19056686812796,-15.683697543669563],[-48.188494470307596,-15.683048994896748],[-48.18682637420266,-15.680334520644688],[-48.186096951857095,-15.680630054936154],[-48.187266283332434,-15.678483461733753],[-48.18274332003776,-15.676637978814158],[-48.18259307603431,-15.671719140075965],[-48.185957682935395,-15.670857945709736],[-48.18749999921341,-15.671433828936573],[-48.18849885492292,-15.67541730941406],[-48.187064322722215,-15.675540065158197],[-48.19115056621737,-15.676337052038434],[-48.191683530680436,-15.670274350501474],[-48.194140404126074,-15.670430006372483],[-48.196444070206425,-15.6733389782449],[-48.196183046592076,-15.675315542971045],[-48.197559233391665,-15.675363136530166],[-48.19798022768765,-15.679943501674575],[-48.199559145877025,-15.680935552472324],[-48.199389226098994,-15.680272168484453],[-48.20025838644869,-15.680402505611353],[-48.20014241233706,-15.67703169468176],[-48.19938839352383,-15.677138206257423],[-48.199182357527356,-15.67557079455333],[-48.200302905209206,-15.676574425175755],[-48.19816507880293,-15.673499829339631],[-48.19901476799258,-15.672736881820413],[-48.197845635139515,-15.667391753008063],[-48.19654813745092,-15.667519751406356],[-48.19637724006945,-15.665982135310744],[-48.1975719237511,-15.665859282652054],[-48.18882726049518,-15.665834503670048],[-48.188021097334605,-15.663575624984059],[-48.187886413554224,-15.662435826278717],[-48.18957278533053,-15.662197822242934],[-48.18969656007849,-15.657277581993915],[-48.19282422460084,-15.657287372496139],[-48.19096393105108,-15.654982516082475],[-48.19419369051511,-15.65498055721596],[-48.19404541130742,-15.652879609105092],[-48.20202857183846,-15.652094328566228],[-48.2040817330552,-15.674256645175312],[-48.203185343243454,-15.674354677897131],[-48.20408200256887,-15.674259105113011],[-48.20530151142481,-15.685578416963658]],[[-48.20446076570336,-15.678278432722086],[-48.204372919320306,-15.678273250510465],[-48.204372698894986,-15.678279723585403],[-48.20446076570336,-15.678278432722086]],[[-48.20401399225527,-15.678252077477849],[-48.203556701661185,-15.678225101667133],[-48.201002604908325,-15.678131823805648],[-48.20401399225527,-15.678252077477849]],[[-48.2037805170735,-15.684675532884405],[-48.2027880261204,-15.684772622367133],[-48.203391794805825,-15.68472629360412],[-48.2037805170735,-15.684675532884405]],[[-48.20374968770248,-15.673969884102435],[-48.20371996742168,-15.673951907640593],[-48.20227958763355,-15.674120166641663],[-48.20374968770248,-15.673969884102435]],[[-48.20346689060236,-15.675970366959325],[-48.20333552509839,-15.67598411990749],[-48.20335980655242,-15.676247559084816],[-48.20346689060236,-15.675970366959325]],[[-48.2028257047859,-15.665314601668102],[-48.20056505326076,-15.6655370546946],[-48.20032986206213,-15.665575650718399],[-48.2028257047859,-15.665314601668102]],[[-48.20267566419265,-15.68578049424224],[-48.20264261802082,-15.685153789488648],[-48.20267337880983,-15.685780599062426],[-48.20267566419265,-15.68578049424224]],[[-48.20238015661034,-15.680365943112745],[-48.20106745849731,-15.680400687820153],[-48.20101782951732,-15.678134200207303],[-48.20087728011739,-15.680425608054337],[-48.20238015661034,-15.680365943112745]],[[-48.2012116041066,-15.674229336333044],[-48.200893346774635,-15.674246853761582],[-48.2008935805538,-15.674261844065478],[-48.2012116041066,-15.674229336333044]],[[-48.20092463497156,-15.684979362674786],[-48.20078169729676,-15.681475581344008],[-48.200790808100685,-15.682059506012484],[-48.20092463497156,-15.684979362674786]],[[-48.20088627645653,-15.674665258466554],[-48.2008859114835,-15.674641856370592],[-48.200237986122836,-15.674796739675555],[-48.20088627645653,-15.674665258466554]],[[-48.200680218055176,-15.660458575702037],[-48.200442574924466,-15.66047292347612],[-48.20056222399889,-15.66047128376773],[-48.200680218055176,-15.660458575702037]],[[-48.19987244795834,-15.665622694671],[-48.19954149508162,-15.665654477214856],[-48.19866687943858,-15.665746679268251],[-48.19987244795834,-15.665622694671]],[[-48.19964520457662,-15.68175893824755],[-48.199604856528424,-15.681041205540282],[-48.19898199883765,-15.68204742178474],[-48.19964520457662,-15.68175893824755]],[[-48.198949546224824,-15.673786590438988],[-48.198859018045525,-15.6736577768933],[-48.19885902756932,-15.673658387988416],[-48.198949546224824,-15.673786590438988]],[[-48.19846663723354,-15.660624219666945],[-48.19829288845649,-15.660641108191143],[-48.198132701797874,-15.660660218043512],[-48.19846663723354,-15.660624219666945]],[[-48.197792249245644,-15.683324394010313],[-48.197774819348474,-15.683306840170633],[-48.197769069110066,-15.68332387004036],[-48.197792249245644,-15.683324394010313]],[[-48.19766910102015,-15.666584620187791],[-48.19766540787975,-15.666567735639209],[-48.19661489405138,-15.66669961966908],[-48.19661818999633,-15.666716555196725],[-48.19766910102015,-15.666584620187791]],[[-48.19765549791485,-15.68366018767875],[-48.19753101472976,-15.684028820248017],[-48.19753867329987,-15.684030719762296],[-48.19765549791485,-15.68366018767875]],[[-48.19662947867577,-15.683807387468187],[-48.19662169249968,-15.683805432002503],[-48.19601931887116,-15.68559027726424],[-48.19662947867577,-15.683807387468187]],[[-48.19599869712465,-15.685651380990521],[-48.19569978241573,-15.686537059414807],[-48.19590596608034,-15.68596003696036],[-48.19599869712465,-15.685651380990521]],[[-48.19526591821533,-15.660969864624974],[-48.19503949623557,-15.661032923718219],[-48.19503003389615,-15.661058065703298],[-48.19526591821533,-15.660969864624974]],[[-48.195075577902195,-15.671404774161493],[-48.195002150129014,-15.671211914260347],[-48.19502504513169,-15.671314735204282],[-48.195075577902195,-15.671404774161493]],[[-48.19241825859474,-15.675457406925043],[-48.19241476788615,-15.67549792236567],[-48.19241306453963,-15.675540291469016],[-48.19241825859474,-15.675457406925043]],[[-48.19236576164675,-15.676294989367088],[-48.1918251754733,-15.676271480171472],[-48.19236543042024,-15.67630029580965],[-48.19236576164675,-15.676294989367088]],[[-48.1922856941867,-15.687795864686915],[-48.19203452194295,-15.687689721836115],[-48.19228241597801,-15.687805892813252],[-48.1922856941867,-15.687795864686915]],[[-48.191611739434336,-15.678998731920714],[-48.191119347359624,-15.680409626310587],[-48.191019743814735,-15.680705224062125],[-48.191611739434336,-15.678998731920714]],[[-48.191083063997254,-15.659143265948257],[-48.190641410062895,-15.658666392765909],[-48.1898710069173,-15.65874897686087],[-48.191083063997254,-15.659143265948257]],[[-48.19057029353246,-15.68203175006315],[-48.187974019807434,-15.681210793069011],[-48.19048794102394,-15.68225118505413],[-48.19057029353246,-15.68203175006315]],[[-48.19027227441197,-15.657888866399272],[-48.19020682080931,-15.657316506698521],[-48.19026318464654,-15.657890927409763],[-48.19027227441197,-15.657888866399272]],[[-48.18889625367549,-15.678512615003378],[-48.18751409505734,-15.678110076419621],[-48.187510127467306,-15.678121752343214],[-48.188889845592506,-15.67852358167544],[-48.18889625367549,-15.678512615003378]],[[-48.18817218513537,-15.679635332150434],[-48.187458524628994,-15.679337011643323],[-48.18792562039832,-15.679587367190011],[-48.18817218513537,-15.679635332150434]],[[-48.188059444654,-15.681607186079065],[-48.187797306012456,-15.681215174266292],[-48.1877920999314,-15.68121869823448],[-48.188059444654,-15.681607186079065]],[[-48.1875669776042,-15.681021220142155],[-48.18741530951584,-15.680960610450922],[-48.187410824670884,-15.680971746787138],[-48.1875669776042,-15.681021220142155]]],[[[-48.20248234198028,-15.693652731322127],[-48.20212656013649,-15.69474134752123],[-48.20073314560508,-15.695032621226277],[-48.20016521363555,-15.694013463584858],[-48.20033225299658,-15.693232828173617],[-48.20248234198028,-15.693652731322127]]],[[[-48.201054051802544,-15.646485973003879],[-48.19930638389768,-15.646660810648463],[-48.19912555177256,-15.645337657381232],[-48.20095863979795,-15.645107826756142],[-48.201054051802544,-15.646485973003879]]],[[[-48.20011005858466,-15.62109560500906],[-48.19933530872749,-15.621149415775367],[-48.198444818947316,-15.612376307272736],[-48.20006313226391,-15.612166477564834],[-48.20011005858466,-15.62109560500906]]],[[[-48.199583048906554,-15.609189706669893],[-48.19847940101957,-15.610108632150592],[-48.19832859834479,-15.608323544343321],[-48.19947730292253,-15.608378693542384],[-48.199583048906554,-15.609189706669893]]],[[[-48.19226481651702,-15.535433623195843],[-48.190393754615876,-15.53553715639632],[-48.190260513078,-15.537125283174445],[-48.189609267963505,-15.537077376502047],[-48.1891951090047,-15.534503406294641],[-48.19169121819097,-15.534027729938847],[-48.19226481651702,-15.535433623195843]]],[[[-48.19173199980495,-15.638557469432136],[-48.19087048848555,-15.640232647015756],[-48.189638801634224,-15.639658149772778],[-48.18970451062773,-15.637535904381789],[-48.19173199980495,-15.638557469432136]]],[[[-48.19083142768918,-15.53195709829947],[-48.18835622141669,-15.532508901310898],[-48.18575778487128,-15.531457144589329],[-48.19034168626444,-15.528314018275385],[-48.19083142768918,-15.53195709829947]]],[[[-48.18988881517574,-15.854462935101209],[-48.18547053022535,-15.857241698925721],[-48.18370045400419,-15.853904292407778],[-48.188120808548824,-15.851259314459138],[-48.18988881517574,-15.854462935101209]]],[[[-48.188110357804575,-15.667493439745668],[-48.18760877498461,-15.668822526365474],[-48.18600842733958,-15.668814100914974],[-48.186577165098875,-15.667091059694851],[-48.18809890268106,-15.66686599664673],[-48.186700720967984,-15.66781369678568],[-48.188110357804575,-15.667493439745668]]],[[[-48.18662794500354,-15.667017780050937],[-48.18479514281781,-15.668767935956534],[-48.184842553643456,-15.66720581444016],[-48.18662794500354,-15.667017780050937]]],[[[-48.186530912275515,-15.786200513419331],[-48.18465081087164,-15.786671452879231],[-48.18440631651786,-15.785446856248631],[-48.185543154051075,-15.784816654282343],[-48.186530912275515,-15.786200513419331]],[[-48.185781262848955,-15.785682851442528],[-48.18542645459535,-15.785594043771928],[-48.185372241098115,-15.785812282718933],[-48.185781262848955,-15.785682851442528]],[[-48.185372241098115,-15.785812282718933],[-48.185259067693,-15.785844844949269],[-48.18534205403606,-15.78592280299699],[-48.185372241098115,-15.785812282718933]],[[-48.18504467203921,-15.78627981284118],[-48.18495914113512,-15.7860187664044],[-48.18472817248565,-15.786363428161703],[-48.18504467203921,-15.78627981284118]]],[[[-48.186469460700515,-15.71871511905016],[-48.18626741748656,-15.720464352776704],[-48.1839786489361,-15.72037661358821],[-48.18407973893897,-15.718870631789821],[-48.18539023810742,-15.71842015567606],[-48.18394213287617,-15.718029750987114],[-48.18402408683138,-15.717306278996432],[-48.18588644092303,-15.71718880196356],[-48.185799533732016,-15.717853823990898],[-48.18644416273797,-15.717090370954926],[-48.186469460700515,-15.71871511905016]]],[[[-48.18546822075856,-15.782228617695111],[-48.18434821146247,-15.78317667397098],[-48.18427754781719,-15.784969329943333],[-48.17543205391971,-15.78727262278915],[-48.17504515220373,-15.783026132818637],[-48.177732576187374,-15.781338552343128],[-48.175093794533026,-15.776647202823584],[-48.17255289506751,-15.778237051347567],[-48.17323378009896,-15.779521416027267],[-48.17228517485889,-15.780056485586138],[-48.168870064771134,-15.774611926271934],[-48.17801661298825,-15.774239541970472],[-48.17806100912402,-15.77550497930817],[-48.17966303777617,-15.775409890355396],[-48.1795770473521,-15.776223352734347],[-48.182926852009224,-15.775887674831763],[-48.18469696884713,-15.778656680290633],[-48.18546822075856,-15.782228617695111]]],[[[-48.1811578789469,-15.968698657652572],[-48.17935107801059,-15.968905944078331],[-48.18034947014142,-15.967278249267581],[-48.1811578789469,-15.968698657652572]],[[-48.17985305178125,-15.968808238656491],[-48.17966074019637,-15.968449948292186],[-48.179666444208515,-15.968810997797995],[-48.17985305178125,-15.968808238656491]]],[[[-48.17987195918236,-15.799064353458148],[-48.179650032410066,-15.799861890676494],[-48.177554306018514,-15.799558136115365],[-48.177889493279594,-15.798508113195535],[-48.17987195918236,-15.799064353458148]]],[[[-48.17804645988278,-16.02436482402414],[-48.177994269195075,-16.025654777713953],[-48.17628488801861,-16.02646180275801],[-48.175773877780344,-16.025808736304956],[-48.17592014226745,-16.027008906021806],[-48.17576426920586,-16.026341761429528],[-48.174567537673354,-16.0266938182261],[-48.17584959410283,-16.028493806793634],[-48.175923001916274,-16.027189430905604],[-48.17685917612052,-16.027356124608534],[-48.17653059455341,-16.029287271533452],[-48.17521804268069,-16.02859670914751],[-48.17513019688385,-16.030180525298448],[-48.17431204474106,-16.02880317089344],[-48.17185211593896,-16.029506795994877],[-48.17333013086085,-16.026269142596284],[-48.17455070566961,-16.026608853298626],[-48.1737592331725,-16.026138076763317],[-48.17471649454932,-16.02576426790266],[-48.17409377320625,-16.02476234114035],[-48.175735422038144,-16.02407928673982],[-48.176042469503265,-16.022944345611524],[-48.17804645988278,-16.02436482402414]],[[-48.17631777864607,-16.028537829952825],[-48.17590291758938,-16.028595422944413],[-48.17625009139441,-16.028940831446956],[-48.17631777864607,-16.028537829952825]],[[-48.17595771660228,-16.023487301124582],[-48.17599140514422,-16.023596879006483],[-48.17607199702228,-16.023516511134126],[-48.17595771660228,-16.023487301124582]],[[-48.175695465635236,-16.02809810317967],[-48.17513810917748,-16.028120202706386],[-48.175103033227956,-16.028465544230578],[-48.175695465635236,-16.02809810317967]],[[-48.17506729660566,-16.026208990421175],[-48.17450588130451,-16.02612702124129],[-48.17501078314337,-16.026521146315588],[-48.17506729660566,-16.026208990421175]]],[[[-48.177228498836506,-15.745585218249284],[-48.17025027934256,-15.747025138832829],[-48.16983266584749,-15.74652536883005],[-48.17117624883615,-15.746307176333904],[-48.16787079202461,-15.744080032104513],[-48.16790297167748,-15.738075428699675],[-48.168379764965,-15.737589971003684],[-48.17395884693501,-15.74130933998429],[-48.177228498836506,-15.745585218249284]]],[[[-48.176914226540404,-15.968701603459062],[-48.17566862304832,-15.969885742548414],[-48.17427466992057,-15.969180122401138],[-48.17534509260295,-15.968161016804093],[-48.176914226540404,-15.968701603459062]]],[[[-48.176811279931336,-15.923239871231539],[-48.176017192307256,-15.926118156660316],[-48.16728502741742,-15.92973433713704],[-48.16664157950142,-15.923341698769072],[-48.175800713727625,-15.921773688563317],[-48.176811279931336,-15.923239871231539]]],[[[-48.17636699908683,-15.798178037312779],[-48.17451811042856,-15.80025351082129],[-48.17472529322756,-15.797718306557044],[-48.17636699908683,-15.798178037312779]]],[[[-48.174563466226864,-15.968077003604558],[-48.17288837298187,-15.96864637429129],[-48.17373372065068,-15.967133721250914],[-48.174563466226864,-15.968077003604558]]],[[[-48.17387392603948,-15.95132834582484],[-48.17321645011257,-15.95191135606202],[-48.17149567712083,-15.950825911037613],[-48.17012468756436,-15.953139381247308],[-48.171750748568726,-15.955265370364478],[-48.16886210624038,-15.95763703200123],[-48.16396088510726,-15.947425186696142],[-48.17271027589022,-15.94638845080371],[-48.17387392603948,-15.95132834582484]]],[[[-48.17064006540447,-15.766358900414858],[-48.16767302310708,-15.76655501525169],[-48.16767124600017,-15.763898624898532],[-48.170079950606414,-15.763968650067962],[-48.17064006540447,-15.766358900414858]]],[[[-48.16886828260738,-15.76854424840149],[-48.16883127566337,-15.769337889713436],[-48.167676440118804,-15.769316490402904],[-48.1676532205027,-15.768456837956226],[-48.16886828260738,-15.76854424840149]]],[[[-48.166737478511266,-15.93844049737466],[-48.16673166893385,-15.939403778588922],[-48.165020391144324,-15.939504005197003],[-48.164380814171324,-15.93867231677269],[-48.16601542363848,-15.937503122792178],[-48.166737478511266,-15.93844049737466]]],[[[-48.16361019760874,-15.795016700500206],[-48.160317633891594,-15.805964821936778],[-48.16098550047041,-15.806856076413622],[-48.16012598113984,-15.806618922265734],[-48.1591229200264,-15.809585654205964],[-48.15611656728477,-15.808636684986638],[-48.15576275496053,-15.80989849954455],[-48.157874387925645,-15.811248574749946],[-48.158285937391746,-15.81010996948903],[-48.1621355197208,-15.814228131322965],[-48.15907669612653,-15.8157457543479],[-48.15932126556279,-15.817792720649457],[-48.15855536538981,-15.81804754107493],[-48.16276972807458,-15.818674119250796],[-48.16217550432013,-15.821276215619301],[-48.159149224509044,-15.818984008412365],[-48.158357711804214,-15.820357386552187],[-48.156350442714995,-15.813809188305596],[-48.15833138810038,-15.8219268018044],[-48.16136545947707,-15.823452340051698],[-48.16004985359592,-15.825172392875203],[-48.16064776459854,-15.826807218126826],[-48.156563453370815,-15.825873869486536],[-48.15494579283462,-15.826814709348206],[-48.151852403346844,-15.821919636670549],[-48.15153224933825,-15.820550214509067],[-48.152732718806845,-15.82017763140981],[-48.15091360036157,-15.820637481583072],[-48.14945923022095,-15.81629819931978],[-48.148818257195146,-15.81688127410976],[-48.14957923440833,-15.819325893342633],[-48.14866506772701,-15.817020626545526],[-48.14961296237393,-15.81988920432665],[-48.144693383751104,-15.821270928213776],[-48.144402889506395,-15.820357802858473],[-48.14657365084033,-15.819466214158329],[-48.14637213702999,-15.816466306902914],[-48.14439484504324,-15.816745213353462],[-48.14436678342424,-15.81604496033909],[-48.146975724128716,-15.815600836421137],[-48.14627774751934,-15.815818621013399],[-48.145757808081754,-15.813515458254084],[-48.1451138660926,-15.812722124711625],[-48.141837721356175,-15.81443461933642],[-48.13922415693983,-15.812199057444706],[-48.13745206598338,-15.81417163869251],[-48.137944167137796,-15.814955178159726],[-48.13662415450119,-15.815673260502505],[-48.1376144517078,-15.818360022348958],[-48.13539281631424,-15.816355443825923],[-48.139593082446616,-15.820558675856615],[-48.13927214836629,-15.821147239403627],[-48.13328244957858,-15.81721252408267],[-48.13209103630272,-15.818177226372958],[-48.13620272618987,-15.819599156660358],[-48.13941304883111,-15.822498845360332],[-48.13640414748545,-15.824437640387917],[-48.13540863563611,-15.822256392164517],[-48.133227809678836,-15.824074262936971],[-48.13380434803974,-15.82515351391104],[-48.132223905409816,-15.823695047221499],[-48.132167448945125,-15.824365613097095],[-48.13379847463024,-15.825172710435325],[-48.13579550389017,-15.823392568589972],[-48.13730290565732,-15.826156746891233],[-48.13939196633965,-15.827527833239994],[-48.14368096307566,-15.82518018885378],[-48.144836487730174,-15.82537877507656],[-48.145820735620916,-15.827520718661106],[-48.1430102744944,-15.828946293555605],[-48.143743881854974,-15.830075851191474],[-48.142489581053894,-15.830667376836109],[-48.142994538754905,-15.831405392490991],[-48.13960506205302,-15.831798522275928],[-48.139556886859936,-15.835067247121385],[-48.13774191512322,-15.835150870588812],[-48.13457083702962,-15.832077739901171],[-48.13367522112516,-15.832522982713831],[-48.12950916688221,-15.829676938917256],[-48.12873035727783,-15.828828877886641],[-48.13023984953844,-15.827450497644815],[-48.129350188209095,-15.828212784941476],[-48.12652673003175,-15.826878719574665],[-48.128014478951116,-15.827797905184175],[-48.127357250343316,-15.828958502004884],[-48.12418493700089,-15.826877549094586],[-48.12463987956863,-15.828788427069984],[-48.132344454611605,-15.831824611491015],[-48.1304633866985,-15.834518765591652],[-48.12890185205071,-15.834531721002994],[-48.13001597178825,-15.83527057324175],[-48.129525469104706,-15.83610900493311],[-48.128402019928316,-15.835558097742153],[-48.12797937536649,-15.836664099878345],[-48.12873357426856,-15.83746970220837],[-48.12473772017774,-15.834995418117881],[-48.12317383704853,-15.832569038718985],[-48.121013313209836,-15.833887962003725],[-48.125434378580664,-15.837750966774108],[-48.127144158407866,-15.838317413555146],[-48.127809664505406,-15.837632244115257],[-48.13150849847465,-15.84030003535179],[-48.1214726584229,-15.854551299785554],[-48.12350168520764,-15.855996744371422],[-48.12262670241101,-15.857269045582235],[-48.12459664697117,-15.857778121948959],[-48.12518346897076,-15.857045606894584],[-48.12668133829688,-15.858237586669029],[-48.12518724418513,-15.857029095186812],[-48.12764640151184,-15.854625702427914],[-48.127910532017054,-15.85661715893812],[-48.13008727158339,-15.858330229931084],[-48.128637105992865,-15.8587015887928],[-48.12794433934276,-15.857222922396325],[-48.12615649976179,-15.859505069976795],[-48.12629718757428,-15.860945950571494],[-48.123267503225,-15.859621486265997],[-48.12193064601871,-15.861829478742155],[-48.120444593155305,-15.86149257511564],[-48.12063239556299,-15.859970895942965],[-48.11799843964776,-15.859701637004983],[-48.11703733281059,-15.86141029655134],[-48.11530929938249,-15.860488543099352],[-48.11483788833689,-15.858656022302485],[-48.11120034332053,-15.856373300580909],[-48.111562625454084,-15.853966346592735],[-48.10708824756486,-15.85115031489648],[-48.10945710921742,-15.848232555352894],[-48.10874127629861,-15.847528643071382],[-48.10580850133196,-15.850021972341672],[-48.10481311461186,-15.849426778102902],[-48.10516079826398,-15.848321509991946],[-48.103860277094576,-15.847521209931282],[-48.10566810854553,-15.844999419952002],[-48.10470148314146,-15.84424562901685],[-48.10131092091429,-15.846374298581912],[-48.10078582905034,-15.84500699166575],[-48.09940801075108,-15.844531777382912],[-48.10033691705778,-15.843047418722692],[-48.09884571700948,-15.84408095878389],[-48.096947482144486,-15.84243820720484],[-48.097922384240256,-15.841721023596175],[-48.09581393815556,-15.839704674003407],[-48.0947738497879,-15.840526637146347],[-48.0905703601515,-15.839618120578846],[-48.08597207385668,-15.837550399521367],[-48.085270661392514,-15.839649716880174],[-48.08175451309316,-15.838228129074247],[-48.08222820947618,-15.836738533864],[-48.080426421602475,-15.838433464335262],[-48.0789960830001,-15.836393337467051],[-48.077579285340896,-15.836008578437717],[-48.07603463689796,-15.836961624442216],[-48.075751165096484,-15.838368984878668],[-48.07243746737486,-15.834547312054207],[-48.07900843841753,-15.811990901373855],[-48.07555883328427,-15.810924477277196],[-48.074956238940736,-15.812901280304356],[-48.076159472684935,-15.813299747197712],[-48.073601969416174,-15.815116042718465],[-48.07409477723667,-15.816679244715074],[-48.07267430478057,-15.820456819251087],[-48.07124838521219,-15.820151234280265],[-48.06955787562567,-15.8250930301699],[-48.06906971800045,-15.82576003385739],[-48.0675249243817,-15.8252890356944],[-48.06695221614328,-15.826950284045614],[-48.06534121904579,-15.82693052627546],[-48.063298869765546,-15.831083266278705],[-48.06298647199448,-15.835433923198313],[-48.06457925816281,-15.83746812522404],[-48.064334201210244,-15.840326996807011],[-48.06528777263367,-15.840640857513542],[-48.06246783164127,-15.841767158492589],[-48.06153263170049,-15.841279953060377],[-48.05916202597141,-15.843386309870045],[-48.05997324571024,-15.845830282626725],[-48.06302635823772,-15.844778661566881],[-48.06576442027686,-15.846849977955976],[-48.06566716369285,-15.844517693796767],[-48.07013608521897,-15.844309464281542],[-48.06831968875684,-15.844611188030024],[-48.06837272333677,-15.843906009378749],[-48.06993011856056,-15.84407506337233],[-48.07080163586331,-15.842435452808822],[-48.07064495938237,-15.843909471095495],[-48.07231991028508,-15.843650955053421],[-48.07169695839699,-15.846865234302204],[-48.07477907936711,-15.848014007781066],[-48.07387787698475,-15.849890741528574],[-48.074941768181894,-15.850403854746906],[-48.07586542846519,-15.853599687244584],[-48.08420222621954,-15.855897409833265],[-48.09816120306385,-15.86426226894971],[-48.09929027225723,-15.863168357842792],[-48.101529407053704,-15.865187071399436],[-48.10049365499356,-15.866815116492822],[-48.104422002507015,-15.872054680944464],[-48.10803341544931,-15.87495112817606],[-48.11153642779109,-15.874250357916823],[-48.11125159285944,-15.875199132058862],[-48.113645288271194,-15.875501000889106],[-48.114364016692264,-15.874128670247348],[-48.11675534168326,-15.873701345030351],[-48.11798434648784,-15.874279648154069],[-48.11893019521428,-15.876528242387948],[-48.12381530326715,-15.878294658356966],[-48.12590616188503,-15.879593815218085],[-48.126018333677536,-15.88066904187343],[-48.132237989087045,-15.883454271253301],[-48.126985480879576,-15.892726548648344],[-48.13010253178972,-15.894812210643453],[-48.1271754392026,-15.902169679782917],[-48.084019828133336,-15.888992453152023],[-48.08054592104889,-15.898476020300874],[-48.07284867599987,-15.895551636100812],[-48.075670214396915,-15.886489754053704],[-48.07311780365248,-15.885700877159787],[-48.071440579950185,-15.890310184404118],[-48.06885026341627,-15.88944394324499],[-48.06913186132756,-15.888479550513079],[-48.065668334432324,-15.887654336629051],[-48.06592651595316,-15.883478052525694],[-48.0568880471966,-15.88084066614872],[-48.053319720911105,-15.878759605131737],[-48.053007266623,-15.877401961427934],[-48.04807264227527,-15.87482487676646],[-48.0518047567753,-15.869573610790324],[-48.05664802858019,-15.872966423697271],[-48.0581247069569,-15.872419196059322],[-48.05557123274634,-15.865467381430578],[-48.047956965895715,-15.859362420993161],[-48.045879430435505,-15.860252044961117],[-48.04371681825226,-15.863229186297835],[-48.0400089344046,-15.863078498098258],[-48.037171488764415,-15.86825495822817],[-48.04292467836736,-15.872233826599393],[-48.04297995270368,-15.873108921516256],[-48.0417923571282,-15.873536477506077],[-48.035356728791044,-15.874845421864288],[-48.03898431343103,-15.874307440506582],[-48.03951804618345,-15.87834631721926],[-48.03769473249938,-15.877253848777775],[-48.03729563789928,-15.874804435723123],[-48.03014526234783,-15.87595585859282],[-48.03053548632486,-15.878809374876019],[-48.0295623386055,-15.88054681768533],[-48.02674740543218,-15.881132827049345],[-48.02533596276063,-15.876859035067195],[-48.02377653291515,-15.877096125517333],[-48.02355129626826,-15.881277970093532],[-48.0243297156287,-15.882927487564872],[-48.02343104705859,-15.884900579757812],[-48.024159537891755,-15.885174823418193],[-48.02191923842083,-15.890569837743417],[-48.02559535605666,-15.891267858403394],[-48.02462082261852,-15.892958668335138],[-48.02340429376652,-15.891199201143642],[-48.01901974413952,-15.890456869312501],[-48.01747346435037,-15.892800384147296],[-48.0227537902354,-15.89435065573314],[-48.02211617545629,-15.89592623982044],[-48.02050561876016,-15.89496904191831],[-48.01916441776954,-15.895520549709444],[-48.02061427176138,-15.896601909274095],[-48.01794829528205,-15.897852824235105],[-48.01657871899025,-15.897395474307146],[-48.017052515357136,-15.896388856963846],[-48.01867681385947,-15.896752433296468],[-48.0177662767632,-15.895070544804113],[-48.01593745149116,-15.895679589960128],[-48.01522601984564,-15.894940330411211],[-48.01645536654195,-15.895192396570026],[-48.01355563416194,-15.894068335147008],[-48.01491922784404,-15.894858263290619],[-48.01358349616358,-15.896263302718166],[-48.01460732409345,-15.897197443109244],[-48.008964213140814,-15.893134549172148],[-48.01231713862933,-15.888956671530208],[-48.00936510736197,-15.887538135952276],[-48.009821480492164,-15.882649275627637],[-48.00829673899214,-15.882524390879981],[-48.00832346435742,-15.880604728260222],[-47.99777507570378,-15.878991240358967],[-47.997256111233774,-15.879819533410966],[-47.99838679933928,-15.879747578666244],[-47.993099164488854,-15.887417634646122],[-47.9921361298633,-15.88639884702784],[-47.99596734445636,-15.881051348246272],[-47.99544398798992,-15.879449360033721],[-47.99141244724314,-15.87912001132978],[-47.98928544700959,-15.883265462227685],[-47.98851031207736,-15.882932138966126],[-47.988736195761845,-15.879452292539382],[-47.98755293287104,-15.879398558649191],[-47.9864903987508,-15.882558676393117],[-47.98529639754316,-15.881944425080048],[-47.98591019921636,-15.880712679187159],[-47.98672424789732,-15.881007248556338],[-47.98699804719078,-15.879373358603392],[-47.985613131526975,-15.879310456290618],[-47.98486144413391,-15.881912205602216],[-47.982602631836556,-15.881408207675644],[-47.97996260476637,-15.879771540374538],[-47.980251998586986,-15.877364134720283],[-47.97806455013933,-15.882229525721085],[-47.98068672572476,-15.884558440730155],[-47.98186577328477,-15.8845006142042],[-47.98475668398658,-15.888246297998373],[-47.982267093969405,-15.889591074516499],[-47.98286494104134,-15.890958999021104],[-47.98227777251455,-15.889607259717208],[-47.98470011779258,-15.888298806951276],[-47.98515558245898,-15.890842029438],[-47.98621610472382,-15.889192482443715],[-47.98769269423965,-15.889881655928553],[-47.98666926704719,-15.892798676931468],[-47.98298042244513,-15.892763639738066],[-47.98269765266382,-15.895351209814546],[-47.982991101295056,-15.892779827569365],[-47.98521741400508,-15.8928009813852],[-47.98404632176962,-15.903263771693934],[-47.98259660718437,-15.902896753676398],[-47.98004517022226,-15.910694509543633],[-47.98404611639137,-15.911802248999608],[-47.98321963504441,-15.91335268401591],[-47.97952096756536,-15.912682292796498],[-47.9773809374169,-15.917442722756734],[-47.975679433250804,-15.916926084698893],[-47.973067869512455,-15.919155391737439],[-47.975346516167335,-15.917836873184058],[-47.97643053453724,-15.919732817920403],[-47.974358917555946,-15.92104535325117],[-47.97549803489928,-15.922712861753793],[-47.977789660714706,-15.921391059084241],[-47.98193571382218,-15.927395658001084],[-47.98107153006871,-15.928441635492847],[-47.98184378570362,-15.929570601993117],[-47.98298923794454,-15.929124853424337],[-47.98783280238064,-15.936311257260346],[-47.986219781570455,-15.936843811334054],[-47.98637033302447,-15.937695057751595],[-47.98623046605819,-15.936860036397025],[-47.98761863974539,-15.936330598133662],[-47.9924113796471,-15.943137561552959],[-47.988958747291676,-15.938174467363401],[-47.992284509013125,-15.943207641824376],[-47.99065879229532,-15.944394488348916],[-47.99021499598817,-15.946269849213856],[-47.98646952907419,-15.946637870129322],[-47.985846600088706,-15.94707543149025],[-47.986805615527146,-15.948208938844758],[-47.98551370924167,-15.947915319982371],[-47.98453269371935,-15.949707825170304],[-47.9843349498221,-15.947836844134644],[-47.98067790037414,-15.94731408938608],[-47.979631331039606,-15.947644623450973],[-47.97980497817935,-15.949407589101666],[-47.97874892140071,-15.950429048188095],[-47.97369295851291,-15.950973014351943],[-47.96294892223871,-15.948366947274529],[-47.96265985552731,-15.94671841012159],[-47.96401821006782,-15.945313593165125],[-47.9623950586122,-15.943219222960051],[-47.95946335021912,-15.94409846236966],[-47.957682617165254,-15.942917395048042],[-47.95596815384125,-15.94453475641201],[-47.95769327582589,-15.942933626703532],[-47.958464877987545,-15.943734199598257],[-47.957515319676354,-15.943336019939188],[-47.956665367926526,-15.945090450744084],[-47.95372824087555,-15.9442720052994],[-47.9523465932107,-15.943388011467745],[-47.952737897783564,-15.942547114689887],[-47.94978695440016,-15.942276806159294],[-47.951379668892436,-15.941095889699202],[-47.95234337859877,-15.941433242134927],[-47.948212052394524,-15.941484753168453],[-47.94883457479166,-15.939948393394634],[-47.949714614689796,-15.940327676801104],[-47.94882392447218,-15.939932163755536],[-47.94801255611695,-15.941934583860693],[-47.94323667427441,-15.941006697545179],[-47.94286165069176,-15.939741373883967],[-47.941202901013725,-15.939057046838158],[-47.94267080851111,-15.93945501828222],[-47.94133859910049,-15.938765864040972],[-47.9416525939915,-15.938092082062697],[-47.93923035685264,-15.936538329068206],[-47.93903040908351,-15.93182470973975],[-47.94081784255025,-15.93127585675234],[-47.941780663430215,-15.93201452427886],[-47.944711391823205,-15.929551098820529],[-47.94585010539446,-15.929676769781674],[-47.948446061145056,-15.923512083867768],[-47.94605511360658,-15.922025739765324],[-47.945560774538386,-15.920341424713524],[-47.948223954001605,-15.919810739833189],[-47.94767293540317,-15.919071489466871],[-47.94582518377851,-15.919376776646859],[-47.94567073478754,-15.918533905244482],[-47.94326514905396,-15.918619991306459],[-47.945534976085526,-15.917793019837692],[-47.943108990501145,-15.918301794523906],[-47.9453697701801,-15.917254667038804],[-47.94503500834507,-15.91546695838179],[-47.94229245221919,-15.915980213807538],[-47.94133991251216,-15.911590558528713],[-47.94224589043965,-15.915976164850605],[-47.93619995400977,-15.916458440844723],[-47.932303348799074,-15.897980341608461],[-47.93511928999836,-15.897404408734754],[-47.934717891413996,-15.895825477522083],[-47.93830569746455,-15.895228318117331],[-47.93842328272846,-15.898363179907683],[-47.9407496935536,-15.8979014427681],[-47.94091802234981,-15.898780792218624],[-47.938725523631724,-15.899283718925934],[-47.939053732412496,-15.900461945011436],[-47.94416906452182,-15.899315780340272],[-47.94536030362426,-15.904754146992888],[-47.94508037966239,-15.90326262451682],[-47.94543394632118,-15.90479384611138],[-47.94759785745584,-15.904190885195908],[-47.94839382569723,-15.909008069786124],[-47.94767255281694,-15.90453494668376],[-47.9484977700982,-15.908335908786341],[-47.95523054625732,-15.912878965168902],[-47.95565741587145,-15.911678494878027],[-47.95322217175141,-15.910612781830576],[-47.951543518814844,-15.904400130616539],[-47.95263775071056,-15.90938031575177],[-47.94945241156593,-15.906076962796497],[-47.94893571418017,-15.90450710981736],[-47.95139743008228,-15.903741772330394],[-47.94924536594034,-15.90412820896602],[-47.94856922266035,-15.903078559784158],[-47.94707707191142,-15.894810035534178],[-47.950212155304364,-15.893578953089383],[-47.95049305927431,-15.892821680195432],[-47.94802822088774,-15.89153664561274],[-47.951921509228534,-15.884277343709346],[-47.95627927440412,-15.881287471117796],[-47.95262845372985,-15.884681702623842],[-47.95712518704551,-15.88077524503818],[-47.95632097953296,-15.881254763975097],[-47.95497035890706,-15.879409019928913],[-47.95540590728242,-15.878116259052149],[-47.953723166443574,-15.877800622291078],[-47.95250999078909,-15.87612402190565],[-47.95168649928685,-15.877187289814007],[-47.95013315841032,-15.876156464760603],[-47.95123886614607,-15.872579924960696],[-47.95041875586769,-15.872160030906553],[-47.94957344450612,-15.873782316634028],[-47.93945339210245,-15.86902416520537],[-47.94029802247045,-15.866901842002454],[-47.95895821544266,-15.87681151673694],[-47.958246970697665,-15.872188794734479],[-47.957118584705796,-15.872175337096468],[-47.95616125179306,-15.869500518083033],[-47.95777266360196,-15.869612822127625],[-47.956542664837755,-15.863212263685863],[-47.954569647707935,-15.860387191592993],[-47.94880744363097,-15.85776008779141],[-47.948205992471586,-15.856456524242281],[-47.949660899345474,-15.857579381576915],[-47.94491952988599,-15.85320183789241],[-47.9438741551571,-15.853582392206313],[-47.945761015366124,-15.848538658627783],[-47.94906255366553,-15.846026847878155],[-47.954083236942374,-15.847677021769936],[-47.953011550865355,-15.840813369191716],[-47.94948072766337,-15.841882115361953],[-47.94968937803327,-15.843803691870681],[-47.942624144988194,-15.850272799656823],[-47.931973708835066,-15.850932319712532],[-47.93112966436322,-15.84751556004157],[-47.92705779446926,-15.845520603937661],[-47.92445343398225,-15.845670472853337],[-47.92457821868415,-15.848163230662118],[-47.92272387740685,-15.848976741173349],[-47.91800554136285,-15.847133688857896],[-47.918284126428986,-15.844672752600992],[-47.91746253382442,-15.844182061407595],[-47.91681066681448,-15.846226548514007],[-47.91556975530252,-15.846443959564079],[-47.914392586056174,-15.845943708183652],[-47.914766277405256,-15.844327313397882],[-47.91130802575342,-15.844832573824222],[-47.9112148634527,-15.845564964446263],[-47.90848255182982,-15.845056901545318],[-47.9073640217566,-15.842445549293167],[-47.90943061213749,-15.839803115091499],[-47.907691084793925,-15.839430582674172],[-47.906123797002515,-15.840641506806204],[-47.90569966021356,-15.838531186111496],[-47.901543325448095,-15.836817802902821],[-47.89911292562268,-15.837739174427577],[-47.89789362121426,-15.835318331380165],[-47.89632748837011,-15.834536440014796],[-47.89579211523086,-15.835418103374236],[-47.89017301088792,-15.833098955870504],[-47.88524053525968,-15.825729849049257],[-47.88137855301945,-15.822397815651293],[-47.877412006116245,-15.820457715002982],[-47.870690825295966,-15.819374335618555],[-47.86672963913427,-15.820537518706626],[-47.852816895503715,-15.818508363359346],[-47.84803262979685,-15.820711574368385],[-47.844404409488554,-15.82048825271284],[-47.84103686899467,-15.82155289414227],[-47.83677834848762,-15.820064319441974],[-47.83296181055803,-15.820448348047085],[-47.83259314867759,-15.819545536745586],[-47.83434764890289,-15.817772759984349],[-47.8395338596797,-15.815046761436918],[-47.83691175829221,-15.811955493746886],[-47.8373897481137,-15.811240600935053],[-47.84021982980264,-15.814731073161916],[-47.844295297486696,-15.812865963240048],[-47.84414626667873,-15.810709809932934],[-47.84312468729064,-15.809917502104216],[-47.84558395967724,-15.808452496564332],[-47.84694274404332,-15.81007443090821],[-47.84605126385888,-15.810915036492515],[-47.848202538715675,-15.813850599439128],[-47.8512357976603,-15.814378497525812],[-47.852823097880474,-15.810595928566633],[-47.85418756632082,-15.810405341367494],[-47.85474020062696,-15.811664150920775],[-47.85356545109245,-15.814783910684854],[-47.85633023285738,-15.814837194874869],[-47.85591808622219,-15.813725443829071],[-47.85669835067156,-15.813537498903997],[-47.861593925101246,-15.81505558375775],[-47.86390119688912,-15.814277009230644],[-47.865313904189385,-15.816641813816439],[-47.86702889752132,-15.816882934430323],[-47.86980256902186,-15.814972413438941],[-47.87859795045197,-15.818975071210708],[-47.87613114072164,-15.817710823346907],[-47.877779284409634,-15.8161796988553],[-47.8760777649256,-15.811117553964989],[-47.87989665095512,-15.807969339985487],[-47.878420048461095,-15.806001801559445],[-47.87955270733756,-15.804993219468633],[-47.8780835723769,-15.803551578033671],[-47.875724028916245,-15.803173728847758],[-47.876421771450566,-15.805560729215154],[-47.87504189566427,-15.806163458062453],[-47.876116641635775,-15.809597472398458],[-47.87274749825675,-15.810401878910486],[-47.873068256848754,-15.811741867148028],[-47.869994241360814,-15.812074768767083],[-47.8691916364896,-15.813580924201737],[-47.86580581326804,-15.81043520686893],[-47.86418145071166,-15.80654080309696],[-47.860779376594245,-15.808825071402419],[-47.858371282192245,-15.807463752071797],[-47.86137816979441,-15.804076889938477],[-47.86065877066724,-15.804843829483271],[-47.86105572179307,-15.803192177806231],[-47.859623260897216,-15.800260299444911],[-47.85768077979585,-15.800458556291565],[-47.8568622197959,-15.798726235373072],[-47.85746556560166,-15.79588762965849],[-47.85839694374234,-15.795592308994033],[-47.85802235490347,-15.793898836090493],[-47.861923186262686,-15.792715214914162],[-47.8610041754687,-15.789726817456993],[-47.86269308000005,-15.789251667556194],[-47.86348723840547,-15.791675570758144],[-47.866286048093336,-15.79112914531465],[-47.86603629109164,-15.790000179778506],[-47.86766672031347,-15.789525763832025],[-47.867059847188806,-15.787948607697384],[-47.86432192503487,-15.788664070635907],[-47.86308597472695,-15.783924852696414],[-47.865589223558075,-15.783155894412184],[-47.86650029061937,-15.785578242612097],[-47.86906279127136,-15.78486507436922],[-47.86726452307161,-15.78171847548099],[-47.87110579793397,-15.780478906263795],[-47.87133907623264,-15.7762864729068],[-47.8701572655235,-15.775396267461652],[-47.87028731748584,-15.772321480055487],[-47.86914716427321,-15.770087977382747],[-47.86771054596393,-15.771861926524176],[-47.86728431015646,-15.774811423424133],[-47.866409902981914,-15.774992791385445],[-47.86645189145309,-15.773152360669929],[-47.86521483753405,-15.77245419513559],[-47.86347058060158,-15.77317732308327],[-47.86355085445098,-15.77512694498698],[-47.860191019591454,-15.783461566792786],[-47.85667225492541,-15.788205437825978],[-47.857815017049745,-15.791166829786357],[-47.853123554983526,-15.79634654894867],[-47.848853571542,-15.797135132006302],[-47.844728155137126,-15.794980367566126],[-47.840815685718596,-15.795796202793893],[-47.83872375709249,-15.79443765647],[-47.83847638654502,-15.792624887434888],[-47.839547550618626,-15.790687362274122],[-47.84110316163516,-15.790048082534256],[-47.82937537630817,-15.790904150314287],[-47.82916976235348,-15.786240589422114],[-47.837848137236286,-15.785804476947636],[-47.84535976045341,-15.786966095414803],[-47.8532399486934,-15.783327146831361],[-47.85532534205849,-15.783588754841544],[-47.856374228767415,-15.785164423913692],[-47.8590733223471,-15.783972973453388],[-47.85905264290628,-15.77816634495615],[-47.85531038233526,-15.774467666373841],[-47.85283121611496,-15.77399898157289],[-47.85451530263107,-15.773227311974887],[-47.853156393895986,-15.770639701002786],[-47.857520995458934,-15.766667484266113],[-47.85663239581978,-15.766561749994727],[-47.85621336185858,-15.761505387973651],[-47.85935603320975,-15.761044181509744],[-47.859704107028506,-15.759721088351366],[-47.861118867041704,-15.759381897631288],[-47.862943516147,-15.759926852985876],[-47.86566376440675,-15.754174483117836],[-47.873565141029076,-15.745540685086041],[-47.87578499185043,-15.745073393703345],[-47.87777650312694,-15.741687618675076],[-47.88041321213901,-15.741743085367391],[-47.882204210899914,-15.738781611767491],[-47.88068624645142,-15.739355336025529],[-47.881091027378076,-15.737611550686813],[-47.88010602041015,-15.736920165668545],[-47.88200897630149,-15.73507529824686],[-47.8907267646287,-15.731484692077396],[-47.89406359737283,-15.731108385461484],[-47.89564214232829,-15.732063078789666],[-47.896886571393864,-15.729849988382817],[-47.90061336546713,-15.728359198633214],[-47.903684161359806,-15.728967120442144],[-47.903380154114735,-15.73002159610448],[-47.9051709179076,-15.730337586518182],[-47.903118559731546,-15.731816986619258],[-47.90667745246681,-15.733098042857245],[-47.906953941860806,-15.732352880044761],[-47.90849178924168,-15.732826681642019],[-47.911197474149176,-15.734498614188187],[-47.90867539683588,-15.73436200770913],[-47.9084097451226,-15.735241126941037],[-47.9066437381319,-15.73464272864768],[-47.906982773500886,-15.733520115606396],[-47.90448686973985,-15.739705720262998],[-47.90501857639673,-15.741280676245607],[-47.90471909676339,-15.7422275960884],[-47.90391616050106,-15.742002569153746],[-47.90401649946979,-15.744160743343146],[-47.90324909036232,-15.743998341375882],[-47.904051556059244,-15.74418970149382],[-47.90126368132944,-15.752847109077328],[-47.900225059642835,-15.753872035683903],[-47.90273927127815,-15.754613078120656],[-47.90170179092463,-15.757462429949845],[-47.90232579787132,-15.754732095281597],[-47.901533728189094,-15.75740131109843],[-47.900897836082024,-15.75717006005887],[-47.900886513108226,-15.758820336924266],[-47.89991015098825,-15.758631289774277],[-47.89798016341269,-15.7647523692327],[-47.89921486212619,-15.765988670115744],[-47.89901127161709,-15.767062157922876],[-47.89776498271891,-15.766724107704704],[-47.90172558878619,-15.768918687565112],[-47.90055045412295,-15.770290424882612],[-47.901362708145754,-15.770951910199917],[-47.900934936617716,-15.772179182965363],[-47.901369364614496,-15.77095196047945],[-47.90902355108394,-15.771010143973157],[-47.906666859391876,-15.769577993540121],[-47.90830957385364,-15.754705790617903],[-47.91680469427585,-15.75756429645022],[-47.91738854682,-15.756080560618905],[-47.919181020918906,-15.756687315573233],[-47.91856598493031,-15.758299042617425],[-47.92057305929076,-15.759136295238005],[-47.92041678970086,-15.761271199872613],[-47.915070255876124,-15.759374923183154],[-47.9147570102797,-15.765605216210785],[-47.92570698340008,-15.758259135712306],[-47.9262946570203,-15.755590881573005],[-47.919887499696806,-15.745237485920201],[-47.92796948925277,-15.740451670216004],[-47.92926541601397,-15.740939533012758],[-47.9307863872283,-15.74174963039121],[-47.93695676706716,-15.751308866164514],[-47.934720716922484,-15.752504828774798],[-47.937467725215946,-15.75592997137168],[-47.93781596133533,-15.75685507547661],[-47.93686028144925,-15.756561386847986],[-47.93796450031931,-15.760429105545079],[-47.939593523894565,-15.762187136807306],[-47.941169315456555,-15.767328196880449],[-47.94043683497784,-15.769343639699079],[-47.93736959813275,-15.770519998110045],[-47.93820045388154,-15.773376716564735],[-47.94055102869427,-15.772985774599181],[-47.942308398066466,-15.779353366509024],[-47.9404033829391,-15.779856999515276],[-47.94243282364434,-15.785942177771666],[-47.94988263147879,-15.790417696857176],[-47.954231309100905,-15.79584520785509],[-47.95550547471943,-15.792967564873017],[-47.96510604232101,-15.795723023788389],[-47.96953895777633,-15.795844480453923],[-47.96949677753506,-15.793558076119911],[-47.96798867584619,-15.791667291569762],[-47.975155737420195,-15.783983450359306],[-47.977338754229564,-15.785626015911241],[-47.97930883794232,-15.78536009510478],[-47.98474450612757,-15.77972269734998],[-47.9825977823508,-15.77826678830956],[-47.98564425999042,-15.774711170479137],[-47.98885448157694,-15.77361487317837],[-47.99043772454685,-15.771983728756464],[-47.991629198999945,-15.772977974433015],[-47.99068920487414,-15.773485468816553],[-47.99071638840905,-15.77700556858692],[-47.98762494640387,-15.774893487564746],[-47.98630570409953,-15.77532877339137],[-47.98761905899755,-15.774912682381334],[-47.99010339379044,-15.776073138242575],[-47.99067682456596,-15.777319582376329],[-47.994039785829514,-15.775302210183254],[-47.99743274865871,-15.77113411143049],[-47.996899035437856,-15.768393894025317],[-47.99366951011955,-15.76688538226004],[-47.99827639206198,-15.761386529509636],[-48.00188550504827,-15.763546769042954],[-48.00446121623335,-15.766730639245033],[-48.00378653506555,-15.770614352930043],[-48.00539903303367,-15.770628267263362],[-48.00561022119043,-15.7758546541935],[-48.025353736467885,-15.775790477788497],[-48.02581960480802,-15.770319378230434],[-48.02911992249934,-15.769381496685057],[-48.02776536490687,-15.765386612180702],[-48.02529757469869,-15.76617352118642],[-48.023599714563055,-15.76267768865443],[-48.025730683970245,-15.761817673153937],[-48.02575268261307,-15.75942982311126],[-48.03011337619084,-15.761519368675927],[-48.03050067219211,-15.760188008834263],[-48.035500204017815,-15.76044086100645],[-48.03740469884788,-15.761596899720699],[-48.03841504153302,-15.75986263192324],[-48.0428572586043,-15.762502015326394],[-48.04192455903201,-15.764808599471925],[-48.044331587491094,-15.766074602990471],[-48.04440225199015,-15.771748360493353],[-48.03985127244816,-15.771812021099505],[-48.039989657040536,-15.770833342639438],[-48.03614807297414,-15.771648731430647],[-48.035838206609625,-15.770833335731252],[-48.03284867148022,-15.771264726069319],[-48.03242728706588,-15.770303007205376],[-48.03057835501672,-15.77040045173081],[-48.028595252167165,-15.771431510337445],[-48.02854113068053,-15.772909543385715],[-48.02697082404665,-15.773080727773365],[-48.026778920647615,-15.774696064578556],[-48.027292215056086,-15.776032807096781],[-48.04070546533995,-15.775754921292604],[-48.04213603838947,-15.782752904580324],[-48.03668435118125,-15.785307850244712],[-48.031990875935435,-15.782864806625476],[-48.02229015180913,-15.78383611927341],[-48.02007986735639,-15.786614361990036],[-48.0164261743141,-15.78564972275886],[-48.015593429697596,-15.788868946092686],[-48.01590903652789,-15.792877200825943],[-48.01585068362333,-15.788936269629657],[-48.02809806380472,-15.791076342213472],[-48.05133845555877,-15.792083504749419],[-48.05470876610711,-15.795094435787354],[-48.05723764720788,-15.793667017846321],[-48.05917996443746,-15.793907835739281],[-48.07273642243917,-15.798198607462467],[-48.07480949995742,-15.799068568319825],[-48.07600394900422,-15.801266263667594],[-48.083386028036436,-15.803546503750995],[-48.096265679176206,-15.794876498873563],[-48.09518702153386,-15.796833888482228],[-48.096586649207914,-15.798628182991383],[-48.097635779683245,-15.797968370249947],[-48.094039583428234,-15.800402563997379],[-48.10151564174969,-15.795294581045884],[-48.10066088285794,-15.794143805385678],[-48.10256343811379,-15.792512436707787],[-48.104871651394205,-15.791585113005793],[-48.10562482885394,-15.792519793708953],[-48.111378816077654,-15.789815764893545],[-48.114447174300274,-15.790282847171905],[-48.116076924110494,-15.79158820369535],[-48.11325025588867,-15.79484834264406],[-48.12449146177457,-15.800686522128522],[-48.11637359162738,-15.796505595497498],[-48.118037778414504,-15.793834226713779],[-48.11808425455321,-15.78997515234274],[-48.11993966923651,-15.787741592750663],[-48.11987713071525,-15.786423189660322],[-48.121994031235324,-15.785421794449974],[-48.12454013780059,-15.786253977829283],[-48.12564326457968,-15.784193935589869],[-48.12743534359898,-15.784040392200247],[-48.134565332964605,-15.786084040146608],[-48.136880357257695,-15.778197166233799],[-48.14274289727687,-15.779812588428769],[-48.14067295334738,-15.78727085686557],[-48.13608871596903,-15.785944449798937],[-48.153361432003635,-15.791129946595246],[-48.15165090967137,-15.796787781475206],[-48.15666380572692,-15.79828185630433],[-48.15596569133317,-15.800224500355421],[-48.15122482861831,-15.798883155615862],[-48.15073955757807,-15.800639894891852],[-48.14832907630373,-15.799995872906186],[-48.147864685999956,-15.801360583917011],[-48.14833990388976,-15.800011974201146],[-48.15075038724065,-15.800655995997566],[-48.15123566003066,-15.798899254877133],[-48.155976525964256,-15.800240599256028],[-48.15666413925583,-15.798294824965836],[-48.158933995810884,-15.798872184613533],[-48.16072605564484,-15.793179254100636],[-48.160929200346935,-15.794242517502639],[-48.16361019760874,-15.795016700500206]],[[-48.065834463101616,-15.84663561302591],[-48.06602677378892,-15.846435421523937],[-48.06608927076218,-15.846321614297803],[-48.065834463101616,-15.84663561302591]],[[-47.895187921077856,-15.83524366356942],[-47.89551258242658,-15.834048536662122],[-47.89550425188665,-15.834044802702257],[-47.895187921077856,-15.83524366356942]],[[-47.90810638411439,-15.757069189498132],[-47.90957983033163,-15.757436050443316],[-47.90959451963474,-15.757397485728328],[-47.90810638411439,-15.757069189498132]],[[-47.91095303557651,-15.75512304666311],[-47.90993786704553,-15.75752519350788],[-47.90994413395486,-15.757527452268478],[-47.91095303557651,-15.75512304666311]],[[-48.15999130269533,-15.82467862900603],[-48.1588841724024,-15.822789686573552],[-48.1557449662467,-15.823834806938166],[-48.15887830152318,-15.82280888333932],[-48.15999130269533,-15.82467862900603]],[[-48.159037597390615,-15.825142978755892],[-48.159034255633046,-15.825145068857179],[-48.15900892524013,-15.825316381759437],[-48.159037597390615,-15.825142978755892]],[[-48.15827122889639,-15.8111670606041],[-48.15801064016511,-15.811021171379252],[-48.158259693172546,-15.811182861884195],[-48.15827122889639,-15.8111670606041]],[[-48.15791655563282,-15.825463816587737],[-48.157916443987894,-15.82545663309955],[-48.15783275687671,-15.825632085244116],[-48.15791655563282,-15.825463816587737]],[[-48.15746548636545,-15.822447656681007],[-48.157362929007846,-15.822284726569334],[-48.15735004698116,-15.822292784548212],[-48.15745232609044,-15.822455273598862],[-48.15746548636545,-15.822447656681007]],[[-48.157446082935564,-15.822217188388915],[-48.15734508451887,-15.821973360064389],[-48.157435632858366,-15.822223724819004],[-48.157446082935564,-15.822217188388915]],[[-48.15696237341839,-15.813032387776992],[-48.15694217922997,-15.812998673719992],[-48.156949810293405,-15.813040411205563],[-48.15696237341839,-15.813032387776992]],[[-48.156700100165715,-15.813319100175335],[-48.156651849799516,-15.813269129841316],[-48.15669051289599,-15.81333223213242],[-48.156700100165715,-15.813319100175335]],[[-48.15602150468127,-15.824670800544691],[-48.15602074209745,-15.824669799515902],[-48.1560043072416,-15.824738789520165],[-48.15602150468127,-15.824670800544691]],[[-48.15555409978612,-15.82253863118994],[-48.15551441306373,-15.822511841500386],[-48.15554152512564,-15.822548712473946],[-48.15555409978612,-15.82253863118994]],[[-48.154355724060174,-15.822015654609928],[-48.15366764344656,-15.822183026325964],[-48.153518144934765,-15.822305365226358],[-48.154355724060174,-15.822015654609928]],[[-48.15372811965164,-15.803093672914505],[-48.15371362094186,-15.803089419698239],[-48.153409065176476,-15.804074410522455],[-48.1534235293181,-15.804078775305122],[-48.15372811965164,-15.803093672914505]],[[-48.15350651281347,-15.822353717641809],[-48.15319217015139,-15.822471408462835],[-48.15320429077791,-15.822483868958702],[-48.15350651281347,-15.822353717641809]],[[-48.15325927274141,-15.822565628135392],[-48.15314511482949,-15.822633950780997],[-48.15315059829883,-15.82264486815841],[-48.15325927274141,-15.822565628135392]],[[-48.152317034559005,-15.82172049711276],[-48.152313437636614,-15.821721771906331],[-48.15229413901081,-15.821873840764383],[-48.152317034559005,-15.82172049711276]],[[-48.15021078150141,-15.816975828304296],[-48.15020758992248,-15.816970216272823],[-48.15010801404218,-15.817129864267311],[-48.15021078150141,-15.816975828304296]],[[-48.149037902212115,-15.798300004149226],[-48.147497572140615,-15.797845455316624],[-48.145857523062034,-15.803494219291567],[-48.14673488292512,-15.803757012798137],[-48.14586574313779,-15.803487687841162],[-48.14749473139741,-15.797858522470111],[-48.149037902212115,-15.798300004149226]],[[-48.14854334185018,-15.804307617514857],[-48.14828332917979,-15.804229470835125],[-48.148417873988954,-15.804270370390043],[-48.14854334185018,-15.804307617514857]],[[-48.14771817450986,-15.796581810534741],[-48.14738801163933,-15.797732032511135],[-48.1442252758539,-15.796912920365976],[-48.14737703070672,-15.797811786745815],[-48.14771817450986,-15.796581810534741]],[[-48.14626449116867,-15.809034878562306],[-48.14576224521821,-15.809121530217082],[-48.14576225731013,-15.809121528236133],[-48.14626449116867,-15.809034878562306]],[[-48.144864468738604,-15.797982654861169],[-48.143823387640666,-15.801308327199203],[-48.141693175564214,-15.800688967997376],[-48.14234621266098,-15.798628921816949],[-48.14168951553451,-15.800690367174207],[-48.143837618737145,-15.80131374342032],[-48.144864468738604,-15.797982654861169]],[[-48.1432003938923,-15.788569684056075],[-48.14318824547214,-15.788566108298369],[-48.14315464272064,-15.789001779613947],[-48.1432003938923,-15.788569684056075]],[[-48.14298176383011,-15.79659085046201],[-48.1429595961557,-15.79658510928378],[-48.142645486621255,-15.797669698758376],[-48.14298176383011,-15.79659085046201]],[[-48.14277990201991,-15.812796633377907],[-48.14265881505541,-15.81256639663186],[-48.14276825875525,-15.812803335361147],[-48.14277990201991,-15.812796633377907]],[[-48.14167635096023,-15.800732349879958],[-48.14139430720748,-15.801611450969661],[-48.14137128548644,-15.801732262538861],[-48.14167635096023,-15.800732349879958]],[[-48.14135677155638,-15.783584065178067],[-48.139697748179046,-15.783111144546591],[-48.13836869870243,-15.782775987162855],[-48.14135677155638,-15.783584065178067]],[[-48.14125270832247,-15.795188408663774],[-48.140573771706926,-15.797419881642211],[-48.141003658329446,-15.796042576446505],[-48.14125270832247,-15.795188408663774]],[[-48.14007894083505,-15.799046227837593],[-48.1400200811159,-15.799239680845686],[-48.140020519292115,-15.799239794593774],[-48.14007894083505,-15.799046227837593]],[[-48.14004054684108,-15.799269517160406],[-48.14001810504527,-15.799270808712286],[-48.1400074160868,-15.799304636735284],[-48.14004054684108,-15.799269517160406]],[[-48.13985468990191,-15.79978799868359],[-48.139511721135285,-15.800873452180895],[-48.139752108741085,-15.80016005257279],[-48.13985468990191,-15.79978799868359]],[[-48.13939282690115,-15.801254611108895],[-48.13939140373587,-15.801254240735407],[-48.13928466122164,-15.801592064677015],[-48.13939282690115,-15.801254611108895]],[[-48.13791789907263,-15.80591759133628],[-48.137887425857194,-15.806014029552218],[-48.137889744221674,-15.80601040341337],[-48.13791789907263,-15.80591759133628]],[[-48.13763233991569,-15.805965969674585],[-48.13762134091655,-15.805949434139972],[-48.13718876544744,-15.805844420578381],[-48.13763233991569,-15.805965969674585]],[[-48.13710393703841,-15.782410171336679],[-48.13702293539665,-15.782280202825556],[-48.13585475595757,-15.782019190812491],[-48.13710393703841,-15.782410171336679]],[[-48.136716443208684,-15.831084058557682],[-48.13661618692239,-15.82951637741232],[-48.13668302100464,-15.831807159697615],[-48.136716443208684,-15.831084058557682]],[[-48.13670639066592,-15.805712238018307],[-48.13259701872736,-15.804560465190749],[-48.13305056340929,-15.804718208880573],[-48.13670639066592,-15.805712238018307]],[[-48.13556618979385,-15.78726339626621],[-48.13556455845764,-15.787255613350819],[-48.1349841190156,-15.787088610158449],[-48.13556618979385,-15.78726339626621]],[[-48.1352147609407,-15.789490393200243],[-48.133095276039626,-15.788676323145234],[-48.1341395194767,-15.78683949322376],[-48.13286738351993,-15.785734447416479],[-48.13404425757426,-15.786143746821281],[-48.1314945217635,-15.792849004403598],[-48.13309391057704,-15.78867636360365],[-48.1352147609407,-15.789490393200243]],[[-48.134761751194,-15.790402330133519],[-48.13427771871321,-15.791660357622051],[-48.13411430692417,-15.792098633304738],[-48.134761751194,-15.790402330133519]],[[-48.13362068771336,-15.79339150901795],[-48.13352321198084,-15.7934760813953],[-48.133377867137845,-15.794023811245884],[-48.13362068771336,-15.79339150901795]],[[-48.13267377820546,-15.785695285428725],[-48.13266115902695,-15.785692732472327],[-48.13229607609709,-15.786678054496308],[-48.13267377820546,-15.785695285428725]],[[-48.13228091187806,-15.786717512263568],[-48.13186058388993,-15.786562603890253],[-48.1322805478545,-15.786718459236715],[-48.13228091187806,-15.786717512263568]],[[-48.13227213597561,-15.796908209649978],[-48.13226222551722,-15.796915142409189],[-48.13226960427298,-15.796915003472156],[-48.13227213597561,-15.796908209649978]],[[-48.1317364843042,-15.804261166385535],[-48.12769245813103,-15.80270483683825],[-48.12797605533707,-15.801928941059542],[-48.127675494682045,-15.802746618400768],[-48.1317364843042,-15.804261166385535]],[[-48.13157205988721,-15.798753192837573],[-48.13094545274111,-15.800480786413244],[-48.12886667849023,-15.79967701801655],[-48.13094563936267,-15.800502010921488],[-48.13157205988721,-15.798753192837573]],[[-48.131498613559245,-15.819016364997957],[-48.12994699627926,-15.818446394148323],[-48.129638256708546,-15.818338858075974],[-48.131498613559245,-15.819016364997957]],[[-48.131266302678966,-15.793508629622746],[-48.13125056666358,-15.793485040664088],[-48.13124138141799,-15.793508988906169],[-48.131266302678966,-15.793508629622746]],[[-48.13050783895294,-15.88272240017465],[-48.1288308089872,-15.881954531012727],[-48.1293288727695,-15.882196360346684],[-48.13050783895294,-15.88272240017465]],[[-48.13001179148478,-15.885068824647856],[-48.12995375969285,-15.885039271063897],[-48.129996667455686,-15.885063977577333],[-48.13001179148478,-15.885068824647856]],[[-48.129986850873664,-15.832947211062773],[-48.12986962727196,-15.83311747188104],[-48.12987457243755,-15.83312001706292],[-48.129986850873664,-15.832947211062773]],[[-48.129937550422326,-15.79695898799448],[-48.129925234824334,-15.796924914826771],[-48.12974657654539,-15.797389406339843],[-48.129937550422326,-15.79695898799448]],[[-48.1297745543404,-15.884971637743192],[-48.1293784176459,-15.88482867261509],[-48.129624646808196,-15.884949920192351],[-48.1297745543404,-15.884971637743192]],[[-48.12930665393279,-15.833698024464848],[-48.128588425883216,-15.833304107577103],[-48.1285766465344,-15.833320064853465],[-48.12929799850702,-15.83371569551279],[-48.12930665393279,-15.833698024464848]],[[-48.129111448283254,-15.828766663012262],[-48.1291001714597,-15.828742205506972],[-48.12904571211205,-15.828725500661367],[-48.129111448283254,-15.828766663012262]],[[-48.12907089413898,-15.84424013924824],[-48.12906417294448,-15.844235247835652],[-48.12863248863195,-15.844815577130047],[-48.12907089413898,-15.84424013924824]],[[-48.128990956472535,-15.818113396994613],[-48.12897347405831,-15.818107308126324],[-48.128721518132714,-15.818796635044256],[-48.128990956472535,-15.818113396994613]],[[-48.12875296092904,-15.83483571229235],[-48.12868051410357,-15.834983628652955],[-48.128639107051065,-15.835079461757434],[-48.12875296092904,-15.83483571229235]],[[-48.12872877253381,-15.884557474982488],[-48.128673884072796,-15.884535043588052],[-48.12860594822746,-15.884514215026085],[-48.12872877253381,-15.884557474982488]],[[-48.12844169298871,-15.89868817117217],[-48.12787440245993,-15.899862024426085],[-48.1283239622871,-15.89894211123854],[-48.12844169298871,-15.89868817117217]],[[-48.12841493054041,-15.88445023934085],[-48.12820241319846,-15.88437464472196],[-48.12811908704286,-15.884354426134097],[-48.12841493054041,-15.88445023934085]],[[-48.12830828613305,-15.842746712933291],[-48.12743497253016,-15.84212625659713],[-48.127135051155044,-15.842502407950002],[-48.12830828613305,-15.842746712933291]],[[-48.128066667141454,-15.894291946577937],[-48.12763788797349,-15.894095383901387],[-48.12776801076063,-15.894163758398975],[-48.128066667141454,-15.894291946577937]],[[-48.12804464572309,-15.881594560229171],[-48.12738925169465,-15.881294462961195],[-48.12776819514731,-15.881490330902377],[-48.12804464572309,-15.881594560229171]],[[-48.127918140431476,-15.899001806299937],[-48.127916251163214,-15.898879615676936],[-48.12790395383291,-15.899045144136885],[-48.127918140431476,-15.899001806299937]],[[-48.12789685160204,-15.899066838917323],[-48.12787521843259,-15.899113110703805],[-48.127894186967254,-15.899074981024782],[-48.12789685160204,-15.899066838917323]],[[-48.12783923455798,-15.88421879794307],[-48.12779227027753,-15.884189468114153],[-48.127729278196256,-15.884161698430159],[-48.12783923455798,-15.88421879794307]],[[-48.12772650048485,-15.89857168204594],[-48.127544538444994,-15.898363903920155],[-48.1274374855302,-15.898302703177428],[-48.12772650048485,-15.89857168204594]],[[-48.12772361368265,-15.899407838557957],[-48.12752570736053,-15.899730780000844],[-48.12757753759247,-15.89968646797627],[-48.12772361368265,-15.899407838557957]],[[-48.12768724010586,-15.801831303536959],[-48.126188082114304,-15.801314176286755],[-48.12728514724546,-15.801749830527218],[-48.12768724010586,-15.801831303536959]],[[-48.12751572910259,-15.803131184168961],[-48.12572870014134,-15.802519510459131],[-48.12593049291537,-15.802002982204629],[-48.125721218523154,-15.802520375720839],[-48.121693650722854,-15.80077146968192],[-48.12751572910259,-15.803131184168961]],[[-48.127474366176045,-15.88404726899246],[-48.12570410372016,-15.883331721415262],[-48.12567093000105,-15.883358612878542],[-48.127474366176045,-15.88404726899246]],[[-48.12740503168093,-15.899889310863871],[-48.12738930825992,-15.899909966689297],[-48.127392818413924,-15.899907627899486],[-48.12740503168093,-15.899889310863871]],[[-48.127187987744826,-15.898159545432096],[-48.12715224098959,-15.898138964241321],[-48.12709405425021,-15.89822295754794],[-48.127187987744826,-15.898159545432096]],[[-48.1270717810033,-15.9001395880852],[-48.1270054600655,-15.900183776740397],[-48.127001313211856,-15.90019170104525],[-48.1270717810033,-15.9001395880852]],[[-48.12695328546607,-15.898426164657431],[-48.12693369971667,-15.898454437245247],[-48.1269351384087,-15.898455222697557],[-48.12695328546607,-15.898426164657431]],[[-48.12689443642087,-15.825912400280911],[-48.12600901712135,-15.82390214955049],[-48.12622431213538,-15.824622933474442],[-48.12689443642087,-15.825912400280911]],[[-48.1268737542351,-15.898421750986378],[-48.126008931410034,-15.897961747919847],[-48.12600138036926,-15.897973072147852],[-48.1268737542351,-15.898421750986378]],[[-48.12605640497028,-15.897839243306583],[-48.126051832711745,-15.897831237587544],[-48.126036069427485,-15.897890658948006],[-48.12605640497028,-15.897839243306583]],[[-48.125991759543886,-15.897726054612503],[-48.12595327322185,-15.89765866684498],[-48.125548812391244,-15.897458175148795],[-48.125991759543886,-15.897726054612503]],[[-48.12584982825479,-15.8951848648967],[-48.12584599086084,-15.89518299004349],[-48.12569701198984,-15.89532093794159],[-48.12584982825479,-15.8951848648967]],[[-48.1257262003948,-15.801920458398627],[-48.123608714827526,-15.801050878299012],[-48.123745179006825,-15.801121733339203],[-48.1257262003948,-15.801920458398627]],[[-48.12562559737466,-15.8833408512222],[-48.12521822373464,-15.88315605687923],[-48.125377363297275,-15.883243584885097],[-48.12562559737466,-15.8833408512222]],[[-48.12554493628575,-15.897472088952917],[-48.125528326896614,-15.897531708542225],[-48.125536609909794,-15.89751576804463],[-48.12554493628575,-15.897472088952917]],[[-48.1250086348978,-15.883058394583754],[-48.12493565068993,-15.883024386752728],[-48.12452528807849,-15.882848231527898],[-48.1250086348978,-15.883058394583754]],[[-48.12484306794739,-15.89523766117529],[-48.124804360707486,-15.895196430547527],[-48.12443048511469,-15.895081804089543],[-48.12484306794739,-15.89523766117529]],[[-48.12470166089302,-15.817316596815287],[-48.12467933484493,-15.817334795951112],[-48.12269632730159,-15.822552522407099],[-48.12470166089302,-15.817316596815287]],[[-48.12443928425614,-15.882809939677596],[-48.124301749209515,-15.882734935051847],[-48.121749211413864,-15.881526599829126],[-48.12443928425614,-15.882809939677596]],[[-48.124400557736536,-15.817224328889953],[-48.12377419558267,-15.816975831904463],[-48.123607385059366,-15.816935554708495],[-48.124400557736536,-15.817224328889953]],[[-48.12421806747474,-15.894987657458085],[-48.12387805862391,-15.894829235955983],[-48.1234683770008,-15.894873907001953],[-48.12421806747474,-15.894987657458085]],[[-48.12387509074118,-15.893837872344905],[-48.12374016667531,-15.893768746654585],[-48.12374236747432,-15.893782213188837],[-48.12387509074118,-15.893837872344905]],[[-48.123645663408794,-15.894105823763159],[-48.12345948122627,-15.894551001199677],[-48.12336422448741,-15.89488010665517],[-48.123645663408794,-15.894105823763159]],[[-48.1235611361215,-15.89740725242722],[-48.12351587624388,-15.897390487483662],[-48.12346648382055,-15.897395990054854],[-48.1235611361215,-15.89740725242722]],[[-48.12339609604423,-15.897403831454799],[-48.12332834209655,-15.897429614199055],[-48.12326231305623,-15.897534218696894],[-48.12339609604423,-15.897403831454799]],[[-48.123286281593096,-15.78598130352207],[-48.123227470134424,-15.785959394691268],[-48.12326586791656,-15.785974679770678],[-48.123286281593096,-15.78598130352207]],[[-48.12324765663935,-15.840035119400346],[-48.11917745227784,-15.83714491951538],[-48.11857858937303,-15.836735511061402],[-48.12324765663935,-15.840035119400346]],[[-48.122932547075266,-15.879169960720928],[-48.12292530550729,-15.879165764824766],[-48.12291368031342,-15.879276069700113],[-48.122932547075266,-15.879169960720928]],[[-48.12272726551522,-15.879051033838813],[-48.12267103690042,-15.879018458646321],[-48.12263619174732,-15.879011490526834],[-48.12272726551522,-15.879051033838813]],[[-48.12269964525256,-15.80057237167643],[-48.12253831830764,-15.80047234385954],[-48.12253926533312,-15.800487025051856],[-48.12269964525256,-15.80057237167643]],[[-48.12252975087191,-15.897384212796487],[-48.12247838424376,-15.897362287363391],[-48.12249390914891,-15.897369956927244],[-48.12252975087191,-15.897384212796487]],[[-48.12242751454616,-15.81651926199339],[-48.122391556767,-15.816588322819506],[-48.12155078254869,-15.818785052004989],[-48.12242751454616,-15.81651926199339]],[[-48.122393658482544,-15.878904470774483],[-48.122285770299285,-15.878844853065987],[-48.12180449011419,-15.878642534206083],[-48.122393658482544,-15.878904470774483]],[[-48.122361705505284,-15.897304653068263],[-48.12225752383599,-15.897060991945246],[-48.122307225028784,-15.897277740744158],[-48.122361705505284,-15.897304653068263]],[[-48.12233726370242,-15.89666675710614],[-48.12224574870878,-15.896825141908819],[-48.12222871723991,-15.896917314396765],[-48.12233726370242,-15.89666675710614]],[[-48.122332496024306,-15.893497156208085],[-48.12143846472204,-15.893671334140617],[-48.12214450037479,-15.893866008836726],[-48.122332496024306,-15.893497156208085]],[[-48.12232892900439,-15.893072533327025],[-48.1222826991762,-15.893024771800375],[-48.122280458151025,-15.893027006375142],[-48.12232892900439,-15.893072533327025]],[[-48.12229988051528,-15.897056330871422],[-48.12225265364526,-15.897036700273759],[-48.12225666166565,-15.897056695765189],[-48.12229988051528,-15.897056330871422]],[[-48.122218722032585,-15.893088568437916],[-48.12220976705853,-15.893097493962557],[-48.12215901136612,-15.893199515226645],[-48.122218722032585,-15.893088568437916]],[[-48.12212725428261,-15.8934075325027],[-48.122068071801635,-15.89338230861418],[-48.122066114504776,-15.893386242862292],[-48.12212725428261,-15.8934075325027]],[[-48.12174443757786,-15.821288703431444],[-48.120761672605425,-15.820825373228207],[-48.1204932316101,-15.821528238083243],[-48.12174443757786,-15.821288703431444]],[[-48.12157278636028,-15.78568608625043],[-48.12059425531244,-15.78622403010949],[-48.12116439402739,-15.785993926090818],[-48.12157278636028,-15.78568608625043]],[[-48.121564530057825,-15.896026205316657],[-48.12149926188545,-15.895992339199998],[-48.12151380832369,-15.896002571895698],[-48.121564530057825,-15.896026205316657]],[[-48.12148570540537,-15.898418063644804],[-48.12143801191206,-15.898439845845635],[-48.12146424099604,-15.898439466653446],[-48.12148570540537,-15.898418063644804]],[[-48.12146773671753,-15.881459067915278],[-48.12103904292781,-15.881443933525487],[-48.121377287906824,-15.881557474282927],[-48.12146773671753,-15.881459067915278]],[[-48.12133626354843,-15.898620602470055],[-48.12131906883196,-15.898580738710645],[-48.12131542822953,-15.898697630502566],[-48.12133626354843,-15.898620602470055]],[[-48.12132793959554,-15.822286069549012],[-48.12132508723943,-15.822284894391606],[-48.12132792159838,-15.822286112244683],[-48.12132793959554,-15.822286069549012]],[[-48.12131360911459,-15.898704354529439],[-48.12095246455494,-15.899512863981272],[-48.12119023924674,-15.899044562034451],[-48.12131360911459,-15.898704354529439]],[[-48.121282911340636,-15.819474820296469],[-48.12086725181662,-15.820548931275434],[-48.12090785100666,-15.820500314162368],[-48.121282911340636,-15.819474820296469]],[[-48.12102712181436,-15.898204391957123],[-48.12095882518968,-15.898172570389569],[-48.12091713485788,-15.898153747949966],[-48.12102712181436,-15.898204391957123]],[[-48.12101465562027,-15.89569957011825],[-48.12078949765175,-15.895590683609399],[-48.12086513563431,-15.895632283363755],[-48.12101465562027,-15.89569957011825]],[[-48.120829862637166,-15.881377221188066],[-48.12082508216968,-15.881375695691052],[-48.120795589286686,-15.88144259153059],[-48.120829862637166,-15.881377221188066]],[[-48.12074983258803,-15.881529866901323],[-48.120502018340865,-15.881761228857151],[-48.12059053556809,-15.881759950741266],[-48.12074983258803,-15.881529866901323]],[[-48.120601174095825,-15.895493588270664],[-48.12043681004732,-15.89538792740219],[-48.120328468310205,-15.895361744866001],[-48.120601174095825,-15.895493588270664]],[[-48.120522604574134,-15.897972198098564],[-48.12043194606675,-15.897927075612515],[-48.12031401618506,-15.897876816003508],[-48.120522604574134,-15.897972198098564]],[[-48.12032677684466,-15.821964068601343],[-48.119490249184835,-15.823816234351753],[-48.11972811192006,-15.823360271957732],[-48.12032677684466,-15.821964068601343]],[[-48.12018070760351,-15.825515758760945],[-48.1191500095176,-15.824441824370803],[-48.118625406714436,-15.825398257156616],[-48.12018070760351,-15.825515758760945]],[[-48.120176215894794,-15.882195216367434],[-48.12000830534114,-15.882512673277125],[-48.12002219578975,-15.882520672008653],[-48.120176215894794,-15.882195216367434]],[[-48.120118827578914,-15.894983799269752],[-48.120078845304405,-15.894927596043702],[-48.119854024453936,-15.894837215685927],[-48.120118827578914,-15.894983799269752]],[[-48.120104846333994,-15.89778116759272],[-48.11940873002318,-15.897396475958933],[-48.11990293427496,-15.89768315140074],[-48.120104846333994,-15.89778116759272]],[[-48.11988289664662,-15.877469924485704],[-48.11964305700232,-15.877939377688513],[-48.11965170422684,-15.877947500926831],[-48.11988289664662,-15.877469924485704]],[[-48.11985958808712,-15.882428911669123],[-48.11984144882851,-15.882417141434054],[-48.11940838980076,-15.883335835683127],[-48.11985958808712,-15.882428911669123]],[[-48.11976547971812,-15.878058457419801],[-48.119761758355246,-15.878046528681708],[-48.11966489325711,-15.87795989075401],[-48.11976547971812,-15.878058457419801]],[[-48.11969762425301,-15.892806107024066],[-48.11960018995674,-15.892752971749012],[-48.11957253254152,-15.892751796558986],[-48.11969762425301,-15.892806107024066]],[[-48.119621114577576,-15.89493560551326],[-48.1195829142324,-15.895068599770086],[-48.11960275785728,-15.895038840534614],[-48.119621114577576,-15.89493560551326]],[[-48.11945646302074,-15.883664378633163],[-48.119391458591174,-15.88383552715027],[-48.11943635088547,-15.883747489685303],[-48.11945646302074,-15.883664378633163]],[[-48.119399200593875,-15.883354308127949],[-48.119396828976924,-15.883316163043746],[-48.11939892785391,-15.88338957951653],[-48.119399200593875,-15.883354308127949]],[[-48.11938509995878,-15.89274166799484],[-48.118988553608446,-15.892546066139507],[-48.119026833488135,-15.892588003119611],[-48.11938509995878,-15.89274166799484]],[[-48.119290497453825,-15.884033520697548],[-48.1192622282763,-15.884073871460927],[-48.119235627543965,-15.884141124559928],[-48.119290497453825,-15.884033520697548]],[[-48.119229345533384,-15.824358861488003],[-48.1191963806234,-15.824359335731348],[-48.119172875950845,-15.824401147154283],[-48.119229345533384,-15.824358861488003]],[[-48.118960553675024,-15.827491625800796],[-48.11853603630275,-15.828176870230118],[-48.118555973346574,-15.828166858182879],[-48.118543385059425,-15.828167162980726],[-48.118960553675024,-15.827491625800796]],[[-48.118890204930985,-15.892460292866428],[-48.11885465089344,-15.892429285877611],[-48.11867197094656,-15.892332306240297],[-48.118890204930985,-15.892460292866428]],[[-48.1188827306091,-15.799302918399432],[-48.11772509371679,-15.7986928201954],[-48.11717848504186,-15.79842055789392],[-48.1188827306091,-15.799302918399432]],[[-48.11871934543343,-15.894749321307437],[-48.11862636486232,-15.894713223305384],[-48.11862788715528,-15.89471544052527],[-48.11871934543343,-15.894749321307437]],[[-48.11857464359403,-15.89463785625021],[-48.11854320899952,-15.894573495178479],[-48.118410294821885,-15.894500648538544],[-48.11857464359403,-15.89463785625021]],[[-48.118564432707444,-15.814352275334814],[-48.118558369357615,-15.81434963119608],[-48.11851560796494,-15.8144757349257],[-48.118564432707444,-15.814352275334814]],[[-48.11843680303093,-15.896914008572452],[-48.118037910832975,-15.896738294061974],[-48.11802864508414,-15.89675691844329],[-48.11843680303093,-15.896914008572452]],[[-48.11831707385583,-15.853348881197057],[-48.11477827321719,-15.850820094443414],[-48.117416459028476,-15.852712594041101],[-48.11831707385583,-15.853348881197057]],[[-48.118255685669126,-15.894415910488553],[-48.118176379315045,-15.894372444845404],[-48.11804717663416,-15.894362955359377],[-48.118255685669126,-15.894415910488553]],[[-48.1181211652261,-15.815501616569],[-48.117959311487155,-15.81579456701888],[-48.11801148339247,-15.815793434283634],[-48.1181211652261,-15.815501616569]],[[-48.11794729694161,-15.815964207708022],[-48.117411603637045,-15.817335604241036],[-48.11776498625499,-15.81644925995925],[-48.11794729694161,-15.815964207708022]],[[-48.11791423967187,-15.896710435630693],[-48.11769820754548,-15.89661664333203],[-48.11688966374323,-15.896296266646846],[-48.11791423967187,-15.896710435630693]],[[-48.11787022541053,-15.894318452474158],[-48.11771128635986,-15.894276975978565],[-48.117738554715054,-15.894285337796415],[-48.11787022541053,-15.894318452474158]],[[-48.1178166166291,-15.826671255404287],[-48.1168268168097,-15.828064308061505],[-48.11731612123741,-15.827437253339234],[-48.1178166166291,-15.826671255404287]],[[-48.117753544332025,-15.891945986613326],[-48.11759840113783,-15.891802407658208],[-48.11743549459236,-15.892188795335773],[-48.117753544332025,-15.891945986613326]],[[-48.117494509605486,-15.879047449634784],[-48.11745621383342,-15.878999534861196],[-48.11738256484552,-15.87893727985297],[-48.117494509605486,-15.879047449634784]],[[-48.11735691417735,-15.892365821806484],[-48.11648515867529,-15.891994262474833],[-48.117355338055134,-15.892369372206515],[-48.11735691417735,-15.892365821806484]],[[-48.11733105744053,-15.878886589541784],[-48.1173226325543,-15.878727485317924],[-48.11732498927808,-15.878880617651951],[-48.11733105744053,-15.878886589541784]],[[-48.11726801874927,-15.878510225560214],[-48.11713395234791,-15.878108326777628],[-48.117094851412354,-15.878093840075568],[-48.11726801874927,-15.878510225560214]],[[-48.1172343048013,-15.817817312237004],[-48.11691075599585,-15.81866404852936],[-48.11706304205791,-15.81828720917699],[-48.1172343048013,-15.817817312237004]],[[-48.11716548685074,-15.798413828193596],[-48.114987974120375,-15.79715105136959],[-48.11572379003136,-15.797667381421332],[-48.11716548685074,-15.798413828193596]],[[-48.11708518079,-15.878090256843896],[-48.11707189037363,-15.878085332624682],[-48.11698316021737,-15.878214320118659],[-48.11708518079,-15.878090256843896]],[[-48.11686721181561,-15.82858819855477],[-48.116570541764354,-15.82839478828722],[-48.1162197471088,-15.82884715935098],[-48.11686721181561,-15.82858819855477]],[[-48.11679015928447,-15.882833828077997],[-48.116660602977134,-15.883023076785332],[-48.116619000194575,-15.88309507593004],[-48.11679015928447,-15.882833828077997]],[[-48.116767590098036,-15.878476463407983],[-48.11639028718761,-15.878704341776958],[-48.11629755173827,-15.878899421858314],[-48.116767590098036,-15.878476463407983]],[[-48.116607159393595,-15.813498647183588],[-48.11660713403886,-15.813498635809975],[-48.116605774626215,-15.813501091391547],[-48.116607159393595,-15.813498647183588]],[[-48.116605519128306,-15.893920133575172],[-48.11659413107946,-15.89393865579781],[-48.11659993703271,-15.893943198503768],[-48.116605519128306,-15.893920133575172]],[[-48.11657608522595,-15.883169347650412],[-48.116528365846406,-15.883251933998755],[-48.11644432439538,-15.883434180610514],[-48.11657608522595,-15.883169347650412]],[[-48.116550864164125,-15.893904808118297],[-48.11641092153454,-15.893754607476046],[-48.11633564105222,-15.89371952693066],[-48.116550864164125,-15.893904808118297]],[[-48.11645052375713,-15.896103306326955],[-48.114413273653824,-15.89516074876598],[-48.11487886780941,-15.895387510088343],[-48.11645052375713,-15.896103306326955]],[[-48.116393708102386,-15.893451402646491],[-48.11576167137147,-15.893219766104538],[-48.116336101330425,-15.893714884768766],[-48.116393708102386,-15.893451402646491]],[[-48.11636817647097,-15.834214128956614],[-48.11634071270155,-15.834183172183668],[-48.116153749617524,-15.834066357098132],[-48.11636817647097,-15.834214128956614]],[[-48.116254576187934,-15.878978455310419],[-48.1148512605782,-15.878141231131542],[-48.11378587101091,-15.877595176164425],[-48.116254576187934,-15.878978455310419]],[[-48.11618593272756,-15.837171947008],[-48.11527899174614,-15.836562663901113],[-48.11617605561324,-15.837173976148794],[-48.11618593272756,-15.837171947008]],[[-48.116144790700915,-15.828939228591262],[-48.115743397444604,-15.829423540199969],[-48.11468313553022,-15.830855181227943],[-48.116144790700915,-15.828939228591262]],[[-48.11610652426422,-15.820697506133394],[-48.11600131447512,-15.820953845448688],[-48.11606484080578,-15.820804577205635],[-48.11610652426422,-15.820697506133394]],[[-48.11609567511035,-15.814466865872363],[-48.113423063819155,-15.819250783003897],[-48.115320601547126,-15.815851837925084],[-48.11535911992742,-15.815851002132321],[-48.11609567511035,-15.814466865872363]],[[-48.11607791938931,-15.876437981705644],[-48.11596355057805,-15.876634414431356],[-48.11601843062123,-15.876582175731226],[-48.11607791938931,-15.876437981705644]],[[-48.115909184378886,-15.876667059846152],[-48.11590232486365,-15.876668824580312],[-48.115836648965264,-15.876710616922482],[-48.115909184378886,-15.876667059846152]],[[-48.115889137594245,-15.876452147102905],[-48.11571050224558,-15.876431709341812],[-48.1158251686297,-15.876466876358279],[-48.115889137594245,-15.876452147102905]],[[-48.11585915324082,-15.821287882049985],[-48.11424063841063,-15.820474668255256],[-48.11560552560018,-15.821836509607303],[-48.11585915324082,-15.821287882049985]],[[-48.115842485368844,-15.833851848293941],[-48.11576720111159,-15.833797241061774],[-48.115740986243445,-15.833781899216524],[-48.115842485368844,-15.833851848293941]],[[-48.11570227724468,-15.876429186878973],[-48.11561775779467,-15.876394279651395],[-48.11567636780371,-15.876421241805858],[-48.11570227724468,-15.876429186878973]],[[-48.115589839255755,-15.821867467361384],[-48.115277891591404,-15.822458976743777],[-48.115172203742006,-15.82269567185832],[-48.115589839255755,-15.821867467361384]],[[-48.115573976922285,-15.833684161331105],[-48.115567989318585,-15.833680657443999],[-48.115281571675084,-15.834053867736271],[-48.115573976922285,-15.833684161331105]],[[-48.1154795006318,-15.83273829169401],[-48.115284668770414,-15.832167276578025],[-48.11503775004691,-15.833346275564832],[-48.1154795006318,-15.83273829169401]],[[-48.11547031073393,-15.89310604501304],[-48.115382892259696,-15.893100262417004],[-48.11545465475871,-15.893128175368266],[-48.11547031073393,-15.89310604501304]],[[-48.11536871001168,-15.893094745266293],[-48.1151850285868,-15.893014307362806],[-48.11526766226958,-15.893055439250084],[-48.11536871001168,-15.893094745266293]],[[-48.11535711808699,-15.83199947479425],[-48.11532231238757,-15.832002492427506],[-48.11385782189671,-15.833988112799279],[-48.11535711808699,-15.83199947479425]],[[-48.115155421271794,-15.892999570075874],[-48.115038889688556,-15.892935287124844],[-48.11510293740876,-15.892973444806074],[-48.115155421271794,-15.892999570075874]],[[-48.11498253706955,-15.823006494304897],[-48.11212960980026,-15.821535243111333],[-48.109569597831104,-15.826154815810902],[-48.11212985701461,-15.821536648108555],[-48.11498253706955,-15.823006494304897]],[[-48.11494113086555,-15.835148349108152],[-48.11493905518438,-15.835139445548842],[-48.1149018716594,-15.83506793050763],[-48.11494113086555,-15.835148349108152]],[[-48.11489126279129,-15.892878441961715],[-48.114797009729074,-15.892845777901606],[-48.1147689961757,-15.892852987110722],[-48.11489126279129,-15.892878441961715]],[[-48.11474098805935,-15.834758496956782],[-48.114735630144516,-15.834748191400408],[-48.11387446630579,-15.835861597251302],[-48.11474098805935,-15.834758496956782]],[[-48.11472699597225,-15.823443671940998],[-48.11421885977004,-15.824249004746637],[-48.114575357446284,-15.823738266193494],[-48.11472699597225,-15.823443671940998]],[[-48.11458885335783,-15.796866894190474],[-48.11187987223559,-15.794132708766012],[-48.112473313196745,-15.794586808210424],[-48.1116241377462,-15.795731203101084],[-48.112111429766706,-15.795103034052485],[-48.11458885335783,-15.796866894190474]],[[-48.11457722137417,-15.834385592978316],[-48.114401152559616,-15.834242548097839],[-48.11439485930742,-15.834251408520485],[-48.11457722137417,-15.834385592978316]],[[-48.11454393051882,-15.875917377064564],[-48.114502261431575,-15.875899282648529],[-48.114501289025746,-15.875902597691159],[-48.11454393051882,-15.875917377064564]],[[-48.113803888314976,-15.820249143966402],[-48.11308025727245,-15.819870058449968],[-48.11300973743211,-15.81999744871974],[-48.113803888314976,-15.820249143966402]],[[-48.11374924886628,-15.83213889365092],[-48.11210377288257,-15.834257923825072],[-48.113101022344026,-15.834986884847],[-48.111935044239694,-15.834990236444396],[-48.11269680611247,-15.835537527953804],[-48.1112515876468,-15.837431511305812],[-48.11311453838429,-15.834989692848128],[-48.11210956882439,-15.83425592189699],[-48.11374924886628,-15.83213889365092]],[[-48.11349671127335,-15.825261434266194],[-48.1115422241091,-15.827786356324754],[-48.10941368736194,-15.826446349656747],[-48.111546882131215,-15.827794348871608],[-48.11349671127335,-15.825261434266194]],[[-48.11342442901648,-15.8364384191339],[-48.11323522797068,-15.836680921332027],[-48.113082437008806,-15.836887895299784],[-48.11342442901648,-15.8364384191339]],[[-48.11290290984225,-15.823675620029078],[-48.111768462577956,-15.823074432810031],[-48.112898369685595,-15.823675012540152],[-48.11276325540356,-15.823875386348103],[-48.11290290984225,-15.823675620029078]],[[-48.112793640469235,-15.820379945541896],[-48.11230698823047,-15.821233567645569],[-48.11231039106754,-15.821235308382853],[-48.112793640469235,-15.820379945541896]],[[-48.11258417148042,-15.891814593975925],[-48.112211039449114,-15.891628853629069],[-48.11111992596557,-15.891192829117411],[-48.11258417148042,-15.891814593975925]],[[-48.1120414676848,-15.790364071013993],[-48.11190623406455,-15.790355107369692],[-48.11185002881977,-15.791779571852395],[-48.1120414676848,-15.790364071013993]],[[-48.111810613158354,-15.791938591855152],[-48.11143651999797,-15.792932266892933],[-48.11168154414114,-15.792341993558635],[-48.111810613158354,-15.791938591855152]],[[-48.11172493808726,-15.794037564510441],[-48.11163070646239,-15.79397969774521],[-48.11159302761977,-15.793969060360446],[-48.11172493808726,-15.794037564510441]],[[-48.11170011641584,-15.838704637372688],[-48.11158354920575,-15.838623668908514],[-48.11168054378144,-15.838730360775738],[-48.11170011641584,-15.838704637372688]],[[-48.11164425307698,-15.790323599405928],[-48.111628150805814,-15.790320867582848],[-48.11163095458836,-15.790322620613102],[-48.11164425307698,-15.790323599405928]],[[-48.11157325210606,-15.793963477429601],[-48.11148920783017,-15.793939751056167],[-48.1114115905116,-15.793940862981108],[-48.11157325210606,-15.793963477429601]],[[-48.11154060362232,-15.83501233017529],[-48.11023067991157,-15.836740080597066],[-48.109432004872865,-15.836154301181365],[-48.10896280396343,-15.83679416521017],[-48.10975432166478,-15.837349158372996],[-48.10897717561335,-15.836785411997887],[-48.109436634613424,-15.836169632144465],[-48.11023512678639,-15.836743468603055],[-48.11154060362232,-15.83501233017529]],[[-48.11141584173399,-15.7900947078363],[-48.111264654505405,-15.789882006239216],[-48.11126038950572,-15.789894049918797],[-48.11141584173399,-15.7900947078363]],[[-48.11140318736251,-15.794793258961075],[-48.11132450225889,-15.794865362599658],[-48.111379067459154,-15.794829438518486],[-48.11140318736251,-15.794793258961075]],[[-48.11138405595454,-15.848393754057863],[-48.109665817641556,-15.847162300447462],[-48.10962253713357,-15.847164366642987],[-48.11138405595454,-15.848393754057863]],[[-48.11131553145235,-15.793936043251463],[-48.111286466290196,-15.793933154036568],[-48.11124989424883,-15.793947531363417],[-48.11131553145235,-15.793936043251463]],[[-48.11116233853977,-15.790170891391053],[-48.11093219789236,-15.790820683313799],[-48.11063289906985,-15.79183988522636],[-48.11116233853977,-15.790170891391053]],[[-48.11098271751602,-15.794075717973007],[-48.110771004308006,-15.793489929887114],[-48.109878834161485,-15.792496548689376],[-48.11098271751602,-15.794075717973007]],[[-48.11076940121885,-15.83804704481005],[-48.11060890155701,-15.837941120620073],[-48.1107661261166,-15.838051225373409],[-48.11076940121885,-15.83804704481005]],[[-48.110671234676325,-15.795306897454003],[-48.109396567827595,-15.796140300954775],[-48.10962989173816,-15.7965603070803],[-48.110671234676325,-15.795306897454003]],[[-48.11060783204944,-15.791898912083992],[-48.11001401225317,-15.791044871093993],[-48.11060649175599,-15.791902068911554],[-48.11060783204944,-15.791898912083992]],[[-48.11060122102904,-15.89097820875042],[-48.109794082578084,-15.890579297535496],[-48.10972571647281,-15.890565520059823],[-48.11060122102904,-15.89097820875042]],[[-48.11032503506076,-15.794491814580791],[-48.10830460650337,-15.795848428050322],[-48.10775847267296,-15.795081554653212],[-48.108297803783486,-15.795862361728576],[-48.11032503506076,-15.794491814580791]],[[-48.109985320653486,-15.87714800138616],[-48.109188958404346,-15.877042826666559],[-48.10964824394678,-15.877259194548213],[-48.109985320653486,-15.87714800138616]],[[-48.10992296172213,-15.837488420380183],[-48.109755974294224,-15.837355176955201],[-48.10751884895427,-15.840254424959085],[-48.10992296172213,-15.837488420380183]],[[-48.10960346573955,-15.890512222238348],[-48.1095649283063,-15.890486410184815],[-48.10959292942275,-15.89050831803634],[-48.10960346573955,-15.890512222238348]],[[-48.10951500812077,-15.847055150334187],[-48.10721612256308,-15.845422440262467],[-48.10908194043065,-15.846752535015986],[-48.10951500812077,-15.847055150334187]],[[-48.10944888910474,-15.79857287488741],[-48.108592668857305,-15.799507433030701],[-48.10869533716797,-15.799585602209804],[-48.10944888910474,-15.79857287488741]],[[-48.10920934526278,-15.892754235770864],[-48.10863530630474,-15.89248499675263],[-48.10875834111655,-15.892549658561512],[-48.10920934526278,-15.892754235770864]],[[-48.1090783455309,-15.890194739091745],[-48.10904127643502,-15.89016945566264],[-48.108932867776595,-15.890123638333746],[-48.1090783455309,-15.890194739091745]],[[-48.10896017872818,-15.809525688177985],[-48.108938460346025,-15.809511403687834],[-48.10777255206048,-15.811633194647786],[-48.10896017872818,-15.809525688177985]],[[-48.1089400257121,-15.8873762317302],[-48.10892249327836,-15.887369347403306],[-48.1088577924463,-15.887577978894848],[-48.1089400257121,-15.8873762317302]],[[-48.10877496603905,-15.876871044035127],[-48.108387509738805,-15.876708674640712],[-48.108443121321855,-15.876739009255736],[-48.10877496603905,-15.876871044035127]],[[-48.10866241754641,-15.809329852263886],[-48.10728265223568,-15.808422379235642],[-48.107271519045746,-15.80843679390989],[-48.10866241754641,-15.809329852263886]],[[-48.1085348763611,-15.842863880027505],[-48.10679884323211,-15.845124966816456],[-48.10815750582047,-15.843376859528613],[-48.1085348763611,-15.842863880027505]],[[-48.10823771592513,-15.876652158038992],[-48.108225551410555,-15.876647941170212],[-48.107934227898355,-15.876623000710213],[-48.10823771592513,-15.876652158038992]],[[-48.10815058993744,-15.832264085582018],[-48.10742514846075,-15.833183572474969],[-48.107205203782556,-15.833489261838372],[-48.10815058993744,-15.832264085582018]],[[-48.10801062340206,-15.832161882841804],[-48.10783561190428,-15.832034090968822],[-48.10774527815401,-15.831980823111461],[-48.10801062340206,-15.832161882841804]],[[-48.10799098422323,-15.889288707901564],[-48.10778850031065,-15.889184186080008],[-48.107989673533055,-15.889291631428252],[-48.10799098422323,-15.889288707901564]],[[-48.10795153557834,-15.88972594744767],[-48.10784001344387,-15.889625488473461],[-48.107815142079446,-15.889673874921014],[-48.10795153557834,-15.88972594744767]],[[-48.10781894898083,-15.886934157146568],[-48.10706462624626,-15.886634925956312],[-48.10738373137279,-15.886773623693381],[-48.10781894898083,-15.886934157146568]],[[-48.107777647643296,-15.876801572676387],[-48.10687301926495,-15.878657115391857],[-48.10697631808551,-15.878468206459027],[-48.107777647643296,-15.876801572676387]],[[-48.107724032593964,-15.889150906655255],[-48.10751822546734,-15.889044668047706],[-48.10737455427194,-15.888982983585395],[-48.107724032593964,-15.889150906655255]],[[-48.10769081977197,-15.79788650818644],[-48.10494837072877,-15.799598356732076],[-48.1049912748176,-15.799697338875163],[-48.10769081977197,-15.79788650818644]],[[-48.107379804194615,-15.812341344594321],[-48.10467423350236,-15.817202960774813],[-48.10190985730556,-15.815795204504118],[-48.10467546184184,-15.817212919547668],[-48.107379804194615,-15.812341344594321]],[[-48.10728787611731,-15.84154132164104],[-48.10598204136349,-15.840604024538514],[-48.10576597517638,-15.840895335383966],[-48.10728787611731,-15.84154132164104]],[[-48.107241351379486,-15.831683663694815],[-48.10665700622022,-15.831339079554317],[-48.103460684457865,-15.837078782736693],[-48.106654487686654,-15.831352356931774],[-48.107241351379486,-15.831683663694815]],[[-48.10719638270733,-15.888892537238485],[-48.10718475087598,-15.888893957782937],[-48.10719580161363,-15.888899107969305],[-48.10719638270733,-15.888892537238485]],[[-48.10716983426028,-15.88888700590617],[-48.10699619194563,-15.888789543593619],[-48.10708660419791,-15.888848217468817],[-48.10716983426028,-15.88888700590617]],[[-48.107084757630105,-15.808678604838413],[-48.10357510460798,-15.81325441477958],[-48.10502149379643,-15.811395954465306],[-48.107084757630105,-15.808678604838413]],[[-48.10690074080878,-15.793877122770791],[-48.10587372433162,-15.792434954092807],[-48.10089635854546,-15.795795609417143],[-48.10585890695405,-15.792449834797905],[-48.10690074080878,-15.793877122770791]],[[-48.106782021270746,-15.834054434997467],[-48.10577228579843,-15.835379042977085],[-48.10453562256986,-15.837016562944527],[-48.106782021270746,-15.834054434997467]],[[-48.10652995354944,-15.888516007624093],[-48.10632426944146,-15.888452652493225],[-48.10617945270203,-15.888437243465745],[-48.10652995354944,-15.888516007624093]],[[-48.106443608741955,-15.886381423765659],[-48.106331954181876,-15.886335124954153],[-48.106366043144035,-15.886349761372283],[-48.106443608741955,-15.886381423765659]],[[-48.106346606975684,-15.8764474544795],[-48.10610522275405,-15.876969951572443],[-48.10629921861108,-15.87658006927415],[-48.106346606975684,-15.8764474544795]],[[-48.106340726605154,-15.841798920655274],[-48.10552564000647,-15.841219367240669],[-48.1063368084382,-15.841800463949047],[-48.10551555941813,-15.842906963690448],[-48.106340726605154,-15.841798920655274]],[[-48.10630672331154,-15.876252953778618],[-48.106075582931325,-15.87606829611939],[-48.10605182321018,-15.876128358073315],[-48.10630672331154,-15.876252953778618]],[[-48.106212546260245,-15.875757120621346],[-48.10614883073872,-15.875889831818238],[-48.1061886967821,-15.875891186755133],[-48.106212546260245,-15.875757120621346]],[[-48.106148670005226,-15.875657467221979],[-48.10613668171376,-15.875638762225119],[-48.10600175143712,-15.875583600448566],[-48.106148670005226,-15.875657467221979]],[[-48.10614071799492,-15.885923389742432],[-48.10569119938469,-15.885705641534344],[-48.10613659639562,-15.885934525040996],[-48.10614071799492,-15.885923389742432]],[[-48.1061364241947,-15.888432665854163],[-48.10612646908518,-15.888431606304762],[-48.10610171739815,-15.888437974680489],[-48.1061364241947,-15.888432665854163]],[[-48.106049484064414,-15.87708197256851],[-48.10583833150031,-15.876993980787132],[-48.1060477952998,-15.877085365607735],[-48.106049484064414,-15.87708197256851]],[[-48.10595824583533,-15.888474887186652],[-48.10593299138356,-15.888481384666314],[-48.10593269869193,-15.888482556342256],[-48.10595824583533,-15.888474887186652]],[[-48.10566771172795,-15.875432922694992],[-48.105373712779,-15.87530768852489],[-48.10557159231149,-15.875394676295935],[-48.10566771172795,-15.875432922694992]],[[-48.1055291393038,-15.885627139221617],[-48.10515912004984,-15.885495539064769],[-48.10514454686481,-15.885495748493453],[-48.1055291393038,-15.885627139221617]],[[-48.10524925863746,-15.876738329709289],[-48.105246612815954,-15.876737167739913],[-48.1052244517891,-15.876737486063679],[-48.10524925863746,-15.876738329709289]],[[-48.10519767245475,-15.887423962222398],[-48.10519720990444,-15.887393818742156],[-48.10501167995907,-15.887304496239008],[-48.10519767245475,-15.887423962222398]],[[-48.1050836087602,-15.874059165586488],[-48.10485233787667,-15.873945408425003],[-48.104914182217186,-15.873984042752598],[-48.1050836087602,-15.874059165586488]],[[-48.105059299103154,-15.885496569951398],[-48.10501295924215,-15.885480316145026],[-48.10504468115882,-15.885496780919466],[-48.105059299103154,-15.885496569951398]],[[-48.10505309308742,-15.802657539952136],[-48.10469569249312,-15.803119292638085],[-48.10249655506276,-15.806023067913467],[-48.10505309308742,-15.802657539952136]],[[-48.104976677982144,-15.799710509938063],[-48.104702254917996,-15.799958140456992],[-48.10461835404381,-15.800046739249954],[-48.104976677982144,-15.799710509938063]],[[-48.10497172120083,-15.875129133787164],[-48.104526897094345,-15.874724796088843],[-48.104515285493626,-15.874920107339143],[-48.10497172120083,-15.875129133787164]],[[-48.10491510203783,-15.886508053196685],[-48.104553830748955,-15.88634575649073],[-48.10476639125753,-15.88644482546855],[-48.10491510203783,-15.886508053196685]],[[-48.1048648625182,-15.843717533336426],[-48.104712446649856,-15.843609628228398],[-48.10486321597215,-15.843719713107834],[-48.1048648625182,-15.843717533336426]],[[-48.104831733720644,-15.88716292829542],[-48.10481495226352,-15.887196653156176],[-48.10481649058102,-15.887197496042138],[-48.104831733720644,-15.88716292829542]],[[-48.104720204984005,-15.87386286423059],[-48.10454089521653,-15.87374693753451],[-48.10461512398788,-15.873797219635936],[-48.104720204984005,-15.87386286423059]],[[-48.10459716565549,-15.815434122561397],[-48.102736647671264,-15.814446953747249],[-48.10269454315863,-15.814509338285687],[-48.10459716565549,-15.815434122561397]],[[-48.104504867150276,-15.798991689615189],[-48.10422634604895,-15.798597023184803],[-48.10432979757149,-15.798763054020784],[-48.104504867150276,-15.798991689615189]],[[-48.1044803211923,-15.87467781529154],[-48.10441817797484,-15.874636187472424],[-48.10421643171151,-15.874546335725787],[-48.1044803211923,-15.87467781529154]],[[-48.10445719534893,-15.873690239829054],[-48.10390609733482,-15.873184208146712],[-48.1041656206076,-15.873457272406545],[-48.10445719534893,-15.873690239829054]],[[-48.10440104066569,-15.885222744990566],[-48.10409408161926,-15.885058730421168],[-48.10433656989351,-15.885196388746321],[-48.10440104066569,-15.885222744990566]],[[-48.10412076671853,-15.800438385081378],[-48.10381406828683,-15.800649552201971],[-48.103965621076355,-15.800549629042743],[-48.10412076671853,-15.800438385081378]],[[-48.10409038833848,-15.837602949866556],[-48.10379873116043,-15.83811121783672],[-48.10403889155242,-15.83778378378366],[-48.10409038833848,-15.837602949866556]],[[-48.104008639371365,-15.884928546572246],[-48.103844068290755,-15.8847426291512],[-48.103984249107086,-15.884947268565368],[-48.104008639371365,-15.884928546572246]],[[-48.103856073184225,-15.873131572903862],[-48.103255492659464,-15.87239765782779],[-48.10361356776127,-15.87286795306305],[-48.103856073184225,-15.873131572903862]],[[-48.10379131478898,-15.80597462557287],[-48.10089143110576,-15.80979643827415],[-48.101900778195564,-15.808488262916937],[-48.10379131478898,-15.80597462557287]],[[-48.103781630084214,-15.87431728699424],[-48.103671993612366,-15.874264664178707],[-48.10366791849565,-15.87426428476193],[-48.103781630084214,-15.87431728699424]],[[-48.10373333595093,-15.818869505332028],[-48.10146924249215,-15.817682256864474],[-48.103730238280825,-15.818881698446791],[-48.10373333595093,-15.818869505332028]],[[-48.10372671303975,-15.818895574402339],[-48.10360729218164,-15.819111719572083],[-48.10372529395885,-15.818901159404666],[-48.10372671303975,-15.818895574402339]],[[-48.103659320769054,-15.874263484497206],[-48.10356076136636,-15.874254316190594],[-48.103546346423386,-15.874265105291041],[-48.103659320769054,-15.874263484497206]],[[-48.10354232176071,-15.81329697968662],[-48.103389850436706,-15.813494946369426],[-48.10303681590718,-15.814009476209534],[-48.10354232176071,-15.81329697968662]],[[-48.10345557491651,-15.885841035643228],[-48.103064880826096,-15.885652968650911],[-48.103027161168626,-15.885646064901248],[-48.10345557491651,-15.885841035643228]],[[-48.10343738442706,-15.842709816518008],[-48.102076645448456,-15.841762182996078],[-48.102392046389284,-15.8419877432658],[-48.10343738442706,-15.842709816518008]],[[-48.103431289810544,-15.874411807688917],[-48.10335676288146,-15.874523563291728],[-48.10336155302363,-15.874530545413194],[-48.103431289810544,-15.874411807688917]],[[-48.1033321453218,-15.80568371226022],[-48.102839197811775,-15.806306265809674],[-48.100920616756426,-15.804522856861674],[-48.10284009613772,-15.80631074590309],[-48.1033321453218,-15.80568371226022]],[[-48.103300511163226,-15.837365667122986],[-48.10121736200335,-15.841090638878468],[-48.10203134167104,-15.83974773607275],[-48.10197099023253,-15.839747102314169],[-48.103300511163226,-15.837365667122986]],[[-48.10328672766472,-15.819683726872588],[-48.10310886535283,-15.819590431350296],[-48.10299094861384,-15.820211503738712],[-48.10328672766472,-15.819683726872588]],[[-48.10313013881256,-15.872242950563786],[-48.102924576440344,-15.871988921149635],[-48.10293211755083,-15.872029031582214],[-48.10313013881256,-15.872242950563786]],[[-48.1029942171274,-15.802379144115434],[-48.10185831764038,-15.800809291416028],[-48.10280692991585,-15.802503937550002],[-48.1029942171274,-15.802379144115434]],[[-48.10295251454003,-15.86981302942502],[-48.10289694674774,-15.869700652320905],[-48.10290569534514,-15.869747192281151],[-48.10295251454003,-15.86981302942502]],[[-48.10294846034965,-15.885609383683786],[-48.10266224820781,-15.885471278905717],[-48.10259925928313,-15.885808681472032],[-48.10294846034965,-15.885609383683786]],[[-48.10294231363123,-15.874003171547097],[-48.102566356459725,-15.873529215041012],[-48.102631816284386,-15.873621262686916],[-48.10294231363123,-15.874003171547097]],[[-48.10293840418736,-15.820315311249992],[-48.102935074595784,-15.82031347630033],[-48.10253792012071,-15.82103744160183],[-48.10293840418736,-15.820315311249992]],[[-48.102834767172055,-15.886583173947205],[-48.10263474236105,-15.885956078740785],[-48.10264818747797,-15.886164282452095],[-48.102834767172055,-15.886583173947205]],[[-48.10281885023457,-15.80301473131323],[-48.10260016352422,-15.802662165439141],[-48.10258613535613,-15.802672900315141],[-48.10281885023457,-15.80301473131323]],[[-48.10267300241516,-15.889048551276213],[-48.10260676155499,-15.889204665221499],[-48.10264780481271,-15.889138962834535],[-48.10267300241516,-15.889048551276213]],[[-48.102583351432095,-15.803196360135994],[-48.10149691189523,-15.803927286790481],[-48.102550587524966,-15.803221629856258],[-48.102583351432095,-15.803196360135994]],[[-48.102563846201406,-15.839753325424212],[-48.10250916395904,-15.839752751478903],[-48.101406500432475,-15.841282921094857],[-48.102563846201406,-15.839753325424212]],[[-48.10250692357294,-15.814788860716765],[-48.10235688555374,-15.815012391819302],[-48.10198511509959,-15.815663416950125],[-48.10250692357294,-15.814788860716765]],[[-48.102492296198,-15.889387904631553],[-48.10236245957467,-15.889576594455876],[-48.102457825365704,-15.889625173311774],[-48.10229769986255,-15.889965626963377],[-48.102492296198,-15.889387904631553]],[[-48.10247602326162,-15.884137329834061],[-48.10229827253228,-15.884050806310624],[-48.101956153223526,-15.883895326130988],[-48.10247602326162,-15.884137329834061]],[[-48.10247357745103,-15.873362171163604],[-48.10235126220291,-15.873287034618661],[-48.10246527364604,-15.873387074494978],[-48.10247357745103,-15.873362171163604]],[[-48.10246574002941,-15.871419347606986],[-48.101111893393,-15.869762591437285],[-48.101424579392805,-15.870152035482908],[-48.10246574002941,-15.871419347606986]],[[-48.10237602028069,-15.799826900336928],[-48.10154889267562,-15.800376666782267],[-48.10157258555491,-15.800409793337698],[-48.10237602028069,-15.799826900336928]],[[-48.10205622946714,-15.876782673477349],[-48.100707641637705,-15.876180668241231],[-48.10172184310996,-15.876669680415196],[-48.10205622946714,-15.876782673477349]],[[-48.102052562813775,-15.821917540954827],[-48.09987501538332,-15.821628646260063],[-48.10175014500951,-15.822465911997742],[-48.102052562813775,-15.821917540954827]],[[-48.10188750159843,-15.883861905025986],[-48.101653763679025,-15.88373131585668],[-48.10176033958008,-15.883799998794066],[-48.10188750159843,-15.883861905025986]],[[-48.101823700796835,-15.873084909727826],[-48.101678207608245,-15.873034471374229],[-48.10170978665015,-15.873049191017788],[-48.101823700796835,-15.873084909727826]],[[-48.101723184249636,-15.872727848917147],[-48.101702712306945,-15.872722878565375],[-48.101679023486206,-15.872820729014288],[-48.101723184249636,-15.872727848917147]],[[-48.10164760389366,-15.872709498663404],[-48.10156301844748,-15.87268896246618],[-48.10159343574279,-15.872704459058397],[-48.10164760389366,-15.872709498663404]],[[-48.10136705713013,-15.89028851469295],[-48.10099070599388,-15.890100817923527],[-48.10131979901968,-15.890268905528673],[-48.10136705713013,-15.89028851469295]],[[-48.101146188831514,-15.872504389067103],[-48.100866975935965,-15.872291515812357],[-48.10107155245547,-15.87247304559522],[-48.101146188831514,-15.872504389067103]],[[-48.10110030454319,-15.886404533491744],[-48.100137360324624,-15.885960346861363],[-48.10049141981168,-15.886147865325517],[-48.10110030454319,-15.886404533491744]],[[-48.101032012153915,-15.817467834235172],[-48.10065715821738,-15.81839702417677],[-48.10097521680268,-15.818471217266858],[-48.101032012153915,-15.817467834235172]],[[-48.101030599262195,-15.840996142123103],[-48.10013328424312,-15.840511987486558],[-48.10084366088091,-15.840901555593199],[-48.101030599262195,-15.840996142123103]],[[-48.100969554099684,-15.805922743352934],[-48.100930278624375,-15.805825719312557],[-48.100907206037135,-15.805793259309311],[-48.100969554099684,-15.805922743352934]],[[-48.1009344181645,-15.871186325973566],[-48.10083006043371,-15.871187822407325],[-48.10092805697481,-15.871196940709584],[-48.1009344181645,-15.871186325973566]],[[-48.10092289014728,-15.871205561829536],[-48.10088034747227,-15.87126935361789],[-48.10086434231221,-15.871314842833092],[-48.10092289014728,-15.871205561829536]],[[-48.10082247552871,-15.87118711673601],[-48.10054808237083,-15.870941022008571],[-48.100436073626696,-15.870871046303128],[-48.10082247552871,-15.87118711673601]],[[-48.10076901648736,-15.869337211821762],[-48.10073260476548,-15.869290117530827],[-48.1007289237605,-15.869337000202732],[-48.10076901648736,-15.869337211821762]],[[-48.10072899870898,-15.86928545328548],[-48.10007222666065,-15.868461941534473],[-48.09989581008435,-15.868285128605724],[-48.10072899870898,-15.86928545328548]],[[-48.100660147268826,-15.805431936662236],[-48.100314581872055,-15.804955185967357],[-48.100308014160824,-15.80495986752812],[-48.100660147268826,-15.805431936662236]],[[-48.10065792118325,-15.818515776417685],[-48.10065784810489,-15.818515693490648],[-48.10065785384648,-15.818516069927076],[-48.10065792118325,-15.818515776417685]],[[-48.10060073458117,-15.818558537381662],[-48.100312018784585,-15.81931779564127],[-48.100501879525034,-15.818841507874584],[-48.10060073458117,-15.818558537381662]],[[-48.100551927294674,-15.876107939424873],[-48.10009148968145,-15.875804434012812],[-48.10006851185536,-15.8758930870538],[-48.100551927294674,-15.876107939424873]],[[-48.10046959691007,-15.809491731272365],[-48.10046269836089,-15.809487075045153],[-48.10025368450998,-15.809773616969645],[-48.10046959691007,-15.809491731272365]],[[-48.10041419139812,-15.810414963223675],[-48.100226499798204,-15.810285434426007],[-48.10040857522201,-15.810422242471391],[-48.10041419139812,-15.810414963223675]],[[-48.1002546745281,-15.804966189585615],[-48.10022095509878,-15.804966673003642],[-48.10021163639953,-15.804972770811723],[-48.1002546745281,-15.804966189585615]],[[-48.10023189615161,-15.883402157280614],[-48.09867349971843,-15.88293236799951],[-48.10002550774859,-15.883347096537841],[-48.10023189615161,-15.883402157280614]],[[-48.10007388142458,-15.875696832813851],[-48.09931030192626,-15.875242443873146],[-48.099431184731465,-15.875376649093557],[-48.10007388142458,-15.875696832813851]],[[-48.100059208460664,-15.885923920297653],[-48.09978289854292,-15.885795131958092],[-48.099832302509924,-15.885822865134884],[-48.100059208460664,-15.885923920297653]],[[-48.099996452413535,-15.884673397114241],[-48.097518030641226,-15.88387470994649],[-48.09998952815711,-15.884694052298057],[-48.099996452413535,-15.884673397114241]],[[-48.09993971552529,-15.884842639720189],[-48.099904961075865,-15.88492595582134],[-48.09976592237887,-15.885361058918813],[-48.09993971552529,-15.884842639720189]],[[-48.09993720259751,-15.81102345160968],[-48.09961433321548,-15.810792494045455],[-48.09993164141079,-15.811030914260988],[-48.09993720259751,-15.81102345160968]],[[-48.09991939554731,-15.805164077319548],[-48.098531458598416,-15.806088393061822],[-48.09921208635772,-15.805646445718288],[-48.09991939554731,-15.805164077319548]],[[-48.099915214446,-15.820356284537858],[-48.099718988304836,-15.82086164248604],[-48.09983402372477,-15.820570845386385],[-48.099915214446,-15.820356284537858]],[[-48.09985379538991,-15.809076090743938],[-48.09901887274986,-15.808512546086446],[-48.09901462108533,-15.808518181452882],[-48.09985379538991,-15.809076090743938]],[[-48.09984799775945,-15.810041127586013],[-48.098598110289934,-15.809070416067538],[-48.09838002115643,-15.809359571884713],[-48.09984799775945,-15.810041127586013]],[[-48.09981370278629,-15.868200159626403],[-48.09927032500505,-15.867673124482979],[-48.09889204974704,-15.867501193776926],[-48.09981370278629,-15.868200159626403]],[[-48.09969738733128,-15.810223045646271],[-48.09936524932558,-15.810605336507814],[-48.099374887199254,-15.81061257843906],[-48.09969738733128,-15.810223045646271]],[[-48.0996786659726,-15.88562133911979],[-48.0996455633424,-15.885718039863189],[-48.09964613925915,-15.885718362972622],[-48.0996786659726,-15.88562133911979]],[[-48.09954766386837,-15.870250908063731],[-48.09952535259495,-15.870238988760523],[-48.099517416782895,-15.870236808180268],[-48.09954766386837,-15.870250908063731]],[[-48.099301827493,-15.875235621905013],[-48.09907710617864,-15.87520275716337],[-48.09920707473991,-15.875248467149648],[-48.099301827493,-15.875235621905013]],[[-48.09907068465903,-15.812195297975533],[-48.099023733035764,-15.812195968598692],[-48.09902519616594,-15.812270443416026],[-48.09907068465903,-15.812195297975533]],[[-48.09902592459668,-15.869846380055728],[-48.099017194385645,-15.869832089132531],[-48.09901960137887,-15.86983874708599],[-48.09902592459668,-15.869846380055728]],[[-48.098953748630876,-15.86932761842506],[-48.09894966580639,-15.869322825536878],[-48.098947425070506,-15.869327585335327],[-48.098953748630876,-15.86932761842506]],[[-48.09888876825583,-15.875000825301242],[-48.09850282668619,-15.8746338308],[-48.09888273511997,-15.875022467186584],[-48.09888876825583,-15.875000825301242]],[[-48.09885919436545,-15.867419842747195],[-48.09885676481885,-15.867260977988355],[-48.098797550366875,-15.867084527048052],[-48.09885919436545,-15.867419842747195]],[[-48.09885392730781,-15.86974037503803],[-48.09880867684614,-15.869716884747731],[-48.098832878838884,-15.869733918279053],[-48.09885392730781,-15.86974037503803]],[[-48.09868349252186,-15.812834926204593],[-48.09737082424739,-15.812144529000086],[-48.09866824827047,-15.812860104351738],[-48.09868349252186,-15.812834926204593]],[[-48.09861709743952,-15.866745782910986],[-48.09861429955318,-15.866738875016617],[-48.09861063004356,-15.866733715022159],[-48.09861709743952,-15.866745782910986]],[[-48.098554511900126,-15.86665479463217],[-48.098433397983165,-15.866523697253875],[-48.09850724160162,-15.866610376296883],[-48.098554511900126,-15.86665479463217]],[[-48.09842600133303,-15.874561644445716],[-48.098289710322746,-15.87438404007811],[-48.09840642278852,-15.87454324811192],[-48.09842600133303,-15.874561644445716]],[[-48.098296527780064,-15.817682344572468],[-48.097891624118255,-15.818330905185393],[-48.09802309628991,-15.81837883082445],[-48.098296527780064,-15.817682344572468]],[[-48.09813751399491,-15.813767670704811],[-48.09810596785729,-15.813820305698096],[-48.098108415338295,-15.813821180895062],[-48.09813751399491,-15.813767670704811]],[[-48.098131609377226,-15.809680486557554],[-48.098085031865594,-15.809666190081806],[-48.09812909603069,-15.809683733239982],[-48.098131609377226,-15.809680486557554]],[[-48.098122408056604,-15.882770363144996],[-48.09810204069285,-15.882765893130113],[-48.098113372537235,-15.88277847178378],[-48.098122408056604,-15.882770363144996]],[[-48.09804727417194,-15.813799311141603],[-48.09736039695569,-15.813450425442717],[-48.098010205554694,-15.813786051016871],[-48.09804727417194,-15.813799311141603]],[[-48.09792306776371,-15.873882289282742],[-48.09792132060893,-15.873879921575641],[-48.097909799109836,-15.873885704627877],[-48.09792306776371,-15.873882289282742]],[[-48.09783328323194,-15.814151724526903],[-48.09782819774473,-15.81416164985495],[-48.09783015697638,-15.814160533854698],[-48.09783328323194,-15.814151724526903]],[[-48.09777558409295,-15.873953077631159],[-48.09777435093588,-15.873953696644309],[-48.097770678131546,-15.873957358240618],[-48.09777558409295,-15.873953077631159]],[[-48.09776959023453,-15.891358877011374],[-48.09672146320431,-15.89103395726298],[-48.09721734661302,-15.891196142463825],[-48.09776959023453,-15.891358877011374]],[[-48.09776312865836,-15.80980104511911],[-48.097417406620295,-15.81013564258447],[-48.09717363275759,-15.810388859446048],[-48.09776312865836,-15.80980104511911]],[[-48.09764126273918,-15.883202111504207],[-48.096000643840966,-15.882721399973729],[-48.09763810461291,-15.883212346230938],[-48.09764126273918,-15.883202111504207]],[[-48.09757684828571,-15.874145725217403],[-48.097504964229906,-15.874100816234172],[-48.097573509045944,-15.874149055175202],[-48.09757684828571,-15.874145725217403]],[[-48.09744641373985,-15.874064236171359],[-48.09726845783857,-15.873960944132774],[-48.09718945803997,-15.873921606851662],[-48.09744641373985,-15.874064236171359]],[[-48.097383732206865,-15.872621460558573],[-48.09689868701437,-15.872377563723505],[-48.096121834792804,-15.872091935761798],[-48.097383732206865,-15.872621460558573]],[[-48.097367624503704,-15.839124747735385],[-48.09736691067062,-15.839123873076435],[-48.09735392008213,-15.839117555952601],[-48.097367624503704,-15.839124747735385]],[[-48.09732040973344,-15.872761822001403],[-48.09677041869318,-15.873674649171988],[-48.09715696487956,-15.873126395380257],[-48.09732040973344,-15.872761822001403]],[[-48.09708431339266,-15.818022701558808],[-48.09695603393716,-15.817968341493117],[-48.0968118712287,-15.817918792264585],[-48.09708431339266,-15.818022701558808]],[[-48.0970826813858,-15.873868437372881],[-48.09687069364325,-15.873775522113329],[-48.0968180081922,-15.873763572611228],[-48.0970826813858,-15.873868437372881]],[[-48.09688578696769,-15.807182036743493],[-48.096188851388035,-15.807644768866354],[-48.09621235324708,-15.807689651207781],[-48.09688578696769,-15.807182036743493]],[[-48.096885539495005,-15.810681505555513],[-48.096293260168196,-15.81123819082106],[-48.09648772624099,-15.811109946111012],[-48.096885539495005,-15.810681505555513]],[[-48.096771537308236,-15.89071231700034],[-48.09676546222081,-15.89070283945496],[-48.09676604771334,-15.890741090519297],[-48.096771537308236,-15.89071231700034]],[[-48.09675669223953,-15.890790125922171],[-48.0967337398144,-15.890860210109329],[-48.096748685898554,-15.89083209378496],[-48.09675669223953,-15.890790125922171]],[[-48.09675325248114,-15.816434265167844],[-48.0966459398057,-15.816683195926306],[-48.096621962633385,-15.81684981368855],[-48.09675325248114,-15.816434265167844]],[[-48.096653088111665,-15.882086343798136],[-48.09602471573132,-15.881576076324778],[-48.0962618260971,-15.881776542949492],[-48.096653088111665,-15.882086343798136]],[[-48.09661719652733,-15.890557378945545],[-48.096067282028514,-15.890363459465538],[-48.09635474532036,-15.89047986828955],[-48.09661719652733,-15.890557378945545]],[[-48.096605062164784,-15.868203974888111],[-48.09643818226297,-15.868503415567055],[-48.09598518492027,-15.869904943804192],[-48.096605062164784,-15.868203974888111]],[[-48.09655036905023,-15.811987617621337],[-48.09603890961938,-15.812876922282266],[-48.08818626851116,-15.809544895948946],[-48.08890516337851,-15.808267731570684],[-48.08815420469564,-15.809541290859347],[-48.096039458201616,-15.812881039921963],[-48.09655036905023,-15.811987617621337]],[[-48.09638224429526,-15.887007099690864],[-48.096240680067794,-15.886956721097594],[-48.09638099259253,-15.88701468230314],[-48.09638224429526,-15.887007099690864]],[[-48.096371103521825,-15.88707458115688],[-48.09629378662912,-15.887481322048316],[-48.09630381397781,-15.887482165235527],[-48.096371103521825,-15.88707458115688]],[[-48.09625492111564,-15.816997484267953],[-48.09625327305185,-15.816996927211811],[-48.09620236666083,-15.817148061368249],[-48.09625492111564,-15.816997484267953]],[[-48.09621024759222,-15.886944148826203],[-48.09613195107797,-15.88690350892335],[-48.09615813415051,-15.886922622369276],[-48.09621024759222,-15.886944148826203]],[[-48.0961813241937,-15.816972589234698],[-48.095714824090216,-15.816814786801498],[-48.09571322553949,-15.816820115207388],[-48.0961813241937,-15.816972589234698]],[[-48.09609364207987,-15.872068393928425],[-48.09592932791226,-15.87193753656718],[-48.09561000821741,-15.871778477720614],[-48.09609364207987,-15.872068393928425]],[[-48.0960533087932,-15.807808387697003],[-48.0956009649394,-15.808135139014919],[-48.09590510229375,-15.808601294612634],[-48.0960533087932,-15.807808387697003]],[[-48.09593751694056,-15.870013031542456],[-48.095271745096184,-15.86970266124251],[-48.09490779245037,-15.869552297146303],[-48.09593751694056,-15.870013031542456]],[[-48.09590423705086,-15.811497700516258],[-48.09543713952918,-15.811623789300246],[-48.09561451254142,-15.81168352007279],[-48.09590423705086,-15.811497700516258]],[[-48.09587694977643,-15.813080131683398],[-48.09383224181516,-15.812282603656612],[-48.09169863813118,-15.81853831816139],[-48.09385641284082,-15.812306472798761],[-48.09587694977643,-15.813080131683398]],[[-48.095844408506906,-15.813191063592376],[-48.09551843359956,-15.813918982086394],[-48.09578493546287,-15.813393802853751],[-48.095844408506906,-15.813191063592376]],[[-48.09582280042369,-15.88668948060256],[-48.09555977690901,-15.886466363893533],[-48.09574654188384,-15.88664184167646],[-48.09582280042369,-15.88668948060256]],[[-48.09580875464189,-15.890213652698133],[-48.095807251115744,-15.890210388514609],[-48.09580758834099,-15.890212976872018],[-48.09580875464189,-15.890213652698133]],[[-48.09562745994868,-15.808795903624658],[-48.095246731989846,-15.809041768280562],[-48.09503084948926,-15.809214088322198],[-48.09562745994868,-15.808795903624658]],[[-48.09561079087854,-15.838217129339936],[-48.094468538641756,-15.837594485789964],[-48.094140223561375,-15.837430123575007],[-48.09561079087854,-15.838217129339936]],[[-48.09545413648568,-15.881168512334115],[-48.09537027561157,-15.881114808506739],[-48.09541289039581,-15.881143676781619],[-48.09545413648568,-15.881168512334115]],[[-48.0954141213683,-15.829276197035577],[-48.09541146509027,-15.829280913023904],[-48.09541182002596,-15.829280579290526],[-48.0954141213683,-15.829276197035577]],[[-48.09536959672887,-15.871685537606893],[-48.09533287105004,-15.871671341149911],[-48.095259696115846,-15.871660610847448],[-48.09536959672887,-15.871685537606893]],[[-48.095352074676086,-15.81425333367526],[-48.09518211176693,-15.81459492573743],[-48.0952464931228,-15.814509216077978],[-48.095352074676086,-15.81425333367526]],[[-48.09522235732605,-15.807602037314473],[-48.09500657384959,-15.807749825874113],[-48.095172257125746,-15.807641318542522],[-48.09522235732605,-15.807602037314473]],[[-48.095179126353486,-15.814600925839237],[-48.09488376602395,-15.815194539380341],[-48.09445400831095,-15.816307472311179],[-48.095179126353486,-15.814600925839237]],[[-48.095148926376545,-15.817375320442007],[-48.09506758044643,-15.817351002416743],[-48.09506667018421,-15.817353575201214],[-48.095148926376545,-15.817375320442007]],[[-48.09514022157377,-15.882241318803985],[-48.095065813343545,-15.882439104155646],[-48.09507741955031,-15.88244260831558],[-48.09514022157377,-15.882241318803985]],[[-48.095073168334245,-15.871613865514806],[-48.095038964498414,-15.87159095130194],[-48.095041643195536,-15.871605201720026],[-48.095073168334245,-15.871613865514806]],[[-48.09500679228634,-15.809233290863698],[-48.09474881539508,-15.80943921032063],[-48.094623702286285,-15.80957288780696],[-48.09500679228634,-15.809233290863698]],[[-48.09482240247519,-15.87143778186019],[-48.09321846403586,-15.870659561459885],[-48.09406733920387,-15.871094278495557],[-48.09482240247519,-15.87143778186019]],[[-48.094709488481776,-15.807958341533967],[-48.09429648158939,-15.80824524049809],[-48.09418893276346,-15.80833718674922],[-48.094709488481776,-15.807958341533967]],[[-48.09470710935892,-15.801406380520728],[-48.09267282954443,-15.802718524527577],[-48.09325523478533,-15.803555259316743],[-48.09268308198948,-15.802724825380935],[-48.09470710935892,-15.801406380520728]],[[-48.0947043869198,-15.869457471833316],[-48.094500512636984,-15.869319729821727],[-48.093960251754545,-15.869114431647874],[-48.0947043869198,-15.869457471833316]],[[-48.094575613513484,-15.809624268422137],[-48.094575249185695,-15.80962465736165],[-48.09457458961343,-15.809625562471146],[-48.094575613513484,-15.809624268422137]],[[-48.094568145276156,-15.811219506545326],[-48.094257819110645,-15.810861520633447],[-48.09454898364038,-15.811210792991815],[-48.094568145276156,-15.811219506545326]],[[-48.09429654357834,-15.810007407850978],[-48.09399638971367,-15.810498981394362],[-48.094117701990754,-15.810667212339034],[-48.09429654357834,-15.810007407850978]],[[-48.09424976275934,-15.800729011855317],[-48.09406624233151,-15.800457202199114],[-48.09409661572372,-15.800519451512233],[-48.09424976275934,-15.800729011855317]],[[-48.09418270043921,-15.880333302689532],[-48.09398228759091,-15.880185077379268],[-48.09349672246847,-15.879994793827757],[-48.09418270043921,-15.880333302689532]],[[-48.09406933282033,-15.816760820343855],[-48.09404449025845,-15.816785590745685],[-48.094027535752204,-15.816826526600389],[-48.09406933282033,-15.816760820343855]],[[-48.09405621703298,-15.881589813681316],[-48.093725324287504,-15.881358957971546],[-48.09369449659256,-15.88134988334197],[-48.09405621703298,-15.881589813681316]],[[-48.09398038298698,-15.816940373858056],[-48.093512363302324,-15.818070377372678],[-48.09319018586053,-15.818969134095706],[-48.09398038298698,-15.816940373858056]],[[-48.09383737963628,-15.82202531386267],[-48.0923879648489,-15.825650495735717],[-48.09268781603763,-15.824944640350765],[-48.09383737963628,-15.82202531386267]],[[-48.09366749715201,-15.804153621113848],[-48.092674431041,-15.804760285542342],[-48.09160448412403,-15.805565309832053],[-48.09366749715201,-15.804153621113848]],[[-48.0934801940356,-15.821894718605773],[-48.09332810124536,-15.8218391089998],[-48.09332640748421,-15.821843334481184],[-48.0934801940356,-15.821894718605773]],[[-48.09346444962372,-15.809045078306156],[-48.09343731293676,-15.809072446428635],[-48.09342292132052,-15.809096079849349],[-48.09346444962372,-15.809045078306156]],[[-48.09343421900427,-15.800040963134753],[-48.092647609084096,-15.80141635741393],[-48.09232089470835,-15.802023342624468],[-48.09343421900427,-15.800040963134753]],[[-48.093345571218066,-15.809223101169911],[-48.0929055712284,-15.809931812998379],[-48.09282983060663,-15.810091059376655],[-48.093345571218066,-15.809223101169911]],[[-48.09331320485615,-15.821809947461627],[-48.09288216402763,-15.82166892928167],[-48.09330629676453,-15.821826196662327],[-48.09331320485615,-15.821809947461627]],[[-48.09325039203129,-15.799913814146699],[-48.09083756816509,-15.798742197972889],[-48.092112536415,-15.799403532609757],[-48.092458118876806,-15.799509624257563],[-48.09325039203129,-15.799913814146699]],[[-48.093227106266575,-15.86878911281405],[-48.092625206864476,-15.868534078918643],[-48.092531347117514,-15.86876518022106],[-48.093227106266575,-15.86878911281405]],[[-48.093201792649744,-15.819571572435406],[-48.093174949353994,-15.819378708931033],[-48.09319754032838,-15.819585462320163],[-48.093201792649744,-15.819571572435406]],[[-48.09314904626821,-15.819743853848149],[-48.093147742408725,-15.81974734690898],[-48.09314887833165,-15.819744401611494],[-48.09314904626821,-15.819743853848149]],[[-48.092965344036436,-15.822743420294161],[-48.09228983730484,-15.824427356382396],[-48.092185327982904,-15.824791059104923],[-48.092965344036436,-15.822743420294161]],[[-48.09291719560086,-15.870533983834152],[-48.091981495916954,-15.870022721233225],[-48.092120529398485,-15.870237482407312],[-48.09291719560086,-15.870533983834152]],[[-48.0927640524824,-15.810229358479308],[-48.09275990802061,-15.810238072117075],[-48.09274322886745,-15.81029294513037],[-48.0927640524824,-15.810229358479308]],[[-48.09263089781802,-15.810578844866233],[-48.092275858992885,-15.810469859401854],[-48.09262448798096,-15.810591726202375],[-48.09263089781802,-15.810578844866233]],[[-48.09244748655152,-15.837352940984974],[-48.09214367643349,-15.837230194595433],[-48.09214097157339,-15.837238712587448],[-48.09244748655152,-15.837352940984974]],[[-48.09234900814815,-15.88722801776483],[-48.0912160509469,-15.886915797113197],[-48.092269048707664,-15.887229637135665],[-48.09234900814815,-15.88722801776483]],[[-48.092251109983465,-15.86939380279513],[-48.091980794330325,-15.869976690195378],[-48.09198105553426,-15.86999380502339],[-48.092251109983465,-15.86939380279513]],[[-48.09212926765237,-15.836624592943759],[-48.09212146367823,-15.836621850161393],[-48.09212904593509,-15.836645618963011],[-48.09212926765237,-15.836624592943759]],[[-48.09202865930455,-15.825025991510831],[-48.09186234420877,-15.825383312471471],[-48.0912258995247,-15.82708935066334],[-48.09202865930455,-15.825025991510831]],[[-48.09181085120859,-15.810321957375399],[-48.09036654691157,-15.8094970331917],[-48.090231524720664,-15.809820735953394],[-48.09181085120859,-15.810321957375399]],[[-48.09164894082997,-15.807368294279158],[-48.09153134745205,-15.807472368808291],[-48.091453639074274,-15.807594527871446],[-48.09164894082997,-15.807368294279158]],[[-48.09155167078817,-15.828559121909322],[-48.09154545760243,-15.828556453881221],[-48.09144060307323,-15.828883575887886],[-48.09155167078817,-15.828559121909322]],[[-48.09154840815458,-15.827626807516781],[-48.091428710207566,-15.827888724894516],[-48.091253241754806,-15.828420486735798],[-48.09154840815458,-15.827626807516781]],[[-48.09153101314985,-15.865440879617006],[-48.09152834772007,-15.86533929158367],[-48.091254326973804,-15.865943964970182],[-48.09153101314985,-15.865440879617006]],[[-48.09150101607,-15.86522190451983],[-48.091471756274764,-15.865183469767373],[-48.09143469101373,-15.865159577120204],[-48.09150101607,-15.86522190451983]],[[-48.09148584900025,-15.837095219056943],[-48.090997704794944,-15.837867089108094],[-48.09099611094059,-15.837879232752783],[-48.09148584900025,-15.837095219056943]],[[-48.09146025882457,-15.830434588421555],[-48.09121823924165,-15.830352684584717],[-48.09145952317513,-15.830436504995307],[-48.09146025882457,-15.830434588421555]],[[-48.0914438597415,-15.829090349660847],[-48.09138077537909,-15.829070223760947],[-48.091380066603364,-15.829072435208186],[-48.0914438597415,-15.829090349660847]],[[-48.09128627061628,-15.805829827149502],[-48.09103138076191,-15.806076697491417],[-48.090906840016864,-15.806218661788085],[-48.09128627061628,-15.805829827149502]],[[-48.09126663063483,-15.807832491468735],[-48.09095155116879,-15.808285707291189],[-48.090834978384855,-15.808519986684598],[-48.09126663063483,-15.807832491468735]],[[-48.09112978923617,-15.80411607280478],[-48.09099520614658,-15.804348444974648],[-48.09061915056699,-15.805088125656448],[-48.09112978923617,-15.80411607280478]],[[-48.091101461787396,-15.864958763429613],[-48.09049558775684,-15.864643614195705],[-48.0903775549005,-15.86462431727093],[-48.091101461787396,-15.864958763429613]],[[-48.09108430245959,-15.82746534101364],[-48.09029899876449,-15.829550583207341],[-48.091056950295304,-15.82754987583763],[-48.09108430245959,-15.82746534101364]],[[-48.0910078721433,-15.820579148100116],[-48.09038848358838,-15.82236196071848],[-48.09064140304672,-15.821710684982424],[-48.0910078721433,-15.820579148100116]],[[-48.09095485215289,-15.886058550627716],[-48.09075649012362,-15.886785425041298],[-48.09080851265027,-15.886799008465077],[-48.09095485215289,-15.886058550627716]],[[-48.090895211680035,-15.838647873049942],[-48.09079190602341,-15.8394348518765],[-48.09079497032356,-15.839427024917896],[-48.090895211680035,-15.838647873049942]],[[-48.090848236535415,-15.866776172194761],[-48.09064388552843,-15.86682311885369],[-48.090748189744616,-15.86684083011139],[-48.090848236535415,-15.866776172194761]],[[-48.0907656796368,-15.80637783508554],[-48.0906220044269,-15.806497265549787],[-48.09064477212141,-15.806517479389845],[-48.0907656796368,-15.80637783508554]],[[-48.09074277968245,-15.836124151204768],[-48.08919599556542,-15.835578291130188],[-48.089436186629214,-15.835674658424372],[-48.09074277968245,-15.836124151204768]],[[-48.090609059342825,-15.866815219247927],[-48.09041877602193,-15.866724052579725],[-48.090574904348166,-15.866807471669876],[-48.090609059342825,-15.866815219247927]],[[-48.0905310222485,-15.80912114597543],[-48.09045281550127,-15.809121811887179],[-48.09037546876075,-15.809475643033862],[-48.0905310222485,-15.80912114597543]],[[-48.09045545013677,-15.805397133133313],[-48.088767764216065,-15.80462532391106],[-48.09045021858462,-15.805406852722278],[-48.09045545013677,-15.805397133133313]],[[-48.090385414507224,-15.822370569645342],[-48.09019870254003,-15.822894280390411],[-48.090205037999596,-15.822896231626922],[-48.090385414507224,-15.822370569645342]],[[-48.090176257916106,-15.829867934777322],[-48.0880868297065,-15.835147146265513],[-48.088652339152105,-15.835360209373379],[-48.090176257916106,-15.829867934777322]],[[-48.09011656246111,-15.806026711880868],[-48.08995979915553,-15.806302924426328],[-48.08974935863356,-15.806710592167663],[-48.09011656246111,-15.806026711880868]],[[-48.090102810298454,-15.831632452915876],[-48.08980850792931,-15.832385782956841],[-48.089814574457485,-15.832387999839284],[-48.090102810298454,-15.831632452915876]],[[-48.09009412144464,-15.864545725673349],[-48.08985856263639,-15.864476552732617],[-48.08987121507916,-15.864483957509517],[-48.09009412144464,-15.864545725673349]],[[-48.089665683099376,-15.866369929054693],[-48.08966557880232,-15.866369879980512],[-48.08965353300949,-15.866395909166663],[-48.089665683099376,-15.866369929054693]],[[-48.08960629300468,-15.864346271471247],[-48.08952079198093,-15.864306407547009],[-48.08919418730375,-15.864216012301396],[-48.08960629300468,-15.864346271471247]],[[-48.089590658674034,-15.799302580882351],[-48.08953432045103,-15.799328002752215],[-48.08957677088486,-15.799327398722049],[-48.089590658674034,-15.799302580882351]],[[-48.08949114433925,-15.825021292703882],[-48.088698588540645,-15.827359132027693],[-48.089378894508826,-15.825444167677304],[-48.08949114433925,-15.825021292703882]],[[-48.089371084610924,-15.833532267046454],[-48.08937045416822,-15.83353202682539],[-48.0891263944487,-15.83415457886547],[-48.089371084610924,-15.833532267046454]],[[-48.089252609550115,-15.799906675472572],[-48.08906847196618,-15.800219776496915],[-48.089075112298865,-15.80022386169165],[-48.089252609550115,-15.799906675472572]],[[-48.08921706670388,-15.884221807343915],[-48.0889520478712,-15.885007534029072],[-48.089144055519384,-15.885056618023086],[-48.08921706670388,-15.884221807343915]],[[-48.08920544205258,-15.867185383841473],[-48.089016483285214,-15.867086373103875],[-48.08909974683234,-15.867186893369192],[-48.08920544205258,-15.867185383841473]],[[-48.089094546256106,-15.864175243110143],[-48.08842737344431,-15.86382032884146],[-48.08826964643643,-15.863989810942632],[-48.089094546256106,-15.864175243110143]],[[-48.089005713866875,-15.867077174378206],[-48.08846583945878,-15.866739176012196],[-48.08867419895554,-15.866908465094848],[-48.089005713866875,-15.867077174378206]],[[-48.088973267844445,-15.836192651277438],[-48.088072345262155,-15.835194797157211],[-48.086426385427444,-15.835527295855128],[-48.088973267844445,-15.836192651277438]],[[-48.088455661705034,-15.866732437409278],[-48.08827472005997,-15.866616607245321],[-48.0877877059662,-15.866409412388425],[-48.088455661705034,-15.866732437409278]],[[-48.088368462483444,-15.828305411248971],[-48.08745215906277,-15.83093308675138],[-48.0868275684586,-15.832782156310014],[-48.088368462483444,-15.828305411248971]],[[-48.088269060770465,-15.863989577318316],[-48.087821521427294,-15.863745362212299],[-48.0876292520778,-15.863671020627384],[-48.088269060770465,-15.863989577318316]],[[-48.087978267580176,-15.801811142754389],[-48.08700325291548,-15.80122221177222],[-48.08664309423339,-15.801478905077724],[-48.087978267580176,-15.801811142754389]],[[-48.087751793473366,-15.88723451531799],[-48.087746893124574,-15.88723302238401],[-48.08768556523484,-15.88742024953464],[-48.087751793473366,-15.88723451531799]],[[-48.08772230568424,-15.87820914734793],[-48.08635530670233,-15.876783320210784],[-48.087719579597646,-15.878217646723153],[-48.08707478435624,-15.880260994006473],[-48.08772230568424,-15.87820914734793]],[[-48.087485437607036,-15.800496013911022],[-48.087346337901074,-15.800688731075834],[-48.087322533477405,-15.800725767473178],[-48.087485437607036,-15.800496013911022]],[[-48.08733490234967,-15.866212090908327],[-48.086944777608174,-15.866538139886156],[-48.087124880633034,-15.866622111680359],[-48.08733490234967,-15.866212090908327]],[[-48.087083319451864,-15.863323712859483],[-48.08662659386859,-15.863129470292783],[-48.08692318039364,-15.863289622439668],[-48.087083319451864,-15.863323712859483]],[[-48.086859182306505,-15.803700566902545],[-48.08684101600984,-15.803730291546037],[-48.086841690364274,-15.803730605206683],[-48.086859182306505,-15.803700566902545]],[[-48.086799773883854,-15.866480424447136],[-48.086795964240224,-15.866478907715218],[-48.08679359804524,-15.86650901083578],[-48.086799773883854,-15.866480424447136]],[[-48.08679719491208,-15.81983672112981],[-48.08007509653986,-15.817591586268524],[-48.083124467421385,-15.808675738164213],[-48.08006398381218,-15.817577725066784],[-48.08679719491208,-15.81983672112981]],[[-48.086542211786835,-15.804170691430928],[-48.085197837424104,-15.803361523389105],[-48.085194762932765,-15.80336633728608],[-48.086542211786835,-15.804170691430928]],[[-48.08653636719318,-15.887493536529082],[-48.08567533559768,-15.88723298672676],[-48.08567577662437,-15.887261848872804],[-48.08653636719318,-15.887493536529082]],[[-48.08650044284485,-15.804233390897595],[-48.084799272112214,-15.80409594597123],[-48.08630712082769,-15.804523591195471],[-48.08650044284485,-15.804233390897595]],[[-48.08646092059777,-15.867820828046199],[-48.08616606190494,-15.867721787247735],[-48.086452295149456,-15.867838158258907],[-48.08646092059777,-15.867820828046199]],[[-48.08642220956146,-15.801396409346161],[-48.08641236996569,-15.801409508129765],[-48.086349864901095,-15.801508999758038],[-48.08642220956146,-15.801396409346161]],[[-48.08615742707353,-15.86291136718065],[-48.086105375026335,-15.86288591567308],[-48.08609214635152,-15.86288482582166],[-48.08615742707353,-15.86291136718065]],[[-48.08611834655159,-15.886146966019902],[-48.086026257280054,-15.886090074015923],[-48.08611285463276,-15.886161251141669],[-48.08611834655159,-15.886146966019902]],[[-48.086094950710596,-15.835441596001962],[-48.08495198345808,-15.835196475072669],[-48.08173670410552,-15.834709148778398],[-48.086094950710596,-15.835441596001962]],[[-48.08607340594825,-15.862883280957993],[-48.0857871238598,-15.863057684992137],[-48.085705895416524,-15.863256915758418],[-48.08607340594825,-15.862883280957993]],[[-48.086050362067105,-15.886323834781068],[-48.08602176948767,-15.886367707446347],[-48.086029978342104,-15.886376863278963],[-48.086050362067105,-15.886323834781068]],[[-48.08597814287132,-15.88651172467382],[-48.08591357206794,-15.886668167372608],[-48.085918692670276,-15.886669727635494],[-48.08597814287132,-15.88651172467382]],[[-48.08583018958674,-15.877906354201436],[-48.08530452741917,-15.878972633783906],[-48.085293834083515,-15.87903801857346],[-48.08583018958674,-15.877906354201436]],[[-48.085756060673575,-15.861827787901086],[-48.085669107440566,-15.861795552753227],[-48.08575357064377,-15.861832919552695],[-48.085756060673575,-15.861827787901086]],[[-48.085605306103496,-15.887509205048211],[-48.08549879620519,-15.88779692398942],[-48.08552139944496,-15.887803719871737],[-48.085605306103496,-15.887509205048211]],[[-48.085604708358105,-15.8636714171025],[-48.08558576653338,-15.863502780582138],[-48.08557241131521,-15.863697188686615],[-48.085604708358105,-15.8636714171025]],[[-48.08552175170859,-15.863773141573596],[-48.08542988211151,-15.863910879212703],[-48.085360681976056,-15.864084650927467],[-48.08552175170859,-15.863773141573596]],[[-48.08548012337314,-15.861711413015074],[-48.085476207627806,-15.861710211976014],[-48.08547902141872,-15.861711457623246],[-48.08548012337314,-15.861711413015074]],[[-48.08543201104146,-15.885889677847263],[-48.085284209231475,-15.885839834711122],[-48.0852838399429,-15.885841008374747],[-48.08543201104146,-15.885889677847263]],[[-48.08541194704569,-15.862556751786306],[-48.08505480309903,-15.86329442587077],[-48.08515877882278,-15.863126371411788],[-48.08541194704569,-15.862556751786306]],[[-48.0852384804647,-15.864455591212346],[-48.084581094018574,-15.865814802365357],[-48.08512865587484,-15.864733135513648],[-48.0852384804647,-15.864455591212346]],[[-48.085128170393915,-15.86133640619805],[-48.08505777452848,-15.861485905048067],[-48.08506129118606,-15.861488037290393],[-48.085128170393915,-15.86133640619805]],[[-48.085086293246825,-15.807548555456187],[-48.08479923638573,-15.808461053590811],[-48.084883596141836,-15.808227765143208],[-48.085086293246825,-15.807548555456187]],[[-48.084963591641596,-15.863463649078861],[-48.08444914816066,-15.86434735297134],[-48.08493053054636,-15.863535758145916],[-48.084963591641596,-15.863463649078861]],[[-48.08495087909524,-15.861155094576182],[-48.084764881791976,-15.861035574362756],[-48.08479153014371,-15.861062704049063],[-48.08495087909524,-15.861155094576182]],[[-48.084916831759536,-15.861426211916715],[-48.08420739836088,-15.861099578175704],[-48.08461158666909,-15.861311533056027],[-48.084916831759536,-15.861426211916715]],[[-48.08471061458002,-15.804357705191023],[-48.08465586538789,-15.804510420014823],[-48.08465610248705,-15.804514679399649],[-48.08471061458002,-15.804357705191023]],[[-48.08445214495155,-15.86607113222374],[-48.08435486844079,-15.86625549467837],[-48.08435585903286,-15.866262535154764],[-48.08445214495155,-15.86607113222374]],[[-48.08445124445156,-15.860552539330003],[-48.084364528858124,-15.86040227616045],[-48.08434907026489,-15.860390664496155],[-48.08445124445156,-15.860552539330003]],[[-48.084440082239745,-15.864395633747026],[-48.084437419617856,-15.864369200475842],[-48.084420255428064,-15.864401173298775],[-48.084440082239745,-15.864395633747026]],[[-48.08435683340005,-15.884833933955782],[-48.08383761169339,-15.884698342119437],[-48.083751199466676,-15.884987215570217],[-48.08435683340005,-15.884833933955782]],[[-48.08435593207766,-15.86452099199513],[-48.083802993333755,-15.865321428494605],[-48.083946405502765,-15.865365438040655],[-48.08435593207766,-15.86452099199513]],[[-48.08430731821872,-15.860359297662393],[-48.08423969364737,-15.860308494695456],[-48.0842319971554,-15.860304905990233],[-48.08430731821872,-15.860359297662393]],[[-48.08411786259541,-15.806839490485302],[-48.0838817003795,-15.80676569765447],[-48.08388050859374,-15.80676920984984],[-48.08411786259541,-15.806839490485302]],[[-48.083796056920455,-15.85586961997864],[-48.08374421255186,-15.855845413341601],[-48.08353788056944,-15.855800097589224],[-48.083796056920455,-15.85586961997864]],[[-48.08367383466843,-15.88513070185778],[-48.08367140669189,-15.88513073650725],[-48.08366366794563,-15.885133198177302],[-48.08367383466843,-15.88513070185778]],[[-48.08365739721075,-15.860840920481083],[-48.082907720701016,-15.8604883542157],[-48.08281702492571,-15.860670583252727],[-48.08365739721075,-15.860840920481083]],[[-48.08357867162275,-15.886463210713096],[-48.0834276535107,-15.886334366038142],[-48.08334438319191,-15.886330079883857],[-48.08357867162275,-15.886463210713096]],[[-48.08356575402559,-15.865232732080681],[-48.08237565331871,-15.864691672510189],[-48.08322659544224,-15.865100961742074],[-48.08356575402559,-15.865232732080681]],[[-48.083551951273165,-15.859972915850873],[-48.083481253023145,-15.859937061997135],[-48.08324938940529,-15.859836915117539],[-48.083551951273165,-15.859972915850873]],[[-48.083475082985856,-15.807958845569361],[-48.08345041111377,-15.808025130243031],[-48.0834537006787,-15.80802619321263],[-48.083475082985856,-15.807958845569361]],[[-48.083421784258725,-15.857546971809104],[-48.083306644096126,-15.857493283258046],[-48.083345680526264,-15.857514142852638],[-48.083421784258725,-15.857546971809104]],[[-48.08341429485221,-15.859591608886388],[-48.08330549062327,-15.85952949988869],[-48.08340538192103,-15.859603044211823],[-48.08341429485221,-15.859591608886388]],[[-48.083356533813195,-15.80799719085862],[-48.08191933129495,-15.807534497990995],[-48.08335414137283,-15.808004185577484],[-48.083356533813195,-15.80799719085862]],[[-48.08334353498817,-15.88633000982134],[-48.08305557184996,-15.886246768528506],[-48.08327023314145,-15.886342911333962],[-48.08334353498817,-15.88633000982134]],[[-48.083324459704265,-15.885213647429815],[-48.083277810749536,-15.885219968132187],[-48.08327605077394,-15.885224412189027],[-48.083324459704265,-15.885213647429815]],[[-48.08331218141026,-15.80384441982483],[-48.08267391662689,-15.803612025180255],[-48.08324376554307,-15.803786240271293],[-48.08329676254043,-15.803925207776606],[-48.08331218141026,-15.80384441982483]],[[-48.0832900864289,-15.803960186617589],[-48.08310173246697,-15.804515203029553],[-48.083108488353076,-15.804517369829352],[-48.0832900864289,-15.803960186617589]],[[-48.08326531477582,-15.85747119763357],[-48.083218928396356,-15.857430329008897],[-48.08325858754222,-15.85746760319005],[-48.08326531477582,-15.85747119763357]],[[-48.08320159938749,-15.88540098172365],[-48.08301506919816,-15.885797079161806],[-48.08302513503487,-15.885838055014467],[-48.08320159938749,-15.88540098172365]],[[-48.08298161960287,-15.886043961786218],[-48.08290983293888,-15.88618082300449],[-48.082923588382336,-15.886187237096186],[-48.08298161960287,-15.886043961786218]],[[-48.0828360444946,-15.859270415447476],[-48.08275434065669,-15.859234484221332],[-48.08279519037112,-15.859253532035135],[-48.0828360444946,-15.859270415447476]],[[-48.08269364301367,-15.860914968120973],[-48.08256639499085,-15.861162474401567],[-48.082494905214666,-15.861306114720819],[-48.08269364301367,-15.860914968120973]],[[-48.08265586147173,-15.832079154677473],[-48.08177298392835,-15.834606893730896],[-48.08235275207834,-15.832968104208488],[-48.08265586147173,-15.832079154677473]],[[-48.08259999210006,-15.80359243924987],[-48.082577539462356,-15.803586490805422],[-48.08252758853075,-15.803647401581852],[-48.08259999210006,-15.80359243924987]],[[-48.082470176671215,-15.803717411540685],[-48.08246620629784,-15.803722252578629],[-48.08242009756604,-15.80386652383815],[-48.082470176671215,-15.803717411540685]],[[-48.08243229712542,-15.861404116171865],[-48.082077048221954,-15.86187819997251],[-48.082240403240355,-15.861704489946375],[-48.08243229712542,-15.861404116171865]],[[-48.08229220064669,-15.804247339308045],[-48.08086704557745,-15.803781548845649],[-48.07901701158601,-15.80320492986136],[-48.08229220064669,-15.804247339308045]],[[-48.082276850241456,-15.8646456681862],[-48.08223525895828,-15.864625719053691],[-48.08225311943545,-15.864690783641029],[-48.082276850241456,-15.8646456681862]],[[-48.08210530995154,-15.85893176672673],[-48.08207220277424,-15.858917984552646],[-48.08207201967151,-15.858920789865289],[-48.08210530995154,-15.85893176672673]],[[-48.08206629395375,-15.861890574364457],[-48.08192387992925,-15.862067752150908],[-48.081897910738896,-15.862123751776098],[-48.08206629395375,-15.861890574364457]],[[-48.082060165946025,-15.882883450519158],[-48.08171956041604,-15.882774207929216],[-48.081030055807915,-15.88257138497871],[-48.082060165946025,-15.882883450519158]],[[-48.0819763436094,-15.866651750084937],[-48.08182425557006,-15.866583739258385],[-48.0819459572557,-15.866640485538687],[-48.0819763436094,-15.866651750084937]],[[-48.08196410479001,-15.8588969318109],[-48.081922644234645,-15.858884207629995],[-48.081710773266074,-15.85900009162484],[-48.08196410479001,-15.8588969318109]],[[-48.08175827020611,-15.877744877861888],[-48.081361734150086,-15.877610843269657],[-48.08088596425804,-15.877487814288699],[-48.08175827020611,-15.877744877861888]],[[-48.08166423736512,-15.862632931395419],[-48.081561012487796,-15.862866955767453],[-48.08147109470758,-15.863083369394504],[-48.08166423736512,-15.862632931395419]],[[-48.08164368874532,-15.859054409424889],[-48.08164367694497,-15.859053633070083],[-48.08164305482066,-15.8590541295136],[-48.08164368874532,-15.859054409424889]],[[-48.08156020463927,-15.859017577541742],[-48.08094505901214,-15.85873618850738],[-48.08107732803523,-15.858801576632258],[-48.08156020463927,-15.859017577541742]],[[-48.0815143492279,-15.864279936427085],[-48.081078388135666,-15.864070826011913],[-48.0810760611464,-15.864080432958565],[-48.0815143492279,-15.864279936427085]],[[-48.081406557659044,-15.863241273505693],[-48.081264129544934,-15.863416695083863],[-48.08127046959925,-15.86363541357997],[-48.081406557659044,-15.863241273505693]],[[-48.08138431303185,-15.866342550779084],[-48.081330801451486,-15.866337962274146],[-48.08137659543442,-15.86635722051766],[-48.08138431303185,-15.866342550779084]],[[-48.0812352100848,-15.863711444349796],[-48.08109928617033,-15.863984542009117],[-48.08108914789959,-15.86402640193367],[-48.0812352100848,-15.863711444349796]],[[-48.08120019813889,-15.866285974433886],[-48.080802718721095,-15.866052585090795],[-48.08101384545966,-15.866211795495023],[-48.08120019813889,-15.866285974433886]],[[-48.080932279727904,-15.880852756164444],[-48.080846021944794,-15.880802274769307],[-48.08088778215859,-15.880833643322507],[-48.080932279727904,-15.880852756164444]],[[-48.080850912793615,-15.858699606523205],[-48.08080894782974,-15.85868505272279],[-48.0807750327767,-15.858691521099733],[-48.080850912793615,-15.858699606523205]],[[-48.08080495556112,-15.858422317784363],[-48.080801694744515,-15.858420502355585],[-48.08072829538109,-15.858590710195326],[-48.08080495556112,-15.858422317784363]],[[-48.0807674127516,-15.880743227440384],[-48.08064099658798,-15.880646773967408],[-48.08042647275166,-15.880534898970435],[-48.0807674127516,-15.880743227440384]],[[-48.08076267973881,-15.86600184521917],[-48.08072152600854,-15.865925026425368],[-48.08060413253003,-15.865800925917819],[-48.08076267973881,-15.86600184521917]],[[-48.080703854744904,-15.85836599995661],[-48.08028222025296,-15.858131130449536],[-48.079813887315936,-15.857981107867493],[-48.080703854744904,-15.85836599995661]],[[-48.08055515775832,-15.865749151170224],[-48.080370963503135,-15.865595555753371],[-48.080145115834135,-15.865510834924152],[-48.08055515775832,-15.865749151170224]],[[-48.08043851612789,-15.87737210879273],[-48.080418181283335,-15.87736685003176],[-48.08018785986633,-15.878035144234829],[-48.08043851612789,-15.87737210879273]],[[-48.08035196679261,-15.807029886432849],[-48.07561559527233,-15.805504928253262],[-48.07776480841207,-15.806213919903014],[-48.08035196679261,-15.807029886432849]],[[-48.080287329851444,-15.880474269914302],[-48.08025556679518,-15.880461146077865],[-48.080218706266066,-15.880458700735828],[-48.080287329851444,-15.880474269914302]],[[-48.08019426540025,-15.862944700086345],[-48.08011681317325,-15.862908584704446],[-48.08014523185819,-15.862923067699752],[-48.08019426540025,-15.862944700086345]],[[-48.08008547748488,-15.878017515952058],[-48.0800198088604,-15.877990382129795],[-48.08001294295318,-15.877993603204304],[-48.08008547748488,-15.878017515952058]],[[-48.07998323868591,-15.880477173206897],[-48.07992276477101,-15.880489778510492],[-48.07986212969953,-15.880527667332052],[-48.07998323868591,-15.880477173206897]],[[-48.07989223650582,-15.878050230422495],[-48.07957945297181,-15.878185445926828],[-48.079549774481734,-15.878245072308472],[-48.07989223650582,-15.878050230422495]],[[-48.079802872513774,-15.875041446306023],[-48.07975065889634,-15.874854145946768],[-48.07962867123808,-15.874790516554595],[-48.079802872513774,-15.875041446306023]],[[-48.079781350668085,-15.880546252225654],[-48.079283297437016,-15.880274135134794],[-48.07922793674261,-15.880439218101694],[-48.079781350668085,-15.880546252225654]],[[-48.07972712425226,-15.878987484096676],[-48.07969323579374,-15.878671019103203],[-48.07949146869891,-15.879683070390103],[-48.07972712425226,-15.878987484096676]],[[-48.07966489051542,-15.875455298704146],[-48.079577075328466,-15.875696889861233],[-48.0795807570952,-15.875698085271647],[-48.07966489051542,-15.875455298704146]],[[-48.07964527138152,-15.878601504771693],[-48.07954666845438,-15.878361664562018],[-48.079602662758845,-15.878545531267156],[-48.07964527138152,-15.878601504771693]],[[-48.07963282173137,-15.862661926853976],[-48.07956501678715,-15.862623133962426],[-48.07952388651607,-15.86260640923455],[-48.07963282173137,-15.862661926853976]],[[-48.079420696210455,-15.87986521626474],[-48.0793833552799,-15.879911778927854],[-48.079404980097564,-15.879911113279375],[-48.079420696210455,-15.87986521626474]],[[-48.079377160051216,-15.855253681324452],[-48.07936232818153,-15.85525350407516],[-48.07922990445182,-15.855592973040702],[-48.079377160051216,-15.855253681324452]],[[-48.07937135956139,-15.864829464227018],[-48.078452325375125,-15.86440446630236],[-48.078188287534296,-15.86430707294973],[-48.07937135956139,-15.864829464227018]],[[-48.07935615020261,-15.87480024102706],[-48.07898493721407,-15.874702193215487],[-48.07922055610142,-15.874782023219392],[-48.07935615020261,-15.87480024102706]],[[-48.07921052077488,-15.877246753358554],[-48.079206882941186,-15.877240841294789],[-48.079207000952614,-15.877248602139582],[-48.07921052077488,-15.877246753358554]],[[-48.0790276124125,-15.876949488683774],[-48.078939237783246,-15.876488176747483],[-48.0788401188032,-15.876658879581518],[-48.0790276124125,-15.876949488683774]],[[-48.07900141382167,-15.876322945416874],[-48.0790013449756,-15.876318417278187],[-48.078997415444015,-15.876333570307413],[-48.07900141382167,-15.876322945416874]],[[-48.079000182158595,-15.876241936329155],[-48.07899984851263,-15.876219991647206],[-48.078841067700914,-15.876172215037396],[-48.079000182158595,-15.876241936329155]],[[-48.07895964610945,-15.87469362335719],[-48.07883332231885,-15.874643604644463],[-48.078558960311,-15.874557378640633],[-48.07895964610945,-15.87469362335719]],[[-48.07879493774073,-15.877904854873591],[-48.07868366197955,-15.87783029702316],[-48.07879209603965,-15.877912034849722],[-48.07879493774073,-15.877904854873591]],[[-48.078754473262514,-15.877486295287648],[-48.07848446640587,-15.877619552774814],[-48.078489410259245,-15.877625521197695],[-48.078754473262514,-15.877486295287648]],[[-48.07861934845176,-15.878406425659131],[-48.077767460786966,-15.87935437765097],[-48.078269595946615,-15.87950846698515],[-48.07861934845176,-15.878406425659131]],[[-48.07841486736536,-15.85472959994995],[-48.07727700671365,-15.854182906925663],[-48.0773603375954,-15.85425469399305],[-48.07841486736536,-15.85472959994995]],[[-48.078227533679865,-15.881719892736434],[-48.07796260779281,-15.881639806723621],[-48.07754171876247,-15.881555553901313],[-48.078227533679865,-15.881719892736434]],[[-48.078173021317085,-15.864305183619868],[-48.07814223091762,-15.864301372509823],[-48.07813790629468,-15.864305683258825],[-48.078173021317085,-15.864305183619868]],[[-48.07812908241855,-15.86431447699332],[-48.07810575923753,-15.864337726260354],[-48.07804213372367,-15.864443872328058],[-48.07812908241855,-15.86431447699332]],[[-48.07805002167959,-15.857273195422769],[-48.07787428393766,-15.857194275201694],[-48.07791248960754,-15.857213163042182],[-48.07805002167959,-15.857273195422769]],[[-48.078017149852414,-15.864474543874538],[-48.07781524755741,-15.864675797834778],[-48.07792848514304,-15.86458340104088],[-48.078017149852414,-15.864474543874538]],[[-48.077999369601194,-15.87438384314561],[-48.07748514078743,-15.874218343917514],[-48.077682702612314,-15.87429027864317],[-48.077999369601194,-15.87438384314561]],[[-48.07768258583022,-15.87358157612394],[-48.077681761627225,-15.873581301624991],[-48.077675201526326,-15.87360255529584],[-48.07768258583022,-15.87358157612394]],[[-48.07741169664398,-15.873491521926258],[-48.07662586780206,-15.87323649755014],[-48.07700224000894,-15.873368243744135],[-48.07741169664398,-15.873491521926258]],[[-48.077302886367974,-15.856962784696094],[-48.07727871197802,-15.857003114983794],[-48.07729961557658,-15.8569836664702],[-48.077302886367974,-15.856962784696094]],[[-48.07727166810361,-15.86156751508949],[-48.07723658733923,-15.861550454609318],[-48.077237126948596,-15.861586000966687],[-48.07727166810361,-15.86156751508949]],[[-48.07710148186449,-15.881373857273173],[-48.07685206232653,-15.881294570195088],[-48.07699831579671,-15.881343698041364],[-48.07710148186449,-15.881373857273173]],[[-48.07709609252501,-15.875647147363406],[-48.077030373956426,-15.875806510947692],[-48.07705002364599,-15.87581237124373],[-48.07709609252501,-15.875647147363406]],[[-48.07702476914622,-15.86448584777422],[-48.076168757196676,-15.86404062611689],[-48.07618114173637,-15.86410655856677],[-48.07702476914622,-15.86448584777422]],[[-48.07680503635752,-15.802482252170426],[-48.0766385223443,-15.802426512362098],[-48.075866366084604,-15.80219401470965],[-48.07680503635752,-15.802482252170426]],[[-48.07674394418837,-15.856963069135816],[-48.076560856757204,-15.856870099559073],[-48.07602298273991,-15.856620292987968],[-48.07674394418837,-15.856963069135816]],[[-48.07660926998615,-15.88121738981515],[-48.07558081392642,-15.880593294601246],[-48.07580791347482,-15.880978397839327],[-48.07660926998615,-15.88121738981515]],[[-48.076318684075375,-15.863682272879723],[-48.07631835572441,-15.863660639562957],[-48.076277516404204,-15.86375294695722],[-48.076318684075375,-15.863682272879723]],[[-48.076317447842925,-15.863600823857093],[-48.076317415232715,-15.863598675330367],[-48.07620005624623,-15.86354297145937],[-48.076317447842925,-15.863600823857093]],[[-48.07614420031613,-15.801396657605496],[-48.07588445421382,-15.801330424825192],[-48.07596384801675,-15.80191410332003],[-48.07614420031613,-15.801396657605496]],[[-48.07611819592071,-15.87308184197645],[-48.075881402633655,-15.873001778251538],[-48.075997699213715,-15.873048072546625],[-48.07611819592071,-15.87308184197645]],[[-48.07598546868937,-15.878683648537555],[-48.075970792319076,-15.878768868855733],[-48.07597351353361,-15.878803862262941],[-48.07598546868937,-15.878683648537555]],[[-48.07588963267169,-15.802127031757149],[-48.073937298899544,-15.801381707549801],[-48.073883342423194,-15.801536758196974],[-48.07588963267169,-15.802127031757149]],[[-48.075857357485276,-15.863374858343592],[-48.07585628268154,-15.863335138053735],[-48.07578622287463,-15.863343101163657],[-48.075857357485276,-15.863374858343592]],[[-48.07582143492578,-15.856523995866263],[-48.075802500677824,-15.856493216526994],[-48.07555297584616,-15.856394672702738],[-48.07582143492578,-15.856523995866263]],[[-48.07575292570679,-15.878530639323284],[-48.07544826592409,-15.878427257326202],[-48.0753434204209,-15.878473697184571],[-48.07575292570679,-15.878530639323284]],[[-48.07570609608788,-15.863307330019135],[-48.073791598235026,-15.862085935036758],[-48.074588790660265,-15.862456871658125],[-48.074469572876524,-15.862733304704795],[-48.07570609608788,-15.863307330019135]],[[-48.07566002669323,-15.802801775064536],[-48.07554007738505,-15.803155077074187],[-48.075618614452885,-15.802942118121601],[-48.07566002669323,-15.802801775064536]],[[-48.0754779268306,-15.880535404088816],[-48.075465501441386,-15.880526658071245],[-48.075387642754656,-15.880785010815716],[-48.0754779268306,-15.880535404088816]],[[-48.07539501320675,-15.856406989608622],[-48.07538149694237,-15.856409055264715],[-48.07535115932192,-15.856450703670252],[-48.07539501320675,-15.856406989608622]],[[-48.07533182654673,-15.875313877612118],[-48.07475757975869,-15.875118904062951],[-48.07475837182079,-15.87515079719571],[-48.07533182654673,-15.875313877612118]],[[-48.07532410672098,-15.880995835941444],[-48.07519603784767,-15.881420794289408],[-48.07522232820197,-15.881428700142852],[-48.07532410672098,-15.880995835941444]],[[-48.07532079195291,-15.860926251118865],[-48.0744589406608,-15.860540499611554],[-48.07423860535176,-15.860543630133757],[-48.07532079195291,-15.860926251118865]],[[-48.0753124137179,-15.85650389551977],[-48.07528478554905,-15.856541825947389],[-48.074956518170275,-15.857296620722764],[-48.0753124137179,-15.85650389551977]],[[-48.07528321888164,-15.878500362310582],[-48.075141776786516,-15.878563013971563],[-48.07510430956038,-15.878623928193784],[-48.07528321888164,-15.878500362310582]],[[-48.075214418384135,-15.873267881737707],[-48.07515129323337,-15.873460559803195],[-48.07516462745181,-15.8734541110006],[-48.075214418384135,-15.873267881737707]],[[-48.07500118557882,-15.878708669496701],[-48.074861132498285,-15.87867383277949],[-48.07499464333308,-15.878714106146244],[-48.07500118557882,-15.878708669496701]],[[-48.07481651509853,-15.873635690667507],[-48.07479560611457,-15.873646538832435],[-48.07478682908184,-15.87367270888358],[-48.07481651509853,-15.873635690667507]],[[-48.07477096901601,-15.873719998242219],[-48.07398284959718,-15.873975730775074],[-48.0746202454562,-15.874178561247808],[-48.07477096901601,-15.873719998242219]],[[-48.07467622345673,-15.799167250078597],[-48.07414684129515,-15.800765821490666],[-48.07438530490703,-15.800055354431647],[-48.07467622345673,-15.799167250078597]],[[-48.07435719349779,-15.875036708546835],[-48.07433697716965,-15.87503069441124],[-48.074336307528746,-15.87503076894476],[-48.07435719349779,-15.875036708546835]],[[-48.0743250037117,-15.857155034637788],[-48.07412045553336,-15.857072008368249],[-48.07408799338327,-15.85708602348281],[-48.0743250037117,-15.857155034637788]],[[-48.0742501628078,-15.872674791937193],[-48.07379281437199,-15.873330274366358],[-48.07388854595196,-15.873811203514872],[-48.0742501628078,-15.872674791937193]],[[-48.07416424989177,-15.855076543587339],[-48.07415065292921,-15.855070635540907],[-48.07398667945566,-15.855362750082296],[-48.07416424989177,-15.855076543587339]],[[-48.07411760091196,-15.860543519011227],[-48.07283531946062,-15.860154949047038],[-48.073630081053324,-15.860543072119798],[-48.07411760091196,-15.860543519011227]],[[-48.07407732540386,-15.875059559397194],[-48.07396734567718,-15.87507178589829],[-48.073928884572034,-15.875077662773979],[-48.07407732540386,-15.875059559397194]],[[-48.074062129923036,-15.855032168876285],[-48.07355814606113,-15.854821666969903],[-48.07391756993188,-15.854978565623247],[-48.074062129923036,-15.855032168876285]],[[-48.073948864994414,-15.855521573297468],[-48.073948548130375,-15.855500669334074],[-48.073817707843716,-15.855771944763907],[-48.073948864994414,-15.855521573297468]],[[-48.0739471279911,-15.857242576790847],[-48.073916853800064,-15.857311204887669],[-48.07394057884768,-15.857269612615722],[-48.0739471279911,-15.857242576790847]],[[-48.07385540171163,-15.878369192048455],[-48.07360164720835,-15.878281394944333],[-48.073604992323666,-15.87828763724881],[-48.07385540171163,-15.878369192048455]],[[-48.073854966047364,-15.857443677366865],[-48.07354289015197,-15.858047769812107],[-48.07341326063532,-15.858349731667856],[-48.073854966047364,-15.857443677366865]],[[-48.073783180795786,-15.880995897813992],[-48.07266274420131,-15.880121528227354],[-48.072643371927086,-15.880653108171371],[-48.073783180795786,-15.880995897813992]],[[-48.07373620243183,-15.875053897331696],[-48.07185906176331,-15.874544474590609],[-48.073285490803215,-15.874981974601154],[-48.07373620243183,-15.875053897331696]],[[-48.07372598627377,-15.808431510927475],[-48.071195073079586,-15.815788949691981],[-48.071815526910115,-15.814052350206623],[-48.07372598627377,-15.808431510927475]],[[-48.07366922455334,-15.85661255556424],[-48.07364689324557,-15.85659156513917],[-48.073659970649416,-15.856633532246256],[-48.07366922455334,-15.85661255556424]],[[-48.07361988066889,-15.858533288472],[-48.073418288373006,-15.858388358448142],[-48.07356297817878,-15.858558847124172],[-48.07361988066889,-15.858533288472]],[[-48.07353666732156,-15.854799611563072],[-48.0735089100503,-15.854799245429032],[-48.073531403783896,-15.85480973421618],[-48.07353666732156,-15.854799611563072]],[[-48.07343690749245,-15.86192339900785],[-48.07245936001526,-15.86146753088393],[-48.07232959905127,-15.861700820488286],[-48.07343690749245,-15.86192339900785]],[[-48.07343059865597,-15.857090273869984],[-48.07327410890315,-15.857369825030451],[-48.07327450482246,-15.857395946872096],[-48.07343059865597,-15.857090273869984]],[[-48.073396381176586,-15.854746766189503],[-48.073334170153345,-15.8547096745702],[-48.073351228347455,-15.854725708760046],[-48.073396381176586,-15.854746766189503]],[[-48.07321982536079,-15.85458968019662],[-48.073117726982325,-15.85442247411519],[-48.07309256447707,-15.854405951794591],[-48.07321982536079,-15.85458968019662]],[[-48.073110789696024,-15.859554597482843],[-48.07306471980655,-15.859594785148955],[-48.07309042233018,-15.859594821043766],[-48.073110789696024,-15.859554597482843]],[[-48.07299223615911,-15.872288724711037],[-48.07245230677675,-15.872126975801853],[-48.07243132344716,-15.872195477474364],[-48.07299223615911,-15.872288724711037]],[[-48.07280552428621,-15.858386044162359],[-48.0723149331527,-15.858226864026204],[-48.07267212891131,-15.858406545104664],[-48.07280552428621,-15.858386044162359]],[[-48.07274907601526,-15.854199321577678],[-48.07268191853493,-15.854165866553782],[-48.07256386799696,-15.854127744266034],[-48.07274907601526,-15.854199321577678]],[[-48.072480024690776,-15.85410066872179],[-48.07243389357963,-15.854085771262422],[-48.07240496188706,-15.854092666834605],[-48.072480024690776,-15.85410066872179]],[[-48.07225289570621,-15.854139701332645],[-48.07222523377184,-15.85416040378573],[-48.0722138530629,-15.854178618708405],[-48.07225289570621,-15.854139701332645]],[[-48.07218227797303,-15.85817203807785],[-48.07217288882372,-15.85816815689322],[-48.07200898742704,-15.858509058306106],[-48.07218227797303,-15.85817203807785]],[[-48.07209322359812,-15.87787416891996],[-48.07125841064941,-15.877609524784443],[-48.07177081374118,-15.877781662002613],[-48.07209322359812,-15.87787416891996]],[[-48.07204138945418,-15.862100100846112],[-48.07170198089496,-15.86197998251077],[-48.07168371043698,-15.86199689302131],[-48.07204138945418,-15.862100100846112]],[[-48.071997310203656,-15.858544472161661],[-48.071995618448426,-15.858536866329054],[-48.0717144581563,-15.859127262304545],[-48.071997310203656,-15.858544472161661]],[[-48.071906803261655,-15.854752797163597],[-48.07189619718125,-15.854762049329404],[-48.07190219082951,-15.854762062687973],[-48.071906803261655,-15.854752797163597]],[[-48.07177100910891,-15.874520265402676],[-48.071762093299725,-15.874517814178457],[-48.071726452090836,-15.874694492223892],[-48.07177100910891,-15.874520265402676]],[[-48.07164711820643,-15.8553414907481],[-48.07154313360776,-15.85556767051609],[-48.07141127462297,-15.855975966344847],[-48.07164711820643,-15.8553414907481]],[[-48.0715395807679,-15.879695115732412],[-48.07146259003792,-15.879673949608593],[-48.071414528494245,-15.879669472254372],[-48.0715395807679,-15.879695115732412]],[[-48.071532365518074,-15.85950244642503],[-48.0703808370254,-15.858995826126284],[-48.070423281536556,-15.859035722644062],[-48.071532365518074,-15.85950244642503]],[[-48.07118783056549,-15.874610120694689],[-48.0707895431092,-15.874518772241315],[-48.071095296236315,-15.874606959214592],[-48.07118783056549,-15.874610120694689]],[[-48.07117355821391,-15.877584130584689],[-48.071059423141904,-15.877553903559296],[-48.07107778471083,-15.877584811297123],[-48.07117355821391,-15.877584130584689]],[[-48.071118994875604,-15.879641176497996],[-48.07083664212139,-15.879613445211437],[-48.07096177427109,-15.879637776839019],[-48.071118994875604,-15.879641176497996]],[[-48.07083478881508,-15.803965458101871],[-48.0708165812148,-15.803959740888248],[-48.06827620940535,-15.811366129920316],[-48.07083478881508,-15.803965458101871]],[[-48.07078999855681,-15.877263125886332],[-48.07044025536225,-15.877170215811104],[-48.07078518301145,-15.87727987791942],[-48.07078999855681,-15.877263125886332]],[[-48.07076367952717,-15.877354674146869],[-48.070737056060636,-15.877435929599947],[-48.070740012830484,-15.877436994604535],[-48.07076367952717,-15.877354674146869]],[[-48.07064415320244,-15.857704577421336],[-48.07020647868542,-15.858572935744949],[-48.07019176025885,-15.85871284501743],[-48.07064415320244,-15.857704577421336]],[[-48.07051549625656,-15.87955100299136],[-48.070400297934064,-15.879472392374684],[-48.07050376343018,-15.879548721789712],[-48.07051549625656,-15.87955100299136]],[[-48.070483897011385,-15.874430616678875],[-48.06972087856912,-15.874200392881894],[-48.069687344370536,-15.874200868077834],[-48.070483897011385,-15.874430616678875]],[[-48.0704398813743,-15.843512032715475],[-48.07022126118288,-15.84361645193063],[-48.0701347903339,-15.84381598286854],[-48.0704398813743,-15.843512032715475]],[[-48.0702828023354,-15.8793922143018],[-48.07014463243929,-15.879297927894521],[-48.070099473563374,-15.879282757910369],[-48.0702828023354,-15.8793922143018]],[[-48.07000698633288,-15.877037658496914],[-48.069872540849666,-15.876989471656133],[-48.06955587660573,-15.876899030238578],[-48.07000698633288,-15.877037658496914]],[[-48.06993098866288,-15.819766420966875],[-48.067054309088796,-15.818811565591018],[-48.065638816689344,-15.822950548812804],[-48.06813916048951,-15.823694964716816],[-48.06567444508069,-15.82287546166556],[-48.06706707470046,-15.818841249126836],[-48.06993098866288,-15.819766420966875]],[[-48.06977929161621,-15.871535515500725],[-48.069230123829826,-15.871418757888998],[-48.06943283467214,-15.871480976494743],[-48.06954388598625,-15.871479400206047],[-48.06977929161621,-15.871535515500725]],[[-48.06962459946966,-15.852267596057267],[-48.06764777052159,-15.851691569527192],[-48.06527036145495,-15.856371780157154],[-48.0626107768545,-15.858268048493077],[-48.063252248798186,-15.85942060439368],[-48.061894576535295,-15.860113567913178],[-48.06115466618254,-15.85879976868495],[-48.05440078340218,-15.856595142629597],[-48.0562393306423,-15.857287453313482],[-48.054152836646075,-15.856068928419836],[-48.05833112336826,-15.853012898966515],[-48.056761236637925,-15.849178418869386],[-48.05896661373794,-15.847404814239573],[-48.05764248374732,-15.845541654702975],[-48.058934940573394,-15.843711244831665],[-48.05839688849246,-15.843045091612733],[-48.05692491558116,-15.844111347289527],[-48.05554248026686,-15.843155073818043],[-48.05322341521797,-15.845348436802487],[-48.055190501728205,-15.84687729990907],[-48.05360409889084,-15.848316882666834],[-48.052080459996766,-15.84754844397873],[-48.05051882086603,-15.850637200302161],[-48.04982012916286,-15.850461179804507],[-48.04781026279733,-15.8543926237303],[-48.04802846531901,-15.856408478807127],[-48.05189433739348,-15.858638756507865],[-48.05253573804307,-15.85796076980036],[-48.05563727913084,-15.859369552973341],[-48.0549641797643,-15.86056403382816],[-48.057818356710214,-15.862587868717103],[-48.05799036728824,-15.863839558994808],[-48.063886217038714,-15.86642790391002],[-48.067330718027925,-15.859293134997746],[-48.067796454368036,-15.855174360270475],[-48.06962459946966,-15.852267596057267]],[[-48.069607108607805,-15.875762885767951],[-48.06952655480672,-15.875741842398194],[-48.06960563823896,-15.87576774370105],[-48.069607108607805,-15.875762885767951]],[[-48.069561477577935,-15.879102018862948],[-48.067738950001605,-15.8785254292286],[-48.066361790897446,-15.878198733677658],[-48.069561477577935,-15.879102018862948]],[[-48.06955363595263,-15.801910296548025],[-48.06815933150527,-15.801451505556106],[-48.06815676583296,-15.80145898299834],[-48.06955363595263,-15.801910296548025]],[[-48.06953693284467,-15.875994829237968],[-48.069357865444275,-15.876528722816916],[-48.06934065024215,-15.87663861141037],[-48.06953693284467,-15.875994829237968]],[[-48.069462362150446,-15.874072870127938],[-48.06937121862594,-15.873930617058374],[-48.068996514303635,-15.87375183870587],[-48.069462362150446,-15.874072870127938]],[[-48.06907473742018,-15.875593857334161],[-48.06902230769704,-15.875448753937254],[-48.06905989734359,-15.875588997077056],[-48.06907473742018,-15.875593857334161]],[[-48.06904478296975,-15.87530500621348],[-48.068623439537475,-15.875191533964598],[-48.06843151575476,-15.875682618673396],[-48.06904478296975,-15.87530500621348]],[[-48.06903589274704,-15.875361745955626],[-48.06902131929896,-15.875383590924585],[-48.06902230286549,-15.87544849666744],[-48.06903589274704,-15.875361745955626]],[[-48.06897391206698,-15.7990828521459],[-48.068972211993795,-15.799082296483034],[-48.068323305207976,-15.800973593578725],[-48.06897391206698,-15.7990828521459]],[[-48.06833861056373,-15.875888397656322],[-48.06810132945136,-15.875894371014674],[-48.06833742629258,-15.875891020355207],[-48.06833861056373,-15.875888397656322]],[[-48.06801055927796,-15.803078677429113],[-48.06795886320906,-15.80306244526724],[-48.06782457857932,-15.803073021212576],[-48.06801055927796,-15.803078677429113]],[[-48.06791584209309,-15.876136901526941],[-48.06668542987034,-15.87603237256177],[-48.06774191498996,-15.876380030893584],[-48.06791584209309,-15.876136901526941]],[[-48.06767319911333,-15.870307481097543],[-48.066602167224,-15.870013676325614],[-48.06748725484054,-15.870899645670733],[-48.06767319911333,-15.870307481097543]],[[-48.06760828661107,-15.852375157491108],[-48.067550775682996,-15.852527973144479],[-48.06759009013822,-15.852440608808292],[-48.06760828661107,-15.852375157491108]],[[-48.06746323611097,-15.87317065339729],[-48.066951203470694,-15.87300244038328],[-48.06720961245811,-15.873109237491143],[-48.06746323611097,-15.87317065339729]],[[-48.06696950454935,-15.872626831760519],[-48.065063895675294,-15.872074920370224],[-48.066876807747434,-15.872971693006502],[-48.06696950454935,-15.872626831760519]],[[-48.06659165677927,-15.882017191763488],[-48.06577751633483,-15.881798297487784],[-48.06655750751817,-15.882235150162401],[-48.06659165677927,-15.882017191763488]],[[-48.06655224589639,-15.882268734845626],[-48.06641109177527,-15.882564581575695],[-48.066384816070006,-15.882722149585247],[-48.06655224589639,-15.882268734845626]],[[-48.066041055383316,-15.855030104214732],[-48.06596307827948,-15.855186750086984],[-48.0660083922013,-15.855113163794842],[-48.066041055383316,-15.855030104214732]],[[-48.06596630047483,-15.878102351380493],[-48.06522364557008,-15.877900376291874],[-48.06522127198661,-15.877915526139402],[-48.06596630047483,-15.878102351380493]],[[-48.06593417636917,-15.875808274019562],[-48.06591747795705,-15.875803293612734],[-48.06580025562893,-15.876148643513714],[-48.06593417636917,-15.875808274019562]],[[-48.06579629896226,-15.855457580630675],[-48.065512246026024,-15.85590877766008],[-48.06537347811127,-15.856152031751051],[-48.06579629896226,-15.855457580630675]],[[-48.065744440469906,-15.80849510489767],[-48.0626527729018,-15.817397434109253],[-48.06266589529172,-15.81740162903829],[-48.065744440469906,-15.80849510489767]],[[-48.06569578217802,-15.876120752242471],[-48.06117507958239,-15.874783472008165],[-48.06181406007637,-15.876392549293955],[-48.061176545995075,-15.874786300948275],[-48.06569578217802,-15.876120752242471]],[[-48.065684313497705,-15.868278987777428],[-48.06550791144467,-15.868198879433077],[-48.065462727493184,-15.868179768815184],[-48.065684313497705,-15.868278987777428]],[[-48.06549257758848,-15.869657952861582],[-48.06534244844086,-15.869611868948976],[-48.065262562205014,-15.869613001204614],[-48.06549257758848,-15.869657952861582]],[[-48.06537872851943,-15.881855671059576],[-48.0646990609224,-15.882105889667136],[-48.06482473450928,-15.882133164261896],[-48.06537872851943,-15.881855671059576]],[[-48.065287895452734,-15.856248681570039],[-48.06528057564581,-15.856255978101895],[-48.065284876101366,-15.85625209322181],[-48.065287895452734,-15.856248681570039]],[[-48.065148013799096,-15.820496366686697],[-48.06196822648623,-15.819481669841412],[-48.06514517991834,-15.820504504374785],[-48.065148013799096,-15.820496366686697]],[[-48.06506375922481,-15.856444696119594],[-48.06490374965832,-15.856554027067906],[-48.06485190149291,-15.856685017548557],[-48.06506375922481,-15.856444696119594]],[[-48.0649275458736,-15.87768328643336],[-48.06381806038327,-15.877355928109148],[-48.064116011798575,-15.877465330856781],[-48.0649275458736,-15.87768328643336]],[[-48.06482973871192,-15.869743127672617],[-48.06476649157774,-15.869882826488304],[-48.064679595684716,-15.870169771409095],[-48.06482973871192,-15.869743127672617]],[[-48.064691683282106,-15.85691752490947],[-48.06464672820655,-15.85697417122556],[-48.064655780824864,-15.856965300715322],[-48.064691683282106,-15.85691752490947]],[[-48.06454621468646,-15.822224611948712],[-48.06444752655674,-15.822501519552706],[-48.064449567606374,-15.822502159793707],[-48.06454621468646,-15.822224611948712]],[[-48.0644599126484,-15.857150230907703],[-48.06437274869943,-15.85721785510788],[-48.06441561449836,-15.857189923204498],[-48.0644599126484,-15.857150230907703]],[[-48.06431260135937,-15.857257050345327],[-48.06430379612242,-15.857262045509481],[-48.064309383017495,-15.85725914831021],[-48.06431260135937,-15.857257050345327]],[[-48.064311798189934,-15.867688164606085],[-48.063103269680276,-15.867175856308279],[-48.063146299406114,-15.867206151196497],[-48.064311798189934,-15.867688164606085]],[[-48.06425207932106,-15.88194733728333],[-48.06417108551751,-15.881920125933517],[-48.06412691815782,-15.881906569575767],[-48.06425207932106,-15.88194733728333]],[[-48.06420899553747,-15.851601096304229],[-48.06405153879943,-15.851603325776352],[-48.06393065684365,-15.851614801072435],[-48.06420899553747,-15.851601096304229]],[[-48.063933400475975,-15.881847172452336],[-48.06223669498746,-15.881326388154434],[-48.06143372996816,-15.881112014111768],[-48.063933400475975,-15.881847172452336]],[[-48.06382472092045,-15.8700637968216],[-48.06267040891615,-15.869497197140062],[-48.062593510047385,-15.86971448133884],[-48.06382472092045,-15.8700637968216]],[[-48.06332984832993,-15.851629495665774],[-48.062963000327564,-15.85163468529661],[-48.06300110261226,-15.851640687167817],[-48.06332984832993,-15.851629495665774]],[[-48.06308416573038,-15.867170603518796],[-48.06267839803229,-15.867102531557663],[-48.06284944525289,-15.867162573645698],[-48.06308416573038,-15.867170603518796]],[[-48.06293681584351,-15.857971548406303],[-48.06288661568969,-15.857995907978237],[-48.062789845439085,-15.858047862446591],[-48.06293681584351,-15.857971548406303]],[[-48.06278941793493,-15.832240616852484],[-48.062422047061695,-15.831998233084759],[-48.06192825566969,-15.831836928898984],[-48.06278941793493,-15.832240616852484]],[[-48.06275710535596,-15.869218466824334],[-48.06246087533443,-15.86910115114734],[-48.06246163089172,-15.869132683993962],[-48.06275710535596,-15.869218466824334]],[[-48.06250546180117,-15.834350032832395],[-48.060919318960714,-15.833850749844329],[-48.06218517392023,-15.834260952953612],[-48.06250546180117,-15.834350032832395]],[[-48.062355093066834,-15.851547964606143],[-48.062352668350634,-15.851547573615916],[-48.06232273936664,-15.851548422255691],[-48.062355093066834,-15.851547964606143]],[[-48.06222307514087,-15.866937420833699],[-48.06192888910313,-15.866796209078958],[-48.06211730312877,-15.866898198005824],[-48.06222307514087,-15.866937420833699]],[[-48.061933313545666,-15.868887006710352],[-48.06157804644265,-15.868781238916974],[-48.06154313496734,-15.868773314921379],[-48.061933313545666,-15.868887006710352]],[[-48.06163284345136,-15.81796825043459],[-48.05992356493913,-15.81742230262673],[-48.06163041751204,-15.817975368323518],[-48.06163284345136,-15.81796825043459]],[[-48.061602828983254,-15.858642224656936],[-48.061155715302284,-15.858716890269562],[-48.061407597325704,-15.858695269078108],[-48.061602828983254,-15.858642224656936]],[[-48.061374790713955,-15.879802974505187],[-48.061374288580694,-15.87981030361422],[-48.06137448051923,-15.879809608335403],[-48.061374790713955,-15.879802974505187]],[[-48.06136285688371,-15.879851693181521],[-48.06135456271949,-15.879855136207665],[-48.06135761167358,-15.879870688725259],[-48.06136285688371,-15.879851693181521]],[[-48.06132806311438,-15.831660942789277],[-48.061176992503356,-15.832042949420101],[-48.06065544703376,-15.833765239976442],[-48.06132806311438,-15.831660942789277]],[[-48.06127238038829,-15.86871783633038],[-48.061157259125864,-15.868703578355463],[-48.061023239309804,-15.868733363601999],[-48.06127238038829,-15.86871783633038]],[[-48.0612369094007,-15.880307758718285],[-48.0612187609167,-15.880368589016227],[-48.06120085022492,-15.880438329880738],[-48.0612369094007,-15.880307758718285]],[[-48.061188412631616,-15.866269485258144],[-48.061100560161556,-15.866195494868057],[-48.06097618473412,-15.866180160275315],[-48.061188412631616,-15.866269485258144]],[[-48.06103121420907,-15.851582218814347],[-48.060902472575684,-15.851584039076524],[-48.060119941509626,-15.851982542752639],[-48.06103121420907,-15.851582218814347]],[[-48.06091015349848,-15.866157669461202],[-48.06087555549017,-15.866145885254316],[-48.06078480956998,-15.866132564109275],[-48.06091015349848,-15.866157669461202]],[[-48.06081895989716,-15.85869563148567],[-48.060356048154766,-15.858566757676432],[-48.06054277516291,-15.858635265730989],[-48.06081895989716,-15.85869563148567]],[[-48.060303476337715,-15.79656162107014],[-48.05977487188591,-15.798072080848863],[-48.05979048636956,-15.798077064548249],[-48.060303476337715,-15.79656162107014]],[[-48.06025245566621,-15.842181653035246],[-48.06024488743537,-15.842174315136463],[-48.05866398612026,-15.842737113033824],[-48.06025245566621,-15.842181653035246]],[[-48.05995846972942,-15.825300673256715],[-48.05840957189015,-15.829785142479954],[-48.05841675286138,-15.829787428564163],[-48.05995846972942,-15.825300673256715]],[[-48.059254181307224,-15.866664249273006],[-48.05924753645443,-15.866658698914776],[-48.058849034277785,-15.86646170091247],[-48.059254181307224,-15.866664249273006]],[[-48.05913079364812,-15.797866521525156],[-48.055371986342614,-15.796634561618596],[-48.05552320478932,-15.796990316198507],[-48.055389263085786,-15.796645860135051],[-48.05913079364812,-15.797866521525156]],[[-48.058940940880795,-15.868795642586464],[-48.05874098629983,-15.868881105730898],[-48.058043490397345,-15.869239899445684],[-48.058940940880795,-15.868795642586464]],[[-48.058905872097974,-15.817097241286753],[-48.05606711318884,-15.825341056539395],[-48.05540687308179,-15.825132065322984],[-48.0560744311915,-15.82538192402708],[-48.058905872097974,-15.817097241286753]],[[-48.05862676272251,-15.81012243101067],[-48.058605956967206,-15.809781883835477],[-48.05861951659987,-15.81042395424314],[-48.05862676272251,-15.81012243101067]],[[-48.05858012667927,-15.812063078540467],[-48.0585665875109,-15.812407643940658],[-48.058573638768955,-15.81233306897731],[-48.05858012667927,-15.812063078540467]],[[-48.058566229402466,-15.812411428750087],[-48.058450006796974,-15.812410752783773],[-48.05854453471717,-15.812640860706164],[-48.058566229402466,-15.812411428750087]],[[-48.05850787838424,-15.808176489744922],[-48.058479474364155,-15.80771154580437],[-48.05837638828273,-15.807071352555814],[-48.05850787838424,-15.808176489744922]],[[-48.05850758983509,-15.813031562858932],[-48.058496022606214,-15.813119031544755],[-48.058467390080196,-15.813456688129834],[-48.05850758983509,-15.813031562858932]],[[-48.058366449268014,-15.814522522073585],[-48.058175314535546,-15.81535321096753],[-48.05806273128793,-15.815985194802431],[-48.058366449268014,-15.814522522073585]],[[-48.058023378266135,-15.866076925568802],[-48.05776584042701,-15.865950666829175],[-48.05763791982403,-15.865903225385273],[-48.058023378266135,-15.866076925568802]],[[-48.05799247884842,-15.805156250607713],[-48.0579745910517,-15.805070037553715],[-48.05788917045734,-15.805070551078863],[-48.05799247884842,-15.805156250607713]],[[-48.05791987110418,-15.804806307044807],[-48.05787754031062,-15.804602287682252],[-48.057836463187364,-15.804458165245958],[-48.05791987110418,-15.804806307044807]],[[-48.05785072136172,-15.816924246202381],[-48.05736472662148,-15.818880638391283],[-48.05717124221243,-15.819778435616655],[-48.05785072136172,-15.816924246202381]],[[-48.05781796246279,-15.831511365201784],[-48.057801675270746,-15.831508220652443],[-48.05781733623416,-15.831513199806615],[-48.05781796246279,-15.831511365201784]],[[-48.05759766786465,-15.869460589256631],[-48.05730346963995,-15.869182987991902],[-48.057444352975814,-15.869536482600465],[-48.05759766786465,-15.869460589256631]],[[-48.05745439710157,-15.803117628546616],[-48.05719538388304,-15.802234468369981],[-48.05735752075739,-15.802816360518776],[-48.05745439710157,-15.803117628546616]],[[-48.057318431965356,-15.825751071001688],[-48.05643254278722,-15.827306225395828],[-48.056621890801296,-15.827378885584611],[-48.057318431965356,-15.825751071001688]],[[-48.05726920240502,-15.865766483054067],[-48.057233297812516,-15.865753167219154],[-48.057220290007436,-15.865751466598304],[-48.05726920240502,-15.865766483054067]],[[-48.05721905798126,-15.869032492732769],[-48.057212753349944,-15.869022165412881],[-48.05720792241071,-15.869016825928705],[-48.05721905798126,-15.869032492732769]],[[-48.05720355633644,-15.865749278668801],[-48.05689158209652,-15.865723825100881],[-48.05686954644047,-15.865781790821226],[-48.05720355633644,-15.865749278668801]],[[-48.056919743946544,-15.868691512707352],[-48.05691042293905,-15.868680422574766],[-48.05691314022723,-15.868683929154466],[-48.056919743946544,-15.868691512707352]],[[-48.05674069588262,-15.868430940493043],[-48.0567350034048,-15.86842031194424],[-48.05673643134979,-15.868423629070454],[-48.05674069588262,-15.868430940493043]],[[-48.05670392226842,-15.86834817831867],[-48.05665059231014,-15.868092994123746],[-48.05663357545755,-15.868150339943103],[-48.05670392226842,-15.86834817831867]],[[-48.05669878811692,-15.800608755684848],[-48.05652898899361,-15.80005287330541],[-48.056556999892344,-15.800150162486933],[-48.05669878811692,-15.800608755684848]],[[-48.05668670514718,-15.866119515689096],[-48.05647987214561,-15.866515576962],[-48.056451758982426,-15.866631592602552],[-48.05668670514718,-15.866119515689096]],[[-48.05667784809321,-15.867106528544525],[-48.05667452169663,-15.867101540695579],[-48.05667140123394,-15.867128944211538],[-48.05667784809321,-15.867106528544525]],[[-48.05667193372674,-15.821329876600798],[-48.056386070173325,-15.822018729450166],[-48.0565511726896,-15.821664535720304],[-48.05667193372674,-15.821329876600798]],[[-48.056633675304,-15.867971554212104],[-48.05663015481602,-15.867946279796108],[-48.05663110926242,-15.867960014641762],[-48.056633675304,-15.867971554212104]],[[-48.05661851420359,-15.86769458594464],[-48.05661607927068,-15.867743810423576],[-48.056616909870506,-15.867755767303244],[-48.05661851420359,-15.86769458594464]],[[-48.05661260111641,-15.867008692085662],[-48.05655157686992,-15.866917187918126],[-48.05649400090716,-15.866888105683012],[-48.05661260111641,-15.867008692085662]],[[-48.056565351533585,-15.83111515880563],[-48.056357962738,-15.831048584817285],[-48.05648546400746,-15.831089760220554],[-48.056565351533585,-15.83111515880563]],[[-48.056438747543034,-15.866800799010202],[-48.05643718122192,-15.866696951039042],[-48.05642465097083,-15.866755554460052],[-48.056438747543034,-15.866800799010202]],[[-48.05630044399382,-15.822202424180823],[-48.05613922319608,-15.82232542041633],[-48.05623656279652,-15.822323802060293],[-48.055642642529676,-15.82360580534087],[-48.05630044399382,-15.822202424180823]],[[-48.05618938061475,-15.827228402091398],[-48.056172610779974,-15.827223034769334],[-48.055614662839936,-15.828895204953886],[-48.05618938061475,-15.827228402091398]],[[-48.056156246738006,-15.798832545853292],[-48.05607312918356,-15.798560409068484],[-48.05612078352225,-15.798723855074005],[-48.056156246738006,-15.798832545853292]],[[-48.05587895620752,-15.79792465810422],[-48.055793824294796,-15.797686256765607],[-48.0558059715417,-15.797931128190335],[-48.05587895620752,-15.79792465810422]],[[-48.05548788507208,-15.823922427405732],[-48.05335676012582,-15.828171730620335],[-48.05359195676699,-15.827744108935361],[-48.05548788507208,-15.823922427405732]],[[-48.05544825082189,-15.811946643010208],[-48.05142226941027,-15.808595152862537],[-48.055434302819336,-15.811962393730138],[-48.05450322435321,-15.813532154677784],[-48.05544825082189,-15.811946643010208]],[[-48.05529371149781,-15.796452794346884],[-48.05524551248779,-15.79633436165742],[-48.055209917622854,-15.796258210447112],[-48.05529371149781,-15.796452794346884]],[[-48.05404216642244,-15.80302367312552],[-48.05230061021184,-15.8057241260223],[-48.04630372633464,-15.809193032620463],[-48.044064982710424,-15.813422867178698],[-48.041120572463186,-15.816420792197697],[-48.03856341285687,-15.81614375359516],[-48.02945415182843,-15.818586421845573],[-48.02684336573819,-15.81796583255945],[-48.02295785865495,-15.820726392268753],[-48.02036006250289,-15.820981598841165],[-48.02245813443323,-15.821056978316166],[-48.026974673275326,-15.818034730260147],[-48.02947644825589,-15.818662864988022],[-48.03847512647263,-15.81629685576017],[-48.041176749197234,-15.816525840300105],[-48.04457557438747,-15.812939013251532],[-48.046377292102065,-15.809262221489023],[-48.05282413533365,-15.805704894973864],[-48.05404216642244,-15.80302367312552]],[[-48.053891130882626,-15.83729606364628],[-48.05354237615263,-15.837551753101856],[-48.05354856259878,-15.837560830908798],[-48.053891130882626,-15.83729606364628]],[[-48.053678240264176,-15.830148024954948],[-48.053660015844585,-15.83020090504505],[-48.05366139056355,-15.830201330835024],[-48.053678240264176,-15.830148024954948]],[[-48.0535029342292,-15.815252907870715],[-48.05176485196549,-15.818172204054592],[-48.0514639224114,-15.818747289548813],[-48.0535029342292,-15.815252907870715]],[[-48.05339676272758,-15.837338062132078],[-48.05257361206342,-15.83606993483375],[-48.05308386344218,-15.836878874216687],[-48.05339676272758,-15.837338062132078]],[[-48.05275554863292,-15.829688781280588],[-48.05274369190629,-15.829727955971347],[-48.05274442546212,-15.829728481093392],[-48.05275554863292,-15.829688781280588]],[[-48.05270604689404,-15.829701018210407],[-48.05269085722366,-15.829688097728068],[-48.05268203860322,-15.829683838069254],[-48.05270604689404,-15.829701018210407]],[[-48.05267369164195,-15.829679806536237],[-48.05261998038672,-15.829653863433949],[-48.052610383227766,-15.829652788627076],[-48.05267369164195,-15.829679806536237]],[[-48.05259130945086,-15.829650653567668],[-48.052564082938204,-15.829647604850523],[-48.05254929183614,-15.82964823482671],[-48.05259130945086,-15.829650653567668]],[[-48.05251470487361,-15.83009370239347],[-48.052506424505566,-15.830055060504858],[-48.052512516760125,-15.830098424969032],[-48.05251470487361,-15.83009370239347]],[[-48.052499020751355,-15.830020504789244],[-48.0524984901488,-15.830018030034461],[-48.05241802900008,-15.829977749019342],[-48.052499020751355,-15.830020504789244]],[[-48.05247741885091,-15.845093530680483],[-48.05244769829696,-15.84506812956021],[-48.051403941269704,-15.847195676034945],[-48.05247741885091,-15.845093530680483]],[[-48.05246871209646,-15.829657904316388],[-48.05243108974945,-15.82967766257148],[-48.052389035196455,-15.829715866524802],[-48.05246871209646,-15.829657904316388]],[[-48.052370789597525,-15.829748364417737],[-48.05236911448371,-15.829751348800436],[-48.052367546452196,-15.829754879769794],[-48.052370789597525,-15.829748364417737]],[[-48.052349906359495,-15.845021940144523],[-48.0517018105125,-15.844673816929028],[-48.05172656131802,-15.844744400790486],[-48.052349906359495,-15.845021940144523]],[[-48.05234677388089,-15.829801642033978],[-48.052329216798526,-15.829841166067004],[-48.05233124071527,-15.829844945334507],[-48.05234677388089,-15.829801642033978]],[[-48.05093840351005,-15.848107307538857],[-48.04959357275389,-15.850703786544111],[-48.04976604220628,-15.850366698675897],[-48.049780616309036,-15.850374489971577],[-48.05093840351005,-15.848107307538857]],[[-48.0508215972022,-15.820022257350482],[-48.05065028671675,-15.820366365444531],[-48.05065502652952,-15.820368657299827],[-48.0508215972022,-15.820022257350482]],[[-48.04979533591952,-15.83661027490368],[-48.04940194373736,-15.835887141529241],[-48.04977423640655,-15.836604536513203],[-48.045723953464176,-15.841297411995738],[-48.04979533591952,-15.83661027490368]],[[-48.04969819016752,-15.840833785543957],[-48.04904023108172,-15.839738657261035],[-48.0484538167073,-15.838769167164191],[-48.04969819016752,-15.840833785543957]],[[-48.049422937265746,-15.83582856013611],[-48.04925236513495,-15.83598509821436],[-48.04937762864611,-15.835911375083311],[-48.049422937265746,-15.83582856013611]],[[-48.04889957354419,-15.852181421408535],[-48.048862227571725,-15.85216846169506],[-48.04783729734647,-15.854276088332071],[-48.04889957354419,-15.852181421408535]],[[-48.04884946888505,-15.833700346870323],[-48.04808709822648,-15.833357500126171],[-48.04883200213896,-15.833689036535583],[-48.048478637059205,-15.834567465985105],[-48.04884946888505,-15.833700346870323]],[[-48.04844937345089,-15.835728819207036],[-48.04592677419403,-15.834534722610014],[-48.0453880851119,-15.835653808097367],[-48.04608558623781,-15.83456747735061],[-48.048409603361875,-15.835680235161554],[-48.04770010668953,-15.837292918587305],[-48.04844937345089,-15.835728819207036]],[[-48.04844833109179,-15.797421947780473],[-48.044765820002624,-15.797436531861429],[-48.044720312710446,-15.802953535084873],[-48.04479341616939,-15.797445133941855],[-48.04844833109179,-15.797421947780473]],[[-48.04756156425682,-15.833713205905447],[-48.0473808484958,-15.834135068156309],[-48.04738522003932,-15.834136790028602],[-48.04756156425682,-15.833713205905447]],[[-48.04652312732109,-15.831534778303869],[-48.046522668253836,-15.831527118621423],[-48.04652005894834,-15.831534988480914],[-48.04652312732109,-15.831534778303869]],[[-48.04630565592399,-15.81340937356886],[-48.046022526270136,-15.813663049313819],[-48.046018981529,-15.813668424750265],[-48.04630565592399,-15.81340937356886]],[[-48.046056632011265,-15.858699377296555],[-48.046054433049214,-15.858698247042462],[-48.045768399782176,-15.859236051988708],[-48.046056632011265,-15.858699377296555]],[[-48.04572268935783,-15.853318082824433],[-48.04560248913148,-15.853257487797423],[-48.04560130735262,-15.853260168155753],[-48.04572268935783,-15.853318082824433]],[[-48.04561509068179,-15.818022859839894],[-48.045613720758205,-15.817931413537611],[-48.04484812178895,-15.817554927431116],[-48.04561509068179,-15.818022859839894]],[[-48.045579354897406,-15.855603231674772],[-48.045311390836,-15.855462254796397],[-48.04491265153489,-15.855268554970985],[-48.045579354897406,-15.855603231674772]],[[-48.045235651620736,-15.854089472025905],[-48.04475144832141,-15.85518763289471],[-48.04476173124743,-15.85519279494603],[-48.045235651620736,-15.854089472025905]],[[-48.04514463433958,-15.860397462225189],[-48.04463593294244,-15.861313092238458],[-48.04464916948153,-15.861319977970151],[-48.04514463433958,-15.860397462225189]],[[-48.04452481075904,-15.815901780158754],[-48.044362235132674,-15.816130053539165],[-48.04394644743184,-15.816768651530362],[-48.04452481075904,-15.815901780158754]],[[-48.04448928530845,-15.802990351841492],[-48.0427882436502,-15.803014199728153],[-48.0428038049952,-15.80782416260553],[-48.042817250207335,-15.803034370832183],[-48.04448928530845,-15.802990351841492]],[[-48.04441237589298,-15.817340645773232],[-48.04436550965359,-15.817317598955757],[-48.044366346160444,-15.817373463465923],[-48.04441237589298,-15.817340645773232]],[[-48.043727307263815,-15.811307277887613],[-48.04279771377761,-15.808517973151332],[-48.042824144061754,-15.810405422393545],[-48.043727307263815,-15.811307277887613]],[[-48.04367425954184,-15.862393625318827],[-48.04312839389414,-15.862101134884773],[-48.042900516074546,-15.86199023527489],[-48.04367425954184,-15.862393625318827]],[[-48.04338545430173,-15.83967595736108],[-48.043130299081845,-15.840055370891767],[-48.04325704846487,-15.840130950783047],[-48.04338545430173,-15.83967595736108]],[[-48.043098491152854,-15.84004355185848],[-48.04302968637618,-15.840033801087428],[-48.0422923885414,-15.841473870196264],[-48.043098491152854,-15.84004355185848]],[[-48.04155975895025,-15.842548062422265],[-48.041336595970826,-15.842598777606838],[-48.04143705805547,-15.842596950738852],[-48.04155975895025,-15.842548062422265]],[[-48.04098549886698,-15.861023955660027],[-48.040559009661614,-15.86183756374254],[-48.04098350216105,-15.861048435953412],[-48.04098549886698,-15.861023955660027]],[[-48.03970019486705,-15.8604977241919],[-48.03961899496522,-15.860648485029222],[-48.03963704012712,-15.860657222353467],[-48.03970019486705,-15.8604977241919]],[[-48.03932700141986,-15.860507101888262],[-48.03926879488394,-15.860477963606003],[-48.03926838736815,-15.860478720595852],[-48.03932700141986,-15.860507101888262]],[[-48.03903851309875,-15.847813075315544],[-48.03895140217801,-15.847905311303998],[-48.0389915273976,-15.847904610026237],[-48.03903851309875,-15.847813075315544]],[[-48.03865565694591,-15.865129890782123],[-48.038284593532815,-15.864947275107362],[-48.038194212888364,-15.865071305175942],[-48.03865565694591,-15.865129890782123]],[[-48.03862630459703,-15.853911404637339],[-48.03768928631811,-15.853592078506443],[-48.03768991530999,-15.853657058821335],[-48.03862630459703,-15.853911404637339]],[[-48.03850007460514,-15.850184817424564],[-48.03796852829899,-15.849914180138946],[-48.037966333472674,-15.849918487379883],[-48.03850007460514,-15.850184817424564]],[[-48.038166417988606,-15.865104852388718],[-48.03705348846486,-15.864589468231813],[-48.038158811571144,-15.865114033104435],[-48.038166417988606,-15.865104852388718]],[[-48.03786660822514,-15.866514027978264],[-48.037727209848526,-15.866444828379159],[-48.03784555291513,-15.866505411412186],[-48.03786660822514,-15.866514027978264]],[[-48.03757990721436,-15.853675023847902],[-48.03738155920906,-15.85334953291534],[-48.03753010449523,-15.853687820623191],[-48.03757990721436,-15.853675023847902]],[[-48.03751644043845,-15.856151177063696],[-48.03746615570709,-15.856123487193413],[-48.03703698602838,-15.856826285033941],[-48.03751644043845,-15.856151177063696]],[[-48.037360550145706,-15.866262811413074],[-48.03663012453977,-15.865900211011224],[-48.03718181797617,-15.866176383406845],[-48.037360550145706,-15.866262811413074]],[[-48.03730940086892,-15.853271262254015],[-48.03727044946772,-15.853229011795348],[-48.03727053489248,-15.85323471643832],[-48.03730940086892,-15.853271262254015]],[[-48.037288425623245,-15.853007683731319],[-48.03723351828632,-15.85273726272273],[-48.03727007068724,-15.853203716908272],[-48.037288425623245,-15.853007683731319]],[[-48.0371833576187,-15.852638486705253],[-48.0371269012187,-15.852527312777985],[-48.037069236676366,-15.852451515023295],[-48.0371833576187,-15.852638486705253]],[[-48.03711536348116,-15.855797229043086],[-48.036985331199375,-15.855571384273569],[-48.0361145046461,-15.854282456025208],[-48.03711536348116,-15.855797229043086]],[[-48.03697440456152,-15.856795760740747],[-48.032468462960814,-15.854592120027602],[-48.0324660499017,-15.854596691253532],[-48.03697440456152,-15.856795760740747]],[[-48.03639534558922,-15.859839445544175],[-48.03637057484893,-15.859827054974847],[-48.03461109173372,-15.863138953412339],[-48.03639534558922,-15.859839445544175]],[[-48.03578100115982,-15.852230132305003],[-48.035192326135885,-15.852803871554002],[-48.035664071339696,-15.852352476088372],[-48.03578100115982,-15.852230132305003]],[[-48.035748468880435,-15.853302673109264],[-48.03548499660877,-15.85307894373746],[-48.0353608363057,-15.853217538413775],[-48.035748468880435,-15.853302673109264]],[[-48.03556027243643,-15.85375231704188],[-48.03552510424686,-15.85371594476452],[-48.03519359520278,-15.853404220527409],[-48.03556027243643,-15.85375231704188]],[[-48.03533003063859,-15.866989791815765],[-48.034713821466845,-15.866568888356797],[-48.034574147866465,-15.866486620866734],[-48.03533003063859,-15.866989791815765]],[[-48.03515844181835,-15.852773235788396],[-48.03489092846215,-15.852512010408873],[-48.03447806814158,-15.852836328844678],[-48.03515844181835,-15.852773235788396]],[[-48.03446333070093,-15.866412851728674],[-48.03421997081038,-15.86611177763474],[-48.03426856579503,-15.866196176292974],[-48.03446333070093,-15.866412851728674]],[[-48.03444582101999,-15.852816166101064],[-48.034025806665035,-15.85240411964321],[-48.03417147756519,-15.852568753320062],[-48.03444582101999,-15.852816166101064]],[[-48.034336434297124,-15.851987183661585],[-48.034263155949255,-15.851925854445122],[-48.03432503503465,-15.85199854204295],[-48.034336434297124,-15.851987183661585]],[[-48.0340239926346,-15.852307601504554],[-48.034013397593085,-15.852318158506701],[-48.034014224934296,-15.85232388979003],[-48.0340239926346,-15.852307601504554]],[[-48.03401561146635,-15.865805617834424],[-48.03383595632044,-15.86553012369962],[-48.03389199694698,-15.8656268889584],[-48.03401561146635,-15.865805617834424]],[[-48.03387490975999,-15.86447427642748],[-48.03354853818315,-15.865034153075326],[-48.033704207684785,-15.865277264019069],[-48.03387490975999,-15.86447427642748]],[[-48.03381272343802,-15.874725368884963],[-48.03376153604946,-15.874329165336727],[-48.03380898956657,-15.874729715788273],[-48.03381272343802,-15.874725368884963]],[[-48.03372247007508,-15.874026782423499],[-48.0323283009879,-15.874272851155828],[-48.03125698116166,-15.874483631234993],[-48.03372247007508,-15.874026782423499]],[[-48.03352827649881,-15.858405223074303],[-48.03111770048721,-15.857150641763585],[-48.03215911015572,-15.85772231602351],[-48.03352827649881,-15.858405223074303]],[[-48.0314810065061,-15.866361663056336],[-48.029187992678764,-15.865251679815659],[-48.03145832897748,-15.866385784033199],[-48.03077522988399,-15.867724557135505],[-48.0314810065061,-15.866361663056336]],[[-48.028950473390445,-15.865133029524179],[-48.02822780684946,-15.864763952747852],[-48.027435551503814,-15.866567706364394],[-48.02823169088376,-15.864773964708164],[-48.028950473390445,-15.865133029524179]],[[-48.028870689114875,-15.85888470516607],[-48.028751233116076,-15.859068285204794],[-48.028864842143896,-15.858928878199556],[-48.028870689114875,-15.85888470516607]],[[-48.028737353342,-15.859086748383886],[-48.02853803660741,-15.859309551449156],[-48.02869005837782,-15.859149662073033],[-48.028737353342,-15.859086748383886]],[[-48.02838187320985,-15.859479225527055],[-48.028134509632565,-15.859723229792797],[-48.027833437216366,-15.860053249431902],[-48.02838187320985,-15.859479225527055]],[[-48.02812823670059,-15.86922402344716],[-48.026318937732306,-15.868329289628443],[-48.02793120380358,-15.869570077338699],[-48.02812823670059,-15.86922402344716]],[[-48.0277418308882,-15.864035709354654],[-48.02762254678962,-15.86428166787615],[-48.0274537244779,-15.864546833257174],[-48.02742659888105,-15.86462956663001],[-48.0277418308882,-15.864035709354654]],[[-48.027244777563666,-15.864970476371798],[-48.02698714193892,-15.865455512955267],[-48.02721987894814,-15.86511131103423],[-48.027244777563666,-15.864970476371798]],[[-48.027165694748795,-15.863458591228897],[-48.02568170215476,-15.862324040328375],[-48.02668088763057,-15.863207792885069],[-48.027165694748795,-15.863458591228897]],[[-48.026896005564566,-15.861032287787273],[-48.026153949305325,-15.861805580945417],[-48.02572299770746,-15.86226633621991],[-48.026896005564566,-15.861032287787273]],[[-48.02610495208788,-15.860469136868703],[-48.026080835082006,-15.860458645675104],[-48.0259952070616,-15.86058723010659],[-48.02610495208788,-15.860469136868703]],[[-48.026033416505875,-15.86818927643508],[-48.025758386456985,-15.868032773126096],[-48.025778496855445,-15.868070335410318],[-48.026033416505875,-15.86818927643508]],[[-48.02600713984258,-15.860355112818178],[-48.02600248944497,-15.860393993069192],[-48.02600594007114,-15.860398046121272],[-48.02600713984258,-15.860355112818178]],[[-48.02596497055692,-15.85947832823323],[-48.02359852080205,-15.85931599638317],[-48.02512668634498,-15.859423422488756],[-48.02596497055692,-15.85947832823323]],[[-48.025845150270435,-15.867553874820876],[-48.02568855535612,-15.867832681300735],[-48.025689157574426,-15.867873012305783],[-48.025845150270435,-15.867553874820876]],[[-48.02567889146232,-15.860927609167376],[-48.024229467511205,-15.86040972565054],[-48.02540552499831,-15.861215703901117],[-48.02567889146232,-15.860927609167376]],[[-48.0234959486986,-15.886616844289271],[-48.023356008535075,-15.887048591789819],[-48.023482250096535,-15.886746615415063],[-48.0234959486986,-15.886616844289271]],[[-48.02167947441168,-15.821782014700034],[-48.02041664414297,-15.821026567528586],[-48.01907380342892,-15.82213234852649],[-48.01398678299494,-15.821106982083926],[-48.019062949033774,-15.829778585715697],[-48.02029576949109,-15.828423104985866],[-48.01775424356837,-15.826053052991407],[-48.01751985405383,-15.823143466045526],[-48.02014560239622,-15.822298113499945],[-48.02116690541714,-15.822829739368936],[-48.02167947441168,-15.821782014700034]],[[-48.02036006250289,-15.820981598841165],[-48.02009959962231,-15.820833037846235],[-48.02035560070921,-15.820990344937622],[-48.02036006250289,-15.820981598841165]],[[-48.020148215530114,-15.89404230928418],[-48.02014609366746,-15.89402142965033],[-48.0195712775106,-15.894357331042661],[-48.020148215530114,-15.89404230928418]],[[-48.01946452671903,-15.894965376032433],[-48.01941810718473,-15.894878684649738],[-48.019416077277306,-15.89487871302919],[-48.01946258320773,-15.894965566643238],[-48.01946452671903,-15.894965376032433]],[[-48.01899024808197,-15.894500195763113],[-48.01897843847626,-15.894484759214444],[-48.01852105013059,-15.894798132754161],[-48.01899024808197,-15.894500195763113]],[[-48.01840962814748,-15.819819667027996],[-48.018108311512925,-15.819572348242636],[-48.01761149845948,-15.81936200805087],[-48.01840962814748,-15.819819667027996]],[[-48.01754396723344,-15.80324182961061],[-48.01736339203819,-15.802382674177597],[-48.017437207157684,-15.803236139335034],[-48.01589900985478,-15.803241498536515],[-48.015930822685704,-15.808274231448927],[-48.015934098177645,-15.803264200612173],[-48.01754396723344,-15.80324182961061]],[[-48.01698003829157,-15.80128125292545],[-48.01694267222636,-15.801161177798166],[-48.01687475851043,-15.801162442038688],[-48.01698003829157,-15.80128125292545]],[[-48.01670932295966,-15.800411315494696],[-48.01628174988119,-15.799037303668596],[-48.01638850058686,-15.799439204534618],[-48.01670932295966,-15.800411315494696]],[[-48.01598391081452,-15.797932321219923],[-48.015981128525596,-15.797744452417843],[-48.01589842589701,-15.79762033086961],[-48.01598391081452,-15.797932321219923]],[[-48.01598000152901,-15.81504965513208],[-48.01597251929455,-15.814545170219537],[-48.015941304914065,-15.81534180435152],[-48.01598000152901,-15.81504965513208]],[[-48.015979168151546,-15.797612124702594],[-48.01591255177284,-15.79311456386694],[-48.01592567727476,-15.794993533373287],[-48.015979168151546,-15.797612124702594]],[[-48.015935736037264,-15.809741597586372],[-48.015935633459755,-15.80971090027407],[-48.01591086168195,-15.809711203002113],[-48.015935736037264,-15.809741597586372]],[[-48.01591423275478,-15.815546189941136],[-48.01589319224358,-15.815571728056161],[-48.01591089280255,-15.815571407938432],[-48.01591423275478,-15.815546189941136]],[[-48.01568667323215,-15.816986901312092],[-48.01568342492348,-15.816767895319662],[-48.01527797795646,-15.817278194611205],[-48.01568667323215,-15.816986901312092]],[[-48.01423776560851,-15.895520510481289],[-48.01356697957418,-15.896248875123545],[-48.0135811232823,-15.896261230081128],[-48.01423776560851,-15.895520510481289]],[[-48.01182649914782,-15.810966544812363],[-48.01013737943822,-15.80970506963766],[-48.01180835190028,-15.809740859601282],[-48.01180210632144,-15.808312209100722],[-48.008756694036535,-15.808688357249556],[-48.011800062485456,-15.807844600481268],[-48.00874565856682,-15.808672328679382],[-48.007420841436414,-15.806047251489558],[-48.008133434458756,-15.803393940124863],[-48.007387074152945,-15.799745606156803],[-48.008355979307474,-15.79837215452078],[-48.010471286649185,-15.798266218246676],[-48.010379949200114,-15.796102933604995],[-48.007694578967204,-15.795534129039696],[-48.00772425646125,-15.794619861924048],[-48.01033896833465,-15.79466911423518],[-48.010309775395434,-15.792694255459814],[-48.00607474290297,-15.792599659172465],[-48.00601737140813,-15.790052782513003],[-48.00372562415105,-15.78724487172438],[-48.01090828585064,-15.787711842923768],[-48.01071355097966,-15.785191381878624],[-47.99339853783463,-15.786208167887612],[-47.987107569028424,-15.787559007612904],[-47.98750078593063,-15.788741253900634],[-47.990024560196304,-15.78951107742177],[-47.99241524951362,-15.8083391128407],[-47.99348482618318,-15.808224405453803],[-47.99383627218495,-15.810594848071656],[-48.00125084127233,-15.812944329158015],[-48.00152893584607,-15.802290054459927],[-47.99754811319842,-15.789913114712032],[-47.99788919431081,-15.787548448133125],[-48.00038744075469,-15.786520471367004],[-48.002629646641516,-15.78704242015712],[-48.00357278167841,-15.790630608663072],[-48.00515313696751,-15.790474666541757],[-48.00541592173274,-15.79219501705802],[-48.005270972996534,-15.794438205932327],[-48.00274709957471,-15.795009462842335],[-48.002838078583025,-15.795812732851552],[-48.00404096713234,-15.795547082494299],[-48.004264478801744,-15.797287130017422],[-48.00531054689356,-15.797119415826623],[-48.004968268479935,-15.800736862246204],[-48.00579959947501,-15.800763665461265],[-48.006214197879274,-15.804723092851031],[-48.00484992406676,-15.806121169374354],[-48.006143738858846,-15.808419596695105],[-48.004913573817916,-15.809698324987895],[-48.0055827296878,-15.810191122333258],[-48.00425180193414,-15.813849076826438],[-48.00574333370033,-15.814364770797358],[-48.00627298277109,-15.81331942776029],[-48.008919921882544,-15.813765235527505],[-48.00924572072332,-15.813051968731585],[-48.01070052387182,-15.813759689312452],[-48.011478732618,-15.81286774562824],[-48.010680049894184,-15.811039919204374],[-48.01182649914782,-15.810966544812363]],[[-48.01172151108175,-15.820115182647658],[-48.0115890210881,-15.820224640292233],[-48.01071252998094,-15.822285725010843],[-48.01172151108175,-15.820115182647658]],[[-48.01170330869884,-15.824954847856162],[-48.00807336335889,-15.833026028762498],[-48.00820022258217,-15.83302498224124],[-48.01170330869884,-15.824954847856162]],[[-48.01082294051234,-15.891090481925795],[-48.010601154392425,-15.890945615711123],[-48.010596769029576,-15.890951945333962],[-48.01081756583969,-15.891096165261105],[-48.01082294051234,-15.891090481925795]],[[-48.010459240084344,-15.822830600944672],[-48.00986458555995,-15.824077699746088],[-48.009966134599516,-15.824123683419618],[-48.010459240084344,-15.822830600944672]],[[-48.01039499692077,-15.882151357914992],[-48.01029619169997,-15.881938710816032],[-48.0098590592082,-15.882093536512745],[-48.01039499692077,-15.882151357914992]],[[-48.01038120298574,-15.880806950028383],[-48.01024020247291,-15.880793191047486],[-48.01036825999058,-15.881042851403496],[-48.01038120298574,-15.880806950028383]],[[-48.008059967643206,-15.833055813729656],[-48.006433320323886,-15.836877389278143],[-48.00640465692649,-15.837195075593756],[-48.008059967643206,-15.833055813729656]],[[-48.006184253345275,-15.807344900903054],[-48.00613006002711,-15.8084020902543],[-48.004305993598194,-15.809480894270498],[-48.00614075707575,-15.808418204950355],[-48.006184253345275,-15.807344900903054]],[[-48.00430777783113,-15.835995284765955],[-48.003526999483036,-15.835589430468286],[-48.0034699003273,-15.835732403239676],[-48.00430777783113,-15.835995284765955]],[[-48.0023221905102,-15.835372306606828],[-47.99480239731976,-15.832411582348277],[-47.99446982373782,-15.832347429583944],[-48.0023221905102,-15.835372306606828]],[[-48.001470960121495,-15.780919320873432],[-48.00136296842216,-15.783034939964455],[-48.00130560439894,-15.785843336080422],[-48.001470960121495,-15.780919320873432]],[[-48.00077013590873,-15.787681273337359],[-48.000754293192074,-15.78660568091689],[-48.00075968104401,-15.787681226286477],[-48.00077013590873,-15.787681273337359]],[[-47.99359165960392,-15.850608628523249],[-47.989459134348465,-15.846637360946307],[-47.993568451047935,-15.85062894447618],[-47.99359165960392,-15.850608628523249]],[[-47.99143089655403,-15.806061009161159],[-47.99090407629746,-15.804338611533307],[-47.98704269063515,-15.8025070418526],[-47.988638983520566,-15.800157706240215],[-47.99010097238866,-15.80167098331856],[-47.98862830516013,-15.800141598248908],[-47.98726051827006,-15.802214421417577],[-47.98133030284513,-15.798934824655229],[-47.9813757936632,-15.800940869796271],[-47.97592120982781,-15.800644278308873],[-47.976115439953105,-15.802429749512815],[-47.972110183957284,-15.803710412866938],[-47.97548438466932,-15.803183670899553],[-47.96987527075339,-15.80589569631707],[-47.96990131109057,-15.807679762777797],[-47.967533777726565,-15.806936942823947],[-47.968227325189574,-15.812176973453893],[-47.96690237235487,-15.812328101966159],[-47.96698321421932,-15.815078557567585],[-47.968980522960905,-15.817284873057982],[-47.968926432160345,-15.819495656599166],[-47.962232044811316,-15.816517002642764],[-47.960799331050566,-15.81447051876944],[-47.95889574043812,-15.814496487211676],[-47.95904809487503,-15.817488344771286],[-47.9576307153996,-15.817691467052207],[-47.95878463838728,-15.824556950885247],[-47.96011088568387,-15.824521562512784],[-47.96098854225981,-15.82742596245417],[-47.958868784851575,-15.828420891637698],[-47.95936431986371,-15.831895133573974],[-47.957681481931694,-15.834107936246612],[-47.95798752548607,-15.836244369067884],[-47.9562877813378,-15.836851320188273],[-47.956363861318344,-15.835006953548287],[-47.95318819746753,-15.8367197272465],[-47.95494085707192,-15.841359934808047],[-47.953811917909206,-15.842913945589093],[-47.95473056687507,-15.847596152530285],[-47.95688617562426,-15.848002782932522],[-47.95635966258119,-15.849662506940197],[-47.95739359430338,-15.85750801233746],[-47.96048462892579,-15.857064586403968],[-47.95995857795369,-15.853723181893923],[-47.96136756842134,-15.853368701251775],[-47.96069240367474,-15.84845141825151],[-47.966362857421615,-15.846183077431526],[-47.96590454611849,-15.843835764579506],[-47.96419931816515,-15.84368708164804],[-47.964736685666274,-15.839846642769897],[-47.96688144760694,-15.838852141711076],[-47.96831735663696,-15.836307793169297],[-47.970081619691854,-15.836487783832947],[-47.96863245721241,-15.834426833251664],[-47.972137929994844,-15.830594651799835],[-47.96994471866882,-15.827124559876005],[-47.973132160596386,-15.820040993047831],[-47.97164597342388,-15.814665820599252],[-47.97223963472283,-15.81055840301205],[-47.97823168120968,-15.812246035017923],[-47.98498818806684,-15.812489598564632],[-47.98429061634883,-15.80716061890843],[-47.99143089655403,-15.806061009161159]],[[-47.990122201824896,-15.774343806439065],[-47.9899258575021,-15.773994098872208],[-47.990077893527626,-15.774266766377302],[-47.990122201824896,-15.774343806439065]],[[-47.987942960150406,-15.829520167033271],[-47.98756972067484,-15.829610383228896],[-47.98743783596146,-15.832931741377593],[-47.987942960150406,-15.829520167033271]],[[-47.98735524479258,-15.83343042247288],[-47.98540170126266,-15.837858452769453],[-47.98604916038788,-15.838009270245449],[-47.98735524479258,-15.83343042247288]],[[-47.985241593512875,-15.87767316364678],[-47.9849248480178,-15.87608035045006],[-47.98307252064219,-15.875257799154525],[-47.98108332943137,-15.878093201425187],[-47.98363587827595,-15.880495607833177],[-47.985241593512875,-15.87767316364678]],[[-47.97966897903873,-15.873746329919696],[-47.9784968897045,-15.873225804159155],[-47.979243913531505,-15.874458490879604],[-47.97966897903873,-15.873746329919696]],[[-47.97964128587364,-15.797172891742784],[-47.97930394565844,-15.797676709424165],[-47.97803662793396,-15.798124451953466],[-47.97931102527303,-15.797674604003292],[-47.97964128587364,-15.797172891742784]],[[-47.97964128587364,-15.797172891742784],[-47.97959624907609,-15.796478714632595],[-47.97953936415412,-15.796429132367884],[-47.97964128587364,-15.797172891742784]],[[-47.979523448165196,-15.796415259246135],[-47.97903170505933,-15.795986644565989],[-47.97898812231296,-15.795992315478319],[-47.979523448165196,-15.796415259246135]],[[-47.97850299176796,-15.798119927881688],[-47.97772360639035,-15.798240406251148],[-47.97761497709953,-15.798280645802524],[-47.97850299176796,-15.798119927881688]],[[-47.97814344064554,-15.87488675560774],[-47.97748869711492,-15.876099833254404],[-47.977750334516834,-15.875644582090942],[-47.97814344064554,-15.87488675560774]],[[-47.97802125252389,-15.94321940576258],[-47.9776201106111,-15.94296173536012],[-47.97762337701668,-15.943182858145954],[-47.97802125252389,-15.94321940576258]],[[-47.97761492052354,-15.798280667347552],[-47.97672209748306,-15.798611398249093],[-47.97668600579263,-15.798645950992995],[-47.97761492052354,-15.798280667347552]],[[-47.97749957363686,-15.876112752685666],[-47.97748869711492,-15.876099833254404],[-47.976908656147444,-15.875811387649398],[-47.97749957363686,-15.876112752685666]],[[-47.97707040677358,-15.942608637320776],[-47.973718327778684,-15.940455392933826],[-47.973700669940705,-15.940480345624076],[-47.97707040677358,-15.942608637320776]],[[-47.976279494643606,-15.901407647012723],[-47.976231344937325,-15.90112410672365],[-47.97627818377691,-15.9014145676632],[-47.976279494643606,-15.901407647012723]],[[-47.97627739847791,-15.901418714257419],[-47.97627218701117,-15.90141731961856],[-47.97627103734199,-15.901452306188625],[-47.97627739847791,-15.901418714257419]],[[-47.97608617830477,-15.90077386310047],[-47.97516791476774,-15.901038042273752],[-47.975728763762824,-15.900939314265411],[-47.97608617830477,-15.90077386310047]],[[-47.97590553734803,-15.945271717451465],[-47.9752806210294,-15.943830894251368],[-47.975736658572565,-15.945135661967738],[-47.97590553734803,-15.945271717451465]],[[-47.97566077460134,-15.943183451327723],[-47.975476386767475,-15.943285922323462],[-47.97547508597863,-15.943289544182779],[-47.97566077460134,-15.943183451327723]],[[-47.9748300603068,-15.874751291853393],[-47.972264654215735,-15.87343922689116],[-47.97184946346468,-15.874516909487488],[-47.97228425035931,-15.873452869317669],[-47.9748300603068,-15.874751291853393]],[[-47.97371148568155,-15.905611862163783],[-47.97284116116571,-15.908338658497295],[-47.972862447626106,-15.908347053116264],[-47.97371148568155,-15.905611862163783]],[[-47.97353870996612,-15.871104168447697],[-47.969814724618395,-15.869220138739749],[-47.973535856109535,-15.871109453271433],[-47.97353870996612,-15.871104168447697]],[[-47.97344372833026,-15.946374485097278],[-47.965226672579156,-15.945351046760265],[-47.966402832459735,-15.945762521941289],[-47.97344372833026,-15.946374485097278]],[[-47.97325181174979,-15.871635351670111],[-47.971638193442196,-15.87106400465585],[-47.97314217872531,-15.871838332247387],[-47.97325181174979,-15.871635351670111]],[[-47.97262839753675,-15.913666056794979],[-47.972179528699414,-15.913042529855444],[-47.972615508252304,-15.913709230208912],[-47.97262839753675,-15.913666056794979]],[[-47.972403178871424,-15.847506172800298],[-47.97003659978376,-15.847228116645901],[-47.97053109621219,-15.847296659078161],[-47.972403178871424,-15.847506172800298]],[[-47.97198286196382,-15.90359213664206],[-47.970829585894535,-15.907545316101073],[-47.97107961188986,-15.907643925235025],[-47.97198286196382,-15.90359213664206]],[[-47.97170796849262,-15.796939532408787],[-47.971672296563554,-15.796944173490603],[-47.971670825196696,-15.796955762158769],[-47.97170796849262,-15.796939532408787]],[[-47.97159803374017,-15.901572026718119],[-47.97008483818788,-15.901792543525653],[-47.968138246900274,-15.902100524874257],[-47.97159803374017,-15.901572026718119]],[[-47.97139199056805,-15.79915137212954],[-47.971357984305875,-15.799192202267536],[-47.97135107356519,-15.799510222524352],[-47.97139199056805,-15.79915137212954]],[[-47.97073028592566,-15.87131679920447],[-47.96816598522271,-15.870293854510981],[-47.97060754268339,-15.87153867117127],[-47.97073028592566,-15.87131679920447]],[[-47.970327029403656,-15.939900757312216],[-47.96996420871462,-15.938608495044837],[-47.970290742027444,-15.939862693769324],[-47.968117262410736,-15.940467742260969],[-47.970327029403656,-15.939900757312216]],[[-47.96951513880362,-15.805540092079454],[-47.96949043523607,-15.805548487641692],[-47.96938366006979,-15.805822095893372],[-47.96951513880362,-15.805540092079454]],[[-47.969504140069304,-15.943984591166492],[-47.96519420454751,-15.942782291957512],[-47.96665621520207,-15.943613723057364],[-47.969504140069304,-15.943984591166492]],[[-47.96907555966069,-15.80652179241521],[-47.968486765682954,-15.806822389805099],[-47.96902440335603,-15.806592650265982],[-47.96907555966069,-15.80652179241521]],[[-47.96897526541986,-15.908592674720186],[-47.96736333936854,-15.905937205908865],[-47.96852887366035,-15.908008255097837],[-47.96897526541986,-15.908592674720186]],[[-47.968785797973744,-15.928952784309459],[-47.96558034636002,-15.928693495267968],[-47.96704817121192,-15.932280661481183],[-47.966856652717325,-15.933379338243299],[-47.96588540071502,-15.93280815139459],[-47.964796762551956,-15.933675736222753],[-47.96610617294623,-15.933202861617744],[-47.96672883932293,-15.93393940773393],[-47.968785797973744,-15.928952784309459]],[[-47.968486765682954,-15.806822389805099],[-47.968448696705046,-15.806801647994265],[-47.96845455110775,-15.806838018227456],[-47.968486765682954,-15.806822389805099]],[[-47.968467311326975,-15.873747782773792],[-47.96695534063902,-15.873423073879412],[-47.96692037810883,-15.873435850838398],[-47.968467311326975,-15.873747782773792]],[[-47.968430929740464,-15.873951489120941],[-47.96830706061818,-15.874561621043467],[-47.96832490704988,-15.874545132644332],[-47.968430929740464,-15.873951489120941]],[[-47.967983144666384,-15.870201903048002],[-47.967975926200396,-15.87019827265935],[-47.967583084274224,-15.871010627409893],[-47.967983144666384,-15.870201903048002]],[[-47.96772708054676,-15.800471675512895],[-47.96735098203043,-15.798711226371532],[-47.967301609719854,-15.79871848041955],[-47.96772708054676,-15.800471675512895]],[[-47.96761694723843,-15.902180148064796],[-47.966229452527706,-15.902372822221938],[-47.96623436257092,-15.902391324321986],[-47.96761694723843,-15.902180148064796]],[[-47.96755307665676,-15.940612497822375],[-47.96742561882189,-15.940180434013222],[-47.96754192003738,-15.940615360538855],[-47.96755307665676,-15.940612497822375]],[[-47.9674910651919,-15.845645404831387],[-47.96625423920752,-15.844786521130334],[-47.967033087870895,-15.845556947616902],[-47.9674910651919,-15.845645404831387]],[[-47.96648478635009,-15.93444824311883],[-47.964467674494536,-15.937182366566779],[-47.966387190327964,-15.934704591487568],[-47.96648478635009,-15.93444824311883]],[[-47.96613753701585,-15.938281106697241],[-47.964598307700825,-15.937273695964294],[-47.96611050474082,-15.938330907869],[-47.96613753701585,-15.938281106697241]],[[-47.966081188189165,-15.880566974225568],[-47.9639709789232,-15.87958173420121],[-47.964006777677746,-15.880595428827121],[-47.966081188189165,-15.880566974225568]],[[-47.965961357633304,-15.842251991580737],[-47.96501403462502,-15.842096669375826],[-47.965014621363395,-15.842111164711987],[-47.96595900544835,-15.842266005199413],[-47.965961357633304,-15.842251991580737]],[[-47.96551087278016,-15.871596671212055],[-47.9655068236203,-15.871592720056578],[-47.96536269256572,-15.871744213234848],[-47.96551087278016,-15.871596671212055]],[[-47.96517171725613,-15.939621140067752],[-47.96480172343121,-15.939294969494641],[-47.96473070568182,-15.941943437666746],[-47.96517171725613,-15.939621140067752]],[[-47.9651023223643,-15.872003461377693],[-47.96286528224029,-15.870242039622843],[-47.96489043693035,-15.872214433057023],[-47.9651023223643,-15.872003461377693]],[[-47.96477276862103,-15.939269444290623],[-47.96338126686622,-15.93861146373014],[-47.96256885755174,-15.940620823712395],[-47.96335357635244,-15.938648849164794],[-47.96477276862103,-15.939269444290623]],[[-47.964737377486664,-15.870841842991643],[-47.962204159415535,-15.868297050376292],[-47.96349428889276,-15.86894792004691],[-47.962183978647666,-15.868280038464862],[-47.964737377486664,-15.870841842991643]],[[-47.96447159088539,-15.944888609267387],[-47.96418277870131,-15.944648769345925],[-47.96436309347908,-15.944822161831869],[-47.96447159088539,-15.944888609267387]],[[-47.96385613882518,-15.944334667423094],[-47.96354455954549,-15.944015637567187],[-47.96357930714233,-15.94406845976979],[-47.96385613882518,-15.944334667423094]],[[-47.96379251201925,-15.935117148001437],[-47.96377504421647,-15.935141828291034],[-47.96378378822959,-15.935130208160036],[-47.96379251201925,-15.935117148001437]],[[-47.96326043148763,-15.943583711336895],[-47.963030854461415,-15.943192422806307],[-47.96310568540076,-15.943348466155623],[-47.96326043148763,-15.943583711336895]],[[-47.96290100785137,-15.942921653472307],[-47.9625518287653,-15.940718498459201],[-47.962558037017935,-15.941696207686253],[-47.96290100785137,-15.942921653472307]],[[-47.96282050178419,-15.881134290930232],[-47.96256778315057,-15.88043346484385],[-47.96052302885853,-15.880635155011676],[-47.96067415884674,-15.881328782991405],[-47.96282050178419,-15.881134290930232]],[[-47.96275922298362,-15.936500619978561],[-47.96176583619227,-15.937854874366359],[-47.961215496631496,-15.939283781783915],[-47.96275922298362,-15.936500619978561]],[[-47.96268293939003,-15.865611744931703],[-47.96266837729871,-15.865604377067495],[-47.96257163910298,-15.865788555770974],[-47.96268293939003,-15.865611744931703]],[[-47.96262376491383,-15.932605450010422],[-47.9625756814949,-15.932657870826922],[-47.96188112755565,-15.933770833813245],[-47.96262376491383,-15.932605450010422]],[[-47.96239795658693,-15.866064466498932],[-47.961689541107894,-15.865709358564931],[-47.9623920098745,-15.866073913132999],[-47.96239795658693,-15.866064466498932]],[[-47.96206266521623,-15.868043145853802],[-47.960411632133145,-15.867200279535862],[-47.96206237654777,-15.868043694326753],[-47.96206266521623,-15.868043145853802]],[[-47.961751387626585,-15.869098450264028],[-47.961622174179254,-15.868891858012205],[-47.961561884913344,-15.868824818967985],[-47.961751387626585,-15.869098450264028]],[[-47.9613054752213,-15.924734431248794],[-47.96065737398671,-15.923935131405948],[-47.961138930426614,-15.92456174124395],[-47.9613054752213,-15.924734431248794]],[[-47.96081824424517,-15.857099707925066],[-47.95730642807724,-15.857573461524233],[-47.95739279564168,-15.858173329263096],[-47.9562858258742,-15.858360311583004],[-47.96081824424517,-15.857099707925066]],[[-47.9607984998301,-15.849133227956369],[-47.960762389483584,-15.848955305676533],[-47.96075519917042,-15.848956226642033],[-47.960791273509685,-15.849133983260637],[-47.9607984998301,-15.849133227956369]],[[-47.96046579690407,-15.808242226598063],[-47.96045325150644,-15.808154694327067],[-47.9519874616742,-15.809496164890463],[-47.96046579690407,-15.808242226598063]],[[-47.96029508160307,-15.923381619048739],[-47.95930447445557,-15.92046341050759],[-47.95882926903604,-15.920521113546688],[-47.96029508160307,-15.923381619048739]],[[-47.9602788616754,-15.806937938504742],[-47.96014400440134,-15.8059969925269],[-47.959322458685875,-15.806132235644291],[-47.96012570430573,-15.806019637967427],[-47.9602788616754,-15.806937938504742]],[[-47.95977822939536,-15.80389735738883],[-47.95943302674544,-15.801730256552274],[-47.95895880704435,-15.80180841461832],[-47.95977822939536,-15.80389735738883]],[[-47.95889673164472,-15.895638052491897],[-47.95841608212531,-15.889521678262566],[-47.958112366010596,-15.889963241641514],[-47.95889673164472,-15.895638052491897]],[[-47.95889572232549,-15.939115965046582],[-47.95859234979171,-15.93898989202574],[-47.958807894030436,-15.93955228504831],[-47.95889572232549,-15.939115965046582]],[[-47.958806161445075,-15.93956231155255],[-47.95866445352448,-15.940262747928475],[-47.95864171980442,-15.940581269488536],[-47.958806161445075,-15.93956231155255]],[[-47.95871495499253,-15.942141028441334],[-47.9586347010952,-15.940679606813493],[-47.95763362421128,-15.94074725072856],[-47.95871495499253,-15.942141028441334]],[[-47.9583237821209,-15.804402782774348],[-47.95828447840178,-15.804160166340553],[-47.95828225700585,-15.804160504543166],[-47.9583237821209,-15.804402782774348]],[[-47.958201611995754,-15.871893977565458],[-47.958163684690895,-15.871647458811644],[-47.957993431735126,-15.87076157268029],[-47.958201611995754,-15.871893977565458]],[[-47.95812217640038,-15.887269340952402],[-47.957848886528055,-15.887151777770756],[-47.957479509641196,-15.887194526862018],[-47.95812217640038,-15.887269340952402]],[[-47.95810752772074,-15.927286732945717],[-47.957794844606276,-15.926947472800887],[-47.95789151996598,-15.927083567640363],[-47.95810752772074,-15.927286732945717]],[[-47.957015493461654,-15.92092619577339],[-47.95520870866956,-15.92126198857329],[-47.95530685400496,-15.921715525336548],[-47.957015493461654,-15.92092619577339]],[[-47.95677106215791,-15.925519978379013],[-47.956536900267984,-15.925078409498415],[-47.95670849276435,-15.925433830602602],[-47.95677106215791,-15.925519978379013]],[[-47.95637512199701,-15.924815745314605],[-47.95538003085817,-15.922058275865338],[-47.95629577130625,-15.924871954464862],[-47.95637512199701,-15.924815745314605]],[[-47.956010578297544,-15.88747183349219],[-47.955868200221886,-15.88750835888471],[-47.95566306894811,-15.887667321813181],[-47.956010578297544,-15.88747183349219]],[[-47.954986593518285,-15.859223785214732],[-47.954509350784825,-15.860054042277183],[-47.952652260566445,-15.859106200219392],[-47.95451668914855,-15.860066707234264],[-47.954986593518285,-15.859223785214732]],[[-47.95497377320043,-15.831733892711933],[-47.95274528816889,-15.832049291993684],[-47.95346752218941,-15.831951884403729],[-47.95497377320043,-15.831733892711933]],[[-47.954777421667536,-15.888377068379691],[-47.95474645289231,-15.888402306043005],[-47.95473380915344,-15.888424440450413],[-47.954777421667536,-15.888377068379691]],[[-47.95469008286164,-15.855580651723058],[-47.95461333443639,-15.855184727216448],[-47.954677625621976,-15.855617412301708],[-47.95469008286164,-15.855580651723058]],[[-47.9545053321663,-15.93719818248979],[-47.95256343050593,-15.936319431063865],[-47.95196705522966,-15.936085366621578],[-47.9545053321663,-15.93719818248979]],[[-47.954126202391144,-15.889488111322361],[-47.954082535239834,-15.889564554163515],[-47.95405652507236,-15.889648370757726],[-47.954126202391144,-15.889488111322361]],[[-47.95402713586869,-15.896646868074598],[-47.95392389472934,-15.896061771002058],[-47.95369472331543,-15.895067776445025],[-47.95402713586869,-15.896646868074598]],[[-47.95356735313028,-15.894440328384059],[-47.953499017880304,-15.893965839540245],[-47.953526635730555,-15.894239748659217],[-47.95356735313028,-15.894440328384059]],[[-47.95355164770857,-15.891275330683792],[-47.953432234859434,-15.891660134825223],[-47.95341074259817,-15.892369228373203],[-47.95355164770857,-15.891275330683792]],[[-47.95340959995426,-15.893078985519983],[-47.953402978250026,-15.892625404682526],[-47.95339393863485,-15.892923653999723],[-47.95340959995426,-15.893078985519983]],[[-47.95326801753467,-15.856468088569882],[-47.950746537825886,-15.854874019550596],[-47.95049818387839,-15.85473434726624],[-47.95326801753467,-15.856468088569882]],[[-47.95312619530768,-15.943094102863103],[-47.95263362154812,-15.942942710581734],[-47.95262889659632,-15.942954216615915],[-47.95312170756621,-15.943105680602638],[-47.95312619530768,-15.943094102863103]],[[-47.95310649508763,-15.941748946507175],[-47.951942278704585,-15.942107444759564],[-47.95240690377991,-15.942182617986914],[-47.95269465472564,-15.941689430138094],[-47.95310649508763,-15.941748946507175]],[[-47.952670858538106,-15.847335905080607],[-47.95267049172317,-15.847334609724504],[-47.95259173256583,-15.84734721790015],[-47.952670858538106,-15.847335905080607]],[[-47.95238330287861,-15.858968924440925],[-47.9500360387382,-15.857770859521251],[-47.95071583425089,-15.858147278952597],[-47.95238330287861,-15.858968924440925]],[[-47.95184054392328,-15.809567845461942],[-47.951840126441276,-15.809565685677123],[-47.95178398897268,-15.80957626785879],[-47.95184054392328,-15.809567845461942]],[[-47.951807085164866,-15.809518056925576],[-47.9517406152386,-15.809056044876995],[-47.95179441978861,-15.80951959366801],[-47.951807085164866,-15.809518056925576]],[[-47.95173544931354,-15.809020134850783],[-47.95088073489458,-15.803078964967169],[-47.950815124691815,-15.803089083898548],[-47.95173544931354,-15.809020134850783]],[[-47.95158719451787,-15.923979268722858],[-47.949583833009434,-15.91479469793209],[-47.95149320815729,-15.924145901281033],[-47.95158719451787,-15.923979268722858]],[[-47.95120096489682,-15.847569855754228],[-47.951195921323205,-15.847570663163259],[-47.95084084865695,-15.847783523994869],[-47.95120096489682,-15.847569855754228]],[[-47.95109795440872,-15.935744259139822],[-47.95017388234292,-15.93752139717753],[-47.95023420351876,-15.937547484007752],[-47.95109795440872,-15.935744259139822]],[[-47.950530778228675,-15.84796940550946],[-47.94928297520445,-15.849071065761247],[-47.94907915618635,-15.84928691395803],[-47.950530778228675,-15.84796940550946]],[[-47.94983159986586,-15.857666510825656],[-47.94980742152598,-15.857654169980783],[-47.949807160868986,-15.85766684300696],[-47.94983159986586,-15.857666510825656]],[[-47.94936841281343,-15.850339351936162],[-47.94888521888483,-15.849492296805849],[-47.94852245005721,-15.849876472851152],[-47.94936841281343,-15.850339351936162]],[[-47.948516334837564,-15.846907256529096],[-47.94784431858435,-15.847407489447342],[-47.94759104967104,-15.847673252465535],[-47.948516334837564,-15.846907256529096]],[[-47.9483518479895,-15.810115262125947],[-47.94833881430352,-15.810036628951268],[-47.942501768720945,-15.810988926329626],[-47.9483518479895,-15.810115262125947]],[[-47.94819286117154,-15.85329862774014],[-47.94778443335178,-15.850952798336541],[-47.94762029762752,-15.852128881532654],[-47.94819286117154,-15.85329862774014]],[[-47.948117896390336,-15.850304899642744],[-47.94790272083768,-15.850532772042905],[-47.94790181507771,-15.850535988321951],[-47.948117896390336,-15.850304899642744]],[[-47.94696059245588,-15.848323781454098],[-47.946905484715174,-15.848380639356154],[-47.94674585575738,-15.848604532586627],[-47.94696059245588,-15.848323781454098]],[[-47.94684442393746,-15.921564463088252],[-47.946840840914724,-15.921547238073789],[-47.946556594345275,-15.92158787059514],[-47.94684442393746,-15.921564463088252]],[[-47.946590331477275,-15.836686227332816],[-47.941783375574275,-15.838718451934602],[-47.941726302231785,-15.838789695106453],[-47.946590331477275,-15.836686227332816]],[[-47.946546785448945,-15.921410614247314],[-47.94654422790099,-15.921399132904225],[-47.946491956270535,-15.921408702154396],[-47.946546785448945,-15.921410614247314]],[[-47.94647797744665,-15.848954760707128],[-47.94646403145294,-15.848954688591842],[-47.946467427039636,-15.84896855356828],[-47.94647797744665,-15.848954760707128]],[[-47.946397189104175,-15.92115931875239],[-47.945958492639264,-15.9211850212739],[-47.94595869279831,-15.921202259114512],[-47.946397189104175,-15.92115931875239]],[[-47.945752027593535,-15.849903867083368],[-47.94561146106214,-15.850066264179874],[-47.94566891019109,-15.850450433779331],[-47.945752027593535,-15.849903867083368]],[[-47.945692622919594,-15.850674552219818],[-47.94569085604376,-15.85065785032434],[-47.945531817199125,-15.850906262299604],[-47.945692622919594,-15.850674552219818]],[[-47.94502841057394,-15.851810516216934],[-47.94498914574327,-15.851898779781093],[-47.944992974904764,-15.85190710330808],[-47.94502841057394,-15.851810516216934]],[[-47.94496241056507,-15.853174660315233],[-47.944612470894775,-15.852965070546519],[-47.94460929953644,-15.852973656357298],[-47.94496241056507,-15.853174660315233]],[[-47.9448916277077,-15.835059325854997],[-47.94467165565562,-15.834891833291941],[-47.94124197836877,-15.832417487414753],[-47.9448916277077,-15.835059325854997]],[[-47.94373628099146,-15.79324879496668],[-47.94370997660098,-15.79320703927314],[-47.94368446882062,-15.793259108104877],[-47.94373628099146,-15.79324879496668]],[[-47.94360322968549,-15.79327527794507],[-47.9429231094441,-15.793011651675656],[-47.94359409182811,-15.793277096769748],[-47.94360322968549,-15.79327527794507]],[[-47.942995304899576,-15.801247126520272],[-47.94295236002482,-15.80110265580897],[-47.942920418633605,-15.801112594996019],[-47.942995304899576,-15.801247126520272]],[[-47.942885361719966,-15.84389821133099],[-47.94088853788114,-15.844414458843627],[-47.94131023723739,-15.844355190927244],[-47.942885361719966,-15.84389821133099]],[[-47.942871243769225,-15.80883209729714],[-47.942871128567035,-15.808830194358112],[-47.94287000734571,-15.808835216891271],[-47.942871243769225,-15.80883209729714]],[[-47.942867167281534,-15.808764938763199],[-47.94286608487964,-15.808747111271455],[-47.94281420556997,-15.808505769682393],[-47.942867167281534,-15.808764938763199]],[[-47.94286006990698,-15.939633039445207],[-47.94285983100917,-15.939616667214347],[-47.942683609640035,-15.939619074293741],[-47.942683848523565,-15.939635446527195],[-47.94286006990698,-15.939633039445207]],[[-47.942745076280374,-15.808184170797276],[-47.942711683405356,-15.808116596096523],[-47.94248359328768,-15.807986058202344],[-47.942745076280374,-15.808184170797276]],[[-47.94266962292006,-15.809196577093013],[-47.942472425845224,-15.809511053551349],[-47.94249101119117,-15.809498995281393],[-47.94266962292006,-15.809196577093013]],[[-47.94242796070393,-15.80953990155787],[-47.942410468648,-15.80954771427978],[-47.9424194825745,-15.809545402207965],[-47.94242796070393,-15.80953990155787]],[[-47.94226558912719,-15.789089851307793],[-47.941046884380235,-15.785535829352519],[-47.94102589869964,-15.78553032939882],[-47.94034075845683,-15.783555085085336],[-47.94226558912719,-15.789089851307793]],[[-47.941982169084504,-15.80774259627605],[-47.94194234606679,-15.807730855673976],[-47.94136868611032,-15.807858850866479],[-47.941982169084504,-15.80774259627605]],[[-47.941928245183064,-15.811063079009434],[-47.94122415558176,-15.811069016434049],[-47.94179646951176,-15.811078609647051],[-47.941928245183064,-15.811063079009434]],[[-47.94185353888684,-15.809658924797619],[-47.94171168715815,-15.809675305228017],[-47.94175059477509,-15.809682733583116],[-47.94185353888684,-15.809658924797619]],[[-47.94182024410518,-15.914408312866895],[-47.936159770812615,-15.916064966395895],[-47.938462691729974,-15.915828895269755],[-47.93834532732117,-15.915107788539215],[-47.94182024410518,-15.914408312866895]],[[-47.941620407324834,-15.809657877644218],[-47.94146229689881,-15.80951012482158],[-47.941432394296044,-15.809496151966178],[-47.941620407324834,-15.809657877644218]],[[-47.94161397979621,-15.789648991366084],[-47.940963412913455,-15.787780975459949],[-47.940453289975004,-15.787719096565645],[-47.94161397979621,-15.789648991366084]],[[-47.94134749911699,-15.80786475487472],[-47.94126905790647,-15.807886613902925],[-47.940879858158915,-15.808470522000658],[-47.94134749911699,-15.80786475487472]],[[-47.941263311077336,-15.80941235621283],[-47.941114120840275,-15.80933196878639],[-47.941151008924855,-15.809368032821899],[-47.941263311077336,-15.80941235621283]],[[-47.94106382953335,-15.809282802712703],[-47.94101187085172,-15.809204688907275],[-47.94102406633746,-15.809243929442168],[-47.94106382953335,-15.809282802712703]],[[-47.94106248963413,-15.801740585102644],[-47.94104518307783,-15.801746997207768],[-47.940984107813016,-15.801781893379147],[-47.94106248963413,-15.801740585102644]],[[-47.94104867951204,-15.804183828883472],[-47.940433147014495,-15.805095417202905],[-47.938964969095615,-15.804214065526288],[-47.94043646706672,-15.805098038899729],[-47.94104867951204,-15.804183828883472]],[[-47.94099598945972,-15.809153589977871],[-47.940879171447385,-15.808472247978148],[-47.94086424131375,-15.808509789038087],[-47.94099598945972,-15.809153589977871]],[[-47.940970398630434,-15.801789726895194],[-47.94062367142249,-15.801987839278139],[-47.94048825261441,-15.80212267175817],[-47.940970398630434,-15.801789726895194]],[[-47.939742489277776,-15.810834031463296],[-47.93958800103981,-15.81078931346371],[-47.93969461015367,-15.810824192186006],[-47.939742489277776,-15.810834031463296]],[[-47.93920903582876,-15.780190703816979],[-47.93913939170619,-15.780045474052487],[-47.939141589509184,-15.780126362094068],[-47.93861788178918,-15.779671200439871],[-47.93920903582876,-15.780190703816979]],[[-47.93902282353852,-15.778643600966129],[-47.938586194447595,-15.777311033523388],[-47.936260212143274,-15.77803189431981],[-47.938526679445,-15.777351207735258],[-47.93902282353852,-15.778643600966129]],[[-47.938996484013465,-15.78872443562325],[-47.938755594841446,-15.788636348691387],[-47.938424507844246,-15.788548381363977],[-47.938996484013465,-15.78872443562325]],[[-47.93860087114763,-15.810470341335131],[-47.934701474482885,-15.809064354522665],[-47.93500021962564,-15.809208074690186],[-47.93860087114763,-15.810470341335131]],[[-47.938324121807966,-15.805108911067169],[-47.93348653824216,-15.802368807633163],[-47.93816665914674,-15.80534266095361],[-47.938324121807966,-15.805108911067169]],[[-47.93806054528128,-15.78700641584368],[-47.93765488730052,-15.786652160641722],[-47.9379666806723,-15.78697450724628],[-47.93806054528128,-15.78700641584368]],[[-47.937938309826166,-15.775528417646672],[-47.9379327276068,-15.775511274794153],[-47.93768214231681,-15.775610150602965],[-47.937938309826166,-15.775528417646672]],[[-47.937863137344,-15.812810242162469],[-47.93723436288316,-15.81702523064505],[-47.93729333428758,-15.816692551067831],[-47.937863137344,-15.812810242162469]],[[-47.937424040531646,-15.77399863710555],[-47.93737497829054,-15.773455122735161],[-47.93697051482669,-15.772842652293948],[-47.937424040531646,-15.77399863710555]],[[-47.93687377921986,-15.81916388115181],[-47.936256685505,-15.821113891452352],[-47.93658701792727,-15.820157487000921],[-47.93687377921986,-15.81916388115181]],[[-47.936784150477955,-15.775896664451045],[-47.9334462497974,-15.776849868932244],[-47.9316019866708,-15.777533834049708],[-47.936784150477955,-15.775896664451045]],[[-47.93678042989758,-15.756974256087156],[-47.935363255501045,-15.756694779305645],[-47.932048394770355,-15.757713316563697],[-47.93678042989758,-15.756974256087156]],[[-47.936778791421766,-15.774518226937637],[-47.93624010015763,-15.773131237212857],[-47.936194548045954,-15.774655129517642],[-47.936778791421766,-15.774518226937637]],[[-47.93672118789125,-15.790818418300791],[-47.93361594106225,-15.789791196343774],[-47.93319367928888,-15.789823930017898],[-47.93672118789125,-15.790818418300791]],[[-47.93619523027772,-15.773042959312171],[-47.9349640558631,-15.770620718637518],[-47.934568618884356,-15.769917033419702],[-47.93619523027772,-15.773042959312171]],[[-47.9361862094169,-15.821317939957488],[-47.93600821200616,-15.821709275070644],[-47.936110570703505,-15.821536934113386],[-47.9361862094169,-15.821317939957488]],[[-47.93600414321814,-15.786072937878638],[-47.9358354099192,-15.78559099762672],[-47.935988245151485,-15.786070040787397],[-47.93600414321814,-15.786072937878638]],[[-47.9359416744748,-15.779116053464193],[-47.935910200913575,-15.779109656025593],[-47.9359094180068,-15.779109882425455],[-47.9359416744748,-15.779116053464193]],[[-47.93580923625503,-15.770377082316417],[-47.935248519135996,-15.769483827645704],[-47.93528392418522,-15.769722125232835],[-47.93580923625503,-15.770377082316417]],[[-47.935717373136306,-15.779165385066454],[-47.931247583397045,-15.780542565474182],[-47.93360713071874,-15.77981227433714],[-47.93311942599077,-15.780450357206508],[-47.935717373136306,-15.779165385066454]],[[-47.935638277454245,-15.773221554150803],[-47.93563555179615,-15.773214442460976],[-47.935587505340145,-15.773120363689515],[-47.935638277454245,-15.773221554150803]],[[-47.935439390115725,-15.834316671647805],[-47.93290260069148,-15.832466980989736],[-47.93409586429862,-15.833343413448564],[-47.935439390115725,-15.834316671647805]],[[-47.935261304248705,-15.772481626060513],[-47.93497831590755,-15.77192750112714],[-47.93507901542526,-15.772128625143388],[-47.935261304248705,-15.772481626060513]],[[-47.93520392153771,-15.823108003744375],[-47.93417602819177,-15.824493637530933],[-47.93504991588924,-15.823381953689552],[-47.93520392153771,-15.823108003744375]],[[-47.93493047547669,-15.768964478805767],[-47.93412484004049,-15.767630689908977],[-47.93386423051302,-15.767219033928667],[-47.93493047547669,-15.768964478805767]],[[-47.93454760033428,-15.771084100353692],[-47.93435279583141,-15.770702642594834],[-47.93434498786915,-15.770704992898082],[-47.93454760033428,-15.771084100353692]],[[-47.934484772477305,-15.769702371567668],[-47.93433575905681,-15.769612986616554],[-47.93440266008383,-15.76970034124477],[-47.934484772477305,-15.769702371567668]],[[-47.93440653640401,-15.784892327566192],[-47.93423359920615,-15.784401765610069],[-47.93439580104318,-15.784896272519273],[-47.93440653640401,-15.784892327566192]],[[-47.93406414606551,-15.784254929364137],[-47.932412328053985,-15.784140589535692],[-47.93216084598252,-15.781883398389734],[-47.93240753784574,-15.784155278060062],[-47.93406414606551,-15.784254929364137]],[[-47.93382499923695,-15.824942308305777],[-47.93379175395316,-15.824941566103362],[-47.93380319754511,-15.824970388033181],[-47.93382499923695,-15.824942308305777]],[[-47.93380532440395,-15.768915351997473],[-47.933793283965,-15.768881929283378],[-47.93266675399628,-15.767077466788866],[-47.93380532440395,-15.768915351997473]],[[-47.933652540391385,-15.778840023937908],[-47.932656637897516,-15.779148649259145],[-47.93308906362389,-15.77901518836537],[-47.933652540391385,-15.778840023937908]],[[-47.93363506212934,-15.79776029157437],[-47.933546450054514,-15.797360395107049],[-47.93356072350076,-15.797512307136964],[-47.93363506212934,-15.79776029157437]],[[-47.93361032393532,-15.808601028929372],[-47.93237196307087,-15.80811882028556],[-47.930410871334324,-15.807471236123469],[-47.93361032393532,-15.808601028929372]],[[-47.93359458466818,-15.798658065896708],[-47.93356536803802,-15.798784689628034],[-47.93352916701085,-15.79904286266498],[-47.93359458466818,-15.798658065896708]],[[-47.933544466932524,-15.79733927444963],[-47.93354300723743,-15.796458137958263],[-47.93352838581998,-15.797168123131089],[-47.933544466932524,-15.79733927444963]],[[-47.93354264204566,-15.79242870136463],[-47.93353195082233,-15.792266933806966],[-47.93343073264657,-15.79192755640682],[-47.93354264204566,-15.79242870136463]],[[-47.93352774441762,-15.799050287731983],[-47.93338694822158,-15.799051238791806],[-47.9335085521353,-15.79915043882131],[-47.93352774441762,-15.799050287731983]],[[-47.93344752485655,-15.79946892279071],[-47.93300558088047,-15.80041039310538],[-47.93322008395919,-15.800118737852843],[-47.93344752485655,-15.79946892279071]],[[-47.933371497618985,-15.789688861497952],[-47.93306668678506,-15.788872134723931],[-47.93308099916884,-15.788916522051435],[-47.933371497618985,-15.789688861497952]],[[-47.93330259703588,-15.750312592996364],[-47.932751788456905,-15.74946637097873],[-47.933286398982005,-15.750297891077361],[-47.93330259703588,-15.750312592996364]],[[-47.93324550469935,-15.791344315870049],[-47.93303915674494,-15.789868301064983],[-47.932809041027745,-15.789993820363225],[-47.93324550469935,-15.791344315870049]],[[-47.93307352812827,-15.780510407603574],[-47.93306771102846,-15.78051801837891],[-47.932985445158245,-15.780678091133893],[-47.93307352812827,-15.780510407603574]],[[-47.93303623848863,-15.771099118145901],[-47.932330175383036,-15.770737003025719],[-47.932601396326504,-15.771233148085361],[-47.93303623848863,-15.771099118145901]],[[-47.932453725618906,-15.781515815041207],[-47.932193159027456,-15.781804794994638],[-47.93218499630264,-15.781824651973956],[-47.932453725618906,-15.781515815041207]],[[-47.93242104864935,-15.8267487496605],[-47.93232516220642,-15.826867771493633],[-47.93217634809542,-15.827061897144869],[-47.93242104864935,-15.8267487496605]],[[-47.93225382648258,-15.786774445502525],[-47.93127363515311,-15.784129467556303],[-47.932133502998745,-15.786808565111599],[-47.93225382648258,-15.786774445502525]],[[-47.93222304932601,-15.784150428132323],[-47.93166401867142,-15.784124202050732],[-47.93137415187864,-15.784128111850434],[-47.93222304932601,-15.784150428132323]],[[-47.932047297980226,-15.769509785560547],[-47.931876177999634,-15.769001877897491],[-47.932039870656546,-15.76951214690191],[-47.932047297980226,-15.769509785560547]],[[-47.93196177462633,-15.776085140521896],[-47.93065370814221,-15.772206294962023],[-47.93192864697611,-15.776068935072619],[-47.928559727766945,-15.777163125223932],[-47.93196177462633,-15.776085140521896]],[[-47.931487525162495,-15.82794338952148],[-47.93148284706027,-15.827939183195094],[-47.931487043392444,-15.827944005589057],[-47.931487525162495,-15.82794338952148]],[[-47.931263817679934,-15.780874952455225],[-47.93126266467956,-15.780871753163128],[-47.93119351891938,-15.780910179980639],[-47.931263817679934,-15.780874952455225]],[[-47.93125538072339,-15.82773464039495],[-47.931025013486604,-15.827527488779186],[-47.931025045173094,-15.827536281272808],[-47.93125538072339,-15.82773464039495]],[[-47.931125304961775,-15.76459393828203],[-47.93102591622224,-15.7645069601726],[-47.93092471110658,-15.764500164458578],[-47.931125304961775,-15.76459393828203]],[[-47.931039948361196,-15.780956341892754],[-47.93091349996834,-15.78097971089205],[-47.93086748601538,-15.781012483316394],[-47.931039948361196,-15.780956341892754]],[[-47.931031248405965,-15.826292916844006],[-47.93101287744242,-15.825418716798254],[-47.931023920192565,-15.827219610411664],[-47.931031248405965,-15.826292916844006]],[[-47.93099670428011,-15.824774849472707],[-47.93060427804231,-15.824773199192332],[-47.93075554404189,-15.8247818612316],[-47.93099670428011,-15.824774849472707]],[[-47.93097222191306,-15.771159655928871],[-47.93037010895469,-15.771347056222362],[-47.93062625105595,-15.772123107920141],[-47.93097222191306,-15.771159655928871]],[[-47.93088700842224,-15.764497633579035],[-47.93038804365366,-15.764618762089592],[-47.93041192433127,-15.764655626108441],[-47.93088700842224,-15.764497633579035]],[[-47.93086213179896,-15.78101629682271],[-47.930818652767435,-15.781047263286418],[-47.930812640644845,-15.781065575022376],[-47.93086213179896,-15.78101629682271]],[[-47.93055665308941,-15.765085224613845],[-47.930551674762434,-15.765070450101248],[-47.9305545516183,-15.765080969770219],[-47.93055665308941,-15.765085224613845]],[[-47.93041060845522,-15.824762109290083],[-47.93004240266701,-15.824723163691276],[-47.93019383210521,-15.824749695145124],[-47.93041060845522,-15.824762109290083]],[[-47.93030987837165,-15.77987587992736],[-47.92827094689572,-15.780506956060732],[-47.92831946418415,-15.780497736198521],[-47.93030987837165,-15.77987587992736]],[[-47.929982411211434,-15.770166843161858],[-47.929272529544974,-15.768123486962638],[-47.929969491997824,-15.770170952666158],[-47.929982411211434,-15.770166843161858]],[[-47.92995177369041,-15.778054333325336],[-47.92866834069198,-15.778459321663364],[-47.92825751486389,-15.777261278679541],[-47.92866075235873,-15.778462964730771],[-47.92995177369041,-15.778054333325336]],[[-47.929852743283575,-15.821684294658189],[-47.929852415944794,-15.821660549039432],[-47.92921465686605,-15.821508942122975],[-47.929852743283575,-15.821684294658189]],[[-47.929736673509126,-15.770245037469682],[-47.92850348944848,-15.77059879250838],[-47.9251784926407,-15.760229738729867],[-47.92275142168705,-15.760925703664654],[-47.925029353840785,-15.760277065517897],[-47.92596500434445,-15.763050331667204],[-47.928481543343345,-15.77061577991914],[-47.926256499047355,-15.77131970072723],[-47.928496836212595,-15.77061694845469],[-47.92935481083215,-15.773146344648609],[-47.92852843300606,-15.770629494406231],[-47.929736673509126,-15.770245037469682]],[[-47.92940285441732,-15.77329266744168],[-47.929400168641564,-15.773284487701211],[-47.92715422434452,-15.773989004810486],[-47.92940285441732,-15.77329266744168]],[[-47.92937243132739,-15.789947398639962],[-47.92936719087817,-15.789886245509399],[-47.9292021187279,-15.79133753618047],[-47.92937243132739,-15.789947398639962]],[[-47.9293409708644,-15.830709148687887],[-47.9288022192959,-15.831397168116832],[-47.92908674515931,-15.831053324933011],[-47.929077103393794,-15.83104588049371],[-47.9293409708644,-15.830709148687887]],[[-47.929258950624686,-15.768083595291708],[-47.927712252136644,-15.763467047334524],[-47.92843253114635,-15.765655748995329],[-47.929258950624686,-15.768083595291708]],[[-47.929169031237635,-15.788803073175837],[-47.929007216878496,-15.788348504711221],[-47.92898278123851,-15.788302787783527],[-47.929169031237635,-15.788803073175837]],[[-47.9290525486215,-15.821452048979332],[-47.92883650231599,-15.821367902382502],[-47.92890804057492,-15.821401332336555],[-47.9290525486215,-15.821452048979332]],[[-47.92898113600953,-15.791986651204878],[-47.92871162554685,-15.792458452662062],[-47.92877734699656,-15.792354519143279],[-47.92898113600953,-15.791986651204878]],[[-47.928693531237336,-15.806864781439767],[-47.927567964547066,-15.80638655103595],[-47.92786102813242,-15.806538234582952],[-47.928693531237336,-15.806864781439767]],[[-47.9286687306544,-15.825278224039865],[-47.92854050127573,-15.825232455824505],[-47.9286444467358,-15.825308494260842],[-47.9286687306544,-15.825278224039865]],[[-47.928611794528024,-15.79261572116553],[-47.9283375142515,-15.792967160981599],[-47.928442424246406,-15.79286271278245],[-47.928611794528024,-15.79261572116553]],[[-47.92849295615277,-15.821207364740602],[-47.92807720682672,-15.820969325782569],[-47.9284127529058,-15.821169885880684],[-47.92849295615277,-15.821207364740602]],[[-47.92846581651446,-15.787451083220486],[-47.92829162849804,-15.78716438620154],[-47.92827801549814,-15.787256563903869],[-47.92846581651446,-15.787451083220486]],[[-47.92818068656324,-15.825886558863086],[-47.92659904456565,-15.827852063730033],[-47.92660207294974,-15.827854233504656],[-47.92818068656324,-15.825886558863086]],[[-47.92809833270148,-15.793215600112678],[-47.926173259448035,-15.7944024786681],[-47.92733402878912,-15.793845245001878],[-47.92809833270148,-15.793215600112678]],[[-47.92793348252743,-15.824788405044124],[-47.92658656092247,-15.823783241605431],[-47.92657931254643,-15.82379777822275],[-47.92793348252743,-15.824788405044124]],[[-47.927678872941605,-15.763016309054741],[-47.927491289631874,-15.76279559466791],[-47.92756456141381,-15.763018252489076],[-47.927678872941605,-15.763016309054741]],[[-47.92758748458712,-15.820648535982826],[-47.926915696926706,-15.820024834276039],[-47.92727027907394,-15.820407399512716],[-47.92758748458712,-15.820648535982826]],[[-47.92749026069178,-15.806346333431215],[-47.92718703667885,-15.806183956076106],[-47.92727431404702,-15.806234564289145],[-47.92749026069178,-15.806346333431215]],[[-47.92727559484284,-15.78638925927377],[-47.92604123808334,-15.785803793770604],[-47.92471423350071,-15.785655067818858],[-47.92727559484284,-15.78638925927377]],[[-47.92681724477928,-15.80596953288156],[-47.92460110457517,-15.8046714025913],[-47.9235070083136,-15.804186505234243],[-47.92681724477928,-15.80596953288156]],[[-47.92679504810993,-15.819901372458384],[-47.925828348174,-15.818229476642902],[-47.926218417485764,-15.81910391011557],[-47.92679504810993,-15.819901372458384]],[[-47.926551799732216,-15.823823559423413],[-47.926547163966006,-15.823820206668033],[-47.92491872882631,-15.825953291691642],[-47.926551799732216,-15.823823559423413]],[[-47.92633084098432,-15.781108250281005],[-47.91582611192635,-15.784365311467562],[-47.91647398717874,-15.786846977325213],[-47.915875489199095,-15.78450997589466],[-47.91702368911582,-15.784141862994629],[-47.91742169934555,-15.785423224006342],[-47.91699471739025,-15.784016712803727],[-47.92633084098432,-15.781108250281005]],[[-47.925812421379554,-15.794504772832536],[-47.92360886377264,-15.794478694485438],[-47.92486739930272,-15.7946207357187],[-47.925812421379554,-15.794504772832536]],[[-47.925406551012394,-15.750752228681483],[-47.924110585526186,-15.748627991468148],[-47.924015250359176,-15.748524395582052],[-47.925406551012394,-15.750752228681483]],[[-47.92486381853271,-15.833738580684305],[-47.924601751103005,-15.833533392548897],[-47.92475246874634,-15.833660059033177],[-47.92486381853271,-15.833738580684305]],[[-47.924366287575666,-15.833335504689684],[-47.92410108487274,-15.833099792665585],[-47.922462788986024,-15.831923070904898],[-47.924366287575666,-15.833335504689684]],[[-47.92399715115552,-15.759721949638598],[-47.92260103804706,-15.760538381395657],[-47.922729358891345,-15.760860416720046],[-47.92399715115552,-15.759721949638598]],[[-47.92394800205501,-15.750252079070794],[-47.92394669157642,-15.750200337348412],[-47.92380086180571,-15.749972183338008],[-47.92394800205501,-15.750252079070794]],[[-47.92368702521947,-15.837987394836338],[-47.92361570862504,-15.83794125420268],[-47.92205492287893,-15.840180793755934],[-47.92368702521947,-15.837987394836338]],[[-47.923438619938786,-15.834211984577639],[-47.92188663630195,-15.833117802249975],[-47.92226641170298,-15.833391463805334],[-47.923438619938786,-15.834211984577639]],[[-47.923294425467844,-15.804087147278093],[-47.922675189027494,-15.803760792988365],[-47.922894073664786,-15.803900029450531],[-47.923294425467844,-15.804087147278093]],[[-47.92307756487552,-15.785988140100375],[-47.92278735443483,-15.786086164797466],[-47.9227052182875,-15.786122580553503],[-47.92307756487552,-15.785988140100375]],[[-47.92306763634791,-15.794307322825587],[-47.923005506184005,-15.794284649812145],[-47.923046162409854,-15.794300412688337],[-47.92306763634791,-15.794307322825587]],[[-47.922902533328276,-15.748489394709987],[-47.922779437319875,-15.74822441052975],[-47.92102904598075,-15.745534278735402],[-47.922902533328276,-15.748489394709987]],[[-47.92255114489271,-15.794096382942703],[-47.92222512876672,-15.79388576093481],[-47.92247853903341,-15.794063951467953],[-47.92255114489271,-15.794096382942703]],[[-47.922537665770946,-15.824228003573657],[-47.92203828932656,-15.823863584851816],[-47.92223750690039,-15.824010508373922],[-47.922537665770946,-15.824228003573657]],[[-47.92246864626878,-15.8036390311915],[-47.92239639350145,-15.80358266557193],[-47.92186607643862,-15.803294324687027],[-47.92246864626878,-15.8036390311915]],[[-47.922087244750706,-15.78646714371307],[-47.921850797580596,-15.786642203405878],[-47.921783484657084,-15.786709218120897],[-47.922087244750706,-15.78646714371307]],[[-47.922044085471924,-15.828184433084662],[-47.921916556173215,-15.828092395614139],[-47.92204263322922,-15.828186065502653],[-47.922044085471924,-15.828184433084662]],[[-47.921961032197665,-15.7609239951205],[-47.92095992784494,-15.76146348793612],[-47.92100488802742,-15.761479190893375],[-47.921961032197665,-15.7609239951205]],[[-47.92170513766187,-15.786787216886148],[-47.920626245898895,-15.788116689885216],[-47.920211580062265,-15.789603057093004],[-47.92170513766187,-15.786787216886148]],[[-47.921510845222215,-15.824195089224803],[-47.91877094955426,-15.822201190299452],[-47.91729647190483,-15.821170716828929],[-47.921510845222215,-15.824195089224803]],[[-47.921490306863376,-15.793337456770617],[-47.92117805138253,-15.792992359531516],[-47.921471489112484,-15.793321953418804],[-47.921490306863376,-15.793337456770617]],[[-47.92148690115352,-15.832829756040061],[-47.91959506580165,-15.831460038880294],[-47.919591803788606,-15.831464135705271],[-47.92148690115352,-15.832829756040061]],[[-47.9212879619308,-15.802962797659557],[-47.92086828622171,-15.802717442139782],[-47.920000989153344,-15.802226725636567],[-47.9212879619308,-15.802962797659557]],[[-47.921245810740416,-15.823265774754885],[-47.917521139941,-15.820543798717425],[-47.91751275398759,-15.820554443815702],[-47.921245810740416,-15.823265774754885]],[[-47.92053608806464,-15.791981445138381],[-47.92022700302034,-15.791134496333823],[-47.9202905833779,-15.791620462501278],[-47.92053608806464,-15.791981445138381]],[[-47.920477027250755,-15.835601474681448],[-47.92007939779197,-15.835261040089758],[-47.92019518732988,-15.835406238893743],[-47.920477027250755,-15.835601474681448]],[[-47.92023141726015,-15.826736745173182],[-47.91950555466807,-15.826195510753285],[-47.917719093643115,-15.828446393345223],[-47.91949684800175,-15.826215976419066],[-47.92023141726015,-15.826736745173182]],[[-47.920000989153344,-15.802226725636567],[-47.918951332245314,-15.801628728609213],[-47.91901771564615,-15.801667455766372],[-47.920000989153344,-15.802226725636567]],[[-47.91971682272975,-15.834909137653046],[-47.919691114711,-15.834884185973438],[-47.91960973381779,-15.834828454345217],[-47.91971682272975,-15.834909137653046]],[[-47.91947115673179,-15.816796924438519],[-47.91849001780813,-15.817993177643583],[-47.91860672655413,-15.818076418383317],[-47.91947115673179,-15.816796924438519]],[[-47.9191258518917,-15.83449707935505],[-47.91789948329937,-15.8336572196032],[-47.91897621163962,-15.832236849472627],[-47.91785792801482,-15.833663210917752],[-47.9191258518917,-15.83449707935505]],[[-47.91902746684101,-15.825828643701174],[-47.91900176665626,-15.825808878750218],[-47.91884547636873,-15.825759209020434],[-47.91902746684101,-15.825828643701174]],[[-47.917905373310454,-15.822771207366756],[-47.91674604078973,-15.824310850981258],[-47.9167606128525,-15.824319870623581],[-47.917905373310454,-15.822771207366756]],[[-47.91785792801482,-15.833663210917752],[-47.91785736861498,-15.833662842779786],[-47.917597625310655,-15.833994132646287],[-47.91785792801482,-15.833663210917752]],[[-47.917502246181755,-15.796978671681675],[-47.91735315037562,-15.796536383904236],[-47.915409093016,-15.797629087587977],[-47.917502246181755,-15.796978671681675]],[[-47.9170664646446,-15.833042307779364],[-47.91638172008202,-15.832515658774243],[-47.916163834240706,-15.83238597447058],[-47.9170664646446,-15.833042307779364]],[[-47.91690536462266,-15.829496687369772],[-47.90999668261565,-15.82447816521377],[-47.91689396319337,-15.829489642554588],[-47.915303802142844,-15.831534004120282],[-47.91690536462266,-15.829496687369772]],[[-47.91681142070248,-15.79492932909544],[-47.91628851195129,-15.793375705344328],[-47.916769120766084,-15.79494237642827],[-47.91681142070248,-15.79492932909544]],[[-47.91680423900311,-15.800404125394033],[-47.916242131940415,-15.800056151093804],[-47.91438212713033,-15.79898704514199],[-47.91680423900311,-15.800404125394033]],[[-47.91662028915998,-15.793236032119758],[-47.91617363487615,-15.791675762642372],[-47.91605084833556,-15.791677410805903],[-47.91662028915998,-15.793236032119758]],[[-47.91661371608993,-15.82068603896763],[-47.91454300113707,-15.819188204741003],[-47.91540468434506,-15.819827754409408],[-47.91661371608993,-15.82068603896763]],[[-47.916047843399305,-15.836025893190058],[-47.916033528827846,-15.8359930313996],[-47.915218770479726,-15.835426824633585],[-47.916047843399305,-15.836025893190058]],[[-47.915914522016315,-15.82539444435915],[-47.91507522055563,-15.826488167064507],[-47.9150809768976,-15.82649199898974],[-47.915914522016315,-15.82539444435915]],[[-47.91590321501966,-15.815245144018402],[-47.91544189359163,-15.815018154435194],[-47.915850733486714,-15.815319917804297],[-47.91590321501966,-15.815245144018402]],[[-47.915158391573925,-15.823121720417717],[-47.91474984186688,-15.822756428051447],[-47.914950468895405,-15.822972283068376],[-47.915158391573925,-15.823121720417717]],[[-47.914992268779585,-15.789428234970392],[-47.91400627639086,-15.786588475579014],[-47.91170547336283,-15.787341509386621],[-47.91399335949781,-15.786622063681936],[-47.914992268779585,-15.789428234970392]],[[-47.91483676760406,-15.797809909056015],[-47.913685255179736,-15.79817371429555],[-47.91383822800521,-15.798474266829107],[-47.91483676760406,-15.797809909056015]],[[-47.914794626120646,-15.831484028918723],[-47.914446971535334,-15.831093888671958],[-47.91396183553436,-15.83076699173876],[-47.914794626120646,-15.831484028918723]],[[-47.91467406624885,-15.826221101610848],[-47.91238191274688,-15.824554980128047],[-47.91237587649026,-15.824562722720321],[-47.91467406624885,-15.826221101610848]],[[-47.91442072194471,-15.822503854777983],[-47.91414173933698,-15.822297188514838],[-47.914135280986216,-15.822305475028793],[-47.91442072194471,-15.822503854777983]],[[-47.9143644226682,-15.784815579792811],[-47.9141552174214,-15.784880024097466],[-47.914008269303196,-15.784926460048123],[-47.9143644226682,-15.784815579792811]],[[-47.914218112026,-15.783005235615546],[-47.9136943720136,-15.783177101120275],[-47.91368894656057,-15.783180659650064],[-47.914218112026,-15.783005235615546]],[[-47.91388958318412,-15.84177223861091],[-47.91073495854282,-15.840373423126538],[-47.91336099186322,-15.841562634985948],[-47.91388958318412,-15.84177223861091]],[[-47.91358447168276,-15.797920375757045],[-47.912980067040145,-15.796111078801518],[-47.913244126977716,-15.796927884332671],[-47.91358447168276,-15.797920375757045]],[[-47.9132369227847,-15.785166596535364],[-47.9122191916296,-15.785478410042765],[-47.912878737248356,-15.785278105603346],[-47.9132369227847,-15.785166596535364]],[[-47.912902010998636,-15.833776504180763],[-47.91156068160478,-15.83282099535495],[-47.91248357750439,-15.833481397776888],[-47.912902010998636,-15.833776504180763]],[[-47.91262290959886,-15.770577633433307],[-47.912542425371214,-15.77057740083378],[-47.91254274123434,-15.770577512195699],[-47.91262290959886,-15.770577633433307]],[[-47.912546017900134,-15.770578663065832],[-47.91254274123434,-15.770577512195699],[-47.9125424614552,-15.77057751142679],[-47.912546017900134,-15.770578663065832]],[[-47.9125424614552,-15.77057751142679],[-47.912542425371214,-15.77057740083378],[-47.912542117620596,-15.770577400439416],[-47.9125424614552,-15.77057751142679]],[[-47.911134467418655,-15.832517373273587],[-47.903780698210724,-15.82806083810467],[-47.911105075812266,-15.832552688290289],[-47.90977396332968,-15.834257738239478],[-47.911134467418655,-15.832517373273587]],[[-47.91068601425816,-15.785948135685512],[-47.909664945380435,-15.78626442162012],[-47.91018574715013,-15.787819385163463],[-47.90968958255513,-15.786261923501977],[-47.91068601425816,-15.785948135685512]],[[-47.910487926569786,-15.823202366914662],[-47.90967986238193,-15.822617288421862],[-47.90931456050784,-15.82235688185968],[-47.910487926569786,-15.823202366914662]],[[-47.910355064361376,-15.828242025326537],[-47.910211448737,-15.828140535175955],[-47.909846507890975,-15.827923030631354],[-47.910355064361376,-15.828242025326537]],[[-47.91028881392413,-15.816108493180725],[-47.90977671875744,-15.815738315782955],[-47.910278409803375,-15.81612361446767],[-47.91028881392413,-15.816108493180725]],[[-47.91008973401196,-15.734462916178305],[-47.90948876398751,-15.73428298488907],[-47.909861977897485,-15.734396582833831],[-47.91008973401196,-15.734462916178305]],[[-47.909960292188245,-15.81658590426588],[-47.90870126462531,-15.818366405320964],[-47.906499152444596,-15.816903958563103],[-47.90870843335814,-15.818382008860494],[-47.9069752530787,-15.820670049984582],[-47.909960292188245,-15.81658590426588]],[[-47.90920008280447,-15.827299156596654],[-47.909169677127366,-15.827256916800081],[-47.908887505257326,-15.827079733691662],[-47.90920008280447,-15.827299156596654]],[[-47.908971927208185,-15.839594429758506],[-47.905557464029634,-15.838096269768341],[-47.90515129156098,-15.837931321591252],[-47.908971927208185,-15.839594429758506]],[[-47.90800972791276,-15.786836462613888],[-47.907885180217804,-15.786878651408077],[-47.90789655943652,-15.78687976884093],[-47.90800972791276,-15.786836462613888]],[[-47.907885180217804,-15.786878651408077],[-47.90788516364433,-15.78687860105846],[-47.907873562583966,-15.786885007282658],[-47.907885180217804,-15.786878651408077]],[[-47.907873348189284,-15.835705949232715],[-47.90330768927902,-15.83142081059489],[-47.904879043736386,-15.832926593989477],[-47.907873348189284,-15.835705949232715]],[[-47.90732176404548,-15.785146187239686],[-47.90731778038494,-15.785133936323042],[-47.90653587421407,-15.785209379169524],[-47.90732176404548,-15.785146187239686]],[[-47.906646588164065,-15.825472573931666],[-47.90526190378732,-15.824426233687797],[-47.90485286696606,-15.824282266025884],[-47.906646588164065,-15.825472573931666]],[[-47.906638203357446,-15.807268380232127],[-47.90616113047967,-15.807212990787791],[-47.90547996180728,-15.807885573398957],[-47.906638203357446,-15.807268380232127]],[[-47.90595011049653,-15.785265895518673],[-47.90253645478145,-15.785668275566497],[-47.90244256215442,-15.785698304807395],[-47.90595011049653,-15.785265895518673]],[[-47.905889540559706,-15.821475504211048],[-47.90352409098951,-15.81977286400775],[-47.90179433113842,-15.821940133162904],[-47.90485019976808,-15.82428120182752],[-47.90181468796428,-15.82195119241984],[-47.90353117707448,-15.819790408653901],[-47.905889540559706,-15.821475504211048]],[[-47.905204315847236,-15.837537663966181],[-47.90485358967895,-15.837213757087351],[-47.90498095746514,-15.83734566629682],[-47.905204315847236,-15.837537663966181]],[[-47.904765941393954,-15.837132810508766],[-47.90273125425671,-15.835243718163126],[-47.90374635387959,-15.836224712118543],[-47.904765941393954,-15.837132810508766]],[[-47.90412900103854,-15.827534701260142],[-47.9036984281122,-15.827229744891747],[-47.90383295890622,-15.827334335437792],[-47.90412900103854,-15.827534701260142]],[[-47.90410323525373,-15.806631958695313],[-47.90373393030524,-15.80628556020561],[-47.90363633158859,-15.806401280149972],[-47.90410323525373,-15.806631958695313]],[[-47.9034822734387,-15.828187028114044],[-47.90259109055633,-15.829350829215398],[-47.89958100261055,-15.827193786095313],[-47.89719932543668,-15.82952037894664],[-47.89638713502448,-15.828831831698734],[-47.90089690763178,-15.833281618513555],[-47.897224940486964,-15.829571215132919],[-47.899584770117656,-15.827208480936484],[-47.90257444356714,-15.829393235921062],[-47.9034822734387,-15.828187028114044]],[[-47.90340058281649,-15.745963111295124],[-47.90310547100626,-15.745870106991246],[-47.90192641045957,-15.745529658866916],[-47.90340058281649,-15.745963111295124]],[[-47.90334259357041,-15.806727122979979],[-47.902653236779805,-15.80610108812279],[-47.90264386772482,-15.806110323504454],[-47.90334259357041,-15.806727122979979]],[[-47.903190700895045,-15.829856743075446],[-47.90270360596505,-15.829493180405521],[-47.90317405163216,-15.829857204455585],[-47.903190700895045,-15.829856743075446]],[[-47.90314219392139,-15.83704151589368],[-47.90184978131649,-15.83645311302139],[-47.901853665176425,-15.836457378550158],[-47.90314219392139,-15.83704151589368]],[[-47.90247802763031,-15.739014011185064],[-47.90021165035238,-15.738365856860119],[-47.90247416175354,-15.739026023805677],[-47.90247802763031,-15.739014011185064]],[[-47.901977150492556,-15.834531079172375],[-47.901496361505366,-15.834076723678729],[-47.90155496847127,-15.834133533647906],[-47.901977150492556,-15.834531079172375]],[[-47.90195273299023,-15.825886650571098],[-47.897167358658734,-15.822490857881498],[-47.898753603824105,-15.820453551366528],[-47.89715367953921,-15.822493579137584],[-47.90195273299023,-15.825886650571098]],[[-47.90185029721931,-15.832862059042014],[-47.90105481763824,-15.833648715699496],[-47.90106087837289,-15.833654590271204],[-47.90185029721931,-15.832862059042014]],[[-47.9017925599362,-15.739682826246428],[-47.90153367238122,-15.740468336044549],[-47.900913920742994,-15.742415687159765],[-47.9017925599362,-15.739682826246428]],[[-47.90155934145686,-15.836134129510011],[-47.900787990922744,-15.833973070295292],[-47.90142465981026,-15.835986211430114],[-47.90155934145686,-15.836134129510011]],[[-47.90138773713184,-15.80734852768839],[-47.89941725202419,-15.805467697251393],[-47.89872233209045,-15.806101098291727],[-47.89941142478853,-15.80547538882612],[-47.90138773713184,-15.80734852768839]],[[-47.9007652660256,-15.817783508949002],[-47.89993620838169,-15.81715937544868],[-47.90074951250746,-15.817791310757302],[-47.89912119036788,-15.819981432474236],[-47.9007652660256,-15.817783508949002]],[[-47.90069400076159,-15.757374924440642],[-47.900353415149226,-15.758640274278752],[-47.89888425950137,-15.75899368904374],[-47.90037115232338,-15.758687187080596],[-47.90069400076159,-15.757374924440642]],[[-47.90064055999056,-15.74326345019434],[-47.90008020989246,-15.744986804127457],[-47.90008298616296,-15.744987617855593],[-47.90064055999056,-15.74326345019434]],[[-47.89973683753379,-15.801552653138133],[-47.89906678799337,-15.802089937414832],[-47.899384540130114,-15.801847507317673],[-47.89973683753379,-15.801552653138133]],[[-47.8991463197261,-15.738247963637624],[-47.899043215887026,-15.737890289271133],[-47.89913965102098,-15.73826091297464],[-47.8991463197261,-15.738247963637624]],[[-47.89911585105664,-15.738333367721202],[-47.89797858082891,-15.737994140356925],[-47.89897510588261,-15.738761837677762],[-47.89911585105664,-15.738333367721202]],[[-47.89904396623214,-15.820080616935302],[-47.89800245151069,-15.819139766496969],[-47.896545119797516,-15.818136995030786],[-47.89904396623214,-15.820080616935302]],[[-47.898535483950994,-15.737050416916436],[-47.8980932629834,-15.736391988813969],[-47.898057800995865,-15.736341971521837],[-47.898535483950994,-15.737050416916436]],[[-47.89851164933157,-15.790799935939798],[-47.89849466616465,-15.790804699522383],[-47.89846819171371,-15.790826665818214],[-47.89851164933157,-15.790799935939798]],[[-47.898351572179756,-15.769459994239558],[-47.89756153170558,-15.770824435422828],[-47.89776899575816,-15.770951929260011],[-47.898351572179756,-15.769459994239558]],[[-47.89831284707507,-15.834500787255196],[-47.89421595639477,-15.830186400013282],[-47.89397676791575,-15.830441678282453],[-47.89831284707507,-15.834500787255196]],[[-47.89820124835401,-15.765410822013576],[-47.89750982337028,-15.765209420904153],[-47.89818735752337,-15.765453523516644],[-47.89820124835401,-15.765410822013576]],[[-47.898179080328575,-15.771149654883754],[-47.897924332888955,-15.771047389275568],[-47.89795377672246,-15.771065483691732],[-47.898179080328575,-15.771149654883754]],[[-47.898103947863156,-15.805419117277934],[-47.89729557981623,-15.80452115528163],[-47.89780183888274,-15.805090687330397],[-47.898103947863156,-15.805419117277934]],[[-47.89795728721495,-15.834687747882903],[-47.89743768790392,-15.83459146680254],[-47.896931041025226,-15.834652164474802],[-47.89795728721495,-15.834687747882903]],[[-47.89767841867506,-15.762957498786438],[-47.89737180585383,-15.763935621210772],[-47.897262615352965,-15.76432429228216],[-47.89767841867506,-15.762957498786438]],[[-47.89740581725835,-15.800668102080362],[-47.89569007894762,-15.798097091111137],[-47.8954591773883,-15.79825712486129],[-47.89740581725835,-15.800668102080362]],[[-47.89728453704627,-15.736309612600996],[-47.89601088032495,-15.734327392784014],[-47.89599004845446,-15.73433008800141],[-47.89728453704627,-15.736309612600996]],[[-47.897142164945926,-15.763875725022716],[-47.89473492990659,-15.763247839114827],[-47.89439311315805,-15.764299838557351],[-47.89528441740707,-15.764550364030807],[-47.89441239104301,-15.764298940938442],[-47.89473686566937,-15.76325643769256],[-47.897142164945926,-15.763875725022716]],[[-47.89692871488882,-15.822332394262247],[-47.89429384215408,-15.820247712733526],[-47.89594846560689,-15.81762386269586],[-47.89429109459663,-15.820250301466714],[-47.89692871488882,-15.822332394262247]],[[-47.89691001457948,-15.804096171624057],[-47.89545145540265,-15.802488467780455],[-47.896213803827365,-15.803342708970881],[-47.89691001457948,-15.804096171624057]],[[-47.89686367138672,-15.766815786879887],[-47.89631289976047,-15.766678479770597],[-47.89640205032715,-15.768278971924445],[-47.89686367138672,-15.766815786879887]],[[-47.896535392222134,-15.787616046477936],[-47.892229237244976,-15.789189201300639],[-47.883057739027,-15.792598643388512],[-47.896535392222134,-15.787616046477936]],[[-47.89653190823177,-15.797466987046262],[-47.89607595994204,-15.79673815167112],[-47.896525243144424,-15.797472031974989],[-47.89653190823177,-15.797466987046262]],[[-47.895922624758015,-15.734338809860887],[-47.893494917922496,-15.735661190445988],[-47.89305593680233,-15.736479427902314],[-47.895922624758015,-15.734338809860887]],[[-47.895910898802164,-15.792419072908858],[-47.89409174038046,-15.793548392801636],[-47.89432095185145,-15.793894698590535],[-47.895910898802164,-15.792419072908858]],[[-47.89586847660209,-15.8283921264058],[-47.895828710581625,-15.828358415103171],[-47.895696922244845,-15.828506358360068],[-47.89586847660209,-15.8283921264058]],[[-47.89583117829851,-15.79799215425582],[-47.8955993834648,-15.797625715681317],[-47.8958104842443,-15.798007544847614],[-47.89583117829851,-15.79799215425582]],[[-47.895752122310526,-15.796208166514953],[-47.894443615294016,-15.79408763317851],[-47.89522695666289,-15.79540222426842],[-47.895752122310526,-15.796208166514953]],[[-47.89559708384851,-15.813611419140907],[-47.8925740100606,-15.8106822224459],[-47.89556408290212,-15.813625538297764],[-47.89376456438892,-15.815512461864945],[-47.89559708384851,-15.813611419140907]],[[-47.89553779647038,-15.824086131898582],[-47.892388351759834,-15.821166241298656],[-47.895275027459896,-15.823870859772022],[-47.89553779647038,-15.824086131898582]],[[-47.89519945723622,-15.816976990796237],[-47.89492144618036,-15.816736887043533],[-47.89472586900798,-15.816577070099235],[-47.89519945723622,-15.816976990796237]],[[-47.89500949042136,-15.827895174561565],[-47.89251255534483,-15.825526566710273],[-47.893668178171104,-15.82666167006091],[-47.89500949042136,-15.827895174561565]],[[-47.89457684878007,-15.801524408974775],[-47.89341333474382,-15.800044901198962],[-47.89381516895238,-15.800586756041389],[-47.89457684878007,-15.801524408974775]],[[-47.8945508887807,-15.750688346145616],[-47.89331498150539,-15.750323311266603],[-47.89451644369207,-15.750697416605345],[-47.89362738204777,-15.753499482945434],[-47.8945508887807,-15.750688346145616]],[[-47.89451843084696,-15.795880625863697],[-47.89419520810936,-15.79601245100823],[-47.89401542165319,-15.796125774275133],[-47.89451843084696,-15.795880625863697]],[[-47.894418242477705,-15.801653959895779],[-47.8913730564447,-15.804095078348944],[-47.89188188965296,-15.803725620603835],[-47.894418242477705,-15.801653959895779]],[[-47.89429370951999,-15.736868619086916],[-47.8930560679569,-15.736482897577337],[-47.893056233509576,-15.736487282512645],[-47.89429370951999,-15.736868619086916]],[[-47.893988109829166,-15.764030902259652],[-47.89316188254568,-15.763789983936492],[-47.89393934773367,-15.764185534435935],[-47.893988109829166,-15.764030902259652]],[[-47.89382141889911,-15.764581438127758],[-47.89310531626205,-15.766821258153783],[-47.89285028681027,-15.767744799565541],[-47.89382141889911,-15.764581438127758]],[[-47.89366730802562,-15.815683158459683],[-47.8936361264925,-15.815647133720171],[-47.8936310073168,-15.815652503912846],[-47.89366730802562,-15.815683158459683]],[[-47.89360805927696,-15.819741857272675],[-47.893602450638284,-15.819737683157417],[-47.89320105897362,-15.820209978188839],[-47.89360805927696,-15.819741857272675]],[[-47.89320465668743,-15.731212207278196],[-47.89266929124326,-15.731317430858896],[-47.891603014623755,-15.731823466696229],[-47.89320465668743,-15.731212207278196]],[[-47.893032998682095,-15.794185482421772],[-47.89299744346832,-15.7940907289925],[-47.89302912702721,-15.794188102318397],[-47.893032998682095,-15.794185482421772]],[[-47.892990574002326,-15.799511658484711],[-47.88766563393804,-15.803020527590888],[-47.88956717955953,-15.805406286027786],[-47.88767191135681,-15.803027376090732],[-47.892990574002326,-15.799511658484711]],[[-47.89292609157811,-15.79425782074386],[-47.89198549999093,-15.794844644547505],[-47.892653336597064,-15.794442384233449],[-47.89292609157811,-15.79425782074386]],[[-47.892832073016784,-15.793582496046913],[-47.892575247266386,-15.792799797505703],[-47.89243666657129,-15.792397626862122],[-47.892832073016784,-15.793582496046913]],[[-47.89271056741838,-15.799048611481528],[-47.8918180954589,-15.797603520339306],[-47.88801958033285,-15.799572523836108],[-47.89179769501384,-15.797632251358824],[-47.89271056741838,-15.799048611481528]],[[-47.892700856733136,-15.76978899306033],[-47.892350242178836,-15.771451351169729],[-47.89210134428483,-15.772841398054927],[-47.892700856733136,-15.76978899306033]],[[-47.8926029970704,-15.750106868883059],[-47.891739390882584,-15.749826951866055],[-47.891740951069835,-15.749841979070066],[-47.8926029970704,-15.750106868883059]],[[-47.89252200522625,-15.810628316008525],[-47.89166188405308,-15.809710318623834],[-47.89175605604163,-15.809834345001045],[-47.89252200522625,-15.810628316008525]],[[-47.89233176565419,-15.82118111359643],[-47.89232230290088,-15.821172107049247],[-47.88950553249723,-15.82229717622844],[-47.89233176565419,-15.82118111359643]],[[-47.8919897045611,-15.79712698935266],[-47.891659800883474,-15.797276045022855],[-47.89166689086581,-15.797291581881103],[-47.8919897045611,-15.79712698935266]],[[-47.89181853604821,-15.77424042098502],[-47.891603141375946,-15.775253430491492],[-47.89151803695938,-15.776315997491084],[-47.89181853604821,-15.77424042098502]],[[-47.891793329392755,-15.794960578215317],[-47.891785104083176,-15.79493654411383],[-47.89179216017783,-15.794961327075258],[-47.891793329392755,-15.794960578215317]],[[-47.89171543981722,-15.795010434298646],[-47.89098982605377,-15.795462457448412],[-47.89107917475396,-15.79541770582869],[-47.89171543981722,-15.795010434298646]],[[-47.89163717766767,-15.740780951062927],[-47.890731089182246,-15.743615445560035],[-47.89055884608608,-15.744167706580388],[-47.89163717766767,-15.740780951062927]],[[-47.89150690529941,-15.79694101387404],[-47.89089307198708,-15.79552273025896],[-47.8908742923367,-15.795553218662645],[-47.89150690529941,-15.79694101387404]],[[-47.89145528626623,-15.824156775148968],[-47.89124528573805,-15.82395127579863],[-47.8912428336079,-15.823953785612419],[-47.89145528626623,-15.824156775148968]],[[-47.89128859538685,-15.809277354181726],[-47.88865576383862,-15.806274785253063],[-47.88735357154602,-15.80745738194573],[-47.88875911619432,-15.806407234388884],[-47.89090371918757,-15.808839746971378],[-47.88867204882897,-15.810649406428393],[-47.89128859538685,-15.809277354181726]],[[-47.890967114948644,-15.763830901913975],[-47.890798428892346,-15.76435449381185],[-47.890899787524184,-15.76404598291937],[-47.890967114948644,-15.763830901913975]],[[-47.89084812589167,-15.830297544006418],[-47.89024405556986,-15.8294864203662],[-47.890839982195914,-15.83030299155528],[-47.89084812589167,-15.830297544006418]],[[-47.890475488400995,-15.83051082597825],[-47.89025514123512,-15.830614682066166],[-47.88948967423769,-15.831020149920086],[-47.890475488400995,-15.83051082597825]],[[-47.89005756180133,-15.76293909098222],[-47.887720389882695,-15.762258903168023],[-47.88500065864484,-15.76152633016701],[-47.89005756180133,-15.76293909098222]],[[-47.88989879625455,-15.816344243261002],[-47.88881138602669,-15.815259820781456],[-47.888803937165264,-15.815266411243272],[-47.88989879625455,-15.816344243261002]],[[-47.88982639172401,-15.767485189421983],[-47.8895554680564,-15.768421336072144],[-47.8897625890216,-15.767747574461502],[-47.88982639172401,-15.767485189421983]],[[-47.8897835807578,-15.742319188960291],[-47.88406319090531,-15.740823881619969],[-47.88699477920223,-15.741649219057454],[-47.8897835807578,-15.742319188960291]],[[-47.88977811392228,-15.746631528084324],[-47.88977011940331,-15.746630043836037],[-47.88841187199171,-15.750903997900314],[-47.88977811392228,-15.746631528084324]],[[-47.88977353624468,-15.828841685716634],[-47.88959199476552,-15.828587150325134],[-47.889378651008805,-15.828300582187303],[-47.88977353624468,-15.828841685716634]],[[-47.889620313217854,-15.742885044562563],[-47.88921659967695,-15.744123321884139],[-47.88929832021709,-15.74400100727243],[-47.889620313217854,-15.742885044562563]],[[-47.88955267312538,-15.825686731378813],[-47.88717746689127,-15.82403165179099],[-47.88922600333935,-15.82602561169304],[-47.88955267312538,-15.825686731378813]],[[-47.88934276786119,-15.769211530201778],[-47.88881788640023,-15.771486661102758],[-47.88908699805838,-15.770444611460885],[-47.88934276786119,-15.769211530201778]],[[-47.88931987967802,-15.82822065439617],[-47.88876803237593,-15.827446134549769],[-47.888725442564876,-15.827412727563678],[-47.88931987967802,-15.82822065439617]],[[-47.88878598538454,-15.768657684786199],[-47.888262963612114,-15.771134908596665],[-47.88869001056894,-15.769378759624544],[-47.88878598538454,-15.768657684786199]],[[-47.888721937438014,-15.817745062807587],[-47.88871198044629,-15.817735584004433],[-47.886801646374586,-15.819752247004965],[-47.888721937438014,-15.817745062807587]],[[-47.88866816882421,-15.772169590504756],[-47.88825376802076,-15.7743855975042],[-47.88807404253315,-15.776248661942157],[-47.88866816882421,-15.772169590504756]],[[-47.888648987496495,-15.810625712437874],[-47.88804429484739,-15.809834663861052],[-47.88839655685671,-15.810366346838018],[-47.888648987496495,-15.810625712437874]],[[-47.88837234861697,-15.81479912540139],[-47.886641125258606,-15.812962844563375],[-47.88813236578909,-15.814565449562451],[-47.88837234861697,-15.81479912540139]],[[-47.888330926667386,-15.826876516357236],[-47.88794689481509,-15.826329378161777],[-47.88752316874221,-15.825760197069844],[-47.888330926667386,-15.826876516357236]],[[-47.887993659659855,-15.777115312405046],[-47.884480352588334,-15.777407162518838],[-47.887940478505904,-15.777688682930982],[-47.887993659659855,-15.777115312405046]],[[-47.887597761902136,-15.805039163729717],[-47.886658749076496,-15.803829203128847],[-47.88720460377254,-15.804579995488321],[-47.887597761902136,-15.805039163729717]],[[-47.88734367493396,-15.825514112364365],[-47.886914790483914,-15.824909490300625],[-47.88666031366671,-15.824694653267729],[-47.88734367493396,-15.825514112364365]],[[-47.8871489174221,-15.808812427906375],[-47.88651565916418,-15.808089438597053],[-47.886499980845606,-15.808099255807704],[-47.8871489174221,-15.808812427906375]],[[-47.887030913475,-15.780544139484068],[-47.88699848870497,-15.780841417276328],[-47.88694031748675,-15.783397926230542],[-47.887030913475,-15.780544139484068]],[[-47.88697887810971,-15.819938518411936],[-47.886802853418445,-15.819771954055408],[-47.88680299910448,-15.81977433081083],[-47.88697887810971,-15.819938518411936]],[[-47.8868527243953,-15.823724416866021],[-47.88595919735851,-15.822879055708814],[-47.88652343836017,-15.823421332693288],[-47.8868527243953,-15.823724416866021]],[[-47.88627258823473,-15.803250656851315],[-47.88567134610302,-15.802322410538965],[-47.885716116237795,-15.802397688246407],[-47.88627258823473,-15.803250656851315]],[[-47.88613046929377,-15.800578710253694],[-47.88569912077155,-15.799667206056723],[-47.88612038906209,-15.800584079358378],[-47.88613046929377,-15.800578710253694]],[[-47.88589078134729,-15.822814327150105],[-47.884747850703114,-15.820705275791234],[-47.88486042381715,-15.821890357582607],[-47.88589078134729,-15.822814327150105]],[[-47.88577143831268,-15.754839760503094],[-47.88437692123793,-15.754435753516493],[-47.88576561027889,-15.754858112436892],[-47.88577143831268,-15.754839760503094]],[[-47.885698312057265,-15.759400710248476],[-47.88540199340164,-15.7602177608912],[-47.88509872884773,-15.761206568689122],[-47.885698312057265,-15.759400710248476]],[[-47.885682336709245,-15.77145364531616],[-47.88531591038525,-15.771392719194047],[-47.88531587915618,-15.771393148569915],[-47.885682336709245,-15.77145364531616]],[[-47.88565341321649,-15.802292257698621],[-47.88499268401606,-15.801112784204074],[-47.88319877483855,-15.801999133921004],[-47.88499479814113,-15.801128948256713],[-47.88565341321649,-15.802292257698621]],[[-47.88531840581142,-15.771358032315385],[-47.885309811857894,-15.77139170466283],[-47.88531591038525,-15.771392719194047],[-47.88531840581142,-15.771358032315385]],[[-47.885294365213674,-15.771579696316143],[-47.88528130361487,-15.771671999701606],[-47.88528623311508,-15.771655575067403],[-47.885294365213674,-15.771579696316143]],[[-47.88527522284397,-15.823490574589906],[-47.88344154255793,-15.8219092254921],[-47.88295518695095,-15.821511863714289],[-47.88527522284397,-15.823490574589906]],[[-47.885192858428354,-15.811377027503433],[-47.88389568140573,-15.809867160110867],[-47.88238623949394,-15.811197458393629],[-47.8839141743516,-15.809891309154658],[-47.885192858428354,-15.811377027503433]],[[-47.88514350753836,-15.772231156253044],[-47.88511884251825,-15.772306773888898],[-47.88511133432687,-15.772392874425385],[-47.88514350753836,-15.772231156253044]],[[-47.885053457617985,-15.798261922932957],[-47.88452050727594,-15.796863978751228],[-47.88496345402263,-15.798066028656656],[-47.885053457617985,-15.798261922932957]],[[-47.885043881093424,-15.772733893357524],[-47.884856077964486,-15.773649528412374],[-47.884912628832424,-15.773404047938122],[-47.885043881093424,-15.772733893357524]],[[-47.88468533795862,-15.820149897352616],[-47.884447932620795,-15.818040697914702],[-47.88445042166254,-15.818216147591238],[-47.88468533795862,-15.820149897352616]],[[-47.88460750861308,-15.774905209658034],[-47.88460657325105,-15.77491279346578],[-47.88460363182367,-15.774942788461273],[-47.88460750861308,-15.774905209658034]],[[-47.884500175148375,-15.776911984321215],[-47.88448960880429,-15.776759456575041],[-47.8844934052963,-15.777027799868076],[-47.884500175148375,-15.776911984321215]],[[-47.88448348018431,-15.777421373391732],[-47.88151582248853,-15.777165770436978],[-47.88150778087851,-15.777245569238755],[-47.88448348018431,-15.777421373391732]],[[-47.884440051512776,-15.817970678954216],[-47.88443959154055,-15.81796659504481],[-47.88406713902656,-15.817619430958993],[-47.884440051512776,-15.817970678954216]],[[-47.884215136852234,-15.80532074653878],[-47.88420618505065,-15.805306971654415],[-47.88405453634104,-15.805407791950113],[-47.884215136852234,-15.80532074653878]],[[-47.88410984721327,-15.750750514653719],[-47.88364922575045,-15.752175208162777],[-47.883858523416414,-15.751603127843183],[-47.88410984721327,-15.750750514653719]],[[-47.8840378847894,-15.794585822385217],[-47.88372915761793,-15.794666250171174],[-47.883801184925275,-15.79486628627488],[-47.8840378847894,-15.794585822385217]],[[-47.88379262716335,-15.80554974725314],[-47.88093656430124,-15.80648563695237],[-47.883572127631304,-15.805669258055342],[-47.88379262716335,-15.80554974725314]],[[-47.8837679463676,-15.761055409702388],[-47.88376217339818,-15.761053719776768],[-47.883659316113615,-15.761373675342336],[-47.8837679463676,-15.761055409702388]],[[-47.88324250870066,-15.753474045265781],[-47.88171607936419,-15.753654326756287],[-47.883023980632736,-15.75418208172724],[-47.88324250870066,-15.753474045265781]],[[-47.88322076627827,-15.762737862191447],[-47.88315672563151,-15.762937072904448],[-47.883096602275614,-15.763137586332427],[-47.88322076627827,-15.762737862191447]],[[-47.88319531672098,-15.797263739858547],[-47.88304141304771,-15.79681206621985],[-47.883192210412666,-15.797264435826827],[-47.88319531672098,-15.797263739858547]],[[-47.88271102111696,-15.797372223496794],[-47.87987170097306,-15.797994848863512],[-47.879864644757596,-15.798009798084525],[-47.88271102111696,-15.797372223496794]],[[-47.88268678548871,-15.821269037011104],[-47.88255452754798,-15.821144463550933],[-47.88234638358086,-15.821001409192373],[-47.88268678548871,-15.821269037011104]],[[-47.88246722872,-15.79512694276255],[-47.88242605889813,-15.795006114576758],[-47.882121315025394,-15.795089276106415],[-47.88246722872,-15.79512694276255]],[[-47.88242405428044,-15.745912418101542],[-47.8820746052234,-15.746958705198567],[-47.88232151923584,-15.747027744749216],[-47.88242405428044,-15.745912418101542]],[[-47.8824037180246,-15.770806575620334],[-47.882371153029354,-15.770741431883556],[-47.88225573800386,-15.771578062951257],[-47.8824037180246,-15.770806575620334]],[[-47.882089181100056,-15.811481693511624],[-47.882044147431856,-15.81152478226543],[-47.8820211590908,-15.811573484357128],[-47.882089181100056,-15.811481693511624]],[[-47.88203503068586,-15.757163731950001],[-47.88114395686867,-15.756868848845453],[-47.87957659131594,-15.756386332271713],[-47.88203503068586,-15.757163731950001]],[[-47.88199300074286,-15.747208689426134],[-47.88171074176301,-15.748073324905754],[-47.8818978766909,-15.747538493433229],[-47.88199300074286,-15.747208689426134]],[[-47.881939951006544,-15.76052038311313],[-47.88105127709277,-15.760267527517486],[-47.88104816634009,-15.760319732439822],[-47.881939951006544,-15.76052038311313]],[[-47.88184009768318,-15.811641995952893],[-47.880254681806136,-15.812739960410282],[-47.88036198637378,-15.81307263604465],[-47.88184009768318,-15.811641995952893]],[[-47.88183053569229,-15.774569917676828],[-47.88175154767951,-15.775111661442029],[-47.88154520765175,-15.776909708432916],[-47.88183053569229,-15.774569917676828]],[[-47.881829541135126,-15.811906241888748],[-47.88178852253538,-15.811997826705515],[-47.88170608606753,-15.812564046239627],[-47.881829541135126,-15.811906241888748]],[[-47.881647190142694,-15.81308208828382],[-47.88152993095505,-15.814196006954818],[-47.88163709968835,-15.813454019969166],[-47.881647190142694,-15.81308208828382]],[[-47.88155839896708,-15.807183120036848],[-47.881012782772856,-15.806572128191439],[-47.88155389399073,-15.80718616451262],[-47.88155839896708,-15.807183120036848]],[[-47.88147130033997,-15.748806793847422],[-47.88091973594696,-15.750533119834873],[-47.881188744788474,-15.749714433368307],[-47.88147130033997,-15.748806793847422]],[[-47.88146036159505,-15.777717591501192],[-47.88134553529907,-15.778899589607269],[-47.88143127017154,-15.778059631798284],[-47.88146036159505,-15.777717591501192]],[[-47.8814222242072,-15.815034082184312],[-47.8814115075368,-15.815117765450994],[-47.881412195089275,-15.8151184300153],[-47.8814222242072,-15.815034082184312]],[[-47.881379415236644,-15.785916210079813],[-47.88132091755399,-15.785380728398545],[-47.881311815927745,-15.78538060433187],[-47.881379415236644,-15.785916210079813]],[[-47.88129279999272,-15.779918858077666],[-47.881266973474375,-15.78041803967365],[-47.8812817030223,-15.78025128593539],[-47.88129279999272,-15.779918858077666]],[[-47.88121287820751,-15.784115568056194],[-47.881189317702145,-15.783783824530511],[-47.88119461664407,-15.78391639221981],[-47.88121287820751,-15.784115568056194]],[[-47.881165102754885,-15.820255278781431],[-47.88048812852477,-15.819881640868788],[-47.88024662975767,-15.81978315226754],[-47.881165102754885,-15.820255278781431]],[[-47.88115847798126,-15.782107052803282],[-47.88113604393945,-15.782450943799944],[-47.88115031287954,-15.782807954992716],[-47.88115847798126,-15.782107052803282]],[[-47.8810465301176,-15.79085693568333],[-47.880835738821,-15.790062733884502],[-47.881033968729014,-15.790856796111997],[-47.87957703704796,-15.791448801782039],[-47.8810465301176,-15.79085693568333]],[[-47.880970233786506,-15.814967444496236],[-47.87928966856104,-15.81556669219995],[-47.88032827459455,-15.815201562017736],[-47.880970233786506,-15.814967444496236]],[[-47.88074112393461,-15.751099768667604],[-47.880097040355054,-15.75317802734574],[-47.88048104587366,-15.751992712903675],[-47.88074112393461,-15.751099768667604]],[[-47.880705747413266,-15.81411964772579],[-47.87809759924379,-15.815114865751505],[-47.87783880941712,-15.814408206263467],[-47.878094750707014,-15.815118966491726],[-47.880705747413266,-15.81411964772579]],[[-47.880485338714486,-15.7886362428809],[-47.88024668541393,-15.787445943593985],[-47.88026341857358,-15.787628443681092],[-47.880485338714486,-15.7886362428809]],[[-47.88045357792787,-15.762002432223465],[-47.88030766727044,-15.762608189635188],[-47.880355595849615,-15.762540489744246],[-47.88045357792787,-15.762002432223465]],[[-47.87972003038257,-15.795836623117335],[-47.875951705159274,-15.797003460265303],[-47.87610194459918,-15.796989118418287],[-47.87972003038257,-15.795836623117335]],[[-47.879445072407734,-15.756345060878813],[-47.87651709477615,-15.755394521575077],[-47.87481606947253,-15.754892382365668],[-47.879445072407734,-15.756345060878813]],[[-47.8793812277815,-15.791527666628134],[-47.87870268478738,-15.791794056399938],[-47.87790293063345,-15.792123064890085],[-47.8793812277815,-15.791527666628134]],[[-47.879174814899166,-15.759679817975679],[-47.87811622523749,-15.759349744588587],[-47.87800254496049,-15.759727081046819],[-47.879174814899166,-15.759679817975679]],[[-47.87789889252607,-15.760054655987393],[-47.877692689331774,-15.760682037741036],[-47.877804412916056,-15.76035323987972],[-47.87789889252607,-15.760054655987393]],[[-47.877773917153945,-15.773419422780762],[-47.8749615701065,-15.773054247225321],[-47.876198421636914,-15.773222729260375],[-47.877773917153945,-15.773419422780762]],[[-47.87754352365421,-15.802960887430558],[-47.876207705033885,-15.798929261087657],[-47.874169565347465,-15.79958035349615],[-47.87618148023899,-15.798963685297807],[-47.87754352365421,-15.802960887430558]],[[-47.87743680089684,-15.792313175228767],[-47.876997673787834,-15.792479484906362],[-47.875215798623124,-15.793194777963347],[-47.87743680089684,-15.792313175228767]],[[-47.87665206366185,-15.798757140672729],[-47.8766306522015,-15.798682941766456],[-47.87620555104046,-15.797646430643422],[-47.87665206366185,-15.798757140672729]],[[-47.875050304015325,-15.793253725254328],[-47.8746090805404,-15.793397127345994],[-47.87481704578186,-15.793336808245202],[-47.875050304015325,-15.793253725254328]],[[-47.87469517802516,-15.802478123679013],[-47.874492949359976,-15.801869460332135],[-47.87468716856392,-15.802481420315063],[-47.87469517802516,-15.802478123679013]],[[-47.874398101638285,-15.77580053931633],[-47.874090404381974,-15.779550808670932],[-47.87408245335039,-15.779894943694421],[-47.874398101638285,-15.77580053931633]],[[-47.87257344994455,-15.81032627012614],[-47.872297778345825,-15.809514381124721],[-47.87254390703629,-15.810270968013313],[-47.87257344994455,-15.81032627012614]],[[-47.87206038459535,-15.808815220739435],[-47.87155407129063,-15.807324027276303],[-47.87178117826996,-15.808025075540064],[-47.87206038459535,-15.808815220739435]],[[-47.871330791713234,-15.80386296724018],[-47.870519265068204,-15.80419359851142],[-47.870520352290875,-15.804196548964235],[-47.871330791713234,-15.80386296724018]],[[-47.87040750259849,-15.80389031117727],[-47.87036566837796,-15.803755018594979],[-47.87039749937308,-15.803863162134228],[-47.87040750259849,-15.80389031117727]],[[-47.870104094446354,-15.802909046357934],[-47.87005123959847,-15.80273810824436],[-47.87003969548832,-15.80274170792174],[-47.870104094446354,-15.802909046357934]],[[-47.87006187164201,-15.795033802336734],[-47.869987936657594,-15.794799090955106],[-47.86998498484026,-15.794841789932876],[-47.87006187164201,-15.795033802336734]],[[-47.86989475292749,-15.802786910544695],[-47.86879632180407,-15.803129468648313],[-47.8694022999181,-15.80294738012859],[-47.86989475292749,-15.802786910544695]],[[-47.86824950048751,-15.799741456461883],[-47.86817372354526,-15.799481383936461],[-47.86463931725195,-15.800609628128797],[-47.86824950048751,-15.799741456461883]],[[-47.86481675293476,-15.804406537614716],[-47.864237828057405,-15.802695146668135],[-47.8648111028529,-15.804408363262494],[-47.86481675293476,-15.804406537614716]],[[-47.86399440290009,-15.801975528515696],[-47.86399380152056,-15.801973755555414],[-47.86393620804149,-15.80197689667517],[-47.86399440290009,-15.801975528515696]],[[-47.86396850168705,-15.803944819444224],[-47.86332611994118,-15.801993861870274],[-47.86329220611531,-15.802033952045255],[-47.863325676833874,-15.801998101399876],[-47.86396850168705,-15.803944819444224]],[[-47.86386739667419,-15.801354039326208],[-47.86332839437955,-15.801991173179395],[-47.8633497731661,-15.801990670895368],[-47.86386739667419,-15.801354039326208]],[[-47.86377250437569,-15.798730822279088],[-47.863148071774965,-15.79856915011597],[-47.86376305518465,-15.798733690472085],[-47.86377250437569,-15.798730822279088]],[[-47.862955071485054,-15.802395057801881],[-47.86169901793174,-15.803734781187634],[-47.86170037498716,-15.803738953642586],[-47.862955071485054,-15.802395057801881]],[[-47.86264082887568,-15.805109668076332],[-47.86219041103458,-15.805245620478738],[-47.86219323344926,-15.805254300800334],[-47.86264082887568,-15.805109668076332]],[[-47.85861696951586,-15.815765211101724],[-47.858410720776405,-15.815724222443581],[-47.857788249882915,-15.819219896123322],[-47.85861696951586,-15.815765211101724]],[[-47.85613304545373,-15.818958273130548],[-47.85597987796406,-15.818984778997375],[-47.85613301219472,-15.8189584289006],[-47.85613304545373,-15.818958273130548]],[[-47.8552990542301,-15.815181127651243],[-47.855291771157,-15.81517662945464],[-47.85500682017748,-15.815133756971843],[-47.8552990542301,-15.815181127651243]],[[-47.852041759661624,-15.814286775370714],[-47.849601351490435,-15.814272900554732],[-47.85200203928632,-15.81468164557357],[-47.852041759661624,-15.814286775370714]],[[-47.84944065522367,-15.814245539218877],[-47.849374795008615,-15.814165813387635],[-47.84897251355131,-15.814165828903839],[-47.84944065522367,-15.814245539218877]],[[-47.848666414518206,-15.814577877048004],[-47.848518657723716,-15.815436246670156],[-47.848623129701465,-15.815183913716625],[-47.848666414518206,-15.814577877048004]],[[-47.848452246910455,-15.815600659002328],[-47.84822019672323,-15.81606460218779],[-47.84833600518396,-15.81592371282214],[-47.848452246910455,-15.815600659002328]],[[-47.84802434848016,-15.81633781045288],[-47.84714959957613,-15.816894097795117],[-47.847917419277685,-15.816486573782765],[-47.847403563933504,-15.82057270955513],[-47.84802434848016,-15.81633781045288]],[[-47.84360566850352,-15.790054779548884],[-47.84359600175462,-15.790015472924956],[-47.841124325404046,-15.79004780579713],[-47.84360566850352,-15.790054779548884]],[[-47.84165041404098,-15.816980502375937],[-47.83998372093423,-15.817830098456723],[-47.836285399401746,-15.819989879893182],[-47.84165041404098,-15.816980502375937]]],[[[-48.16201525375623,-15.787934535347398],[-48.16152382323403,-15.790195150770478],[-48.159603379430465,-15.789619392659295],[-48.16037465628582,-15.78748447228575],[-48.16201525375623,-15.787934535347398]]],[[[-48.15846747999357,-16.03087815754538],[-48.15670252609665,-16.031428676414897],[-48.15560412267574,-16.029791776906112],[-48.156604223981795,-16.029243938454336],[-48.15846747999357,-16.03087815754538]]],[[[-48.15532246562893,-15.83540914540355],[-48.153872514986176,-15.835478032953688],[-48.15422348363853,-15.836466697840645],[-48.1530120063144,-15.836637219025073],[-48.15178450880158,-15.835775970212024],[-48.151551406483456,-15.839200242713915],[-48.151505516234195,-15.835608028094036],[-48.147675409530585,-15.833685700184828],[-48.15115437180461,-15.832698695276376],[-48.15111102154793,-15.833721768653628],[-48.15263019222778,-15.833661450683525],[-48.15532246562893,-15.83540914540355]]],[[[-48.15409289818116,-15.868446047535103],[-48.15404408965547,-15.876724213006097],[-48.153306053659875,-15.877831474260093],[-48.152249508643486,-15.877029886673924],[-48.14885117793307,-15.8770579150485],[-48.148460871392594,-15.867668108943503],[-48.15162994273487,-15.867191956043362],[-48.15137473452312,-15.862207689389448],[-48.15408270450946,-15.862082229579485],[-48.15409289818116,-15.868446047535103]]],[[[-48.15268059949441,-15.896031311246682],[-48.15213105752146,-15.898294963517092],[-48.14815351909391,-15.897041540011756],[-48.14756003997351,-15.898877687459347],[-48.134024854925954,-15.892615364639838],[-48.13463221468144,-15.891487359946057],[-48.14238399087132,-15.889532835757233],[-48.143474588667246,-15.887192035575508],[-48.142389864114655,-15.889513638906259],[-48.14142854119249,-15.889220638137807],[-48.14229826641806,-15.88663032831022],[-48.14343629089632,-15.887152568742312],[-48.14139886962366,-15.884969518504414],[-48.142357614827716,-15.883614251524298],[-48.14070062689231,-15.885478220452862],[-48.14006264385553,-15.885086157867173],[-48.14084209399294,-15.88175473848004],[-48.1518349841384,-15.88502520922357],[-48.14907254767082,-15.894236509226728],[-48.15268059949441,-15.896031311246682]],[[-48.14909515573087,-15.894161468785848],[-48.14904853438926,-15.894255210456473],[-48.14907082669947,-15.894237848917577],[-48.14909515573087,-15.894161468785848]],[[-48.14857788377744,-15.893785264197446],[-48.14856778874288,-15.893779600421663],[-48.148442554324966,-15.89406146781855],[-48.14857788377744,-15.893785264197446]],[[-48.148138356754544,-15.893571512694892],[-48.147579858220446,-15.89332177160524],[-48.14781103767675,-15.893429455977031],[-48.148138356754544,-15.893571512694892]],[[-48.148102245975736,-15.894779407265034],[-48.14779187157307,-15.895371585543476],[-48.148047729507866,-15.895034637942889],[-48.148102245975736,-15.894779407265034]],[[-48.14770041663166,-15.895579091051617],[-48.14765893259159,-15.895673216354608],[-48.14756693269257,-15.895942173689363],[-48.14770041663166,-15.895579091051617]],[[-48.14745263223757,-15.896357900998284],[-48.14681790498296,-15.897624079408155],[-48.14720753142006,-15.896934676981507],[-48.14745263223757,-15.896357900998284]],[[-48.14710680808292,-15.89311754135797],[-48.14699044537088,-15.893294789999842],[-48.146850164139174,-15.893608334320417],[-48.14710680808292,-15.89311754135797]],[[-48.146771059136654,-15.897637549673362],[-48.14668112745191,-15.897553100805457],[-48.14639602173654,-15.897406481176612],[-48.146771059136654,-15.897637549673362]],[[-48.146698628725964,-15.893900737244893],[-48.146648594824406,-15.893880083254837],[-48.146696303369005,-15.893905147403961],[-48.146698628725964,-15.893900737244893]],[[-48.14613087949079,-15.893687547579843],[-48.14607167321068,-15.893738175238624],[-48.14583048927675,-15.894260665577725],[-48.14613087949079,-15.893687547579843]],[[-48.146064159186245,-15.89724184814645],[-48.145985095465264,-15.897201254354522],[-48.14541750832066,-15.896960231388151],[-48.146064159186245,-15.89724184814645]],[[-48.14584880942407,-15.895838819327615],[-48.14526030865537,-15.895533075071762],[-48.14580229562476,-15.895938335685324],[-48.14584880942407,-15.895838819327615]],[[-48.14570796877261,-15.892572917613354],[-48.14570764404407,-15.892552035913505],[-48.14568474862273,-15.89262199712967],[-48.14570796877261,-15.892572917613354]],[[-48.145707195070784,-15.892523164591589],[-48.14570685455132,-15.892501267376467],[-48.145700244747864,-15.89249197816027],[-48.145707195070784,-15.892523164591589]],[[-48.14561493161142,-15.896339193811794],[-48.14540344742218,-15.89675658203008],[-48.14551465224646,-15.896553742562975],[-48.14561493161142,-15.896339193811794]],[[-48.14558685725999,-15.892414138702632],[-48.144500094237074,-15.891885783662953],[-48.14361525734301,-15.891491769989875],[-48.14558685725999,-15.892414138702632]],[[-48.14557771566049,-15.89284823253287],[-48.14523776461971,-15.893550481438302],[-48.14524354876379,-15.89355454956946],[-48.14557771566049,-15.89284823253287]],[[-48.14546722455539,-15.893758923867347],[-48.14484381066762,-15.89504594362175],[-48.14487423934398,-15.89515244903744],[-48.14546722455539,-15.893758923867347]],[[-48.14540434915863,-15.895099714207017],[-48.145389679080566,-15.895121719906347],[-48.14530368867284,-15.895310745306691],[-48.14540434915863,-15.895099714207017]],[[-48.14540410000196,-15.893650828030887],[-48.14539114518086,-15.893628643222181],[-48.14532063485438,-15.89360876563766],[-48.14540410000196,-15.893650828030887]],[[-48.14487438780377,-15.895320335643731],[-48.14487143142601,-15.895287287960308],[-48.14475597980914,-15.895591069205876],[-48.14487438780377,-15.895320335643731]],[[-48.14374572292047,-15.895163241191218],[-48.14373781674077,-15.895159504575751],[-48.14350727640001,-15.895636639212386],[-48.14374572292047,-15.895163241191218]],[[-48.143714884499666,-15.89368403518753],[-48.14357159223576,-15.892795068942236],[-48.14275965180698,-15.892389204346475],[-48.143714884499666,-15.89368403518753]],[[-48.14342654636675,-15.895693098100912],[-48.14173550305075,-15.894990123781868],[-48.14339939084139,-15.895712089235952],[-48.14342654636675,-15.895693098100912]],[[-48.14341700149105,-15.894012486462914],[-48.14334641288256,-15.893976349282044],[-48.14330419630729,-15.894061227404901],[-48.14341700149105,-15.894012486462914]],[[-48.14339747761601,-15.891387906804585],[-48.14335652055884,-15.891364927582263],[-48.14335458753553,-15.891367452194089],[-48.14339747761601,-15.891387906804585]],[[-48.143002607839996,-15.891472414501457],[-48.14282611415197,-15.891384590121406],[-48.1428210989789,-15.891394521714927],[-48.143002607839996,-15.891472414501457]],[[-48.142860189395364,-15.894480136998101],[-48.14213466446202,-15.89415738727381],[-48.14235053728178,-15.89476201477606],[-48.142860189395364,-15.894480136998101]],[[-48.142628817286706,-15.892680636799255],[-48.14229012413609,-15.89252286081859],[-48.1426242254532,-15.892689475158702],[-48.142628817286706,-15.892680636799255]],[[-48.14242480484194,-15.892179303952835],[-48.14241900308956,-15.892190792729714],[-48.14238839044673,-15.892269669206494],[-48.14242480484194,-15.892179303952835]],[[-48.142128374913774,-15.894140001596327],[-48.14212418124182,-15.894128409949914],[-48.14182643150723,-15.893999466602818],[-48.142128374913774,-15.894140001596327]],[[-48.141427839992815,-15.89357225078546],[-48.14135901667169,-15.893304390839017],[-48.141362013180576,-15.893712579829376],[-48.141427839992815,-15.89357225078546]],[[-48.141310377709466,-15.895096385170453],[-48.1410720673249,-15.894939653094072],[-48.140518290225096,-15.894698754654817],[-48.141310377709466,-15.895096385170453]],[[-48.141051838774054,-15.89157762128328],[-48.140939894710954,-15.891420288487975],[-48.14104499686975,-15.891593626959883],[-48.141051838774054,-15.89157762128328]],[[-48.14093938428696,-15.892283981578668],[-48.14076576624277,-15.892593555145492],[-48.14064136165102,-15.892872212312081],[-48.14093938428696,-15.892283981578668]],[[-48.140891810577514,-15.89134163556662],[-48.14074683376476,-15.890951610236028],[-48.1407404650965,-15.890963845784325],[-48.140891810577514,-15.89134163556662]],[[-48.14085569769927,-15.892036496197274],[-48.14077808361159,-15.892188108313855],[-48.14081517959876,-15.89220642931126],[-48.14085569769927,-15.892036496197274]],[[-48.14067824546212,-15.89299637567402],[-48.14060747316815,-15.892948120652298],[-48.14060389021587,-15.89295614706317],[-48.14067824546212,-15.89299637567402]],[[-48.14034850188369,-15.894627375563473],[-48.140088312156564,-15.894512667466904],[-48.1397062685072,-15.894387098276239],[-48.14034850188369,-15.894627375563473]],[[-48.139677088816505,-15.89436604277032],[-48.139563244075774,-15.894259129040764],[-48.13926330462475,-15.89410452292748],[-48.139677088816505,-15.89436604277032]],[[-48.13966476757107,-15.893005824587757],[-48.139527197045034,-15.89293788029573],[-48.13958226555785,-15.893166039831053],[-48.13966476757107,-15.893005824587757]],[[-48.13934178481777,-15.892337269309373],[-48.13925202922004,-15.892511568394943],[-48.13905034706009,-15.892938097530015],[-48.13934178481777,-15.892337269309373]],[[-48.13854018049799,-15.89184172250877],[-48.138492658452996,-15.891834072141625],[-48.13837333999538,-15.891866769592239],[-48.13854018049799,-15.89184172250877]],[[-48.13833662268761,-15.89190958814684],[-48.13824508936868,-15.892071823963118],[-48.13816635162021,-15.892270939299339],[-48.13833662268761,-15.89190958814684]],[[-48.138072306374085,-15.89251694111288],[-48.1380641273,-15.892499209807992],[-48.13805597611227,-15.892517014955274],[-48.138072306374085,-15.89251694111288]],[[-48.13804044265918,-15.892548245894673],[-48.137955328252104,-15.892719362232999],[-48.13797131621424,-15.89269740189022],[-48.13804044265918,-15.892548245894673]],[[-48.13792283072545,-15.89276400016666],[-48.13784312469723,-15.892853273060352],[-48.13787463752497,-15.892830196918863],[-48.13792283072545,-15.89276400016666]],[[-48.13769987737742,-15.892958171732397],[-48.137685576877594,-15.89296652536584],[-48.137691582429575,-15.892964245900119],[-48.13769987737742,-15.892958171732397]]],[[[-48.146840547102,-15.846934322729783],[-48.14604646814434,-15.847289862090006],[-48.144769917634314,-15.846133068402821],[-48.144156818047726,-15.843834296450998],[-48.139902443824894,-15.840656661375483],[-48.1388506752227,-15.838658711891295],[-48.137142315925026,-15.83927635792139],[-48.135401415244175,-15.837552125036739],[-48.13296162864744,-15.837134361205793],[-48.132647997754475,-15.835993766600806],[-48.13402958801951,-15.834388365011108],[-48.133390579244775,-15.833846662740635],[-48.134394561466124,-15.832922243971739],[-48.13630268698957,-15.833918322649534],[-48.13459056689459,-15.83703092185574],[-48.13519931395011,-15.835620674398667],[-48.13611303615375,-15.83599861988455],[-48.136973835665074,-15.835101536513282],[-48.139876348226636,-15.837134596866296],[-48.13958017657223,-15.83862865576532],[-48.138356622107004,-15.837571092578594],[-48.139574303609244,-15.838647853300625],[-48.140257255083284,-15.838069271132467],[-48.143102006503455,-15.840739259560127],[-48.146840547102,-15.846934322729783]],[[-48.14117279584359,-15.840964095997023],[-48.140992175928936,-15.840777699427628],[-48.14097817051671,-15.840788504258905],[-48.1411581837936,-15.840974274002257],[-48.14117279584359,-15.840964095997023]],[[-48.139360335671945,-15.839071172815418],[-48.13935708122909,-15.839066574595606],[-48.13922883037145,-15.839281498573566],[-48.139360335671945,-15.839071172815418]],[[-48.13863416809646,-15.837071702419228],[-48.138511564410344,-15.83699125470866],[-48.13849730053862,-15.83700494513893],[-48.13863416809646,-15.837071702419228]],[[-48.13858631450615,-15.837379380196667],[-48.138390308993856,-15.837216756232428],[-48.13857194767317,-15.837390453736829],[-48.13858631450615,-15.837379380196667]],[[-48.136080733321975,-15.837288109957786],[-48.13607424559317,-15.837284617567825],[-48.13581885906589,-15.83760905945461],[-48.135826330177146,-15.837611303360173],[-48.136080733321975,-15.837288109957786]],[[-48.13501525627343,-15.835223929814855],[-48.13354323797262,-15.836409759769003],[-48.13423108537838,-15.836873883710428],[-48.13501525627343,-15.835223929814855]],[[-48.13479814746937,-15.837079196701671],[-48.13478702210503,-15.837077680993662],[-48.13462092419898,-15.837250439861647],[-48.13463139139897,-15.837252640465433],[-48.13479814746937,-15.837079196701671]]],[[[-48.14674057617787,-15.93132213868392],[-48.146073909527495,-15.933280957529275],[-48.144287320599545,-15.932404172247853],[-48.145310697788,-15.93220866600142],[-48.144241112767716,-15.931693269607297],[-48.1444981151405,-15.930648010577062],[-48.14651363621378,-15.930537918966461],[-48.14674057617787,-15.93132213868392]],[[-48.14587888340102,-15.932742089047562],[-48.14576010461324,-15.932788965300697],[-48.145880290922406,-15.93283235400419],[-48.14587888340102,-15.932742089047562]]],[[[-48.144842360039405,-15.825359578440851],[-48.14020164990918,-15.827113297440233],[-48.138160657162146,-15.824951280609028],[-48.137163485409445,-15.825655859270507],[-48.13671442408927,-15.824864749210771],[-48.141096871024786,-15.822708166603695],[-48.14254683169831,-15.823862744102],[-48.14140706832547,-15.822333804090052],[-48.144842360039405,-15.825359578440851]]],[[[-48.14347269481959,-15.8212336406169],[-48.14075266048961,-15.82131454342639],[-48.140184391361146,-15.819449827481352],[-48.14226879672425,-15.81892553141654],[-48.14347269481959,-15.8212336406169]]],[[[-48.14340849632264,-16.03742017492372],[-48.14109428193927,-16.038627216369854],[-48.14022747703346,-16.03780786603917],[-48.14161610626706,-16.03618184757123],[-48.14340849632264,-16.03742017492372]]],[[[-48.141990281335524,-15.90326951113122],[-48.14099030939879,-15.906274960319685],[-48.1392335742931,-15.905698517958355],[-48.14029718665109,-15.902338590655312],[-48.141990281335524,-15.90326951113122]]],[[[-48.14041045335438,-15.848813921879191],[-48.13572980998042,-15.848651408927525],[-48.13090427097169,-15.844465266917435],[-48.13271680010345,-15.845172031421555],[-48.13332302285608,-15.843848961555562],[-48.13363311412422,-15.845330645159882],[-48.13438934597589,-15.844422440319118],[-48.13660038385072,-15.845834837463554],[-48.1359830587768,-15.84702038139464],[-48.13769045819443,-15.848524781011662],[-48.14041045335438,-15.848813921879191]]],[[[-48.13961835235327,-15.841349141405566],[-48.13856717613639,-15.841197152177415],[-48.137584143083735,-15.842493198227077],[-48.13489965737788,-15.841116669377854],[-48.13342789765178,-15.841340163631196],[-48.137873486819736,-15.843416943418921],[-48.13660567594091,-15.84581526823188],[-48.133028030852614,-15.842544091003228],[-48.134400230144806,-15.84343655804831],[-48.13388672613938,-15.844000038437592],[-48.13089560411104,-15.842210856671167],[-48.131638707112124,-15.84106831778672],[-48.13245715187979,-15.841464225809228],[-48.13350290464345,-15.839265824673976],[-48.13483962384743,-15.839765326433545],[-48.13540808079021,-15.839042462350196],[-48.13628737458274,-15.839843226239708],[-48.13541395418785,-15.83902326575801],[-48.13484549730967,-15.839746129844404],[-48.13350877823393,-15.839246628100174],[-48.133981753472355,-15.837993951683922],[-48.13961835235327,-15.841349141405566]],[[-48.138141336982194,-15.841640523614204],[-48.137400841800236,-15.841113007655782],[-48.137393373608624,-15.841131116818106],[-48.138141336982194,-15.841640523614204]],[[-48.13809542045559,-15.84181483777771],[-48.13802163757649,-15.84177985419437],[-48.13808856419809,-15.841833249589799],[-48.13809542045559,-15.84181483777771]],[[-48.137462163191344,-15.8409593588785],[-48.13697845310795,-15.840578820703927],[-48.13745474715479,-15.84097734178362],[-48.137462163191344,-15.8409593588785]],[[-48.13719057908858,-15.840280868916595],[-48.13622664281814,-15.839972726457294],[-48.136531132069976,-15.84024634260944],[-48.136737034822254,-15.84005379942221],[-48.13719057908858,-15.840280868916595]]],[[[-48.139439419182494,-15.81608049162178],[-48.13739473987516,-15.816743240720776],[-48.1372369384018,-15.816098924586093],[-48.13920693296042,-15.815450031091354],[-48.139439419182494,-15.81608049162178]]],[[[-48.139261982405024,-15.930821859914635],[-48.138961333687995,-15.931940096758733],[-48.13793232932701,-15.931774509253666],[-48.138875064494904,-15.932392786139879],[-48.13677506050621,-15.931904479700393],[-48.13878739074934,-15.932755209966478],[-48.13787975363202,-15.934393587758791],[-48.13547681072921,-15.932597525859492],[-48.13653505862796,-15.932784300757943],[-48.137429384029176,-15.929434377755879],[-48.13841551029289,-15.930338713908847],[-48.137852136116514,-15.928941830451596],[-48.139261982405024,-15.930821859914635]],[[-48.136525953236,-15.931343548712372],[-48.136603768478345,-15.93146629618445],[-48.13692998486609,-15.931377741967665],[-48.136525953236,-15.931343548712372]],[[-48.13851559146849,-15.930502311626773],[-48.13828656673819,-15.930377314671212],[-48.13819535361587,-15.930687239988144],[-48.13851559146849,-15.930502311626773]],[[-48.13744436234813,-15.933458089733696],[-48.137113179641325,-15.93328974461736],[-48.1373073683131,-15.933589342701012],[-48.13744436234813,-15.933458089733696]],[[-48.137243501580535,-15.93303193172264],[-48.136826875864024,-15.932693469736996],[-48.13692150104067,-15.933029168684772],[-48.137243501580535,-15.93303193172264]],[[-48.136826875864024,-15.932693469736996],[-48.13674077945189,-15.932290151989514],[-48.13659912646616,-15.932495359292165],[-48.136826875864024,-15.932693469736996]]],[[[-48.13608485880416,-15.764079504275996],[-48.13076500286329,-15.765446150082315],[-48.12877658656473,-15.761258278528809],[-48.13603622035976,-15.760914878773077],[-48.13608485880416,-15.764079504275996]]],[[[-48.13422194363817,-15.965013914318106],[-48.11851974702521,-15.965206296346231],[-48.112180332032395,-15.957665440845988],[-48.12105117751799,-15.938776372513976],[-48.127233506276255,-15.940994407627043],[-48.122443327294185,-15.955474245206895],[-48.13422194363817,-15.965013914318106]]],[[[-48.13336825611389,-15.85286138005804],[-48.132838113052124,-15.853690840655547],[-48.131191178929825,-15.853160440720707],[-48.13201019103826,-15.851858576027242],[-48.13336825611389,-15.85286138005804]]],[[[-48.12903699665527,-15.774631514324991],[-48.12757908753896,-15.776085854449622],[-48.12545310742552,-15.775160850059596],[-48.12454814221049,-15.777925922970562],[-48.122830844655894,-15.777912375352615],[-48.12279893954673,-15.775829669924152],[-48.12100506943897,-15.77597009798132],[-48.12111383823249,-15.777917922675815],[-48.11841342362045,-15.778147793007358],[-48.11838273219709,-15.77614150796009],[-48.115605737920305,-15.776525332254403],[-48.11575070868975,-15.778262420309858],[-48.11186631512304,-15.778509177487974],[-48.112243407362996,-15.774853287695237],[-48.11612845349774,-15.774568447414445],[-48.11647549332474,-15.771448266077615],[-48.12036470169685,-15.771526278110588],[-48.12065718324754,-15.773872812120953],[-48.12174214920853,-15.773838127166167],[-48.12153179997735,-15.771700644906398],[-48.12436936302885,-15.771411445378742],[-48.124455200027164,-15.773149366009182],[-48.12566030684028,-15.773227604063006],[-48.12556977376666,-15.771183968483083],[-48.128748906224,-15.77129114620052],[-48.12903699665527,-15.774631514324991]]],[[[-48.128847824629084,-15.877881649497223],[-48.12702989315332,-15.878039347217594],[-48.12676371347034,-15.879183909937941],[-48.12524289499447,-15.878202553693326],[-48.12600410507482,-15.877146391206738],[-48.124327795378875,-15.877684245261896],[-48.125104380643116,-15.876024658722455],[-48.12655674220597,-15.875770737992019],[-48.128847824629084,-15.877881649497223]]],[[[-48.12749855495012,-15.627561893698665],[-48.12687631454318,-15.630093514860333],[-48.12668375499481,-15.62845265359865],[-48.12529567351896,-15.628606226396192],[-48.12520186519449,-15.627623308459748],[-48.12749855495012,-15.627561893698665]]],[[[-48.12651975577586,-15.705758703893185],[-48.125431957036795,-15.708007954904248],[-48.12286594011212,-15.707124935581547],[-48.12400010951238,-15.703871667454184],[-48.12593315231803,-15.704489014221693],[-48.12563915987029,-15.70542491624681],[-48.12651975577586,-15.705758703893185]]],[[[-48.12589278415139,-15.631816926492359],[-48.12587684978337,-15.633202753420317],[-48.124173239705,-15.633035924353333],[-48.12296278207476,-15.630437250127867],[-48.124236033647875,-15.630269797935465],[-48.12589278415139,-15.631816926492359]]],[[[-48.125390198247636,-15.995579981403052],[-48.12441043576954,-15.996056344644384],[-48.123152397254294,-15.994500303188273],[-48.125390198247636,-15.995579981403052]]],[[[-48.123950799786485,-15.779321567555735],[-48.123670722143586,-15.78138104678324],[-48.12228206183665,-15.782033021393392],[-48.122411364741474,-15.778511491621519],[-48.12115836862333,-15.778119901623937],[-48.123900581131416,-15.778127354608138],[-48.123950799786485,-15.779321567555735]],[[-48.12376984117418,-15.779113987531408],[-48.123665780499216,-15.778949476141884],[-48.12317140891169,-15.779221295058216],[-48.12376984117418,-15.779113987531408]],[[-48.1229420864263,-15.780025329235949],[-48.12282019048175,-15.779821483848925],[-48.12253268618881,-15.780133358686369],[-48.1229420864263,-15.780025329235949]],[[-48.12293581863488,-15.779616276466127],[-48.12276042870933,-15.779428872212474],[-48.12245393773098,-15.779640348975303],[-48.12293581863488,-15.779616276466127]]],[[[-48.11914157697336,-15.929204824550363],[-48.116844174717734,-15.931359435178363],[-48.11565309859511,-15.928414372145676],[-48.11633864112796,-15.928041342825011],[-48.117549144376845,-15.929686538820908],[-48.11914157697336,-15.929204824550363]]],[[[-48.11813163825775,-15.863556524456962],[-48.116509856107534,-15.86322155098013],[-48.11740765174562,-15.861416905841903],[-48.11813163825775,-15.863556524456962]]],[[[-48.11609444272764,-15.743207151264283],[-48.11423995353787,-15.743865699637729],[-48.11402327174559,-15.741882428734794],[-48.11609444272764,-15.743207151264283]]],[[[-48.11570674220407,-15.931877822861374],[-48.11151351687247,-15.93616638721497],[-48.10917280011927,-15.93399686212326],[-48.110867467387294,-15.932002042736888],[-48.1063662163514,-15.934754603779906],[-48.09927330481607,-15.92835573416977],[-48.098118940673004,-15.92470648062019],[-48.099042107884635,-15.924598406583007],[-48.09783319027533,-15.923035672022353],[-48.09904159616302,-15.921858058719947],[-48.0947642621936,-15.91577059377864],[-48.082428809985366,-15.909250430236597],[-48.08105379694548,-15.909254277714348],[-48.06540460584492,-15.918984393058954],[-48.066394430342676,-15.92045691158646],[-48.065383464044444,-15.920949092009371],[-48.065864879428524,-15.92216662942913],[-48.063935489777556,-15.923149669381997],[-48.062506824956024,-15.920781251618257],[-48.05261795478528,-15.926822211866767],[-48.05117110079464,-15.926617372953043],[-48.04844123385577,-15.92179737991022],[-48.047667771449674,-15.923769148383219],[-48.04880600302125,-15.924097083931095],[-48.0482987767442,-15.925824386941327],[-48.05017374374724,-15.926378412386123],[-48.048392374388676,-15.927607698815239],[-48.04790865634799,-15.929420676361204],[-48.04610291010001,-15.929037670438234],[-48.04660788675672,-15.927159888743539],[-48.04207095318844,-15.926013743100482],[-48.04804770108267,-15.90712579097544],[-48.03950062791793,-15.904528917433588],[-48.04047919691341,-15.90158127831089],[-48.037624631139174,-15.900726511443894],[-48.04087338687339,-15.892252650680852],[-48.05056950286902,-15.88853229471012],[-48.05149129224646,-15.888762961550995],[-48.0509898145607,-15.891220559795212],[-48.04588692448946,-15.892325326942974],[-48.045771485409645,-15.893402202807758],[-48.046809308824685,-15.893696279748687],[-48.050983932138955,-15.891239755702738],[-48.0516143184219,-15.89248256557791],[-48.05399180004256,-15.885709265290505],[-48.053615106366244,-15.881356931932544],[-48.058880045423805,-15.884765726196093],[-48.056781760588436,-15.888575052242725],[-48.056478216763225,-15.885100675603683],[-48.05620385352819,-15.890266672269739],[-48.057680988002296,-15.890638319108236],[-48.05529336813458,-15.898089402683881],[-48.053855745516,-15.897640390170539],[-48.061601718039526,-15.899591193456585],[-48.06208992748816,-15.895847797938487],[-48.06421004704327,-15.894025942299415],[-48.07284867599987,-15.895551636100812],[-48.07138792200993,-15.900027941151768],[-48.073360792034556,-15.90040595416731],[-48.0727777152904,-15.902185564193593],[-48.07337155536698,-15.900422143205962],[-48.0762321635163,-15.901182128727298],[-48.08010070886537,-15.903900220375954],[-48.0874216024083,-15.906682181233062],[-48.101646012518444,-15.91079965186838],[-48.10394724770467,-15.913043561736606],[-48.107246537142295,-15.921974744024418],[-48.10872985746187,-15.920870713539877],[-48.10991442702065,-15.922441913140293],[-48.10813722513861,-15.923963651718399],[-48.11260662766754,-15.930082297632218],[-48.112471239099406,-15.931270333820486],[-48.113918721784046,-15.930162331451637],[-48.11570674220407,-15.931877822861374]],[[-48.04047919691341,-15.90158127831089],[-48.04075735350551,-15.901260556965152],[-48.04172256555925,-15.90014083422748],[-48.04047919691341,-15.90158127831089]],[[-48.11161655932459,-15.931572998866386],[-48.11161615069236,-15.931573004766275],[-48.11161375284402,-15.931576598647808],[-48.11161655932459,-15.931572998866386]],[[-48.110385653233465,-15.927176614958968],[-48.109936190219805,-15.926599427795878],[-48.11002954682158,-15.926725453437012],[-48.110385653233465,-15.927176614958968]],[[-48.10871839423412,-15.924862848215016],[-48.1087085224651,-15.92484102275916],[-48.10860388247488,-15.924670221108855],[-48.10871839423412,-15.924862848215016]],[[-48.10014156849556,-15.920595797354997],[-48.099882172386266,-15.920296928189591],[-48.099877810485594,-15.920300966431709],[-48.10014156849556,-15.920595797354997]],[[-48.09242192701878,-15.914047209819987],[-48.09239657586194,-15.913999910652565],[-48.09210779430819,-15.913835862625147],[-48.09242192701878,-15.914047209819987]],[[-48.09193491368237,-15.913733052455408],[-48.09143809004541,-15.913428143904806],[-48.091734772750954,-15.91362248301056],[-48.09193491368237,-15.913733052455408]],[[-48.08565884588388,-15.910907067948967],[-48.08565053874365,-15.910903896479915],[-48.08565371375717,-15.91092825720701],[-48.08565884588388,-15.910907067948967]],[[-48.07080471218664,-15.899972421827083],[-48.06543460059195,-15.899461126750516],[-48.066840302061635,-15.901189675945526],[-48.067289059455796,-15.89991378649341],[-48.07080471218664,-15.899972421827083]],[[-48.06132184433393,-15.908932672029364],[-48.06123250213332,-15.90890423524977],[-48.06122428720693,-15.908901894870832],[-48.06132184433393,-15.908932672029364]],[[-48.06086795234832,-15.909227114120858],[-48.06086794581201,-15.909226682605569],[-48.06086767619557,-15.909227178535271],[-48.06086795234832,-15.909227114120858]],[[-48.05669981796496,-15.898326817104802],[-48.05621365821085,-15.898137202529698],[-48.056396718702246,-15.89821955368557],[-48.05669981796496,-15.898326817104802]],[[-48.056194232924774,-15.890294629174104],[-48.056049924645784,-15.890713988139892],[-48.053901360669066,-15.897496399719914],[-48.056194232924774,-15.890294629174104]],[[-48.04406077963566,-15.895441334339473],[-48.043897295057185,-15.895710223651774],[-48.04393301998455,-15.895724460908959],[-48.04406077963566,-15.895441334339473]],[[-48.04338740524843,-15.897489762047],[-48.04318695931107,-15.897613431835767],[-48.04195495132842,-15.899741203288437],[-48.04338740524843,-15.897489762047]],[[-48.04338740524843,-15.897489762047],[-48.04337140523756,-15.897259732129447],[-48.04335236289772,-15.897083972276262],[-48.04338740524843,-15.897489762047]],[[-48.04087435017416,-15.898592633681394],[-48.04075933503615,-15.898823902512838],[-48.04036608772172,-15.899761184789616],[-48.04087435017416,-15.898592633681394]],[[-48.04004676063056,-15.8964413427797],[-48.03909341054675,-15.89936945311455],[-48.03944508379073,-15.898436261928628],[-48.04004676063056,-15.8964413427797]]],[[[-48.11405294710412,-15.756057454888241],[-48.112946791951735,-15.756885883827026],[-48.11274941209251,-15.755255765357699],[-48.113664954247334,-15.755069821157972],[-48.11405294710412,-15.756057454888241]]],[[[-48.11238959791219,-15.91787370528099],[-48.11113968007201,-15.918789983799856],[-48.112234852061185,-15.919366641682124],[-48.11215820742232,-15.920801117326986],[-48.108989360210366,-15.920235254107114],[-48.11017861731339,-15.917943822670306],[-48.11238959791219,-15.91787370528099]]],[[[-48.111298242913946,-15.87328792537323],[-48.111050667242495,-15.874289004170615],[-48.10903520833182,-15.874598571909393],[-48.11008080501392,-15.872767924939685],[-48.111298242913946,-15.87328792537323]]],[[[-48.109700765023696,-15.697309914952744],[-48.10892408512628,-15.698783033681195],[-48.10786395018022,-15.69815309689684],[-48.10748471567056,-15.700466259095107],[-48.10353868699168,-15.69980568143754],[-48.10300788060026,-15.698953184998862],[-48.10567931172394,-15.696550103405446],[-48.1076372642416,-15.697840975722418],[-48.10852054967208,-15.696567018005076],[-48.109700765023696,-15.697309914952744]]],[[[-48.10743076034717,-15.965115933870337],[-48.094137898089485,-15.965438942986697],[-48.094419825009275,-15.988584040826362],[-48.081874198112935,-15.991846187209786],[-48.06983091672827,-15.989223496654953],[-48.071062859600666,-15.987414126412228],[-48.06554731640718,-15.985271101463162],[-48.061556065062256,-15.990775005572194],[-48.0568010569107,-15.986955246719262],[-48.05231481474016,-15.987251267887745],[-48.049144864602596,-15.983426004451017],[-48.049798536002335,-15.980131488713788],[-48.048467411757066,-15.979154557139992],[-48.04734526272692,-15.980348253902141],[-48.04603823687813,-15.979544198875114],[-48.046624476673884,-15.97869461566319],[-48.044616047277664,-15.977752634367087],[-48.04466144532826,-15.97651916772305],[-48.043489653631106,-15.976169780063664],[-48.042645450784,-15.977098974375721],[-48.0399515262649,-15.975701365186724],[-48.037236818832504,-15.979524174348507],[-48.03641538385403,-15.978771273394356],[-48.03698397501063,-15.9778267201574],[-48.035718175920756,-15.976826171958042],[-48.034974066679766,-15.977625537613788],[-48.03564399064139,-15.975914818494488],[-48.03345015680756,-15.975214621187254],[-48.034491193331824,-15.97379984039777],[-48.032599054791646,-15.972605692175634],[-48.03289853821989,-15.971990179363742],[-48.03059102558554,-15.970190576603557],[-48.02901802134356,-15.972250522048926],[-48.028268583457326,-15.971555433645225],[-48.02889581454756,-15.970550972906599],[-48.02783896458696,-15.969668479935807],[-48.0271942566975,-15.97061426100152],[-48.026019034795205,-15.969584679219562],[-48.02707190975305,-15.96831941776292],[-48.024864519148785,-15.966185060585321],[-48.02574442839331,-15.964691451410495],[-48.02487040505634,-15.966165864694212],[-48.02395424238747,-15.96568579275213],[-48.02460307726776,-15.963802411236593],[-48.02396426407485,-15.963304809619151],[-48.03223213349677,-15.953298712889831],[-48.03395938493424,-15.954650526062407],[-48.03302992973773,-15.95573107517082],[-48.03521641296678,-15.957479591625576],[-48.03841368532302,-15.953184768578371],[-48.03739743498668,-15.95436943753774],[-48.03652293409666,-15.953669488278297],[-48.0379679202116,-15.951987277856814],[-48.036392071596396,-15.951540267838162],[-48.039582000607645,-15.947698789205168],[-48.04282392787421,-15.951004945710753],[-48.048310694204645,-15.953165279749964],[-48.05194002874994,-15.956081613972847],[-48.04979829287335,-15.954304624416265],[-48.05031472699191,-15.95373256427604],[-48.053257759019694,-15.953213028723873],[-48.05221439066271,-15.95524657855605],[-48.06158979487899,-15.952333033024397],[-48.058462004378036,-15.950282610591936],[-48.060124180716606,-15.949240676794751],[-48.06290377255711,-15.95073521578713],[-48.06505537564861,-15.949328510793267],[-48.06702837190184,-15.95046626192844],[-48.07147470279781,-15.947146753628825],[-48.069936215394385,-15.948272423114272],[-48.066575030622296,-15.945212997784434],[-48.07855318935795,-15.938978494212693],[-48.075612276724755,-15.939764018449841],[-48.07800557438807,-15.93843379730196],[-48.09885899167458,-15.941648524903163],[-48.10743076034717,-15.965115933870337]],[[-48.0568010569107,-15.986955246719262],[-48.05515776314674,-15.983645899167302],[-48.05573620284983,-15.985142773526528],[-48.0568010569107,-15.986955246719262]],[[-48.0716419748301,-15.981672210035956],[-48.06965562250516,-15.972885103029629],[-48.059192073634485,-15.973857587032143],[-48.05810095515041,-15.975187082381595],[-48.055820666113895,-15.973224206363101],[-48.05490125334226,-15.974234480060995],[-48.061278064114845,-15.982250111208398],[-48.0716419748301,-15.981672210035956]],[[-48.056677793090685,-15.969218519116335],[-48.05666300209055,-15.96920691520226],[-48.05567739748972,-15.970340373184666],[-48.05569155739691,-15.970352703067757],[-48.056677793090685,-15.969218519116335]],[[-48.05289206971509,-15.968273422195704],[-48.05065747371719,-15.966410500882754],[-48.050029240171696,-15.967036343159068],[-48.05065159040057,-15.966429697055009],[-48.05289206971509,-15.968273422195704]],[[-48.0527137794298,-15.956747666156208],[-48.052704735116016,-15.956740184392059],[-48.05257564842891,-15.956959365042525],[-48.0527137794298,-15.956747666156208]],[[-48.05257564842891,-15.956959365042525],[-48.05111554075926,-15.959151664939943],[-48.051145142726305,-15.959175720570974],[-48.05257564842891,-15.956959365042525]],[[-48.05162322078581,-15.97776932561337],[-48.05033047477622,-15.979137428746725],[-48.05023158289993,-15.97926994300902],[-48.05162322078581,-15.97776932561337]],[[-48.050708359372784,-15.967625369490262],[-48.04987999152066,-15.968664921620102],[-48.048335951144,-15.96664947468812],[-48.04987410809979,-15.968684117792007],[-48.050708359372784,-15.967625369490262]],[[-48.037818465137626,-15.976575825014455],[-48.03781366088993,-15.97657292487808],[-48.03733307243469,-15.977305606337614],[-48.037337600239944,-15.977308928458555],[-48.037818465137626,-15.976575825014455]],[[-48.03699633547801,-15.976755278994014],[-48.036592650265355,-15.976521351483548],[-48.03658102506834,-15.976537221756368],[-48.03698449467666,-15.976771025014234],[-48.03699633547801,-15.976755278994014]]],[[[-48.10685478812683,-15.895893102534513],[-48.105924195091546,-15.898881818752717],[-48.10308901306002,-15.898158115165163],[-48.10402740372467,-15.894992589486552],[-48.10685478812683,-15.895893102534513]]],[[[-48.10553045899769,-16.03128932178586],[-48.10374354127214,-16.03314275215597],[-48.10466824443427,-16.033834095590528],[-48.10401363154447,-16.034631931279282],[-48.101391291320006,-16.03438322793064],[-48.10244328726271,-16.033722983426355],[-48.10342324477481,-16.03000592473059],[-48.10553045899769,-16.03128932178586]]],[[[-48.10034022617105,-16.05055023300252],[-48.08823224355929,-16.050540872533073],[-48.08797469156998,-16.049704027221072],[-48.10032764909296,-16.049740509689133],[-48.10034022617105,-16.05055023300252]]],[[[-48.099978372828545,-15.971205971232328],[-48.09773655656727,-15.96964560457181],[-48.098316108023305,-15.968714259111469],[-48.09742883797243,-15.967844248982397],[-48.099029019867274,-15.968724090936494],[-48.099978372828545,-15.971205971232328]]],[[[-48.099909750531324,-15.899465161555915],[-48.09909681426065,-15.90440767887726],[-48.097073154280515,-15.903806033940288],[-48.09875841545033,-15.899080340847508],[-48.099909750531324,-15.899465161555915]]],[[[-48.09982727473369,-15.731041385313556],[-48.09951482151306,-15.731886505988795],[-48.099329742381094,-15.73103964224249],[-48.09718339350027,-15.731829356248408],[-48.097091363563706,-15.73004406921418],[-48.09490827585379,-15.729333524590867],[-48.09482385118118,-15.72693991730084],[-48.09623138183856,-15.727443977775923],[-48.098036100877536,-15.726580372975567],[-48.097812598174336,-15.727827538145023],[-48.098305708153916,-15.726546959202729],[-48.099453011336536,-15.726703448497501],[-48.09982727473369,-15.731041385313556]],[[-48.09744795905064,-15.730832397689285],[-48.09748152820399,-15.730942006738928],[-48.09756206262081,-15.730861681710532],[-48.09744795905064,-15.730832397689285]],[[-48.09499191465868,-15.728700300462082],[-48.094765019606626,-15.728766632895109],[-48.09493139266171,-15.728917298018212],[-48.09499191465868,-15.728700300462082]],[[-48.094990548533104,-15.728610028513893],[-48.09499191465868,-15.728700300462082],[-48.09511060003312,-15.728653469780467],[-48.094990548533104,-15.728610028513893]],[[-48.0952551232232,-15.727613072112181],[-48.09536828954883,-15.727580559885798],[-48.09528535906314,-15.727502556548641],[-48.0952551232232,-15.727613072112181]],[[-48.099159972015244,-15.726925563021235],[-48.099234493595866,-15.727147695883172],[-48.09947961598479,-15.727016204017579],[-48.099159972015244,-15.726925563021235]],[[-48.099482423581996,-15.7280574607106],[-48.09920160261203,-15.727768493358315],[-48.099177754169716,-15.728099089300033],[-48.099482423581996,-15.7280574607106]],[[-48.098695720906534,-15.731133238238153],[-48.098609989040064,-15.7308758410529],[-48.09838812121251,-15.73100880987581],[-48.098695720906534,-15.731133238238153]],[[-48.09857399181827,-15.728747224082984],[-48.09829045479316,-15.72840512423068],[-48.097745474162465,-15.72876239280011],[-48.09857399181827,-15.728747224082984]],[[-48.09847580403673,-15.729331916252951],[-48.09835672686769,-15.729284539056776],[-48.09839764483897,-15.72949160857241],[-48.09847580403673,-15.729331916252951]],[[-48.09835672686769,-15.729284539056776],[-48.09825148207855,-15.729156418503377],[-48.098139705340195,-15.72937075074223],[-48.09835672686769,-15.729284539056776]],[[-48.097128705492395,-15.728218499735284],[-48.096816217977775,-15.72811889240861],[-48.09690540242205,-15.728342295308256],[-48.097128705492395,-15.728218499735284]],[[-48.09668488653694,-15.727622042436993],[-48.09659746987427,-15.727383095571286],[-48.096448975937754,-15.727473776697975],[-48.09668488653694,-15.727622042436993]],[[-48.09615109769269,-15.728694686405113],[-48.0959750694928,-15.72856474717556],[-48.09592665956622,-15.728867609483869],[-48.09615109769269,-15.728694686405113]]],[[[-48.095273692346964,-15.692851328467432],[-48.09424987984398,-15.698217231667215],[-48.088469207478084,-15.697132516866414],[-48.089064297750525,-15.691888050822872],[-48.08992181552813,-15.691187883707354],[-48.092375570637365,-15.69036956629054],[-48.093070992969494,-15.692003368300195],[-48.095273692346964,-15.692851328467432]]],[[[-48.08788524806205,-16.02475718639318],[-48.062892656243385,-16.04017251598778],[-48.05811537682499,-16.032975618926127],[-48.0628791578493,-16.04018107379088],[-48.059967595067455,-16.042101483494726],[-48.05736726929541,-16.04133276427882],[-48.05579053226991,-16.03900751017057],[-48.05533094680542,-16.036404512519265],[-48.0562616710899,-16.035786397042262],[-48.054620087842075,-16.03664784192894],[-48.05515445637573,-16.03421488330092],[-48.052820487392886,-16.031852834662974],[-48.052067263054845,-16.032317242550857],[-48.05257003205824,-16.03134014462834],[-48.04856651515628,-16.025499265503655],[-48.049112413762444,-16.025152493637755],[-48.04818765900224,-16.023987164550366],[-48.0471400162993,-16.024236718602822],[-48.04625423170621,-16.018050758192746],[-48.0473008328829,-16.017772723852612],[-48.044437194871435,-16.017166190610784],[-48.04489036306082,-16.012498906836516],[-48.04413113893305,-16.011536092853383],[-48.045431525570464,-16.010904146796776],[-48.045162369830486,-16.008614035501925],[-48.04857901956435,-16.00477357552413],[-48.04711265310166,-16.005663878496975],[-48.04761229571951,-16.00475069194768],[-48.05031906314247,-16.003583558234894],[-48.0488477059652,-16.00149178025515],[-48.050868217637934,-15.999760474813835],[-48.049617161537945,-15.995945553981937],[-48.05278441538502,-15.995617684804017],[-48.04634830299477,-15.989850914180568],[-48.04490558136581,-15.991132795353748],[-48.043399623979866,-15.989795236829096],[-48.04335934873465,-15.988148399618112],[-48.04584066957074,-15.988608144612945],[-48.05283304828439,-15.99484767964604],[-48.060050984874636,-15.998347150211316],[-48.06082688560824,-15.997301117315391],[-48.064077252447,-15.998960721362801],[-48.06348115163145,-16.000067565194016],[-48.06432536015106,-16.000485750233302],[-48.065305106425946,-15.99903994416013],[-48.068495914537465,-16.00031310535821],[-48.07502504315251,-15.999904339169577],[-48.085411101867535,-16.00619226857178],[-48.08549639137712,-16.007089089551013],[-48.08367797123704,-16.008317106984823],[-48.08356053465514,-16.011526069858398],[-48.08266997632998,-16.011721777639004],[-48.08262310566304,-16.010946128907527],[-48.08233693403571,-16.012051615106806],[-48.082888507022915,-16.016815394971186],[-48.08788524806205,-16.02475718639318]],[[-48.060050984874636,-15.998347150211316],[-48.06004222460576,-15.998344193321357],[-48.06008302879169,-15.998364576276876],[-48.060050984874636,-15.998347150211316]],[[-48.08360378156158,-16.005565338506443],[-48.08228004766333,-16.006173250956103],[-48.0822962742147,-16.00619088408124],[-48.08360378156158,-16.005565338506443]],[[-48.0856198667426,-16.00656235547457],[-48.08561406723017,-16.006542828295352],[-48.085619486636794,-16.00657382533921],[-48.0856198667426,-16.00656235547457]],[[-48.08559798247212,-16.006833292069498],[-48.085582070848915,-16.00687765746946],[-48.08559360408599,-16.006856182692186],[-48.08559798247212,-16.006833292069498]],[[-48.08556990865892,-16.00690030244686],[-48.085446468223736,-16.007067898805634],[-48.0855300750979,-16.006974475931273],[-48.08556990865892,-16.00690030244686]],[[-48.085321801278276,-16.007164869937995],[-48.085279651128914,-16.00717456743052],[-48.084757867187854,-16.007494674367738],[-48.085321801278276,-16.007164869937995]],[[-48.085012476328004,-16.021516282566044],[-48.08475052552764,-16.020184668614707],[-48.08436615107789,-16.020509928239456],[-48.085012476328004,-16.021516282566044]],[[-48.084668605587396,-16.00754528045914],[-48.08374406547241,-16.00808615829928],[-48.0834801531245,-16.008977398691382],[-48.084668605587396,-16.00754528045914]],[[-48.08393472428508,-16.019108336112453],[-48.08393031640715,-16.01882160334786],[-48.08391955483083,-16.018806472518754],[-48.08392397679877,-16.019094183851664],[-48.08393472428508,-16.019108336112453]],[[-48.08351815890558,-16.011260159429945],[-48.08331023566027,-16.011624835080468],[-48.08347671557407,-16.01155923885836],[-48.08351815890558,-16.011260159429945]],[[-48.08351075010775,-16.011067761779923],[-48.083472573666775,-16.00927568087717],[-48.08351025975345,-16.011110830136484],[-48.08351075010775,-16.011067761779923]],[[-48.08272949206311,-16.015299401090388],[-48.08267342763018,-16.01407032735666],[-48.08241052695174,-16.01558711899457],[-48.08272949206311,-16.015299401090388]],[[-48.0827150383186,-16.01596325847178],[-48.081226292344155,-16.017476089470126],[-48.08141354430519,-16.017938406307657],[-48.0827150383186,-16.01596325847178]],[[-48.08260772232706,-16.01235761440753],[-48.082060932369686,-16.013281046815486],[-48.082590173479915,-16.012877048613888],[-48.08260772232706,-16.01235761440753]],[[-48.082500641882596,-16.008334488552915],[-48.082438929880624,-16.006776718398015],[-48.08242458034587,-16.00671231033595],[-48.082500641882596,-16.008334488552915]],[[-48.082202895655456,-16.00622921794402],[-48.08219362251331,-16.006216664126487],[-48.08219343723467,-16.006216757079752],[-48.082202895655456,-16.00622921794402]],[[-48.08172912506686,-16.005574565745384],[-48.078685421509626,-16.004116179296272],[-48.079693147486225,-16.00462790512666],[-48.08172912506686,-16.005574565745384]],[[-48.075598644741326,-16.002878110728453],[-48.075501413233894,-16.002712911519453],[-48.075519528572435,-16.003237528477825],[-48.075598644741326,-16.002878110728453]],[[-48.07451073430348,-16.00238466745528],[-48.074363158805134,-16.00213283096121],[-48.07436204254403,-16.002133028436592],[-48.074509802087825,-16.002385179224202],[-48.07451073430348,-16.00238466745528]],[[-48.07344242072158,-16.02282519045386],[-48.07344059129752,-16.022780075605347],[-48.064248277698816,-16.02848960055244],[-48.07344242072158,-16.02282519045386]],[[-48.07315268036053,-16.01568042152317],[-48.07315236954901,-16.01567274565004],[-48.064850130764995,-16.011398512749075],[-48.07315268036053,-16.01568042152317]],[[-48.07300542137571,-16.001325271995576],[-48.07291309625458,-16.00130563470851],[-48.07293757996967,-16.001586022778163],[-48.07300542137571,-16.001325271995576]],[[-48.069702357395585,-16.01036922071918],[-48.06931281509689,-16.00364092146064],[-48.069582649617445,-16.010312101725283],[-48.069702357395585,-16.01036922071918]],[[-48.06960635763424,-16.002788535064102],[-48.06929407933804,-16.002976694103907],[-48.06936293424238,-16.002937003512166],[-48.06960635763424,-16.002788535064102]],[[-48.06931039368428,-16.00359909336037],[-48.06927502702621,-16.002988173736483],[-48.06817427560492,-16.00243597465655],[-48.06931039368428,-16.00359909336037]],[[-48.06680182738782,-16.001737811930212],[-48.066703025607865,-16.001687859858],[-48.06677649827872,-16.001725221159738],[-48.06680182738782,-16.001737811930212]],[[-48.06656352101247,-16.00161732975602],[-48.06432538649037,-16.00048576340143],[-48.06502570243955,-16.000848107994393],[-48.06656352101247,-16.00161732975602]],[[-48.06405968954122,-16.028163791922633],[-48.06394691221177,-16.0249230325171],[-48.060586916422096,-16.02311955444423],[-48.063871634115614,-16.02494829615885],[-48.06405968954122,-16.028163791922633]],[[-48.064012857694465,-16.007654364483976],[-48.06322057365293,-16.007257691292104],[-48.06186861811338,-16.00986071140376],[-48.06327926269311,-16.007304297564893],[-48.064012857694465,-16.007654364483976]],[[-48.06318115456691,-16.007171535759994],[-48.06254291036155,-15.999610349876486],[-48.06288808583134,-16.006461837484586],[-48.06318115456691,-16.007171535759994]],[[-48.060530724793644,-16.022157541732565],[-48.05987630935944,-16.008902198054294],[-48.05500868311904,-16.009035196804874],[-48.05524485212916,-16.01446313365263],[-48.05383409817797,-16.014532738333767],[-48.055266848297016,-16.014473615071463],[-48.055011762993736,-16.009039801313143],[-48.05983530022556,-16.008904781012145],[-48.060530724793644,-16.022157541732565]],[[-48.05350019444819,-16.0077370518642],[-48.05324747213517,-16.00199882788772],[-48.05321056247366,-16.00184133375275],[-48.05350019444819,-16.0077370518642]],[[-48.05315521950476,-15.99966286145089],[-48.05311812816421,-15.999141489847181],[-48.05312779683647,-15.999672467778458],[-48.05315521950476,-15.99966286145089]],[[-48.05247492735697,-16.02280862945171],[-48.051054783828825,-16.02193453304244],[-48.051205677022786,-16.022250286166905],[-48.05247492735697,-16.02280862945171]],[[-48.0506456962277,-16.019648152803764],[-48.05063302618259,-16.019417806307906],[-48.05063948222373,-16.01958455819468],[-48.0506456962277,-16.019648152803764]],[[-48.04903167669368,-16.017526288936512],[-48.047623391505624,-16.016716909993548],[-48.047731830943945,-16.0168652560062],[-48.04903167669368,-16.017526288936512]],[[-48.04729059763874,-16.016261647023818],[-48.04725911623742,-16.016094165606958],[-48.04728056681095,-16.016247923839245],[-48.04729059763874,-16.016261647023818]],[[-48.0472343118758,-16.015962207953212],[-48.04714553010003,-16.0141141390277],[-48.047195921538744,-16.01556618531176],[-48.0472343118758,-16.015962207953212]],[[-48.04698658761385,-16.016063947009485],[-48.04673326046655,-16.016140043080068],[-48.04691990194664,-16.01609133620892],[-48.04698658761385,-16.016063947009485]]],[[[-48.08698852453183,-15.840630166919182],[-48.084685491537144,-15.844009981666238],[-48.08125680787807,-15.843965616644613],[-48.080025109887174,-15.842327543045235],[-48.08119098683397,-15.84060520190228],[-48.082530454324825,-15.841052003593909],[-48.08409405768653,-15.839682343249287],[-48.08698852453183,-15.840630166919182]]],[[[-48.0836601678045,-15.904745966082384],[-48.08355042499505,-15.90471717651737],[-48.08363243298475,-15.904732464428143],[-48.0836601678045,-15.904745966082384]]],[[[-48.083582723795615,-16.003250414193936],[-48.07748342339201,-15.999797444597814],[-48.079786461016994,-15.999759532829367],[-48.07988562179925,-15.998832030111714],[-48.08351102784762,-15.999738910891393],[-48.083582723795615,-16.003250414193936]]],[[[-48.08285215945059,-16.034526766007833],[-48.08026789538437,-16.035149232562173],[-48.07711780546563,-16.031715654591263],[-48.059978354097424,-16.042117793968547],[-48.07978609837045,-16.02975028520147],[-48.08285215945059,-16.034526766007833]]],[[[-48.07300833640059,-15.996786170161194],[-48.07282151821165,-15.99813624616946],[-48.06990531648946,-15.998035886150271],[-48.069531278944545,-15.999054386935205],[-48.067799267644276,-15.999499608548543],[-48.06214748079394,-15.99686635088918],[-48.06574095879431,-15.994101144052866],[-48.07300833640059,-15.996786170161194]]],[[[-48.0711897072757,-15.842504330603367],[-48.07065083929066,-15.84389027424766],[-48.07080751575317,-15.842416256867415],[-48.0711897072757,-15.842504330603367]]],[[[-48.07117249461418,-15.838084287647744],[-48.06745868080152,-15.839254973757065],[-48.06575324841563,-15.836634436069723],[-48.06940897002123,-15.836030810856434],[-48.07117249461418,-15.838084287647744]]],[[[-48.06296871388725,-15.89306331247362],[-48.061184776419765,-15.893446961312067],[-48.058872837423785,-15.89238075132686],[-48.059857836469874,-15.89058695505292],[-48.06221663538437,-15.890672982644674],[-48.06296871388725,-15.89306331247362]]],[[[-48.06075558594122,-15.993425436953215],[-48.05897185439393,-15.997737904247193],[-48.05148862193509,-15.993623609693845],[-48.05257915723916,-15.99172015168713],[-48.05506888846424,-15.993028593844292],[-48.06075558594122,-15.993425436953215]]],[[[-48.0581366889903,-16.050488021595243],[-48.049195833157334,-16.05052398606681],[-48.048787328969276,-16.04947244777469],[-48.058040440082856,-16.049658449427813],[-48.0581366889903,-16.050488021595243]]],[[[-48.05052531953959,-15.852290598155477],[-48.04918861699168,-15.854999412673752],[-48.047821005435594,-15.854408822336579],[-48.04926980608315,-15.851673489919094],[-48.05052531953959,-15.852290598155477]]],[[[-48.04899272505223,-16.050521935054874],[-48.02087215548921,-16.05049238377303],[-48.02089576785482,-16.049218320834864],[-48.015477293936065,-16.049232564255856],[-48.0178848765781,-16.05050861801701],[-47.96658693673087,-16.050454018086953],[-47.966512875539074,-16.049792262837148],[-47.978057821371316,-16.049814958949966],[-47.97785285104369,-16.048650615990333],[-47.97387077621503,-16.048743607056906],[-47.973821951627116,-16.047119636505595],[-47.97499745229897,-16.047016035359835],[-47.97468672052861,-16.045300402612035],[-47.97037778831987,-16.04672424444019],[-47.97020050795352,-16.04361796661709],[-47.97278413599399,-16.043120081627116],[-47.96752567707523,-16.04405323364257],[-47.968082368353606,-16.048274404309485],[-47.96679998783184,-16.048435527314364],[-47.96418859035436,-16.04727708908182],[-47.96366623070127,-16.043700505888324],[-47.956959032097366,-16.044581649964428],[-47.95542543494146,-16.04278700651103],[-47.95702224210758,-16.0404952088165],[-47.95970903139107,-16.04007583113122],[-47.959333225830804,-16.03805018755785],[-47.95765743952367,-16.038336141275888],[-47.95732965219348,-16.03621425905439],[-47.960217164825764,-16.036007142575784],[-47.96068824598407,-16.037792545886063],[-47.96628719350382,-16.037165587665726],[-47.96740599278868,-16.042645262408076],[-47.977084239808384,-16.041079835826647],[-47.97549147709046,-16.0310144721771],[-47.97356970832519,-16.031206345934915],[-47.97203350229519,-16.03007907137379],[-47.969074593131246,-16.031833056563535],[-47.96871330171358,-16.02958580862185],[-47.97923197923511,-16.026680097891457],[-47.97869089017542,-16.03220717644832],[-47.98056884325669,-16.04679753378124],[-47.98332595310116,-16.048802694923534],[-47.989053410094655,-16.048890964209907],[-47.989101423097196,-16.046625460302852],[-47.99134743244308,-16.046657877615658],[-47.99098745380119,-16.04472400911284],[-47.991976350620824,-16.044767537097197],[-47.992004733747144,-16.046667359807035],[-47.99760136298105,-16.04667026371501],[-47.99761994498727,-16.04886541452356],[-48.00467912393602,-16.048870833338903],[-48.00349066023763,-16.04664393255016],[-48.006845516138874,-16.04671033665131],[-48.00686562660171,-16.048872464548538],[-48.025734260937824,-16.04885659784471],[-48.02626931404009,-16.047219029094496],[-48.02758999457663,-16.047197375525116],[-48.02771463105273,-16.04553920070999],[-48.02724762731179,-16.044575118074338],[-48.026268338852134,-16.045085587143404],[-48.02627254212929,-16.043260065843747],[-48.02825328451442,-16.04300818023088],[-48.02823405123059,-16.041580311018937],[-48.02607282649123,-16.042480612362017],[-48.02556277794137,-16.0420792819483],[-48.02678777005076,-16.04162570481528],[-48.02351681240942,-16.041563457293563],[-48.023621193295796,-16.038475004220768],[-48.02248587825542,-16.038489737289137],[-48.018415865653466,-16.043324595840552],[-48.017073361283266,-16.04332614143163],[-48.01537186622787,-16.04160439935076],[-48.015792135312935,-16.04291946895648],[-48.0148009551292,-16.042066173460036],[-48.01558877969055,-16.038765274778267],[-48.018009202417495,-16.03979334726786],[-48.01659069425616,-16.038264731957753],[-48.01790184076327,-16.035474152327236],[-48.01702530490766,-16.03487247558968],[-48.01820862168648,-16.034774545644147],[-48.02247530881711,-16.029183451812727],[-48.019679034183326,-16.027310429539337],[-48.01871759836083,-16.02842773902608],[-48.01784494604772,-16.026089141203236],[-48.013215274438984,-16.022126203609034],[-48.012636926122944,-16.01681486980878],[-48.00961684171555,-16.01279224200797],[-48.00803482077653,-16.012718863236397],[-48.00651492909686,-16.01415453397831],[-48.005775591160905,-16.0149294178224],[-48.0066566649396,-16.015700706892428],[-48.0053320315236,-16.016980732880008],[-47.99912688673513,-16.012619582386662],[-47.998357958983334,-16.013521561847238],[-47.995500396779704,-16.012988080883705],[-47.99343761572685,-16.019653830197765],[-47.992361699497735,-16.019867500784343],[-47.991881471247055,-16.01823527633784],[-47.9909638562452,-16.01805844558151],[-47.990690229948896,-16.01894267612217],[-47.984500311416916,-16.017173242792364],[-47.98496078857939,-16.014530094533992],[-47.982376093441246,-16.013797692282846],[-47.98299872116762,-16.01069111499545],[-47.98447030124827,-16.010935360749546],[-47.98589947295136,-16.003403941646035],[-47.98475410448589,-16.00331208961487],[-47.984658859442966,-16.001889464345396],[-47.98545166056712,-16.001051786362947],[-47.987602415111624,-16.002094228191158],[-47.98880716636238,-15.995735044666596],[-47.98754296956683,-15.99497557728548],[-47.98673146096819,-15.998706811034491],[-47.985461705633305,-15.998530945008639],[-47.986963978047044,-15.991420418913604],[-47.988056274636484,-15.99197511424039],[-47.98826997206298,-15.990586935901515],[-47.98838250190043,-15.991561387742687],[-47.991931868987386,-15.992657395401423],[-47.993387944248674,-15.990367015557306],[-48.00356244490685,-15.996077836023082],[-47.998805928997186,-16.000060829895098],[-47.99695952991335,-16.004411914242006],[-48.006280416137486,-16.00876487124222],[-48.017980956511906,-16.01703487874403],[-48.0184754219017,-16.01633249465342],[-48.02002887446668,-16.017378560997702],[-48.01949351654013,-16.01813702663889],[-48.025066251785674,-16.021532398431773],[-48.02724313162398,-16.020631452214435],[-48.02890871377845,-16.021736780186004],[-48.028165053147525,-16.022756574298715],[-48.02920514752813,-16.023714967208168],[-48.03701855080913,-16.028572505340307],[-48.04173125694436,-16.026322801705508],[-48.04247576762293,-16.027850794698857],[-48.03919812328716,-16.02999967086883],[-48.03685934685459,-16.031109143203544],[-48.03589135827271,-16.029276416733108],[-48.03723104276959,-16.0338328487481],[-48.0379296845042,-16.033772833536254],[-48.03811440612895,-16.040190904926654],[-48.043079664055824,-16.042840551903577],[-48.04899272505223,-16.050521935054874]],[[-48.04123800970324,-16.04838299002605],[-48.04122780545414,-16.048369638545932],[-48.04085843334637,-16.04864804362192],[-48.04123800970324,-16.04838299002605]],[[-48.04024357276234,-16.049077391547353],[-48.040006137313235,-16.04886429807931],[-48.04020713721953,-16.049102833987536],[-48.04024357276234,-16.049077391547353]],[[-48.03792281728714,-16.037443123913782],[-48.03792217256212,-16.037311240315915],[-48.03792081803203,-16.03731125861891],[-48.03792281728714,-16.037443123913782]],[[-48.037903896054125,-16.035306938770145],[-48.037891116456464,-16.035306132118748],[-48.0379025483142,-16.035530984502387],[-48.037903896054125,-16.035306938770145]],[[-48.03338318530172,-16.040451480071535],[-48.033380858204346,-16.040456149710277],[-48.03338202197406,-16.040729472887907],[-48.03338318530172,-16.040451480071535]],[[-48.03337581996258,-16.035295152980957],[-48.03332262653142,-16.033713960902077],[-48.0331426447009,-16.035298453729798],[-48.03337581996258,-16.035295152980957]],[[-48.03325274950348,-16.04158662355875],[-48.03315086044117,-16.04158227477323],[-48.03315091802141,-16.041599027431705],[-48.03325274950348,-16.04158662355875]],[[-48.03322827640151,-16.033139176696025],[-48.033083173047494,-16.03251837984952],[-48.032944763980474,-16.032018924148268],[-48.03322827640151,-16.033139176696025]],[[-48.033138427598296,-16.03529872832731],[-48.03312986186512,-16.035299285704557],[-48.03313211376519,-16.035448069418763],[-48.033138427598296,-16.03529872832731]],[[-48.032941426426106,-16.032017899568547],[-48.03277770639832,-16.031452800066667],[-48.03290745167883,-16.03202938922972],[-48.032941426426106,-16.032017899568547]],[[-48.032775859224124,-16.031444630954443],[-48.03172280209868,-16.028914779118093],[-48.0300375559568,-16.026509123637794],[-48.032775859224124,-16.031444630954443]],[[-48.032108595054716,-16.033928069798762],[-48.032087046878054,-16.03369339682935],[-48.03210367125934,-16.0341680546957],[-48.032108595054716,-16.033928069798762]],[[-48.03209868265605,-16.034411220728092],[-48.03208616624302,-16.03462455387289],[-48.032089620870096,-16.03485289033243],[-48.03209868265605,-16.034411220728092]],[[-48.032080431241745,-16.035300788541562],[-48.03147674959086,-16.03532202728684],[-48.03149148973753,-16.037561748540707],[-48.032080431241745,-16.035300788541562]],[[-48.03206298302922,-16.033528562668156],[-48.03201239338641,-16.0332843779459],[-48.03172779714329,-16.032317182800107],[-48.03206298302922,-16.033528562668156]],[[-48.03188380443301,-16.04229244947181],[-48.03188306803963,-16.042192040087603],[-48.03177135261066,-16.042194396089673],[-48.03188380443301,-16.04229244947181]],[[-48.03188281937178,-16.04215815287026],[-48.03187864413033,-16.041588339567507],[-48.031742681229346,-16.041542774666635],[-48.03188281937178,-16.04215815287026]],[[-48.03167133013525,-16.032094250509616],[-48.031660175552275,-16.032047036352605],[-48.03162973626932,-16.031930039800137],[-48.03167133013525,-16.032094250509616]],[[-48.031485243098594,-16.038447208916573],[-48.031484663709925,-16.03840891540434],[-48.03142228419732,-16.038409421519567],[-48.031485243098594,-16.038447208916573]],[[-48.03132759862841,-16.03081049283673],[-48.03129380746513,-16.03069043919718],[-48.03105265669416,-16.030269616584505],[-48.03132759862841,-16.03081049283673]],[[-48.03059425572263,-16.02945692322936],[-48.030440214850614,-16.02918969028189],[-48.03047480100416,-16.029251339418728],[-48.03059425572263,-16.02945692322936]],[[-48.03042841844823,-16.029168664579117],[-48.0299995893381,-16.02837806635266],[-48.03017657819748,-16.028719781188002],[-48.03042841844823,-16.029168664579117]],[[-48.02997314310561,-16.028335991990815],[-48.02960804824085,-16.027847364471526],[-48.029293944657,-16.0275195985721],[-48.02997314310561,-16.028335991990815]],[[-48.029844669811474,-16.02630360170034],[-48.02959913854874,-16.026042944636366],[-48.02970627556575,-16.0261736132697],[-48.029844669811474,-16.02630360170034]],[[-48.02902392083101,-16.027220348686654],[-48.02811824216414,-16.026277985845052],[-48.0286714407136,-16.026878596030407],[-48.02902392083101,-16.027220348686654]],[[-48.029011890248654,-16.02542028997028],[-48.02895183882195,-16.025344043518245],[-48.02853213941686,-16.02495424767443],[-48.029011890248654,-16.02542028997028]],[[-48.0284673705633,-16.024909222561295],[-48.02719107180656,-16.024054791294372],[-48.02706692692553,-16.0242281764708],[-48.0284673705633,-16.024909222561295]],[[-48.02748610953601,-16.02570901658874],[-48.02742595411008,-16.025668279199145],[-48.0273997739961,-16.025651684924096],[-48.02748610953601,-16.02570901658874]],[[-48.02733353092704,-16.025609696176517],[-48.0267773201793,-16.025247399507048],[-48.02653418815451,-16.025110371329674],[-48.02733353092704,-16.025609696176517]],[[-48.026795365320375,-16.02404517449979],[-48.026061875100694,-16.023522198472552],[-48.025472309982476,-16.023172863003197],[-48.026795365320375,-16.02404517449979]],[[-48.02649064797067,-16.025090079639174],[-48.02647842256992,-16.025084382048238],[-48.025824928716354,-16.02600276375406],[-48.02649064797067,-16.025090079639174]],[[-48.025363783704336,-16.02668738317241],[-48.02530138733585,-16.026778198913817],[-48.02533211724526,-16.026734396801782],[-48.025363783704336,-16.02668738317241]],[[-48.024500498046116,-16.022319594745426],[-48.02180939108453,-16.0205460938151],[-48.01867151533105,-16.02501684036946],[-48.02013094065858,-16.025986184940745],[-48.01869588103943,-16.025014911700584],[-48.02182787066467,-16.02056289317952],[-48.024500498046116,-16.022319594745426]],[[-48.02428694019228,-16.028148077029684],[-48.02424233929143,-16.02811896711722],[-48.02427209272122,-16.02816533356817],[-48.02428694019228,-16.028148077029684]],[[-48.022843269051066,-16.027205789698236],[-48.02164436322457,-16.02641878861202],[-48.02138134711534,-16.026788514895202],[-48.022843269051066,-16.027205789698236]],[[-48.022694909218885,-16.029198744135524],[-48.02172538371777,-16.028508148642306],[-48.021721275181754,-16.028513886216707],[-48.02269042412043,-16.02920421343765],[-48.022694909218885,-16.029198744135524]],[[-48.022012981517186,-16.028075228733407],[-48.02004640295632,-16.026669476743596],[-48.01956053295821,-16.027213870227015],[-48.01888306084619,-16.026642584240896],[-48.022012981517186,-16.028075228733407]],[[-48.02102663454188,-16.026563965054578],[-48.020929198392636,-16.0265005402413],[-48.02062894874139,-16.026313007706765],[-48.02102663454188,-16.026563965054578]],[[-48.02058407117352,-16.026284688164004],[-48.02013094065858,-16.025986184940745],[-48.020568107776015,-16.02627461473379],[-48.02058407117352,-16.026284688164004]],[[-48.019297366433165,-16.02614247753675],[-48.01626903419302,-16.023945307179257],[-48.01619313345294,-16.023921231668872],[-48.019297366433165,-16.02614247753675]],[[-48.016222994827444,-16.02386300975048],[-48.01588070807468,-16.023655898081646],[-48.01587640024122,-16.023663104783978],[-48.016222994827444,-16.02386300975048]],[[-48.01617320200722,-16.02313230303515],[-48.0135327238788,-16.022063308624197],[-48.01565871009632,-16.023408819799066],[-48.01617320200722,-16.02313230303515]],[[-48.01580060491956,-16.04022778714146],[-48.01580058211549,-16.04022627227897],[-48.01567649763771,-16.040054614534757],[-48.01580060491956,-16.04022778714146]],[[-48.01555846056858,-16.040686855355386],[-48.01537632062694,-16.04063702443735],[-48.01535138381628,-16.04064636542348],[-48.01555846056858,-16.040686855355386]],[[-48.01146588746994,-16.01420341582668],[-48.011025921742004,-16.013583440502384],[-48.010627196590825,-16.013249693529435],[-48.01146588746994,-16.01420341582668]],[[-48.010594337502205,-16.013045267735414],[-48.00814179272259,-16.011754733948305],[-48.00576341725716,-16.013761073599632],[-48.00815250166003,-16.011771022507986],[-48.010594337502205,-16.013045267735414]],[[-48.006075547031735,-16.014120788458204],[-48.00516734797972,-16.01444504000147],[-48.005595633841224,-16.014560942255578],[-48.006075547031735,-16.014120788458204]],[[-48.005752831129584,-16.05050632611083],[-48.00083031523895,-16.050496776464165],[-47.99586944303135,-16.050502088506384],[-48.005752831129584,-16.05050632611083]],[[-48.00523963312159,-16.014301168921694],[-48.00466809829255,-16.013902833649098],[-48.003780771489765,-16.01494917115539],[-48.00266758045076,-16.01484574857539],[-48.00523963312159,-16.014301168921694]],[[-48.002844291073416,-16.014583028901427],[-48.00214938395817,-16.014030827624673],[-48.00214590758474,-16.01403584989191],[-48.00284060024357,-16.01458788171106],[-48.002844291073416,-16.014583028901427]],[[-48.00222987621723,-16.01388278801174],[-48.00117862791771,-16.013450519551153],[-48.00089876639016,-16.01349472259957],[-48.00222987621723,-16.01388278801174]],[[-48.000930333698925,-16.01332305940252],[-48.000406139349835,-16.013163339113458],[-48.00005054662561,-16.01342404182563],[-48.000930333698925,-16.01332305940252]]],[[[-48.04834179841824,-15.983514499537879],[-48.04573091983393,-15.987325681477499],[-48.041309090881576,-15.98327113540971],[-48.042739168147065,-15.979848854515435],[-48.04834179841824,-15.983514499537879]],[[-48.04518599369936,-15.985800413072946],[-48.04414394550168,-15.985149538887635],[-48.044143130327335,-15.98515858448164],[-48.045181031181556,-15.98580686817864],[-48.04518599369936,-15.985800413072946]]],[[[-48.04702919765907,-15.999502352147179],[-48.045374686499606,-16.000569857230197],[-48.04482231964452,-15.999780382701886],[-48.04602068038206,-15.998148264635898],[-48.04702919765907,-15.999502352147179]]],[[[-48.0470028357023,-15.781532435261171],[-48.044186340651926,-15.782568036951782],[-48.0421988137352,-15.777683867857187],[-48.04328306069623,-15.777425833851673],[-48.04304582205644,-15.776773828641803],[-48.04539512963129,-15.77608764158084],[-48.0470028357023,-15.781532435261171]]],[[[-48.046254381797056,-15.90909856258899],[-48.04409487880379,-15.909802756470853],[-48.04356334561819,-15.907459398268147],[-48.04617116345183,-15.907508611962017],[-48.046254381797056,-15.90909856258899]]],[[[-48.04592800791914,-15.886546561631004],[-48.04559434503555,-15.88733966106798],[-48.04262065058896,-15.88658121410371],[-48.04267565963506,-15.885314223982608],[-48.04592800791914,-15.886546561631004]]],[[[-48.04563795744576,-15.98724063284872],[-48.04511535646568,-15.987960806459697],[-48.04400910504432,-15.98696630000225],[-48.044768300088656,-15.986391025722371],[-48.04563795744576,-15.98724063284872]]],[[[-48.045512025066195,-16.037034519321253],[-48.04550978338841,-16.037035449619403],[-48.04550607044536,-16.03701931793879],[-48.045512025066195,-16.037034519321253]]],[[[-48.04530657965589,-15.997265834210598],[-48.043446338607296,-15.99821773995844],[-48.04283899756669,-15.997442476664924],[-48.04386576934674,-15.99625684268932],[-48.04530657965589,-15.997265834210598]]],[[[-48.04503777897606,-15.927765897534952],[-48.043447105461276,-15.933292797580528],[-48.04265797853459,-15.933031585258977],[-48.044397868152565,-15.927574253660044],[-48.04503777897606,-15.927765897534952]]],[[[-48.044871627848856,-15.75339616452682],[-48.042217797563204,-15.759271956956853],[-48.03963988445374,-15.75762365284743],[-48.04231254552228,-15.753214244206536],[-48.044871627848856,-15.75339616452682]]],[[[-48.04275332259076,-15.935424095830584],[-48.04189401940752,-15.938019939490022],[-48.039839846965855,-15.940163271579866],[-48.04187574851019,-15.935192800599129],[-48.04275332259076,-15.935424095830584]]],[[[-48.042465696693505,-16.002425666962285],[-48.04241490731634,-16.006898722703248],[-48.040860410974716,-16.007006760028673],[-48.040761112955686,-16.0024068155833],[-48.042465696693505,-16.002425666962285]]],[[[-48.04058471980221,-15.934262751884681],[-48.03717957169781,-15.94413434883594],[-48.03188942195824,-15.950097809913073],[-48.030248861401574,-15.94883666223233],[-48.03548486055177,-15.941644505507886],[-48.03090435356351,-15.937874462965897],[-48.03256043657523,-15.93589624051409],[-48.03648858284817,-15.940182254385554],[-48.03911244027133,-15.933559133060212],[-48.04058471980221,-15.934262751884681]]],[[[-48.0398593029075,-15.901357065500457],[-48.038928513956805,-15.904308752033085],[-48.03501173093693,-15.903119485932798],[-48.035571640627964,-15.901441634170864],[-48.038179576672746,-15.902193901292266],[-48.03697341715419,-15.901549468507348],[-48.0372754296332,-15.900618251466078],[-48.0398593029075,-15.901357065500457]],[[-48.03765125091625,-15.90392058413405],[-48.0377932447712,-15.903512439678579],[-48.03783088980082,-15.903383957412313],[-48.03765125091625,-15.90392058413405]]],[[[-48.03958788482087,-15.947679593219148],[-48.0373353878772,-15.950253019031258],[-48.03647108960075,-15.948447409673786],[-48.03899534781013,-15.946829454822314],[-48.03958788482087,-15.947679593219148]]],[[[-48.03923857126263,-15.755708409109666],[-48.03698803643105,-15.755309970191274],[-48.03857438921517,-15.75478929305491],[-48.03923857126263,-15.755708409109666]]],[[[-48.03828756917671,-16.026459133651198],[-48.036009783088,-16.02788457955616],[-48.034480750248505,-16.02687681899932],[-48.0373331562854,-16.025096550770485],[-48.03828756917671,-16.026459133651198]]],[[[-48.03733107913401,-15.756780414761991],[-48.03457141822786,-15.756609194505868],[-48.03559110963019,-15.756341903500084],[-48.035187501892935,-15.75535027197939],[-48.03733107913401,-15.756780414761991]]],[[[-48.036309874120846,-15.955914917543906],[-48.03522229773209,-15.957460395652278],[-48.03370210898881,-15.956244715912897],[-48.034887918943504,-15.954820531378397],[-48.036309874120846,-15.955914917543906]]],[[[-48.03610503566233,-15.900418420188975],[-48.03399615423551,-15.901367869837172],[-48.033949280702004,-15.899048924065875],[-48.035868254123336,-15.899040187597365],[-48.03610503566233,-15.900418420188975]]],[[[-48.0359162291289,-15.947236336281051],[-48.02203677963903,-15.963581984096257],[-48.021386228228096,-15.963017734071732],[-48.0352424579611,-15.946768015994605],[-48.0359162291289,-15.947236336281051]]],[[[-48.033846536389525,-16.02522495661602],[-48.03279067264337,-16.02576288868854],[-48.03073110642389,-16.024405390568912],[-48.032447102561186,-16.023345433571404],[-48.033846536389525,-16.02522495661602]]],[[[-48.03322691571695,-15.89931815751121],[-48.03296770562438,-15.901787353270622],[-48.03204031721852,-15.899869983428605],[-48.03322691571695,-15.89931815751121]]],[[[-48.03225462366871,-15.902121014154304],[-48.02749784661532,-15.901005164397233],[-48.03021183511522,-15.899246931230536],[-48.03225462366871,-15.902121014154304]]],[[[-48.02517312210688,-16.01645789146095],[-48.02319779599155,-16.016822183848294],[-48.022782095973774,-16.015484559247255],[-48.02477662960714,-16.01492847839416],[-48.02517312210688,-16.01645789146095]],[[-48.023384703043575,-16.015489867027025],[-48.02341831042327,-16.015599483883875],[-48.02349897170698,-16.015519163220787],[-48.023384703043575,-16.015489867027025]],[[-48.0233819827215,-16.015309316671843],[-48.023164753584155,-16.01544301387378],[-48.023384703043575,-16.015489867027025],[-48.0233819827215,-16.015309316671843]],[[-48.023997904000325,-16.016591342257147],[-48.02367016269134,-16.015847020890536],[-48.023686343432516,-16.016391381414405],[-48.023997904000325,-16.016591342257147]],[[-48.023855895042296,-16.015752830351918],[-48.02370048158812,-16.015466149651836],[-48.02367016269134,-16.015847020890536],[-48.023855895042296,-16.015752830351918]]],[[[-48.01918519666787,-15.772143708475573],[-48.01416587708687,-15.772661300877044],[-48.01406047620824,-15.77140211015932],[-48.01584541489577,-15.771533030715098],[-48.015784999780706,-15.769532950431111],[-48.01393189294174,-15.769349585598242],[-48.0137561079833,-15.767888660128612],[-48.019142763951194,-15.769277318638936],[-48.01918519666787,-15.772143708475573]]],[[[-48.01836316375299,-16.043303825327378],[-48.01780958760422,-16.044001989267283],[-48.017084079967205,-16.043342456081607],[-48.01836316375299,-16.043303825327378]]],[[[-48.01788479244266,-16.050510903711544],[-48.01788468675278,-16.050513803728023],[-48.0169994858908,-16.050510594857894],[-48.01788479244266,-16.050510903711544]]],[[[-48.01761583425339,-15.948811892068134],[-48.01691919725512,-15.950375038606007],[-48.013345214965206,-15.94796188380401],[-48.01106250519508,-15.94505734766863],[-48.01217462086178,-15.944037171295719],[-48.01761583425339,-15.948811892068134]]],[[[-48.01537530114509,-15.766386231135582],[-48.01337962010754,-15.767282725424886],[-48.012720882990145,-15.766175155101106],[-48.01321979338247,-15.765382690726476],[-48.01537530114509,-15.766386231135582]],[[-48.013317674071246,-15.765963258586575],[-48.01335120885863,-15.766072887315325],[-48.0134317944989,-15.765992585348778],[-48.013317674071246,-15.765963258586575]]],[[[-48.01494793766132,-15.756607893014444],[-48.01464720946327,-15.757778000596263],[-48.01004280188374,-15.758875137114721],[-48.008126934240465,-15.757996163818373],[-48.00898940784056,-15.756993465831044],[-48.00929915241605,-15.757740592784721],[-48.01061819144348,-15.757545130733925],[-48.00927983981324,-15.757360139584293],[-48.011067714132736,-15.755920380808735],[-48.014404869009574,-15.755744128552383],[-48.01494793766132,-15.756607893014444]],[[-48.010012183247525,-15.756798729923217],[-48.010014845566076,-15.756979287716332],[-48.010201289354974,-15.75697670935069],[-48.01019862687211,-15.756796151588606],[-48.010012183247525,-15.756798729923217]],[[-48.011257361343475,-15.757653569175826],[-48.01117444258219,-15.75757553041869],[-48.0111441575758,-15.75768604287176],[-48.011257361343475,-15.757653569175826]],[[-48.00907186573061,-15.758399182511262],[-48.008945876017215,-15.757950453350874],[-48.008824255924445,-15.758440501567403],[-48.00907186573061,-15.758399182511262]]],[[[-48.013375721075576,-15.896687985975065],[-48.011815726847416,-15.896224305765292],[-48.00897805385164,-15.893151720735183],[-48.013375721075576,-15.896687985975065]]],[[[-48.013210568866064,-15.76830149950896],[-48.00943949017352,-15.768545255788087],[-48.00976605859612,-15.766805012411691],[-48.013210568866064,-15.76830149950896]],[[-48.010823235457195,-15.767532841620579],[-48.01060937312438,-15.767572396111317],[-48.01077426232693,-15.767648176587143],[-48.010823235457195,-15.767532841620579]],[[-48.01050454233791,-15.768459488772093],[-48.01039840694707,-15.768041173795769],[-48.009846584297264,-15.768497979963788],[-48.01050454233791,-15.768459488772093]]],[[[-48.012444416704454,-15.943420809366318],[-48.0110683922419,-15.94503815200301],[-48.009590613451195,-15.94479384488014],[-48.01095638761478,-15.942990069876478],[-48.012444416704454,-15.943420809366318]]],[[[-48.01220430549549,-15.88891057905102],[-48.011073499333264,-15.888430653780233],[-48.01122983984579,-15.8884283122852],[-48.01220430549549,-15.88891057905102]]],[[[-48.01157936738645,-15.946013173588362],[-48.01009895317345,-15.947582032464638],[-48.00964233608057,-15.947265881324078],[-48.01157936738645,-15.946013173588362]]],[[[-48.009622985273126,-15.887849917321486],[-48.00956518045703,-15.887807959023],[-48.009568145081786,-15.887784332699907],[-48.009622985273126,-15.887849917321486]]],[[[-48.00956237998574,-15.887777438359171],[-48.00951778968827,-15.887773560805378],[-48.00950748664311,-15.887711790344094],[-48.00956237998574,-15.887777438359171]]],[[[-48.00870812203426,-15.901742852153937],[-48.005539007437115,-15.901967588333585],[-48.006317949505444,-15.901418887726843],[-48.00552424531696,-15.900974533168363],[-48.006420883349804,-15.898524047330133],[-48.00737261965106,-15.898256476542205],[-48.00870812203426,-15.901742852153937]],[[-48.00624102044364,-15.898978033319079],[-48.00632719765145,-15.899284581660545],[-48.00660402855996,-15.898998727560377],[-48.00624102044364,-15.898978033319079]],[[-48.008149882241725,-15.90135007400058],[-48.00779816818958,-15.901255815830327],[-48.00795778797557,-15.901482418938592],[-48.008149882241725,-15.90135007400058]],[[-48.00731596574958,-15.899511763864998],[-48.00718817198872,-15.899286701398765],[-48.00681013824927,-15.899602182908872],[-48.00731596574958,-15.899511763864998]],[[-48.00726182297199,-15.899159754431556],[-48.007167177238465,-15.898513655221812],[-48.006577457518105,-15.898708499812647],[-48.00726182297199,-15.899159754431556]],[[-48.00702610346675,-15.900200342731091],[-48.006943117593046,-15.900122313053377],[-48.00691282324403,-15.90023282775449],[-48.00702610346675,-15.900200342731091]],[[-48.006914165756825,-15.900323104817197],[-48.00691282324403,-15.90023282775449],[-48.006819535374014,-15.900234126940319],[-48.00682087784531,-15.900324404010782],[-48.006914165756825,-15.900323104817197]],[[-48.00682087784531,-15.900324404010782],[-48.006442393764374,-15.90026962432535],[-48.00654504304383,-15.900599134406168],[-48.00682087784531,-15.900324404010782]],[[-48.0064763370799,-15.899520458800163],[-48.0062065956233,-15.89930261839345],[-48.00615712774976,-15.899611275666098],[-48.0064763370799,-15.899520458800163]]],[[[-48.006365447034945,-15.888333485661823],[-48.00491171933912,-15.88920972731816],[-48.00356335170912,-15.887946688143725],[-48.00458952631082,-15.88847728614861],[-48.00525424566398,-15.887407585231351],[-48.006365447034945,-15.888333485661823]],[[-48.004400951398075,-15.888168058315419],[-48.004347330098646,-15.888051436380904],[-48.00418843531774,-15.88813485959897],[-48.004400951398075,-15.888168058315419]]],[[[-48.005463913067736,-15.79279094197085],[-48.0052435922864,-15.793465957354213],[-48.005189545772886,-15.792233555236386],[-48.005463913067736,-15.79279094197085]]],[[[-48.005316273176156,-15.794393208812329],[-48.00527947160167,-15.794401351910276],[-48.00527130407455,-15.794204463618469],[-48.005316273176156,-15.794393208812329]]],[[[-48.00450636784543,-15.79637202834736],[-48.00416625885841,-15.796455334271112],[-48.00405191809142,-15.79556517870861],[-48.00450636784543,-15.79637202834736]]],[[[-48.002279860047906,-16.005815347349042],[-47.996965420001445,-16.00439271761027],[-47.99724635785857,-16.00274987586736],[-48.002279860047906,-16.005815347349042]]],[[[-47.99860389069302,-15.806453697238597],[-47.998146200098226,-15.808048826731474],[-47.997061689368756,-15.808135480977837],[-47.99695377982067,-15.810497618028371],[-47.99442696564554,-15.80951630374093],[-47.99529965560339,-15.807279944197528],[-47.994840639708784,-15.804977898856375],[-47.997509556240914,-15.805035302172154],[-47.99750476585998,-15.806385257704067],[-47.99860389069302,-15.806453697238597]]],[[[-47.9982583632376,-15.980679932566568],[-47.99789062075768,-15.982519933493894],[-47.98959296407394,-15.98125935642953],[-47.99007391500302,-15.979054628930415],[-47.9982583632376,-15.980679932566568]]],[[[-47.997748058958344,-15.799465874982815],[-47.997681268854286,-15.803075125956841],[-47.99521533942676,-15.802352983234364],[-47.99375270461751,-15.79686188753953],[-47.99420497307911,-15.795735121680588],[-47.99619650215355,-15.795665846110188],[-47.997748058958344,-15.799465874982815]]],[[[-47.99737938909494,-16.042608652121455],[-47.99735299334512,-16.044807036765636],[-47.99488175714925,-16.044765154922775],[-47.994868373810114,-16.042548209964277],[-47.99737938909494,-16.042608652121455]]],[[[-47.996768568687465,-15.580561396331698],[-47.99610957315196,-15.581012383120108],[-47.99388275046387,-15.579585287363345],[-47.994519731402,-15.578465623537396],[-47.996768568687465,-15.580561396331698]]],[[[-47.995139833518635,-16.04075591280634],[-47.98726831149163,-16.04073680609705],[-47.986776471329904,-16.039066468780952],[-47.98164059561871,-16.039094999977973],[-47.98165002880975,-16.038234765048355],[-47.9874187034005,-16.03740182065598],[-47.98690496524868,-16.035753288581613],[-47.993708295539165,-16.035722858206526],[-47.995139833518635,-16.04075591280634]]],[[[-47.99284377869538,-15.942959758669891],[-47.990597949473226,-15.945092399933811],[-47.99242207068322,-15.943153791497043],[-47.99132401960614,-15.940890663095722],[-47.99284377869538,-15.942959758669891]]],[[[-47.99184171153515,-16.030304062287083],[-47.99143776216146,-16.033033342115818],[-47.98503424934463,-16.032367650930535],[-47.98551405389519,-16.02941750964406],[-47.984335381299395,-16.02923323175758],[-47.98464092924734,-16.027852814232386],[-47.98553286333558,-16.027362560786074],[-47.9889499016543,-16.02842620539416],[-47.989936810465565,-16.02644569106385],[-47.9913067045872,-16.02686379779612],[-47.99064635904299,-16.02880106418414],[-47.99184171153515,-16.030304062287083]]],[[[-47.99181429316798,-16.019756454408608],[-47.991695326967736,-16.019732320073754],[-47.99169566463043,-16.019729606399103],[-47.99181429316798,-16.019756454408608]]],[[[-47.99086732415035,-15.982201996750682],[-47.99041297667155,-15.9840360339541],[-47.98837131747693,-15.983765788192565],[-47.98889834323588,-15.981835175362356],[-47.99086732415035,-15.982201996750682]]],[[[-47.98936182183794,-16.018643183868967],[-47.98929376562607,-16.018664157095],[-47.98930085850197,-16.01863181698518],[-47.98936182183794,-16.018643183868967]]],[[[-47.987748999385424,-15.884873131064571],[-47.98519590016853,-15.888520877112688],[-47.98451887742123,-15.88656090752158],[-47.98530149615703,-15.883969766000444],[-47.987748999385424,-15.884873131064571]]],[[[-47.98587863056871,-16.01919019038842],[-47.98567447958562,-16.020411509571566],[-47.98123110816822,-16.02062861970041],[-47.98159344172864,-16.018413591056866],[-47.98587863056871,-16.01919019038842]]],[[[-47.98475645959386,-15.883294029420476],[-47.984253468209765,-15.884340275421767],[-47.98393139300107,-15.88342488175939],[-47.97967668436691,-15.882838500229376],[-47.97895516049955,-15.881618005052285],[-47.979489888717424,-15.88104917107762],[-47.98475645959386,-15.883294029420476]]],[[[-47.984505147906056,-15.779953032313507],[-47.98129460109574,-15.782261035046783],[-47.98278287679282,-15.779845427660966],[-47.984505147906056,-15.779953032313507]]],[[[-47.98261619571056,-16.04268093988155],[-47.981607825963366,-16.04265675221105],[-47.98122340897345,-16.040731647646723],[-47.98260807260536,-16.04080794079161],[-47.98261619571056,-16.04268093988155]]],[[[-47.98261514200692,-15.902915681867206],[-47.98165901241089,-15.905824298786428],[-47.98173418385686,-15.905483848949894],[-47.98261514200692,-15.902915681867206]]],[[[-47.97984127782163,-15.924371598383889],[-47.97967838193501,-15.924470671262114],[-47.97824656377454,-15.922135152828266],[-47.97984127782163,-15.924371598383889]]],[[[-47.97927762361947,-15.949811964228811],[-47.97918134164075,-15.950183197365932],[-47.97882252143224,-15.950173513539607],[-47.97927762361947,-15.949811964228811]]],[[[-47.97877106750784,-15.98066693854635],[-47.97448116273543,-15.98207151381088],[-47.97337838783566,-15.979497550822881],[-47.97168396095712,-15.979241419418843],[-47.9729277546939,-15.975725475508828],[-47.977304731102386,-15.975319674551356],[-47.97877106750784,-15.98066693854635]]],[[[-47.97864882682381,-15.915042937441852],[-47.97793641007095,-15.91759485397429],[-47.97739392910305,-15.917454482954746],[-47.97864882682381,-15.915042937441852]]],[[[-47.97577644417684,-16.01588468062793],[-47.97508190114801,-16.01941593081221],[-47.971123728792904,-16.01887904304582],[-47.97225295950743,-16.01470828896555],[-47.97577644417684,-16.01588468062793]],[[-47.97221466788194,-16.01494078085161],[-47.972217342141754,-16.015121339705786],[-47.97272135967467,-16.015058537057794],[-47.97221466788194,-16.01494078085161]],[[-47.97498354859064,-16.016736753178417],[-47.97487779769503,-16.016480862045544],[-47.97457100506419,-16.016443186555982],[-47.97498354859064,-16.016736753178417]],[[-47.974696193590106,-16.015846974768902],[-47.9745447012576,-16.015686688865323],[-47.97437628790023,-16.015904098880696],[-47.974696193590106,-16.015846974768902]],[[-47.97457100506419,-16.016443186555982],[-47.97453742279423,-16.01633355751726],[-47.9744567382562,-16.016413863129312],[-47.97457100506419,-16.016443186555982]],[[-47.97395499810218,-16.01759469274299],[-47.97387196597475,-16.017516657095022],[-47.97384164666094,-16.01762717220942],[-47.97395499810218,-16.01759469274299]],[[-47.97384164666094,-16.01762717220942],[-47.97337358536042,-16.017543362689224],[-47.97377199873274,-16.017749343100427],[-47.97384164666094,-16.01762717220942]],[[-47.973262226103785,-16.017511882659733],[-47.97309087567137,-16.017366685658608],[-47.97309355114577,-16.017547244327904],[-47.973262226103785,-16.017511882659733]],[[-47.97309622666773,-16.01772780389656],[-47.97309355114577,-16.017547244327904],[-47.9730002060793,-16.01754853813082],[-47.97300288151756,-16.0177290977148],[-47.97309622666773,-16.01772780389656]],[[-47.9726067654886,-16.016199520877862],[-47.97260275329534,-16.015928682267116],[-47.97241606457493,-16.015931269151466],[-47.972420076517125,-16.016202107808226],[-47.9726067654886,-16.016199520877862]]],[[[-47.9699675119581,-16.048773888965357],[-47.96803959209522,-16.047950057018983],[-47.96975324520306,-16.047653938319797],[-47.9699675119581,-16.048773888965357]]],[[[-47.96977869099847,-15.757209810012977],[-47.96294169741707,-15.759381638261708],[-47.96084722527432,-15.757861901110445],[-47.95705522492034,-15.757747284046088],[-47.95733995497139,-15.758506025618033],[-47.96092022880971,-15.758487243902218],[-47.96237816370494,-15.759620317582959],[-47.96385063250737,-15.763608423330016],[-47.96676210927779,-15.762860903196817],[-47.967399978910635,-15.764648919644912],[-47.964508946491875,-15.765366877494186],[-47.964111701170694,-15.764315493827025],[-47.953301189608375,-15.767449088789828],[-47.95388648741427,-15.769531755751176],[-47.95063780222181,-15.770949683186121],[-47.94693177494219,-15.759845223334526],[-47.95183732021544,-15.760062194833916],[-47.95170448404522,-15.759406944102084],[-47.95324185881253,-15.75908742989299],[-47.95227625079039,-15.756293128277779],[-47.95601976492718,-15.754987957572474],[-47.95579105580695,-15.754217696864567],[-47.96597834595568,-15.751369733889005],[-47.96977869099847,-15.757209810012977]],[[-47.956624818508004,-15.758870700233249],[-47.953536607734456,-15.759782484370996],[-47.951860401289736,-15.76033977447674],[-47.956624818508004,-15.758870700233249]]],[[[-47.9655460051546,-15.949259184810261],[-47.964521703865465,-15.948980115395317],[-47.96354282891083,-15.948570983089924],[-47.9655460051546,-15.949259184810261]]],[[[-47.96469449713469,-15.844690692078593],[-47.96447010297811,-15.84474752194031],[-47.964429792337725,-15.844099992129442],[-47.96469449713469,-15.844690692078593]]],[[[-47.95981325559511,-15.828653061090233],[-47.95903106051241,-15.830624641852273],[-47.95887943725888,-15.828437025942863],[-47.95981325559511,-15.828653061090233]]],[[[-47.955613368077785,-15.944701838128607],[-47.955583125987594,-15.944694311999335],[-47.955610732681386,-15.944700524282332],[-47.955613368077785,-15.944701838128607]]],[[[-47.954902320651435,-15.94448062874173],[-47.95482559726221,-15.94451485191876],[-47.95472540066657,-15.944468397231239],[-47.954902320651435,-15.94448062874173]]],[[[-47.948280349323866,-15.868730033815256],[-47.94795341916886,-15.869164557780952],[-47.946570103461205,-15.868251592369822],[-47.948280349323866,-15.868730033815256]]],[[[-47.94706590809756,-15.620894339479786],[-47.94546768892979,-15.622062672876119],[-47.944852476825126,-15.621282459812704],[-47.946414060553096,-15.620138516041575],[-47.94706590809756,-15.620894339479786]]],[[[-47.944433197326916,-15.87775457924441],[-47.94400495042376,-15.883301389791484],[-47.90637044600702,-15.879747253290297],[-47.90412425318825,-15.877487099503943],[-47.904645086244095,-15.876544265288551],[-47.90347664562411,-15.873136757347721],[-47.90006132635648,-15.872739290584056],[-47.89930735410442,-15.871616537916601],[-47.89843738648509,-15.873056591702348],[-47.89598351192876,-15.872276758740151],[-47.896579642022935,-15.871259048459448],[-47.89593836215187,-15.870898223583719],[-47.89834960216504,-15.868698708798592],[-47.89542075167228,-15.859601125281008],[-47.89148916228892,-15.858668584248859],[-47.89234560238704,-15.854495080033978],[-47.88853605056913,-15.853191421896403],[-47.88068472899861,-15.859305213251327],[-47.87606591548916,-15.856559061673792],[-47.87564498097046,-15.857377375035338],[-47.87348723564962,-15.856578519569592],[-47.86913518238386,-15.852895625572097],[-47.868370142452974,-15.850329473003947],[-47.869986644374265,-15.848130478452308],[-47.86682267013642,-15.841638852315274],[-47.86068669753324,-15.834095069490191],[-47.854748472770325,-15.829286127055363],[-47.854998307581454,-15.82790062006367],[-47.855852456984536,-15.828316384074851],[-47.85502585010381,-15.827741721022523],[-47.85773670653951,-15.826942531875053],[-47.86326357522621,-15.828275861771644],[-47.86668078904058,-15.827981987706172],[-47.87058473636879,-15.830085660679952],[-47.871901697857425,-15.82865232331005],[-47.87088389845081,-15.826571832321042],[-47.87192377218056,-15.824589645168684],[-47.8768809052992,-15.82467547793915],[-47.87643760527487,-15.825378172319086],[-47.876988610251466,-15.82471770928049],[-47.883285101619904,-15.83005261441205],[-47.884913318354876,-15.83563988575494],[-47.89151287482825,-15.84062279389824],[-47.89095029093504,-15.842274363841694],[-47.891527359045824,-15.840600461859388],[-47.897491654972114,-15.840818639301318],[-47.900355262865354,-15.842701875043991],[-47.89900191347068,-15.846540353435143],[-47.890482744223206,-15.843646917444733],[-47.89638624901933,-15.845706782998919],[-47.8952884646662,-15.848746780893201],[-47.89643898497306,-15.845678150480776],[-47.8990270428087,-15.846554474198557],[-47.90040326772918,-15.842726855794256],[-47.90667440983314,-15.846291526505505],[-47.90560336859421,-15.848843279374185],[-47.9063584486964,-15.846041629969799],[-47.91135147988293,-15.847418574771131],[-47.91291620637816,-15.850081900716486],[-47.91550369719571,-15.849554534290846],[-47.914699621899175,-15.850254919682438],[-47.91794929550105,-15.853314169323971],[-47.91576492177649,-15.855338397547813],[-47.91665983855534,-15.85564649526984],[-47.92007999698987,-15.852866780951972],[-47.92176178328069,-15.854814253801997],[-47.92857355501258,-15.855756539797703],[-47.92854275524117,-15.858909200124137],[-47.92561755609205,-15.86072190268879],[-47.90902583637635,-15.860526909098354],[-47.9089406858494,-15.861685534982499],[-47.928392490168044,-15.862950045314212],[-47.92813773884708,-15.866450512898698],[-47.93654209968206,-15.867001518131273],[-47.93591779575955,-15.869571173793243],[-47.937047812239626,-15.870294633313279],[-47.93657981762248,-15.87135993831198],[-47.93433939220832,-15.87126721269045],[-47.93359404426993,-15.872508664044172],[-47.93018054246208,-15.872234791674185],[-47.92996939371718,-15.873468995634337],[-47.92813596743969,-15.873370693686422],[-47.92814325620149,-15.87211462330413],[-47.9255964712703,-15.871952074618129],[-47.92526058403169,-15.87336035407723],[-47.92295339430938,-15.873933344954164],[-47.923050126377724,-15.875003606629491],[-47.926031688031166,-15.875019495998846],[-47.92602079407462,-15.876397937634394],[-47.944433197326916,-15.87775457924441]],[[-47.915966141392495,-15.860339082059523],[-47.91445702152581,-15.85855347254545],[-47.91592264849192,-15.860301417588198],[-47.915966141392495,-15.860339082059523]],[[-47.914797650739835,-15.855110418824829],[-47.91173924881778,-15.857778601228528],[-47.911750201262514,-15.857784671408737],[-47.914797650739835,-15.855110418824829]],[[-47.9144472889003,-15.854812048511146],[-47.9139844123131,-15.854323757603721],[-47.91429734522519,-15.854699562004093],[-47.9144472889003,-15.854812048511146]],[[-47.91331129599797,-15.853515399147796],[-47.912591745796696,-15.852645530527576],[-47.912018920173566,-15.852049544596927],[-47.91331129599797,-15.853515399147796]],[[-47.91146803939431,-15.85145568530798],[-47.91130215081467,-15.851228027211752],[-47.91033018949518,-15.852490192475587],[-47.91146803939431,-15.85145568530798]],[[-47.909945385007866,-15.852971669585118],[-47.908625486866036,-15.852538766105356],[-47.90994001895079,-15.852978383681476],[-47.909945385007866,-15.852971669585118]],[[-47.90685431949212,-15.8533030310666],[-47.90618054051415,-15.853052588658638],[-47.90594314308922,-15.853688617480996],[-47.90685431949212,-15.8533030310666]],[[-47.90593400717276,-15.850460340393937],[-47.90553100667707,-15.851524582601607],[-47.90576701981722,-15.851601202267615],[-47.90593400717276,-15.850460340393937]],[[-47.90578265709999,-15.856347608588717],[-47.901553888325054,-15.855226288707323],[-47.9015526387889,-15.85524857041934],[-47.90578265709999,-15.856347608588717]],[[-47.90484551764212,-15.852641651108158],[-47.90484144103433,-15.852640307870155],[-47.904032215668515,-15.854779511826628],[-47.90484551764212,-15.852641651108158]],[[-47.9037705552251,-15.860091753319649],[-47.9018133422406,-15.859955457142027],[-47.903424152046114,-15.860076691783844],[-47.9037705552251,-15.860091753319649]],[[-47.90373155373035,-15.844555571208476],[-47.901221770155665,-15.843179922605595],[-47.90325088544444,-15.84440760112804],[-47.90373155373035,-15.844555571208476]],[[-47.90213437042483,-15.851724148044624],[-47.90091225618718,-15.851264872531642],[-47.89882606984431,-15.850593099322113],[-47.90213437042483,-15.851724148044624]],[[-47.90193373434438,-15.84836798560436],[-47.90124464012607,-15.850105170650055],[-47.901351022318046,-15.850141615116643],[-47.90193373434438,-15.84836798560436]],[[-47.90144570640318,-15.84386377922427],[-47.90023465749734,-15.847022117992882],[-47.901220065481226,-15.84736209781889],[-47.900308078569154,-15.849784320378216],[-47.90144570640318,-15.84386377922427]],[[-47.89244808639359,-15.854506535195354],[-47.892429602383,-15.854455230582499],[-47.891885034694276,-15.854289864752777],[-47.89244808639359,-15.854506535195354]],[[-47.876294597149595,-15.825527962192618],[-47.8759541564241,-15.825846981751015],[-47.876060640025045,-15.82577301684156],[-47.876294597149595,-15.825527962192618]],[[-47.874103538469896,-15.82670375672266],[-47.8737062764343,-15.826822538733778],[-47.87305911323576,-15.827072941528183],[-47.874103538469896,-15.82670375672266]],[[-47.87295663858249,-15.827121016731658],[-47.872852422067304,-15.82716855145046],[-47.87259677905685,-15.827380999428026],[-47.87295663858249,-15.827121016731658]],[[-47.861136222026154,-15.83127768133156],[-47.858480859372634,-15.829672366804308],[-47.859926045512154,-15.83065135149177],[-47.861136222026154,-15.83127768133156]],[[-47.85813666979762,-15.82705046161675],[-47.85711077063968,-15.827047895866913],[-47.85663626879819,-15.827162820804864],[-47.85813666979762,-15.82705046161675]]],[[[-47.9396620495312,-15.868170015197697],[-47.938427153052835,-15.870595191810478],[-47.937625635105405,-15.87022259991828],[-47.93872240844262,-15.867974915431303],[-47.9396620495312,-15.868170015197697]]],[[[-47.93830147215367,-15.895208072709814],[-47.934673844298324,-15.895789975401652],[-47.93510053968915,-15.897332072199973],[-47.931918268108625,-15.898047312717932],[-47.93582837194894,-15.914682028945023],[-47.9337283695438,-15.914970956034482],[-47.93307516705607,-15.912396920415855],[-47.93016621102876,-15.912990162971512],[-47.92960487234076,-15.912239034032185],[-47.932670152844906,-15.911640072784467],[-47.92959167475951,-15.912223313429362],[-47.929303925303465,-15.910925971783225],[-47.92715589901035,-15.911396734775554],[-47.92535118858973,-15.91034128901292],[-47.92694577720892,-15.910591318275364],[-47.92528448560659,-15.910236278255976],[-47.92642858848613,-15.90821661429777],[-47.92554176286631,-15.907249883548786],[-47.92641915145376,-15.907264784098457],[-47.922560635483606,-15.907256842223378],[-47.92249108152133,-15.906411693036342],[-47.92155000825358,-15.906449911448753],[-47.9215169320066,-15.907318863413757],[-47.91683101948702,-15.907326501451415],[-47.919493354115446,-15.906866289187628],[-47.919149824525135,-15.903048776887617],[-47.919455602306584,-15.906851440831074],[-47.912530189187486,-15.907519029985927],[-47.91075021406432,-15.899786613186503],[-47.91721276192005,-15.897515350324369],[-47.91353183217042,-15.8992150498351],[-47.91235884539788,-15.89401771200691],[-47.91344323807573,-15.899233342643171],[-47.90997188610467,-15.899249965302117],[-47.90851753917252,-15.897030520134035],[-47.910437671859945,-15.896122988138806],[-47.90733849911972,-15.883928981235467],[-47.90620604893009,-15.883041157610087],[-47.90842471796193,-15.881598030810236],[-47.913866229214754,-15.883660461966933],[-47.91912833684246,-15.883982278567984],[-47.91930272574803,-15.886821198803137],[-47.923869017593965,-15.885995197306203],[-47.926643776361225,-15.887537960609375],[-47.92729277745787,-15.890816018894578],[-47.93059343607698,-15.890163269323931],[-47.931046734416185,-15.8922703757157],[-47.93331456619936,-15.892368616235396],[-47.934062873851154,-15.894938886153728],[-47.93710915292335,-15.894328311126632],[-47.93830147215367,-15.895208072709814]],[[-47.9330707870615,-15.912379658829884],[-47.933066510052,-15.912362805821905],[-47.93286104922432,-15.912383699097754],[-47.93286522839559,-15.912400563375643],[-47.9330707870615,-15.912379658829884]],[[-47.92920329828007,-15.910472281382088],[-47.92695878375687,-15.910771750742216],[-47.92733199013522,-15.910766688285698],[-47.92920329828007,-15.910472281382088]],[[-47.92567961483586,-15.905016678155034],[-47.92567054290981,-15.904980403135557],[-47.92137649707178,-15.905198498868513],[-47.92567961483586,-15.905016678155034]],[[-47.922411068390794,-15.905439423005477],[-47.92073532501809,-15.907267785580013],[-47.92151394901258,-15.90731747066096],[-47.92158160719716,-15.905539993011582],[-47.922411068390794,-15.905439423005477]],[[-47.920508823169826,-15.905132952020596],[-47.920507159589285,-15.9051166294194],[-47.92029869905538,-15.905119449716555],[-47.92030001088093,-15.905135777080734],[-47.920508823169826,-15.905132952020596]],[[-47.919781566411224,-15.899756399330983],[-47.91977799557917,-15.899738585376033],[-47.91799467088836,-15.900166101481513],[-47.919781566411224,-15.899756399330983]],[[-47.918457646285475,-15.903067675038924],[-47.918377751610684,-15.902074770206166],[-47.918368506506745,-15.902075657347362],[-47.918448367231115,-15.9030681526664],[-47.918457646285475,-15.903067675038924]],[[-47.91767157904378,-15.898322475804704],[-47.9176685624395,-15.898304835804598],[-47.91743101289632,-15.898349956601622],[-47.91767157904378,-15.898322475804704]],[[-47.915614110490566,-15.891643462585362],[-47.912008539543656,-15.89233275478685],[-47.91201223690196,-15.892350541111007],[-47.915614110490566,-15.891643462585362]],[[-47.914779443355705,-15.90548288845248],[-47.91401862473331,-15.901811089421296],[-47.914011269435385,-15.901810629708296],[-47.914772257423536,-15.905483246467519],[-47.914779443355705,-15.90548288845248]],[[-47.9107340098703,-15.899432128252167],[-47.910733774725486,-15.899415791603518],[-47.9105575571987,-15.899418166938808],[-47.91055779232932,-15.899434503590014],[-47.9107340098703,-15.899432128252167]],[[-47.9105422178815,-15.899073492762705],[-47.910541982757756,-15.899057156110718],[-47.91036576458008,-15.899059531250082],[-47.91036599968963,-15.899075867904624],[-47.9105422178815,-15.899073492762705]]],[[[-47.933526185351646,-15.6130006653332],[-47.93216057132821,-15.614058275646682],[-47.93160467816711,-15.613109966660787],[-47.93294802001819,-15.612219911644447],[-47.933526185351646,-15.6130006653332]]],[[[-47.93074687608537,-16.039531322850006],[-47.927333396981794,-16.040441515641252],[-47.92755336175026,-16.039262985881958],[-47.930457557151705,-16.03890317509135],[-47.93074687608537,-16.039531322850006]]],[[[-47.92384680919172,-15.589355178909146],[-47.92077769961092,-15.588836878296174],[-47.92142495795707,-15.589631099842977],[-47.919489291469475,-15.58977151238009],[-47.919694312142425,-15.590671967920262],[-47.91761905229804,-15.591402003260132],[-47.918343688563695,-15.589299297483715],[-47.917748103832515,-15.586927395246864],[-47.915594677072654,-15.587357384220411],[-47.91686224023291,-15.584946419386725],[-47.91826184950596,-15.584555102633843],[-47.91920099994996,-15.58611961476133],[-47.92006458709199,-15.585477352045178],[-47.91932173201896,-15.584196961676069],[-47.92230466147476,-15.58385627152576],[-47.923222983581894,-15.586037492849604],[-47.922104964757224,-15.58646810565456],[-47.92384680919172,-15.589355178909146]]],[[[-47.92286656626804,-15.854685830242705],[-47.92240645080701,-15.854983453613704],[-47.92252725116165,-15.85453853622564],[-47.92286656626804,-15.854685830242705]]],[[[-47.921435222334324,-15.758810955896962],[-47.92034826199266,-15.760494288655368],[-47.9206988995364,-15.758562790367927],[-47.921435222334324,-15.758810955896962]]],[[[-47.92012099459277,-15.703184962584713],[-47.91955040651778,-15.70822790199257],[-47.918328339846425,-15.710098939501275],[-47.91373463204838,-15.710541811047705],[-47.915271455225664,-15.710789178754156],[-47.91126073628468,-15.711506816794005],[-47.91112581968523,-15.712856485880298],[-47.909346730770444,-15.71264127543553],[-47.90802832342162,-15.71012612142891],[-47.90947354575748,-15.709413945951328],[-47.91134788574342,-15.710534717107583],[-47.911531678408515,-15.708574148701604],[-47.909409794877156,-15.707386606982265],[-47.90664712012772,-15.703617152295951],[-47.90810311766903,-15.702797816344148],[-47.91413534255063,-15.703199302446466],[-47.9123057050175,-15.703171774401422],[-47.91334545775702,-15.702432304093216],[-47.91172063266903,-15.70358221077146],[-47.91123168160539,-15.702766654897488],[-47.908428367596876,-15.703317810352864],[-47.90900874462568,-15.700417007666147],[-47.90635273021571,-15.695499337598362],[-47.908385165347674,-15.693473076555685],[-47.910271976650805,-15.69373693142438],[-47.911412728261325,-15.695293064796617],[-47.91378197891066,-15.695715538778416],[-47.9139981406507,-15.69916792007272],[-47.91493630069543,-15.700475095076357],[-47.91827760220346,-15.700727400628375],[-47.91803384195075,-15.702743184321022],[-47.92012099459277,-15.703184962584713]],[[-47.9182629744899,-15.706195098556618],[-47.91814217099663,-15.707566625122752],[-47.91819126364447,-15.707150216089017],[-47.9182629744899,-15.706195098556618]],[[-47.91819551058385,-15.704060168462835],[-47.91505004608534,-15.703790561928985],[-47.915974337167704,-15.703914875200281],[-47.91819551058385,-15.704060168462835]],[[-47.91809092495551,-15.707755003664927],[-47.91741577862487,-15.708213039799169],[-47.91736603705201,-15.70826257003101],[-47.91809092495551,-15.707755003664927]],[[-47.91715747008977,-15.708470255252097],[-47.91713224533187,-15.708495372305586],[-47.91715449741017,-15.708478264476453],[-47.91715747008977,-15.708470255252097]],[[-47.91713224533187,-15.708495372305586],[-47.91710666898591,-15.708718548461379],[-47.91710342340574,-15.708756488711186],[-47.91713224533187,-15.708495372305586]],[[-47.91504890185382,-15.703779987914716],[-47.91504686878273,-15.703637097556815],[-47.915029149377474,-15.703597450446555],[-47.91504890185382,-15.703779987914716]],[[-47.91488496633558,-15.70336476736584],[-47.914870028884366,-15.703346682506139],[-47.91486653301788,-15.703344918538665],[-47.91488496633558,-15.70336476736584]],[[-47.914883945772374,-15.707696297751355],[-47.91487785868072,-15.707689857130154],[-47.91479221641171,-15.707747955861706],[-47.914883945772374,-15.707696297751355]],[[-47.91449796720612,-15.707947576269689],[-47.91417920585048,-15.708163824773415],[-47.91419037678055,-15.708179580348409],[-47.91449796720612,-15.707947576269689]],[[-47.91392575533298,-15.707806374810101],[-47.91369554722743,-15.707454950954968],[-47.913604264510504,-15.70740740944608],[-47.91392575533298,-15.707806374810101]],[[-47.91258707407872,-15.706912655285741],[-47.91258707103036,-15.706912655490617],[-47.912244482922304,-15.706964738038995],[-47.91258707407872,-15.706912655285741]]],[[[-47.91948273279859,-15.906850085928419],[-47.91945718944132,-15.906851361568446],[-47.91942734032974,-15.905879808561883],[-47.91948273279859,-15.906850085928419]]],[[[-47.91599638995486,-15.74489762124067],[-47.91590408877308,-15.746036184831583],[-47.91508193139048,-15.745950821680097],[-47.914931645917775,-15.750502942136716],[-47.91270869328783,-15.74844344751887],[-47.91158594457876,-15.749294734430482],[-47.91136856188687,-15.75135248352363],[-47.914588226837324,-15.752217363184549],[-47.91437428782934,-15.75451399930132],[-47.90844934285167,-15.754258723653075],[-47.90947788690149,-15.739861056130172],[-47.91082529086007,-15.739973402523127],[-47.910932033295424,-15.73863394101295],[-47.91413132074563,-15.738949581525079],[-47.9140472566017,-15.740242015552948],[-47.91540581435198,-15.740355262701332],[-47.915145122319956,-15.7448590852681],[-47.91599638995486,-15.74489762124067]],[[-47.91500997013719,-15.747194091245822],[-47.91417948953768,-15.7477786480556],[-47.913497003382766,-15.748361222586919],[-47.91500997013719,-15.747194091245822]]],[[[-47.9096690564153,-15.847002591419352],[-47.90960042435486,-15.846995930540768],[-47.90932847643581,-15.846917415822901],[-47.9096690564153,-15.847002591419352]]],[[[-47.90613117780459,-15.698108968438065],[-47.9019192570995,-15.69852337818204],[-47.90196482790534,-15.69651569556465],[-47.90552035509851,-15.696779047640408],[-47.90613117780459,-15.698108968438065]]],[[[-47.90517681294551,-15.730318391860255],[-47.90338604932591,-15.730002401467724],[-47.90369005654111,-15.72894792670839],[-47.90517681294551,-15.730318391860255]]],[[[-47.900075070221384,-15.695441678169985],[-47.89843160790406,-15.703061732470214],[-47.897451228889295,-15.703504833558496],[-47.8959776762762,-15.696977458502849],[-47.89889001265862,-15.693617581954753],[-47.900075070221384,-15.695441678169985]]],[[[-47.89905734023467,-15.710709760443438],[-47.89871498315736,-15.711435409475467],[-47.89598415005783,-15.709521339751896],[-47.89634805739334,-15.70900126985816],[-47.89905734023467,-15.710709760443438]]],[[[-47.89893893534145,-15.841695345511525],[-47.898401516980655,-15.841358237905478],[-47.898267527702025,-15.84114997422309],[-47.89893893534145,-15.841695345511525]]],[[[-47.89851526579262,-15.717604722006389],[-47.89640236591319,-15.724371782581473],[-47.898484837058156,-15.71755334145281],[-47.89851526579262,-15.717604722006389]]],[[[-47.89847679926077,-15.717539763999218],[-47.894883636545465,-15.729235663372439],[-47.89483340313477,-15.72845571211639],[-47.89460286626773,-15.729312303560205],[-47.892013581824074,-15.729795251510756],[-47.884048161373016,-15.728827291955],[-47.881074918648956,-15.730013517745855],[-47.87957711672835,-15.730864822014938],[-47.87532564917791,-15.73792317627605],[-47.87221586800606,-15.741179334583277],[-47.86563769632013,-15.743253057029035],[-47.863013962484885,-15.746418800504717],[-47.85990502659877,-15.74339871427547],[-47.86303457052257,-15.746535786408389],[-47.862762642769155,-15.747299705117584],[-47.85204065539284,-15.750846731532791],[-47.84673472066255,-15.75458728131258],[-47.84508489783331,-15.757362893827533],[-47.84506372352184,-15.759669682866669],[-47.836257521044224,-15.765157877580679],[-47.834576728653516,-15.769545143588259],[-47.83299500443718,-15.76966157713326],[-47.83287251454887,-15.767967004049737],[-47.83407268214956,-15.76789043961114],[-47.832866470584285,-15.767959633878865],[-47.833237847742744,-15.773387634596967],[-47.831939251331704,-15.773627373047896],[-47.8292592785822,-15.769759725837481],[-47.8270093667242,-15.760646833978077],[-47.829936771343654,-15.755730273888757],[-47.82770241669371,-15.750791214167252],[-47.8340401072213,-15.746469422633691],[-47.84004788108949,-15.74434274405519],[-47.844433549614195,-15.73887502453341],[-47.84792720208022,-15.73736629154992],[-47.85288842168986,-15.732962968340768],[-47.85352895823297,-15.731216254756607],[-47.856003095166464,-15.730673985774565],[-47.86135613157316,-15.725910048879443],[-47.865106326116,-15.723887549384871],[-47.8639856097574,-15.723026266885707],[-47.85698713734332,-15.724386906132555],[-47.85397254431367,-15.727244053297063],[-47.85280905845462,-15.727283495988415],[-47.852085623166495,-15.729273629839673],[-47.85158474353503,-15.728124208359802],[-47.84761599672985,-15.72959225607133],[-47.846131958637585,-15.73334316070268],[-47.84515452382065,-15.73371445143807],[-47.84626718825323,-15.732391654532963],[-47.8439750645157,-15.734879501747375],[-47.84074012324453,-15.735079014065139],[-47.83878888217508,-15.73408011950923],[-47.8379262303572,-15.736421382674813],[-47.83567524421335,-15.737007364653945],[-47.83459921800683,-15.736245018524123],[-47.83665650683243,-15.738432838433159],[-47.8363653318227,-15.740207241216119],[-47.83562446064578,-15.740866825188665],[-47.83266920378827,-15.739695945599173],[-47.83561703025417,-15.740868140188297],[-47.835512844551,-15.741998804882547],[-47.83250061969248,-15.740887567063574],[-47.83017321142498,-15.743783258014442],[-47.828947682441886,-15.742697371509081],[-47.82763292984417,-15.744249740466591],[-47.824104265546424,-15.745586975547583],[-47.82131442911228,-15.748863086226445],[-47.822111780394444,-15.751284402462403],[-47.8209167852053,-15.752600381266356],[-47.81602999854354,-15.750866991100333],[-47.81928732620032,-15.756495883793786],[-47.819819674376205,-15.758609939342463],[-47.81859748179973,-15.76037413059639],[-47.81986052357404,-15.75864692222321],[-47.81938663513088,-15.756882940271646],[-47.81986812174468,-15.75864682469278],[-47.81923060460681,-15.76009104810308],[-47.813689329280294,-15.763684944727261],[-47.81884258683014,-15.764945843561112],[-47.81719716370265,-15.771169695570576],[-47.817402797415376,-15.774140226710845],[-47.8110878715157,-15.778873047853455],[-47.809688295539125,-15.782088211487112],[-47.806387320640496,-15.7854543691632],[-47.80650488907047,-15.78755714351559],[-47.799202496871054,-15.790392338399599],[-47.79895513825425,-15.789752696912881],[-47.796964441681894,-15.790398578719888],[-47.79511925734541,-15.78843116236096],[-47.79392123536181,-15.78964296925504],[-47.79158547409684,-15.786851614446345],[-47.79431210927067,-15.784407928562837],[-47.79355121546179,-15.781086216283683],[-47.78711586009873,-15.78205661167707],[-47.78418006523816,-15.783841608336617],[-47.78283639017765,-15.789638603318568],[-47.78321294445757,-15.794338257908368],[-47.780614246905515,-15.793565980219315],[-47.77890721923579,-15.791847209613952],[-47.774725625975165,-15.769858968433606],[-47.77832537318993,-15.757792813162867],[-47.757817124032826,-15.751832668845724],[-47.75343679625616,-15.753108549475387],[-47.73631654989996,-15.762713675089271],[-47.73285988480258,-15.762565936455621],[-47.72923281846015,-15.760747508948665],[-47.73028386957338,-15.743385313244898],[-47.73496805264591,-15.739407510107137],[-47.73992058426104,-15.729691079422684],[-47.75197843149888,-15.731987155614485],[-47.7559767795489,-15.733467514867042],[-47.75562252119209,-15.734804162024536],[-47.75674883071739,-15.73550793723495],[-47.760296665199384,-15.733521725709464],[-47.761399517276146,-15.738111514619929],[-47.76741731370346,-15.732499185045297],[-47.769189113394795,-15.733982137966892],[-47.77059784375758,-15.732339305783887],[-47.775917909235645,-15.737122506311861],[-47.77363269263749,-15.742228918965653],[-47.7707731357618,-15.741132895264725],[-47.773626784444886,-15.742248111228761],[-47.771903257301005,-15.742111992387427],[-47.771665080595426,-15.742971965451138],[-47.77088091781853,-15.742215311961377],[-47.77253980882639,-15.74273158618061],[-47.77230122789175,-15.74355092281605],[-47.77338476527074,-15.742847622987984],[-47.772530423775635,-15.745011116696197],[-47.77102955920947,-15.744602268689732],[-47.781709335001594,-15.748727341142244],[-47.78036114490043,-15.75223627940739],[-47.7821438274577,-15.752916959651396],[-47.77976242124855,-15.75889098808244],[-47.78156935307841,-15.759459593854231],[-47.78253846125295,-15.75722839717026],[-47.78384326141794,-15.757638601491099],[-47.78392696080163,-15.75946468067348],[-47.7848725454478,-15.75958202502448],[-47.78510951932762,-15.758106256174015],[-47.78612951082531,-15.757992841511356],[-47.78789567584327,-15.760667708544227],[-47.790554144670246,-15.76073262626661],[-47.78935500923604,-15.760684011932284],[-47.78945169671402,-15.75553444099055],[-47.78745053100734,-15.755281674480601],[-47.78783784324106,-15.75934524360989],[-47.78661405321129,-15.759415603494524],[-47.78550266749856,-15.755865816790894],[-47.78473489966497,-15.755967598908343],[-47.784988964879915,-15.753971442450837],[-47.78760344382563,-15.753536536679986],[-47.78822285211954,-15.754446200956373],[-47.79160823079618,-15.754811435940043],[-47.79179880005982,-15.753590314931165],[-47.79265868407082,-15.753679649206719],[-47.79236330336871,-15.755003519108392],[-47.797642757369125,-15.755848746102401],[-47.79817173309185,-15.759000641154417],[-47.79808105269509,-15.758127472402284],[-47.79866698446636,-15.758991741573926],[-47.80055861830674,-15.758465899844316],[-47.80214780881668,-15.755431256651306],[-47.80302295131173,-15.755991242591751],[-47.80571851786183,-15.754387527794897],[-47.80617786936236,-15.755043319426921],[-47.81000924304543,-15.75358258639843],[-47.81349812677279,-15.754002219875149],[-47.81279032066074,-15.752436449873755],[-47.813385392962786,-15.750545405139702],[-47.810776128116835,-15.7482926366718],[-47.81176976638636,-15.747737934245416],[-47.81198398675498,-15.7450935176212],[-47.815386548771244,-15.74520310075314],[-47.813601799837805,-15.747953605150832],[-47.81572678566688,-15.750014042970328],[-47.818574667053994,-15.750212422015519],[-47.82240524402986,-15.746197712056155],[-47.82174103159843,-15.745836689772517],[-47.82257996733852,-15.743776064615162],[-47.8206236756759,-15.742810124432493],[-47.82487513383466,-15.741646160449195],[-47.82399769581623,-15.74091828052458],[-47.825414691540765,-15.738010097190733],[-47.82744148694232,-15.739059088581744],[-47.82829754368367,-15.738241519722813],[-47.829873937677625,-15.740025430713336],[-47.83713307496616,-15.734032055361828],[-47.8339351165793,-15.734638561981482],[-47.83298838844685,-15.7337450857731],[-47.83324168266239,-15.731994475461626],[-47.83191473091822,-15.731373271648994],[-47.834062238198726,-15.727445028100462],[-47.835016560873854,-15.72720684502229],[-47.83462191333203,-15.725694742154541],[-47.83957003236084,-15.723079257148253],[-47.83881070528308,-15.722188871332154],[-47.839688687211336,-15.719852532293606],[-47.84126519445525,-15.720108236226093],[-47.84287822160833,-15.723366103878105],[-47.843995707535306,-15.722889618782617],[-47.84631963860013,-15.724414878384934],[-47.851856348639835,-15.721056842162637],[-47.85317708356776,-15.718612965424159],[-47.85425229642819,-15.718598900767015],[-47.85420085367111,-15.719885302049024],[-47.85250915005052,-15.720469801566052],[-47.85219282750632,-15.721610231411118],[-47.86469702596362,-15.718065354232003],[-47.86248473151033,-15.715929571170621],[-47.8652547397006,-15.713883828243493],[-47.863782350371274,-15.71268397663989],[-47.86382892158382,-15.711274535021177],[-47.86253351450715,-15.710988991963891],[-47.86309463144232,-15.710403649590429],[-47.8687454961235,-15.712139569609153],[-47.868052193370985,-15.716140894517318],[-47.87228833924558,-15.71460046866299],[-47.87169274023916,-15.713420545946022],[-47.874463968617306,-15.711866368629332],[-47.87191290575901,-15.709689393859772],[-47.87326074378278,-15.708648861749685],[-47.87294315093957,-15.707861199728947],[-47.87682250917397,-15.70765194141261],[-47.882773017453175,-15.704676603806593],[-47.88293264414018,-15.709138730662874],[-47.87828325279712,-15.711324145969371],[-47.876691664410906,-15.71451537031428],[-47.8894649232023,-15.708196400255195],[-47.88967108947822,-15.708891117301459],[-47.8879811832457,-15.709737737396281],[-47.88900807962384,-15.710611807682804],[-47.88806540167526,-15.711068114477607],[-47.88890223197304,-15.712388526986148],[-47.88806357310792,-15.715798728779166],[-47.88888166292137,-15.717273770810673],[-47.88785387760905,-15.720249346082126],[-47.88915152149627,-15.720662284358205],[-47.888637284754424,-15.722125638420671],[-47.894453158508696,-15.723598921857706],[-47.89713166561098,-15.721031528972798],[-47.896372801047505,-15.719467763521012],[-47.890707895140224,-15.715669868208293],[-47.89036595055789,-15.715038992267047],[-47.89271882905045,-15.712997983523374],[-47.894507522006776,-15.713169775158878],[-47.89472189633518,-15.714056496675607],[-47.89364654328327,-15.71437379509808],[-47.89509812834372,-15.717111211506628],[-47.89744871818138,-15.716337077796332],[-47.89847679926077,-15.717539763999218]],[[-47.89495203030935,-15.728001715493667],[-47.89491807851084,-15.727735876192453],[-47.89494302194001,-15.728036188905154],[-47.89495203030935,-15.728001715493667]],[[-47.89441500510087,-15.724260871032548],[-47.89439567545497,-15.724141518166194],[-47.8940909361956,-15.723765542543546],[-47.89441500510087,-15.724260871032548]],[[-47.89400001768139,-15.723626358035395],[-47.89398770617602,-15.723613260664182],[-47.89347159564211,-15.723460654549935],[-47.89400001768139,-15.723626358035395]],[[-47.892324704265526,-15.72309729735033],[-47.89130811287645,-15.722766402040724],[-47.89044907010666,-15.722503180799585],[-47.892324704265526,-15.72309729735033]],[[-47.89026766808733,-15.722465156708193],[-47.89018548840913,-15.722447930403083],[-47.890037552160926,-15.722449891585349],[-47.89026766808733,-15.722465156708193]],[[-47.88969556992443,-15.722427206718983],[-47.889253302112685,-15.72238184509532],[-47.88907450580346,-15.7223778016589],[-47.88969556992443,-15.722427206718983]],[[-47.88848941946055,-15.722337378959486],[-47.88846307948771,-15.722333484223034],[-47.88837265049372,-15.722341429570305],[-47.88848941946055,-15.722337378959486]],[[-47.88263152304385,-15.722585951739292],[-47.88261594482446,-15.722587318992913],[-47.88253983957794,-15.72259755793561],[-47.88263152304385,-15.722585951739292]],[[-47.88164278318071,-15.722711106064656],[-47.881063014580214,-15.7215685879695],[-47.88152502901127,-15.722720410266351],[-47.88164278318071,-15.722711106064656]],[[-47.88076094892044,-15.720982220382307],[-47.88064576418439,-15.720691666359844],[-47.880509568095725,-15.720637245274999],[-47.88076094892044,-15.720982220382307]],[[-47.88009739906166,-15.709769539438827],[-47.879457903928845,-15.708960876493451],[-47.879257965879816,-15.709235073402086],[-47.88009739906166,-15.709769539438827]],[[-47.87990941274246,-15.710043613528859],[-47.87679870835075,-15.711941220310418],[-47.879678796573934,-15.710379840354765],[-47.87990941274246,-15.710043613528859]],[[-47.879761049431,-15.719954500983487],[-47.87960079256659,-15.719803448060235],[-47.87953869881725,-15.719751687455705],[-47.879761049431,-15.719954500983487]],[[-47.87953670398981,-15.708843244201816],[-47.87943164913795,-15.708691756752929],[-47.87951271334921,-15.70888344813708],[-47.87953670398981,-15.708843244201816]],[[-47.87934257907165,-15.708549909225475],[-47.879273845683166,-15.708415908513427],[-47.87930447023821,-15.708489217969237],[-47.87934257907165,-15.708549909225475]],[[-47.87922123689272,-15.707503969024959],[-47.87920839925789,-15.707736042480862],[-47.87921256617891,-15.70803247487751],[-47.87922123689272,-15.707503969024959]],[[-47.878342588208014,-15.71866066208847],[-47.87809223081136,-15.718383118284843],[-47.87810328543474,-15.718442381003443],[-47.878342588208014,-15.71866066208847]],[[-47.877331222103805,-15.709334083998426],[-47.87725924292356,-15.708418748753171],[-47.877232961534425,-15.709483047440708],[-47.877331222103805,-15.709334083998426]],[[-47.876656968594766,-15.712030114588083],[-47.87653836008371,-15.712089913503295],[-47.876590107626306,-15.712066696707096],[-47.876656968594766,-15.712030114588083]],[[-47.87620781024832,-15.712272168317165],[-47.876207475949755,-15.71225872305002],[-47.87616416404594,-15.712280819846667],[-47.87620781024832,-15.712272168317165]],[[-47.87616129998452,-15.712282281760558],[-47.87596930154478,-15.71305556611504],[-47.8760456046089,-15.71297942639235],[-47.87616129998452,-15.712282281760558]],[[-47.87611942012655,-15.713541521906775],[-47.87611937423155,-15.713538188314956],[-47.87611263077977,-15.713548280685963],[-47.87611942012655,-15.713541521906775]],[[-47.87611281093775,-15.71349685835122],[-47.876021911721054,-15.713286029614833],[-47.87602890954329,-15.713316680274456],[-47.87611281093775,-15.71349685835122]],[[-47.87610202654234,-15.713558835748927],[-47.87601652706213,-15.71361368362837],[-47.876078049541896,-15.713582701556792],[-47.87610202654234,-15.713558835748927]],[[-47.87596414155702,-15.713644215640382],[-47.875903947296905,-15.713667808281286],[-47.875947211151,-15.713654083738529],[-47.87596414155702,-15.713644215640382]],[[-47.87595391531947,-15.711404276422758],[-47.87531272174854,-15.71202562051825],[-47.87559142138831,-15.711923962585713],[-47.87595391531947,-15.711404276422758]],[[-47.87580184621913,-15.71369958788009],[-47.87576687906674,-15.71359615032865],[-47.875385213118214,-15.713593110617612],[-47.87580184621913,-15.71369958788009]],[[-47.874703442684556,-15.712118175066532],[-47.87442917900141,-15.712040370574622],[-47.87440576686664,-15.712040788208013],[-47.874703442684556,-15.712118175066532]],[[-47.87461105963366,-15.713625030983234],[-47.87444995706425,-15.713399548764242],[-47.87452531275849,-15.713539306931095],[-47.87461105963366,-15.713625030983234]],[[-47.87416764392346,-15.71314149628593],[-47.87416472465559,-15.713138828179067],[-47.87413139276703,-15.713173075188937],[-47.87416764392346,-15.71314149628593]],[[-47.87353381552303,-15.71378545150251],[-47.87322822474944,-15.714089616931133],[-47.87288625889716,-15.714452768493727],[-47.87353381552303,-15.71378545150251]],[[-47.872923262243916,-15.715190058033873],[-47.87286450882014,-15.714974756723391],[-47.872910813296656,-15.715161061199828],[-47.872923262243916,-15.715190058033873]],[[-47.872862498901014,-15.714479379262212],[-47.87279834664134,-15.714592107561593],[-47.87281212456682,-15.714763990821327],[-47.872862498901014,-15.714479379262212]],[[-47.87276343379655,-15.713375936376561],[-47.87152509788729,-15.713756487063108],[-47.871895202244154,-15.713858749195612],[-47.87276343379655,-15.713375936376561]],[[-47.86997686876524,-15.742070631994956],[-47.86856826106101,-15.74246604631137],[-47.86900215613192,-15.742427108146687],[-47.86997686876524,-15.742070631994956]],[[-47.86848236106077,-15.742524261666945],[-47.868480883926196,-15.742483931042823],[-47.867811038018246,-15.742530715484115],[-47.86848236106077,-15.742524261666945]],[[-47.86193645087595,-15.741204075715817],[-47.85989672483004,-15.739620396374614],[-47.86193126487471,-15.741209627427793],[-47.86193645087595,-15.741204075715817]],[[-47.86009881054225,-15.744824223039304],[-47.858421051511634,-15.746492958255113],[-47.85842157572399,-15.746493235851236],[-47.86009881054225,-15.744824223039304]],[[-47.85991677243916,-15.738190539965563],[-47.85608668191914,-15.740795060770525],[-47.85760971737707,-15.740010331662935],[-47.85991677243916,-15.738190539965563]],[[-47.85766779491552,-15.74609437120569],[-47.856355192814185,-15.741046629208705],[-47.85614945936178,-15.740862403748217],[-47.85766779491552,-15.74609437120569]],[[-47.857326389905275,-15.73630908104626],[-47.85546166625606,-15.734961831833635],[-47.855482876522736,-15.734991883650256],[-47.857326389905275,-15.73630908104626]],[[-47.85411396169193,-15.738678822267605],[-47.853940721185204,-15.738491651492353],[-47.853868754191545,-15.738415770871582],[-47.85411396169193,-15.738678822267605]],[[-47.819279728105876,-15.756495981290884],[-47.81861568364401,-15.755240497871915],[-47.81925015330027,-15.756856241440735],[-47.819279728105876,-15.756495981290884]],[[-47.818510311745484,-15.760403104540652],[-47.818474342642844,-15.760354985945275],[-47.818422897856735,-15.760381935719103],[-47.818510311745484,-15.760403104540652]],[[-47.81831475689496,-15.755123053639386],[-47.81829126202299,-15.755060214119],[-47.81828599942621,-15.755112427673705],[-47.81831475689496,-15.755123053639386]],[[-47.81824108330628,-15.754948814081377],[-47.81762817656034,-15.753835729498286],[-47.81786132536494,-15.754197960628883],[-47.81783613527763,-15.754339266943186],[-47.81824108330628,-15.754948814081377]],[[-47.81761948121159,-15.769784364101758],[-47.8176128892489,-15.769584493597629],[-47.81724579780262,-15.770760457644608],[-47.81761948121159,-15.769784364101758]],[[-47.817474856289444,-15.753762146493322],[-47.81730038155397,-15.75342388761799],[-47.81700792738264,-15.75302790726245],[-47.817474856289444,-15.753762146493322]],[[-47.81690071268003,-15.766378815629011],[-47.81564869229965,-15.765885744688063],[-47.815458804654355,-15.767067019435363],[-47.81045767319594,-15.764979384688889],[-47.81374264500919,-15.763908285596091],[-47.816702669151944,-15.76157780736312],[-47.81539213249658,-15.762798899377591],[-47.81444847561665,-15.76134426589889],[-47.81551413483521,-15.760691143112263],[-47.81349000296667,-15.758303708705924],[-47.81536318249012,-15.760698257195994],[-47.81437355626965,-15.761251880472635],[-47.81531218476933,-15.762784952644221],[-47.81039585378134,-15.764973173077802],[-47.81549205326772,-15.767147850487042],[-47.81567548596832,-15.765986567739466],[-47.816839061349924,-15.766473701218143],[-47.81576931280856,-15.77278428483432],[-47.81450405799964,-15.773209783480645],[-47.81577986897458,-15.772824721003794],[-47.81690071268003,-15.766378815629011]],[[-47.816722584879464,-15.764987089119417],[-47.81668271000657,-15.764892530764605],[-47.81665644542021,-15.76489079356987],[-47.816722584879464,-15.764987089119417]],[[-47.816382087514796,-15.764733859777872],[-47.81634161142153,-15.764702283938202],[-47.816302810346265,-15.764834708161713],[-47.816382087514796,-15.764733859777872]],[[-47.816342938430125,-15.752330469355842],[-47.81617754696876,-15.751660472295608],[-47.81620007195834,-15.752178799488002],[-47.816342938430125,-15.752330469355842]],[[-47.81608455446561,-15.76456256960707],[-47.81600790798222,-15.764546230589724],[-47.81607708060863,-15.764570003312532],[-47.81608455446561,-15.76456256960707]],[[-47.815812974861984,-15.764495065200963],[-47.81576441608008,-15.764474913586644],[-47.81575527364687,-15.764495313354718],[-47.815812974861984,-15.764495065200963]],[[-47.81533777862665,-15.764338582023536],[-47.81520830369703,-15.76437574544865],[-47.81528531020285,-15.764412981123],[-47.81533777862665,-15.764338582023536]],[[-47.81517317133697,-15.750393302416517],[-47.81464271778125,-15.750241789620878],[-47.81497189757521,-15.750474307289418],[-47.81517317133697,-15.750393302416517]],[[-47.81514278006589,-15.775903351609363],[-47.81438453860602,-15.776523444608138],[-47.81499187077271,-15.776176381511501],[-47.81514278006589,-15.775903351609363]],[[-47.814513177389706,-15.750239624663369],[-47.81324646611798,-15.752020478768614],[-47.81434004656806,-15.754958237990218],[-47.81325406218352,-15.75202037882427],[-47.814513177389706,-15.750239624663369]],[[-47.81418469621751,-15.7641797573008],[-47.81415073850128,-15.764158192720867],[-47.814181569271895,-15.76417874740625],[-47.81418469621751,-15.7641797573008]],[[-47.81337048050088,-15.775691149764679],[-47.813074618581005,-15.774505202586802],[-47.810834175626624,-15.776518008349365],[-47.81294062738342,-15.773052668766892],[-47.81306021935468,-15.77015384435733],[-47.808429297273456,-15.764110062114401],[-47.81293566955807,-15.758775733840139],[-47.81214515406289,-15.757404577505378],[-47.78932279397961,-15.761480922893199],[-47.78385768210735,-15.760472933621203],[-47.78393679498028,-15.763129486961928],[-47.78475732986393,-15.763493104466892],[-47.78415441017587,-15.775929796632024],[-47.78546869832206,-15.777866681874071],[-47.79629241953357,-15.781427318068259],[-47.80221078263303,-15.787253752591042],[-47.804428251503055,-15.786726334540514],[-47.806218368776676,-15.782671153340583],[-47.80787390043815,-15.782196370726586],[-47.81022497068148,-15.778150945892882],[-47.81337048050088,-15.775691149764679]],[[-47.79231607495177,-15.760017129463565],[-47.79200972505963,-15.757429798873838],[-47.79018609730029,-15.757274193466602],[-47.790484476464655,-15.7600395927119],[-47.79231607495177,-15.760017129463565]],[[-47.789349905257424,-15.779557694532384],[-47.78924935193679,-15.779528770904847],[-47.789349836911356,-15.779573898658679],[-47.789349905257424,-15.779557694532384]],[[-47.772062161260855,-15.743483045532427],[-47.77206143954875,-15.743482775640741],[-47.77200021222244,-15.74371252602429],[-47.77200093393537,-15.743712795916057],[-47.772062161260855,-15.743483045532427]],[[-47.77097299325646,-15.740430409234527],[-47.767416844413816,-15.73917956879376],[-47.76733507830733,-15.73953283871216],[-47.77097299325646,-15.740430409234527]],[[-47.76780533516913,-15.738780707305091],[-47.76569891001737,-15.738302734884236],[-47.76778858198195,-15.738797333168575],[-47.76780533516913,-15.738780707305091]],[[-47.755776652197746,-15.73348058850056],[-47.75574160928981,-15.733420140974282],[-47.755529873961066,-15.733402333758965],[-47.755776652197746,-15.73348058850056]],[[-47.749345129759824,-15.73288721988651],[-47.74923424968447,-15.732859948038273],[-47.74921797740205,-15.733135445799094],[-47.749345129759824,-15.73288721988651]],[[-47.749205830305954,-15.73521484344999],[-47.748819826779574,-15.73590612103813],[-47.749132469639044,-15.735762186533634],[-47.749205830305954,-15.73521484344999]],[[-47.74812271125389,-15.747096166845491],[-47.74763493009757,-15.746868973731829],[-47.7479596657282,-15.747258664761812],[-47.74812271125389,-15.747096166845491]],[[-47.7475979381502,-15.746560884892656],[-47.74735241339927,-15.746529943947271],[-47.747461162363706,-15.746660446923878],[-47.7475979381502,-15.746560884892656]],[[-47.747554278058445,-15.7401489200183],[-47.74737886281325,-15.73967541814294],[-47.747278259405654,-15.740080688369128],[-47.747554278058445,-15.7401489200183]],[[-47.746903902067594,-15.745856132402977],[-47.74614901294374,-15.745085803442114],[-47.74684215083915,-15.745917606860933],[-47.746903902067594,-15.745856132402977]]],[[[-47.897846302611214,-15.84080781822881],[-47.89769505496554,-15.840806228092429],[-47.89783391191958,-15.840797754054075],[-47.897846302611214,-15.84080781822881]]],[[[-47.89396325386812,-15.73108549892443],[-47.893937769452826,-15.731092596736273],[-47.89393910434464,-15.73107999107229],[-47.89396325386812,-15.73108549892443]]],[[[-47.8937640287102,-15.729464980382335],[-47.89374315092688,-15.729465257490487],[-47.89375434786418,-15.729461231979144],[-47.8937640287102,-15.729464980382335]]],[[[-47.8936325199227,-15.729466725848374],[-47.893110982617685,-15.729559606360436],[-47.89348922202479,-15.729442173948675],[-47.8936325199227,-15.729466725848374]]],[[[-47.89332403051463,-15.71194220888096],[-47.89241166585873,-15.712838377890186],[-47.89246930197558,-15.71080662985667],[-47.89332403051463,-15.71194220888096]]],[[[-47.89098826771211,-15.729727573207601],[-47.890159145182174,-15.729724576544463],[-47.89066742606109,-15.729678281366622],[-47.89098826771211,-15.729727573207601]]],[[[-47.89070383166318,-15.97204827393191],[-47.889591042914915,-15.972471808223101],[-47.88899138664411,-15.970444133484587],[-47.89068304246094,-15.971116705543647],[-47.89070383166318,-15.97204827393191]]],[[[-47.8903173126723,-15.645909981729186],[-47.88925056318684,-15.646549461513587],[-47.885695072780535,-15.642008643619562],[-47.88305150910713,-15.641625902654319],[-47.88022545729185,-15.643613640617133],[-47.879548520551644,-15.642605620795578],[-47.882135805481305,-15.640779861770552],[-47.88343752119505,-15.641267172977688],[-47.8881392633514,-15.637989858285346],[-47.88866058474499,-15.638747760793278],[-47.88814515897818,-15.637970665028604],[-47.885179611217964,-15.64003780149859],[-47.88838177458931,-15.63768136064076],[-47.88921182055777,-15.638492376902255],[-47.88608835718803,-15.640512467638576],[-47.8903173126723,-15.645909981729186]]],[[[-47.89004570733551,-15.72972922030641],[-47.88999773848934,-15.72973118460327],[-47.889989629622065,-15.729673720068122],[-47.89004570733551,-15.72972922030641]]],[[[-47.88961920260903,-15.72970368228627],[-47.889283909037395,-15.72964871982397],[-47.88946367519722,-15.729671660579346],[-47.88961920260903,-15.72970368228627]]],[[[-47.88920369054956,-15.838998126328788],[-47.889086042179066,-15.838945646333762],[-47.889001784630054,-15.838880824902688],[-47.88920369054956,-15.838998126328788]]],[[[-47.88867172614157,-15.708673745841141],[-47.88776311264997,-15.709093851815036],[-47.887566407455814,-15.709133200427983],[-47.88867172614157,-15.708673745841141]]],[[[-47.88761134164471,-15.693743645193377],[-47.884931663014775,-15.695422961524466],[-47.885195039048455,-15.697311894450303],[-47.883539962414005,-15.697486673194243],[-47.88178124580006,-15.695904197346755],[-47.88265383491786,-15.69340769410738],[-47.880680567251865,-15.692000071641353],[-47.88122302748085,-15.691285651785726],[-47.879970745422156,-15.690633124008944],[-47.87957148570977,-15.688898887978633],[-47.88761134164471,-15.693743645193377]]],[[[-47.88649242341479,-15.729325249302827],[-47.88621233289957,-15.729272218706006],[-47.88635604387695,-15.729279345184654],[-47.88649242341479,-15.729325249302827]]],[[[-47.88627787449436,-15.83710840265446],[-47.88580370937687,-15.836867356317024],[-47.8856997110797,-15.836529310542502],[-47.88627787449436,-15.83710840265446]]],[[[-47.88590539870249,-15.591864984668812],[-47.88478263598154,-15.591634339689774],[-47.88479218518878,-15.590780633176403],[-47.88590539870249,-15.591864984668812]]],[[[-47.88569539337589,-15.592157754734625],[-47.88275517025271,-15.594013810921556],[-47.88258176644974,-15.59271862578351],[-47.88102394101011,-15.592416462336216],[-47.88060381526988,-15.590949674917331],[-47.881340259885924,-15.589337033139481],[-47.88281668301746,-15.589349281128948],[-47.88569539337589,-15.592157754734625]]],[[[-47.885560464863225,-15.729059900690999],[-47.885325075429634,-15.728978320600651],[-47.88542245583267,-15.728998201859604],[-47.885560464863225,-15.729059900690999]]],[[[-47.884857107178505,-15.72887709804681],[-47.884415056383936,-15.728884869275367],[-47.88454766784624,-15.728847221926166],[-47.884857107178505,-15.72887709804681]]],[[[-47.88468693573441,-15.8350049347563],[-47.88432705492668,-15.834029115717886],[-47.88430633418452,-15.833830152612538],[-47.88468693573441,-15.8350049347563]]],[[[-47.88378597334096,-15.599045321349758],[-47.88354636640952,-15.599257437167589],[-47.882980011991656,-15.597922321721187],[-47.88378597334096,-15.599045321349758]]],[[[-47.88354047079125,-15.599276630244578],[-47.881312736775016,-15.600425416856064],[-47.874519845665816,-15.597927747347006],[-47.87393543410932,-15.598907464150011],[-47.876517273308615,-15.599994754303063],[-47.87584992817028,-15.60199628631276],[-47.874818731286844,-15.601773232260928],[-47.873455550475676,-15.599209394996805],[-47.872577423424424,-15.600433150956183],[-47.87272672536671,-15.603449324448741],[-47.870448666086794,-15.605045619589324],[-47.86960447795092,-15.604573018295666],[-47.86899402739438,-15.60798950375552],[-47.868180065324495,-15.608040969915512],[-47.867435008062515,-15.606393321732948],[-47.86877250837298,-15.602553546257345],[-47.866658312733904,-15.603562076326828],[-47.867603689115725,-15.60244005539404],[-47.866973892919106,-15.601980268109225],[-47.86416552161647,-15.602868740209637],[-47.86377908997777,-15.601966353570909],[-47.86330591401021,-15.602898531778512],[-47.86355208568142,-15.601673172707734],[-47.86212899624806,-15.601343950369625],[-47.86247297797129,-15.60077302858918],[-47.86481668133124,-15.600798256735706],[-47.86194800789291,-15.59910697439667],[-47.8628570729098,-15.596856418100634],[-47.86405900954832,-15.597325078236198],[-47.86360974287613,-15.599069407282496],[-47.86559510864966,-15.600045960698665],[-47.865448113950116,-15.600783905786574],[-47.86931552226427,-15.600798453018168],[-47.87174910014262,-15.597635596996007],[-47.872243874127946,-15.598619374752268],[-47.87379530612144,-15.598453234249185],[-47.874321696236294,-15.59747551881907],[-47.872694361415356,-15.597096805859959],[-47.87218167313097,-15.595687761716206],[-47.87285196094728,-15.595135398922361],[-47.87390680013399,-15.596111069395556],[-47.87345153739408,-15.593495215720695],[-47.874356557192755,-15.59334796850016],[-47.87558796799899,-15.597865340282768],[-47.87912830079407,-15.59781896939512],[-47.880541812863896,-15.599118953275878],[-47.8821733886168,-15.598607161433373],[-47.88010342931233,-15.597509442702135],[-47.881719116552205,-15.596550894251795],[-47.88354047079125,-15.599276630244578]],[[-47.8741596685291,-15.596492797019659],[-47.87369326094079,-15.596868241103765],[-47.87396143548684,-15.596809636007094],[-47.8741596685291,-15.596492797019659]],[[-47.86533705611919,-15.601954894057826],[-47.86533625178677,-15.601954881974162],[-47.8651538953958,-15.602642473700165],[-47.865154681119336,-15.602642554662555],[-47.86533705611919,-15.601954894057826]]],[[[-47.88234055081297,-15.729894896714386],[-47.8823268815812,-15.729899902596724],[-47.88233026018472,-15.72989702947753],[-47.88234055081297,-15.729894896714386]]],[[[-47.88228486830887,-15.607495964138918],[-47.88096290096096,-15.60728631894901],[-47.880776878264335,-15.608089219271609],[-47.88185223745511,-15.610058331892967],[-47.87998443287025,-15.609604958063173],[-47.877734238293954,-15.610900868974193],[-47.87819097813143,-15.61271085088545],[-47.87641476297572,-15.612638558919091],[-47.87625518306585,-15.610920254355301],[-47.879108164733815,-15.609532822440805],[-47.8807869877271,-15.606165594742407],[-47.88228486830887,-15.607495964138918]]],[[[-47.882039867888054,-15.730133804886481],[-47.8820289347954,-15.730144206620153],[-47.881995140248854,-15.730136543690062],[-47.882039867888054,-15.730133804886481]]],[[[-47.88183075028409,-15.697162860606165],[-47.88146874316537,-15.699306548942962],[-47.87985630861079,-15.7005116026831],[-47.87860539403433,-15.703596467640258],[-47.87956445315863,-15.703979740329684],[-47.87731136281628,-15.703613523154694],[-47.8764085905411,-15.70481317631683],[-47.87517385997443,-15.704202566793217],[-47.873231131083244,-15.706537676379247],[-47.86972910059104,-15.706979658752036],[-47.86762201061393,-15.709745808999278],[-47.866388632817234,-15.709385363591696],[-47.86639967943385,-15.711660393198386],[-47.86310053040763,-15.710384456378469],[-47.861417030317035,-15.708333344194568],[-47.86227848012139,-15.70735839643717],[-47.86592844949001,-15.707514534711768],[-47.86832212853827,-15.703797779888077],[-47.86782310592809,-15.699779126442188],[-47.865652830686926,-15.697113817940187],[-47.86630115825171,-15.695674908740338],[-47.8637932049439,-15.694124107140441],[-47.863393290848585,-15.69231469813284],[-47.85806292072194,-15.691278952996045],[-47.85607615219895,-15.692289470594412],[-47.855165593935865,-15.690904649561693],[-47.85405013948665,-15.691513110914348],[-47.85420541133336,-15.693240949425864],[-47.847421873681846,-15.693209987666657],[-47.847734860341106,-15.697984864330847],[-47.83805332366489,-15.69799139940235],[-47.83799048370605,-15.69345217558064],[-47.83620829380061,-15.693893480099486],[-47.83013914182209,-15.697816701382505],[-47.83193193924801,-15.700079728293211],[-47.83017197724623,-15.70116113060491],[-47.82849651493988,-15.699077307010402],[-47.82458424546569,-15.701718069752326],[-47.82588435347625,-15.703922206568297],[-47.824300490268634,-15.70492735300272],[-47.82280037560637,-15.70298516701946],[-47.82061963833287,-15.704537843698187],[-47.82189041771667,-15.706176269775801],[-47.81700827942211,-15.709359624120976],[-47.81806638938183,-15.71090837621369],[-47.82002920717131,-15.71086044641748],[-47.82173131543012,-15.712698885150655],[-47.82147914282539,-15.713618816046678],[-47.81865077269555,-15.713294114955588],[-47.8195780919154,-15.714948403068998],[-47.817031381938264,-15.715857327044784],[-47.81521864612203,-15.71558268954652],[-47.81624088712022,-15.71452187096762],[-47.81563324940798,-15.713653677533058],[-47.81313541623273,-15.715637885550532],[-47.80986422757564,-15.710960688507114],[-47.836213892260304,-15.69304448196897],[-47.84346969249536,-15.692723744396861],[-47.84352949415438,-15.69121544932589],[-47.84597597612814,-15.689372864061454],[-47.84707734249768,-15.686897547163635],[-47.84981779968973,-15.68699278212891],[-47.850177848561806,-15.686221886395021],[-47.83645099608625,-15.681848538998121],[-47.83730123445333,-15.686500866404863],[-47.83422078969964,-15.689209544780487],[-47.82400935274985,-15.69337870424299],[-47.814213481475996,-15.694503060665815],[-47.813396997050866,-15.703290696948587],[-47.81030841487702,-15.704716403912954],[-47.808582062346986,-15.702946459627464],[-47.80493155643254,-15.702610097949455],[-47.80578636277341,-15.70162418035227],[-47.80493538295513,-15.700727082796714],[-47.8122592358641,-15.691562206164388],[-47.812155287814534,-15.689737935411266],[-47.81339886237929,-15.687609577456634],[-47.81448780021399,-15.687155882584065],[-47.815949650796995,-15.688023355416288],[-47.81703505144676,-15.686093772742995],[-47.81945576163783,-15.686000520759483],[-47.82138731882947,-15.686844098466183],[-47.82250767073523,-15.68894972973716],[-47.823091481107255,-15.688256410382603],[-47.82179718771788,-15.68858931004603],[-47.823210394638714,-15.687710859378914],[-47.82217859001636,-15.683530572915585],[-47.82292466322961,-15.68307887831796],[-47.82254350088564,-15.683862578109117],[-47.82324492946862,-15.683232946329461],[-47.82758597258392,-15.684888256494757],[-47.82683067710407,-15.687051972959495],[-47.827433341414874,-15.688060189622092],[-47.83023491739366,-15.687197571846424],[-47.828442139124924,-15.68794910488611],[-47.83009578437037,-15.687084166191392],[-47.83004722701595,-15.685352401045032],[-47.831916394101434,-15.685780474576081],[-47.83184918381555,-15.687411473210755],[-47.83380794691254,-15.687119667305153],[-47.83379060759838,-15.685864558423154],[-47.83063431815815,-15.683101267908768],[-47.830575310667136,-15.6818963646859],[-47.83306441809293,-15.680576935270473],[-47.82958030289177,-15.679054517976825],[-47.82822381901865,-15.68045957982897],[-47.82428907948065,-15.679153195365794],[-47.825925631440015,-15.67745748646182],[-47.817028122158916,-15.671285733919554],[-47.81785437056775,-15.66809379847862],[-47.82098346254488,-15.665163469682113],[-47.825187464606046,-15.663796889941212],[-47.825572127420564,-15.664867206789193],[-47.823230913704435,-15.66516050870986],[-47.81791975678527,-15.67049642144803],[-47.82011875965848,-15.672453653553537],[-47.82434008509911,-15.669328738806305],[-47.82487907984666,-15.669949452151322],[-47.82361470734552,-15.671063072350211],[-47.82462829851857,-15.672630457085745],[-47.82660194112104,-15.672433368625601],[-47.82955089194084,-15.674743358571336],[-47.831715322790465,-15.67355948402852],[-47.8305628007271,-15.675832489286961],[-47.82693415245849,-15.676916688223473],[-47.82923165861677,-15.678081733632387],[-47.830887971024346,-15.677462920718218],[-47.832937902241234,-15.674091064288756],[-47.83392510437821,-15.674138013929992],[-47.83359987273273,-15.677210381200412],[-47.834679240826965,-15.676669863308227],[-47.834335926575804,-15.678438374040793],[-47.83700129310918,-15.678626883209512],[-47.838031281974914,-15.677306706552077],[-47.83998655543175,-15.678139280733646],[-47.84160706607499,-15.676063648054667],[-47.84256427581934,-15.677134943481116],[-47.84247349462372,-15.679077813905964],[-47.843590733673544,-15.678945883631668],[-47.8438766469187,-15.676939086935354],[-47.83920487745341,-15.67385666000552],[-47.83966539359561,-15.67242222253963],[-47.83699450891871,-15.66810385340605],[-47.83117680830649,-15.670834384261516],[-47.8297351100407,-15.668410093184956],[-47.8326953350474,-15.668087305359977],[-47.83032293533753,-15.66265863813856],[-47.834310639826775,-15.66160005690691],[-47.835819168633016,-15.658135122340466],[-47.83715698882685,-15.658406784841109],[-47.837664760503046,-15.657609975819705],[-47.838143702509115,-15.649344763780984],[-47.83293689542213,-15.647246865798932],[-47.83408794407989,-15.645446127711272],[-47.833524867961614,-15.643602015376416],[-47.834991829590194,-15.642219329258898],[-47.84571198580087,-15.655351603310324],[-47.84671211731363,-15.657993751111933],[-47.84607109342612,-15.659871525542309],[-47.84462741468062,-15.660296689828703],[-47.84661160007945,-15.66144042616549],[-47.84438848282076,-15.661469325199077],[-47.84389166949044,-15.66305622939145],[-47.84537876314713,-15.66339814569752],[-47.84407872180652,-15.665857961944985],[-47.84037783892866,-15.668552157754034],[-47.83977768847199,-15.671367643450095],[-47.84129985094203,-15.671220575044273],[-47.84176090651053,-15.669762433150899],[-47.843522253630304,-15.670402426244708],[-47.84393613470877,-15.668029229006413],[-47.848300134553504,-15.661406513788348],[-47.85081924328616,-15.659931829788759],[-47.854015015306494,-15.661482019362861],[-47.85850493040078,-15.650525123492661],[-47.863182849290276,-15.653211250050761],[-47.87261232189864,-15.655161075597169],[-47.87495638834007,-15.654128651768774],[-47.8758584053208,-15.655378640067749],[-47.87368813805791,-15.657519660215009],[-47.86490275084437,-15.658206317277477],[-47.857919333676,-15.66236918521373],[-47.85623291719368,-15.667659886918694],[-47.85763656815084,-15.676607260553089],[-47.85514572071066,-15.674847693169223],[-47.844691563970514,-15.676127405288476],[-47.85753136745558,-15.686763851046326],[-47.875401591235494,-15.696022904436948],[-47.869618490579,-15.693025118210203],[-47.87213046080858,-15.68874831207192],[-47.87534750535358,-15.68880158449265],[-47.87651123639132,-15.689558814251262],[-47.875585164506916,-15.690547405980274],[-47.87684041538239,-15.689225004557956],[-47.878466623481714,-15.69123214456322],[-47.87743028404932,-15.692082093288318],[-47.8788642027142,-15.693198180512768],[-47.880277162057574,-15.692821145178057],[-47.88055733380668,-15.695206870843712],[-47.879451784528925,-15.695520122034313],[-47.88183075028409,-15.697162860606165]],[[-47.850015519660836,-15.692823736747371],[-47.84994883867034,-15.692824605661565],[-47.84980464966302,-15.692826486459312],[-47.84994882841747,-15.692824605795323],[-47.849948848935774,-15.69282460643078],[-47.850015519660836,-15.692823736747371]],[[-47.839943452421956,-15.682458917955834],[-47.838847068199144,-15.682077325886647],[-47.83883737449142,-15.682112587413886],[-47.839943452421956,-15.682458917955834]],[[-47.83812806007996,-15.679092659487734],[-47.838115579462354,-15.67908899047223],[-47.837222640760835,-15.681596898559645],[-47.83812806007996,-15.679092659487734]],[[-47.83810343766234,-15.679085420013221],[-47.83758322876032,-15.678932465638198],[-47.836912136352524,-15.67886743690363],[-47.83810343766234,-15.679085420013221]],[[-47.83658912719069,-15.679827612428221],[-47.83654116341997,-15.679985001110056],[-47.83654572815745,-15.679972709188384],[-47.83658912719069,-15.679827612428221]],[[-47.83652665486247,-15.680024063948437],[-47.836358537910904,-15.680441792869098],[-47.83629937395339,-15.680621742173107],[-47.83652665486247,-15.680024063948437]],[[-47.83639323973563,-15.68132255334047],[-47.83609277629323,-15.681153158643497],[-47.83606483898315,-15.68121392505352],[-47.83639323973563,-15.68132255334047]],[[-47.83632044488813,-15.681646211700047],[-47.83626122786739,-15.681569972167104],[-47.83611708590601,-15.681459737425703],[-47.83632044488813,-15.681646211700047]],[[-47.82369669607508,-15.687535015329509],[-47.823127920556644,-15.688131707709953],[-47.82357026509901,-15.687852742146992],[-47.82369669607508,-15.687535015329509]],[[-47.82301111745681,-15.68526348118962],[-47.82300956138872,-15.685257304046845],[-47.822763870393864,-15.685694954934254],[-47.82301111745681,-15.68526348118962]]],[[[-47.88177087226666,-15.730085692693033],[-47.88117598443788,-15.730123488847433],[-47.88142054565652,-15.730049032402242],[-47.88177087226666,-15.730085692693033]]],[[[-47.88159418557679,-15.603412733300296],[-47.8811559200472,-15.604248811048715],[-47.8789102635551,-15.604099056125234],[-47.88062508120633,-15.602869905183898],[-47.88159418557679,-15.603412733300296]]],[[[-47.88078113856845,-15.599035137046766],[-47.88054770876157,-15.599099759329912],[-47.88041740980163,-15.598669999141464],[-47.88078113856845,-15.599035137046766]]],[[[-47.88065948659663,-15.865888856149532],[-47.87864442960263,-15.86910707570945],[-47.87677731587629,-15.868234333416202],[-47.87600400207911,-15.869408149339518],[-47.871779614458475,-15.86700422520941],[-47.87038185824049,-15.869434930096956],[-47.87584516282801,-15.872214865370381],[-47.87229328848718,-15.876680755651142],[-47.87076938391355,-15.87669648119702],[-47.866989174333646,-15.874096086157428],[-47.8651469876029,-15.87483352796153],[-47.86424297142101,-15.87678303320344],[-47.85725965511508,-15.873574670516149],[-47.85802058473093,-15.871276780447218],[-47.85173191410075,-15.868314825247866],[-47.85260110104446,-15.866926146853665],[-47.85173627728277,-15.867650992916937],[-47.851548512701115,-15.866121303270683],[-47.85223396740837,-15.866430338774668],[-47.853469133600036,-15.864335026453192],[-47.85544093142913,-15.865391367137418],[-47.8565199968307,-15.861550115594069],[-47.86912914775781,-15.866459851846066],[-47.85652365969393,-15.861540700384019],[-47.85770458798048,-15.858060085833218],[-47.85694918164862,-15.857404373729482],[-47.85861995835148,-15.855607447544342],[-47.858244196812464,-15.854917535669857],[-47.85583360669679,-15.856344415527031],[-47.8521288949747,-15.85659090314779],[-47.85184665668174,-15.854865568028677],[-47.850180258569516,-15.855192952902081],[-47.84902386947339,-15.855866942336224],[-47.85007495688617,-15.857485834199874],[-47.848864611440106,-15.857974970569845],[-47.848067639674056,-15.856363976530762],[-47.8488587092347,-15.857994164095372],[-47.84325071730038,-15.860713025160786],[-47.84260733491528,-15.85919461163205],[-47.84090834460568,-15.860034115562847],[-47.84505623489836,-15.86281024780055],[-47.844014939819594,-15.86450938774611],[-47.84211211473599,-15.863453818011806],[-47.84299922257572,-15.861857605626826],[-47.83924239752372,-15.859841053000372],[-47.84298297832212,-15.861863379428883],[-47.842090287317376,-15.863441710562672],[-47.838864756588784,-15.86165231558704],[-47.837641162207284,-15.863513447905573],[-47.83039687241291,-15.858927246086392],[-47.82811962851814,-15.860002743861079],[-47.82786202257812,-15.858118954505066],[-47.82104513769052,-15.854985317225859],[-47.81762289577531,-15.856750325668553],[-47.81930863107441,-15.862571541946947],[-47.82033852518054,-15.865005564671279],[-47.82368581953564,-15.863954934923779],[-47.82372592860356,-15.863087422337257],[-47.82574663113268,-15.867861084550782],[-47.82304033795026,-15.86875437493928],[-47.82398174735446,-15.878620542206827],[-47.822673162380816,-15.87866480776201],[-47.822365495998945,-15.88179511137906],[-47.82110090856885,-15.882475797956296],[-47.82237602624,-15.88181129674002],[-47.823124807839335,-15.8786660694827],[-47.82084218270396,-15.89026128787013],[-47.79630986524173,-15.899923271093606],[-47.79469496247659,-15.897418141472574],[-47.79516385153734,-15.89561305013648],[-47.79378687083518,-15.892452779361133],[-47.79754080536807,-15.890731527075467],[-47.79595486253984,-15.88852978940789],[-47.79813318793748,-15.88178700769135],[-47.802619593302204,-15.881427735618443],[-47.810094407535495,-15.884793561728468],[-47.821083996908044,-15.882001492226907],[-47.81008388912365,-15.884777371881048],[-47.80476835828356,-15.88272407583962],[-47.8022557256672,-15.881167163360118],[-47.803197032768026,-15.880387300432739],[-47.80171481001619,-15.879092466878554],[-47.8028106136945,-15.878762167333843],[-47.80287504426524,-15.875600390189728],[-47.799984795561016,-15.87585006911277],[-47.79630508490219,-15.873992079112847],[-47.79886047185055,-15.872247592468192],[-47.798526814366234,-15.871651328503196],[-47.79544687110077,-15.872467850376102],[-47.79350418018641,-15.870749904959755],[-47.7915886273316,-15.866204775330639],[-47.79211595634111,-15.865854779753136],[-47.790451394308946,-15.866318791017951],[-47.79240252630184,-15.870664784819462],[-47.791454271829814,-15.871142140481256],[-47.788746544733655,-15.865336320237038],[-47.786817964147424,-15.865662253093952],[-47.787106722229304,-15.867271485238035],[-47.78604570218504,-15.86767225830038],[-47.78747804359832,-15.872381042959155],[-47.78982810981483,-15.875001445556913],[-47.794781572523796,-15.875267126142012],[-47.79724619260054,-15.87638675183926],[-47.79586767809514,-15.877646385179446],[-47.79242841868514,-15.877546327937619],[-47.79240001019377,-15.879532533379855],[-47.791109899648156,-15.879680596546333],[-47.79249666239486,-15.87964071659295],[-47.79084882048845,-15.882393974225302],[-47.79123453026122,-15.883265035551888],[-47.789880496097105,-15.884339183797742],[-47.79218268442484,-15.88703691600683],[-47.788923649623776,-15.887002234240287],[-47.78948263325908,-15.883337323756185],[-47.78688976655763,-15.882481180669318],[-47.78868345107451,-15.880615650110245],[-47.79010024598719,-15.880827668647319],[-47.791851542746805,-15.87865108419003],[-47.79065855047176,-15.877749804874567],[-47.78899688236105,-15.878939633298224],[-47.787716727396116,-15.877414884327814],[-47.788333761668774,-15.876503677793766],[-47.790029708795906,-15.87648896915531],[-47.789182898163595,-15.875167817317356],[-47.78054014117727,-15.881280490951456],[-47.77658208769827,-15.880779341561526],[-47.77302414273474,-15.883835878148199],[-47.77297162752226,-15.88486884924892],[-47.77113124014258,-15.88353756179474],[-47.76860460189701,-15.884409444773253],[-47.76742398856996,-15.882901169251301],[-47.76642456291408,-15.88460364670155],[-47.76824795576542,-15.886738318412721],[-47.76770933616263,-15.887355097101823],[-47.765868402411606,-15.886077085766809],[-47.76197937686013,-15.895991451827442],[-47.76420635583082,-15.898779586335078],[-47.761026951930916,-15.901070311286711],[-47.75965411649582,-15.901002061506768],[-47.76109319855292,-15.89943927459513],[-47.761871930510594,-15.896313442707442],[-47.760485570571284,-15.89472807056621],[-47.76344145373343,-15.891727938640372],[-47.76203248240454,-15.890505126425731],[-47.763213456527126,-15.88921839931149],[-47.76252808586162,-15.888559065739909],[-47.761271845416296,-15.889865504182112],[-47.76058207348127,-15.889257802750404],[-47.76287619955897,-15.887163251701544],[-47.762067546321795,-15.88627692182452],[-47.7571585182461,-15.891460498138315],[-47.753431089121506,-15.88971978008595],[-47.75495546612282,-15.887428908956831],[-47.75734202202606,-15.88861861155477],[-47.75528504511146,-15.885257130053008],[-47.75298172291977,-15.885069723460322],[-47.751917351779284,-15.883218255271153],[-47.75153366365766,-15.876828767815844],[-47.75261660122199,-15.87458869634929],[-47.75228559875998,-15.872773042936046],[-47.74834750507704,-15.866670502476937],[-47.75016717834128,-15.86649683291838],[-47.75019321416823,-15.86357720212568],[-47.751644570968715,-15.862855466597823],[-47.75164560343671,-15.861943260770897],[-47.75330808887688,-15.861705358321307],[-47.755750065378926,-15.86280322477884],[-47.75419179876134,-15.863434725631999],[-47.754508359799935,-15.865473814373585],[-47.758001134786326,-15.86679200589161],[-47.761371709777585,-15.870182259912374],[-47.76382047650418,-15.870516593321932],[-47.75944740884299,-15.86874676740663],[-47.75643279109743,-15.863770443799158],[-47.75538406440207,-15.859267437982275],[-47.75743538813679,-15.859432482254109],[-47.75782057498881,-15.858710693278354],[-47.75860142928046,-15.865296049837005],[-47.75938318953129,-15.864688681159928],[-47.761985874345946,-15.869076228741342],[-47.76056136376532,-15.863780530711434],[-47.76288679239924,-15.863743404492178],[-47.763084804409075,-15.86545048799985],[-47.76639392502724,-15.86715607905788],[-47.767557949928474,-15.870880233550466],[-47.77084845632265,-15.869885109266535],[-47.77195865523338,-15.867570914812843],[-47.771252482693846,-15.865578687247924],[-47.77196500356914,-15.86577864813634],[-47.773436638300254,-15.869583112172538],[-47.77061222887076,-15.870664749755898],[-47.77157733180867,-15.871279650534891],[-47.77103565621359,-15.873838674654055],[-47.76803226327496,-15.873827462777255],[-47.771158832647814,-15.874518972088719],[-47.77250454625632,-15.877391792290913],[-47.77325093472,-15.877382221067842],[-47.773414932304036,-15.874557786204377],[-47.77696391802617,-15.875898568264784],[-47.77615252239029,-15.877941061283689],[-47.77399979713835,-15.877553243561184],[-47.77438783519194,-15.878632039786616],[-47.778787026232706,-15.879447075794952],[-47.77894225550323,-15.877349790689376],[-47.78054413780177,-15.875730637711635],[-47.78385335418584,-15.876564105471683],[-47.784259980368894,-15.871767718248428],[-47.78517819578544,-15.871214013250441],[-47.78400332214404,-15.871053027002587],[-47.78452694153715,-15.870279886204004],[-47.78298564315485,-15.868601356356523],[-47.78466493858489,-15.869789147054009],[-47.782777054185644,-15.867722674030258],[-47.77869242646259,-15.868022180921892],[-47.77754014819208,-15.867260368630697],[-47.77628678993895,-15.870382900838191],[-47.77474420043233,-15.8679200106401],[-47.77803930393324,-15.86540204269052],[-47.77876083346251,-15.866258995408751],[-47.78209651188649,-15.865292947069761],[-47.782106365172524,-15.866010814961513],[-47.78450046593116,-15.866806389293451],[-47.78477947289211,-15.864648813085937],[-47.7866225783741,-15.864042559162565],[-47.78627943743177,-15.862529706095609],[-47.78863168806162,-15.861832324426908],[-47.78445766521725,-15.862746764829941],[-47.78481115961166,-15.857207995952022],[-47.78572596256353,-15.858027791230652],[-47.79030449156984,-15.858007322081669],[-47.792465560692015,-15.859208316778235],[-47.794478174631806,-15.85746186953464],[-47.795673797999626,-15.858234979237922],[-47.7947171140198,-15.85957352942177],[-47.791627752677286,-15.858918730436114],[-47.79322036867824,-15.861062948074128],[-47.79101286558984,-15.863074227315792],[-47.78990059243085,-15.86200952379605],[-47.789242996258395,-15.864276128695774],[-47.79095146955074,-15.865716503065178],[-47.793607783790186,-15.864833046738699],[-47.800268922977914,-15.869488663141414],[-47.80250432078639,-15.873674839042023],[-47.804837870236504,-15.873709105828157],[-47.80515019830332,-15.875404005996069],[-47.803791558968804,-15.87677648624686],[-47.80708591300807,-15.882002631888724],[-47.812404989235915,-15.877804420389596],[-47.81172626796715,-15.876931519575416],[-47.812821838792665,-15.875820485678432],[-47.8138349929741,-15.876775053008165],[-47.81453813495631,-15.87620675739629],[-47.81394887243101,-15.875375709752852],[-47.81487117834248,-15.874589505823883],[-47.81106168845063,-15.872273442093798],[-47.812769124784744,-15.870423266276283],[-47.81172769211598,-15.87063035727483],[-47.808907262675106,-15.86752717787428],[-47.81123759570225,-15.865733447647683],[-47.81431475368701,-15.868123571167928],[-47.81704496499077,-15.865588198594933],[-47.819694658310574,-15.86475950851019],[-47.81558768812516,-15.866988718388102],[-47.81358251068808,-15.86499328002898],[-47.81494429107727,-15.863857278717743],[-47.81255584500292,-15.86145820322845],[-47.8103692878113,-15.864002769586158],[-47.80752974866316,-15.861114858412908],[-47.81001195646047,-15.859061110661841],[-47.811422758485584,-15.86001955193877],[-47.8127687283926,-15.857584427944683],[-47.81178008807388,-15.851353377879265],[-47.809293522350906,-15.847280954733648],[-47.807226871891515,-15.846526547176703],[-47.80388348049293,-15.84962630065585],[-47.80079446512115,-15.84998752696419],[-47.80058898696454,-15.849226052492957],[-47.802939986442574,-15.847426491053197],[-47.800615608371174,-15.847935359003577],[-47.801742980367976,-15.846475630179773],[-47.80103612729081,-15.846209454751545],[-47.801616582690365,-15.844804069629166],[-47.80246972779311,-15.844958004217549],[-47.8026374441547,-15.84356953100978],[-47.80462934249646,-15.843421829977643],[-47.80355285459802,-15.843063302940779],[-47.80366230262094,-15.841081699221796],[-47.80090723504551,-15.844616961561906],[-47.79977849079476,-15.844089675052723],[-47.79852257553869,-15.847903571665197],[-47.797592975909815,-15.848276832463496],[-47.797065060199884,-15.846626371750647],[-47.79784545061433,-15.843992728093506],[-47.79908569448584,-15.843556749168425],[-47.798721929291105,-15.840760692828091],[-47.79653066982957,-15.843526529143709],[-47.79589037382559,-15.843846965431053],[-47.7952121902317,-15.842516460789437],[-47.79451977079291,-15.84292661345729],[-47.795244179270426,-15.844227437022173],[-47.79236484026363,-15.844854913337906],[-47.792710730166064,-15.846113615883052],[-47.79490589676005,-15.846622667746415],[-47.794013779162036,-15.847812766264967],[-47.79481839190871,-15.852462554908225],[-47.79326586255504,-15.85176911121688],[-47.79161375994166,-15.852801928571736],[-47.79023413764652,-15.851207613390741],[-47.78818709215774,-15.851179794533703],[-47.78813306477578,-15.850006411046772],[-47.78661303808847,-15.849660204747188],[-47.78408486790853,-15.850602700173152],[-47.78350176217673,-15.852359688990742],[-47.783030119458836,-15.84869969773477],[-47.785436597743626,-15.848296860969755],[-47.78081070739528,-15.848379793469674],[-47.782840322538455,-15.847820386838757],[-47.78280907037499,-15.845541141642443],[-47.781249997165006,-15.845496452488675],[-47.78124999663573,-15.846639947585178],[-47.78019517553845,-15.8466958808683],[-47.779701404820976,-15.844953337220808],[-47.77759557730944,-15.845526753694106],[-47.77614344716367,-15.843106875699215],[-47.77585582239804,-15.839972127203868],[-47.784081303066,-15.842729001410117],[-47.78401987864276,-15.84472985720897],[-47.785596704834695,-15.844688080655166],[-47.78622969753258,-15.842688383944697],[-47.78798361522717,-15.843117389044785],[-47.788749554577926,-15.842114059495174],[-47.790864191114295,-15.84393376387638],[-47.79429729119701,-15.844196489276067],[-47.79356115073528,-15.842295936811896],[-47.79771552174553,-15.839081367850564],[-47.80011375657895,-15.839157936683948],[-47.80381235301362,-15.835331346821164],[-47.81445933655923,-15.849981953921302],[-47.8220398842404,-15.842628052366997],[-47.82400273808431,-15.84200758637827],[-47.82515152311346,-15.843247273745027],[-47.826899914808344,-15.841915255035035],[-47.82596044689024,-15.840789057949236],[-47.827445158695205,-15.839783057247937],[-47.82841631616737,-15.841156394511634],[-47.83135477715376,-15.83913308786193],[-47.83119553771768,-15.837911797725964],[-47.829951018983536,-15.838581287719665],[-47.82946050309386,-15.83728158700265],[-47.82845314409537,-15.838426860961023],[-47.82550341227976,-15.837975739046614],[-47.82487848883506,-15.834443677369883],[-47.822720448411225,-15.834610118981276],[-47.82518057843668,-15.832818133231966],[-47.831801879888594,-15.83073186079863],[-47.83570257111255,-15.831693398652565],[-47.839323825471524,-15.835174949578485],[-47.83852509144782,-15.833860235439651],[-47.840904309402404,-15.839029695344268],[-47.84845386814871,-15.840160730111146],[-47.85362231063843,-15.839803499082276],[-47.858085355295565,-15.844293058447963],[-47.861167133231774,-15.845973971442394],[-47.86328057378676,-15.848749524894899],[-47.86011898985674,-15.84951445674052],[-47.860489539089045,-15.850584805244218],[-47.85686712338228,-15.852080625622687],[-47.85884942723199,-15.855065145232922],[-47.85958145059868,-15.853153685264108],[-47.86103268593899,-15.85234102888185],[-47.86655686471373,-15.852393116932085],[-47.86542881674344,-15.855293562458437],[-47.867101352920244,-15.855214071937407],[-47.86841866900512,-15.857246738855103],[-47.86756624900729,-15.858763364839932],[-47.87061198953094,-15.859469059376314],[-47.87425633931304,-15.85894528585891],[-47.874550509772234,-15.86058949878677],[-47.87807923932565,-15.861197777925858],[-47.878440979841606,-15.86445565836356],[-47.88065948659663,-15.865888856149532]],[[-47.8686358913696,-15.86797281845654],[-47.86616993176552,-15.866963015497511],[-47.86306791664,-15.873579092414534],[-47.86616114190185,-15.867005522721705],[-47.8686358913696,-15.86797281845654]],[[-47.868569737387816,-15.863465898687807],[-47.86594455410879,-15.86252307008587],[-47.86594168597451,-15.862529864951666],[-47.868569737387816,-15.863465898687807]],[[-47.8637350907476,-15.869071631069394],[-47.85609914547942,-15.86560525201789],[-47.85699746803,-15.86387393401478],[-47.85491194591452,-15.86676205908875],[-47.85609724676304,-15.865608894865927],[-47.8637350907476,-15.869071631069394]],[[-47.858112152153275,-15.854769891670381],[-47.85786686850613,-15.85450114435518],[-47.85793646523163,-15.854595218950559],[-47.858112152153275,-15.854769891670381]],[[-47.85724794797832,-15.853720564342762],[-47.85694254814277,-15.85323465695288],[-47.85703840819482,-15.85345776313484],[-47.85724794797832,-15.853720564342762]],[[-47.85674961289527,-15.86311417266752],[-47.85645348110671,-15.863597631528846],[-47.85645787663997,-15.863599686733723],[-47.85674961289527,-15.86311417266752]],[[-47.856422917922394,-15.855405042367037],[-47.855970729810664,-15.853079744984344],[-47.85594750729508,-15.853084868413491],[-47.856422917922394,-15.855405042367037]],[[-47.853413595653755,-15.856231080766666],[-47.853098250377684,-15.854804717249193],[-47.85336516577065,-15.856056081042459],[-47.853413595653755,-15.856231080766666]],[[-47.84449666114405,-15.860078144778413],[-47.844387407267774,-15.860129491413199],[-47.844388708243784,-15.86013217638709],[-47.84449666114405,-15.860078144778413]],[[-47.840926557536775,-15.839426933239485],[-47.84075480653045,-15.839349120534829],[-47.840877296914236,-15.839464525965255],[-47.840926557536775,-15.839426933239485]],[[-47.8408699180286,-15.838985754237164],[-47.84082712567454,-15.838802718083674],[-47.840868835780675,-15.839008887859835],[-47.8408699180286,-15.838985754237164]],[[-47.84086528185535,-15.839084938689222],[-47.84085217831841,-15.839231855675362],[-47.840858776137026,-15.839224132532003],[-47.84086528185535,-15.839084938689222]],[[-47.84081660321029,-15.838757708120834],[-47.84040134507566,-15.837824591202528],[-47.840422585723076,-15.838066348956051],[-47.84081660321029,-15.838757708120834]],[[-47.84049678868498,-15.859778330653043],[-47.839944694101746,-15.859562808773594],[-47.8402364680712,-15.859743624511145],[-47.84049678868498,-15.859778330653043]],[[-47.84046237956646,-15.845294833287667],[-47.83929868302292,-15.845096039001756],[-47.84045072069444,-15.845307384878483],[-47.83993961269512,-15.847442189541775],[-47.84046237956646,-15.845294833287667]],[[-47.840357287742414,-15.8376375643527],[-47.8400550892195,-15.836618793968151],[-47.83942410631793,-15.835348418003463],[-47.840357287742414,-15.8376375643527]],[[-47.839906544251576,-15.847578025397135],[-47.8372924602772,-15.847130898187777],[-47.8399045838674,-15.847586076076679],[-47.839906544251576,-15.847578025397135]],[[-47.83882111275479,-15.844959638049701],[-47.83877303095929,-15.84496823448794],[-47.83881602149938,-15.844978306006254],[-47.83882111275479,-15.844959638049701]],[[-47.838534840576784,-15.84491242851023],[-47.83694514137054,-15.844157788676197],[-47.83477997355623,-15.846858694190853],[-47.83698257384501,-15.844191404192069],[-47.838534840576784,-15.84491242851023]],[[-47.83766525819671,-15.860991227897706],[-47.83659357672713,-15.860372954810881],[-47.83764544704792,-15.86102601693689],[-47.83766525819671,-15.860991227897706]],[[-47.83708480582035,-15.847878868747697],[-47.8360118501817,-15.84849745636993],[-47.83689250423803,-15.848689570141502],[-47.83708480582035,-15.847878868747697]],[[-47.83544042494584,-15.859693769894895],[-47.834970955153764,-15.85941725707658],[-47.832973488172904,-15.858337884252302],[-47.83544042494584,-15.859693769894895]],[[-47.79136686767492,-15.876492392889993],[-47.791133661677414,-15.876880579858216],[-47.79121974296668,-15.876776208875246],[-47.79136686767492,-15.876492392889993]],[[-47.79111447857816,-15.877012980302046],[-47.78975017696532,-15.877628362194228],[-47.79102300599803,-15.877153548005078],[-47.79111447857816,-15.877012980302046]],[[-47.78542379523994,-15.848267104633994],[-47.784804605103574,-15.848011175572646],[-47.78440441986432,-15.84851242015584],[-47.78542379523994,-15.848267104633994]],[[-47.78271855366346,-15.848211449902593],[-47.78271528012797,-15.847972728620746],[-47.78270910672503,-15.847972614669512],[-47.782712382903085,-15.848211529190706],[-47.78271855366346,-15.848211449902593]],[[-47.77070476374132,-15.872566034984382],[-47.77055435606486,-15.872149690836778],[-47.77054822284391,-15.87214554448061],[-47.77069813975193,-15.872560529363675],[-47.77070476374132,-15.872566034984382]],[[-47.77009425762908,-15.871076321040928],[-47.77008240383321,-15.871075476681998],[-47.77003064112052,-15.871786572709675],[-47.77009425762908,-15.871076321040928]],[[-47.76407204879496,-15.898706069409538],[-47.763523685654185,-15.898443875392358],[-47.763818721794735,-15.898592780900751],[-47.76407204879496,-15.898706069409538]],[[-47.76393856628678,-15.888452173024096],[-47.76241171060884,-15.890336439228705],[-47.763507077314436,-15.8894647049604],[-47.76393856628678,-15.888452173024096]],[[-47.76328104588978,-15.899916422841697],[-47.76318134865362,-15.899789045722235],[-47.76169881914904,-15.898812406592654],[-47.76328104588978,-15.899916422841697]],[[-47.75043001658194,-15.867793135367556],[-47.7500619124493,-15.86762064376766],[-47.74961048618082,-15.86786571949359],[-47.75043001658194,-15.867793135367556]]],[[[-47.88047305390067,-15.730467755168535],[-47.879487851790756,-15.731214964280971],[-47.879692196032394,-15.730934313177224],[-47.88047305390067,-15.730467755168535]]],[[[-47.878890347254234,-15.809258955253245],[-47.878248902846636,-15.809445630446644],[-47.87805899985354,-15.808806601038238],[-47.878890347254234,-15.809258955253245]]],[[[-47.87844053106635,-15.732498343935653],[-47.878320341270374,-15.732640679365419],[-47.878374234533574,-15.732554693108602],[-47.87844053106635,-15.732498343935653]]],[[[-47.878193183702365,-15.584510924500407],[-47.87804570185521,-15.585831268778852],[-47.87586988023795,-15.58682443804819],[-47.87592902169238,-15.588688739119704],[-47.874436326365156,-15.588708265040491],[-47.87167902168184,-15.59083448412834],[-47.87024370855377,-15.590210101586512],[-47.87138337043768,-15.593081585636558],[-47.86931452199506,-15.591686365347343],[-47.86716776139619,-15.592484545744],[-47.866553228094524,-15.591740489774459],[-47.86753697865684,-15.590557448418407],[-47.86471368573984,-15.590275321310193],[-47.86410057470558,-15.58873016093901],[-47.85901816928627,-15.586669700625803],[-47.85935034602095,-15.585733485544967],[-47.86555130606501,-15.586680209001136],[-47.86574042169987,-15.58787247486593],[-47.869674432322356,-15.58983165693398],[-47.8711102764846,-15.588108605516119],[-47.87120496444714,-15.585374060320873],[-47.87250451137972,-15.583395534214382],[-47.878193183702365,-15.584510924500407]]],[[[-47.878157671548344,-15.732830179314716],[-47.8781178349927,-15.732876206303018],[-47.878133215320375,-15.732851377924014],[-47.878157671548344,-15.732830179314716]]],[[[-47.87804454401765,-15.732979311030286],[-47.8779863100145,-15.733112258046758],[-47.87799006459697,-15.733083555412907],[-47.87804454401765,-15.732979311030286]]],[[[-47.8777855156766,-15.73369870715279],[-47.87766737443982,-15.733868417636387],[-47.87774480580626,-15.733741529755045],[-47.8777855156766,-15.73369870715279]]],[[[-47.877451147703496,-15.734184447537169],[-47.87724051561571,-15.734527829247575],[-47.87729091611253,-15.73442031995441],[-47.877451147703496,-15.734184447537169]]],[[[-47.87721278815076,-15.734572018365037],[-47.87715350495613,-15.734653327208516],[-47.87718882712539,-15.734588738299422],[-47.87721278815076,-15.734572018365037]]],[[[-47.877065822032954,-15.734757165404588],[-47.876922471727994,-15.734917406338111],[-47.87703579849381,-15.73477137620881],[-47.877065822032954,-15.734757165404588]]],[[[-47.87669376433731,-15.735170751245663],[-47.87662766316994,-15.73526301410466],[-47.87666135897628,-15.735205283965586],[-47.87669376433731,-15.735170751245663]]],[[[-47.876598042717895,-15.735304357254034],[-47.87657474853175,-15.735336870524524],[-47.87658100039197,-15.735323745653599],[-47.876598042717895,-15.735304357254034]]],[[[-47.87659696607423,-15.82456414723678],[-47.87633996014611,-15.824555591487345],[-47.87650256455691,-15.824527133300283],[-47.87659696607423,-15.82456414723678]]],[[[-47.8757205734779,-15.824667968507361],[-47.87552944398189,-15.824772208905319],[-47.875494668659265,-15.824750904003961],[-47.8757205734779,-15.824667968507361]]],[[[-47.87528892021624,-15.824648090119226],[-47.8746810385003,-15.824779179808667],[-47.87265628348387,-15.824216353532103],[-47.87528892021624,-15.824648090119226]]],[[[-47.87482415709209,-15.738502086533984],[-47.87474418802273,-15.738562803016983],[-47.874787199635215,-15.738521763778419],[-47.87482415709209,-15.738502086533984]]],[[[-47.87457322387644,-15.738692608484298],[-47.8745087781668,-15.738741538942188],[-47.87443719868314,-15.738773852776497],[-47.87457322387644,-15.738692608484298]]],[[[-47.874101922385414,-15.739006143822177],[-47.87380464362156,-15.739568722304128],[-47.87386528171148,-15.739197693086496],[-47.874101922385414,-15.739006143822177]]],[[[-47.87378566222966,-15.73969707641659],[-47.87349322942225,-15.739871184835282],[-47.87355888241672,-15.739757132419077],[-47.87378566222966,-15.73969707641659]]],[[[-47.87327993876082,-15.740009623153325],[-47.873242235178374,-15.740034095495393],[-47.87324363238846,-15.740018669500518],[-47.87327993876082,-15.740009623153325]]],[[[-47.872907189054665,-15.740533092771697],[-47.87284638843085,-15.740591323579203],[-47.87286524514836,-15.740556480380105],[-47.872907189054665,-15.740533092771697]]],[[[-47.872821060492576,-15.740602219138399],[-47.87260113221022,-15.740672848557338],[-47.872742346833576,-15.740571647100111],[-47.872821060492576,-15.740602219138399]]],[[[-47.87259808410948,-15.740759761253516],[-47.872478899874096,-15.740983066771888],[-47.87250489269467,-15.740791518761046],[-47.87259808410948,-15.740759761253516]]],[[[-47.87236023991796,-15.741140724419227],[-47.87152363536905,-15.74154022541317],[-47.87196338881581,-15.741209563078664],[-47.87236023991796,-15.741140724419227]]],[[[-47.87228466018565,-15.824331249902643],[-47.87145819228582,-15.82523662952912],[-47.871797851002235,-15.824638745445688],[-47.87228466018565,-15.824331249902643]]],[[[-47.87146484103481,-15.74157040937309],[-47.87136662763766,-15.741620742360473],[-47.87142395094771,-15.741577908383944],[-47.87146484103481,-15.74157040937309]]],[[[-47.87132786444374,-15.741640583829353],[-47.87048651179626,-15.742049768231077],[-47.87070172004719,-15.741867382360445],[-47.87132786444374,-15.741640583829353]]],[[[-47.86995887291346,-15.829937190072046],[-47.86932134730676,-15.829539227763561],[-47.869065201624146,-15.829257787719781],[-47.86995887291346,-15.829937190072046]]],[[[-47.86988624445957,-15.848245202766742],[-47.86981876704535,-15.848337483540583],[-47.86987186789066,-15.84819026550376],[-47.86988624445957,-15.848245202766742]]],[[[-47.86905888108045,-15.8471822062303],[-47.8689861110806,-15.847102265710303],[-47.868984041698134,-15.846955891559524],[-47.86905888108045,-15.8471822062303]]],[[[-47.868974614316755,-15.846691531297527],[-47.868962022853104,-15.84656604576922],[-47.86897456289522,-15.846597287091733],[-47.868974614316755,-15.846691531297527]]],[[[-47.868844686827785,-15.82910058813624],[-47.86881576514636,-15.829100969953751],[-47.86863727300083,-15.82895538218374],[-47.868844686827785,-15.82910058813624]]],[[[-47.86878056054899,-15.845774485437655],[-47.86876311753231,-15.845726049295537],[-47.86876282643469,-15.845705455618992],[-47.86878056054899,-15.845774485437655]]],[[[-47.868746978349265,-15.851609272214116],[-47.868651465439996,-15.851633373053076],[-47.86861479617949,-15.85117988517442],[-47.868746978349265,-15.851609272214116]]],[[[-47.86859333862962,-15.851116187798695],[-47.86825121582325,-15.850909643254589],[-47.868480558966915,-15.849454305837549],[-47.86859333862962,-15.851116187798695]]],[[[-47.86827778148471,-15.844778847458537],[-47.8682401026085,-15.84472322605181],[-47.86826693421822,-15.844678565443028],[-47.86827778148471,-15.844778847458537]]],[[[-47.86798858370055,-15.82850124636877],[-47.86723494405738,-15.82816536265312],[-47.86775428249166,-15.828337213521154],[-47.86798858370055,-15.82850124636877]]],[[[-47.86725916711596,-15.842812930799404],[-47.86677944640287,-15.84218124202507],[-47.866799283054604,-15.84193231952035],[-47.86725916711596,-15.842812930799404]]],[[[-47.86705939459105,-15.742773282651713],[-47.86659593024091,-15.743010704720268],[-47.866890857876164,-15.742811621506503],[-47.86705939459105,-15.742773282651713]]],[[[-47.86671839507804,-15.781492045647955],[-47.8626713887571,-15.78324187772709],[-47.862425262063944,-15.782408816348346],[-47.86499070649339,-15.781467034970937],[-47.86480692380762,-15.780680944508783],[-47.86626833202934,-15.78019574180937],[-47.86671839507804,-15.781492045647955]]],[[[-47.866568890158455,-15.743024633984218],[-47.866430844419625,-15.743099044480763],[-47.86650814249711,-15.743042430387742],[-47.866568890158455,-15.743024633984218]]],[[[-47.86640356384842,-15.743114244832446],[-47.86634536189862,-15.74314667481329],[-47.866361864212756,-15.743125633297977],[-47.86640356384842,-15.743114244832446]]],[[[-47.866172598479416,-15.743224086869157],[-47.86549133686384,-15.743480260358874],[-47.865984675562586,-15.743220904929533],[-47.866172598479416,-15.743224086869157]]],[[[-47.86590437832794,-15.840798192035086],[-47.865404870375436,-15.840327691370545],[-47.865314496307,-15.840173883570571],[-47.86590437832794,-15.840798192035086]]],[[[-47.865493515511105,-15.74353621077655],[-47.863227605105415,-15.745810598904995],[-47.864163114221995,-15.744455006693965],[-47.865493515511105,-15.74353621077655]]],[[[-47.86513855362286,-15.597718523001738],[-47.86361564044483,-15.599050214429266],[-47.86406490705214,-15.597305885383651],[-47.86491858338101,-15.596968711751437],[-47.86513855362286,-15.597718523001738]]],[[[-47.864875051000965,-15.83963566276023],[-47.86470675007332,-15.839534045733036],[-47.86409158629114,-15.838710070211265],[-47.864875051000965,-15.83963566276023]]],[[[-47.863913609059935,-15.600587289324377],[-47.86390339106822,-15.600897972281448],[-47.862770361459724,-15.60082354475144],[-47.863913609059935,-15.600587289324377]]],[[[-47.86373318088619,-15.605970587730509],[-47.86259633331059,-15.607906541536636],[-47.861530931912014,-15.607174916752797],[-47.86189767742349,-15.604465262225183],[-47.86260336669647,-15.604166677295108],[-47.86373318088619,-15.605970587730509]]],[[[-47.863470844394115,-15.595685329171783],[-47.86195390562485,-15.599087781562023],[-47.860121334892476,-15.59836372183404],[-47.86039051296826,-15.597565346637735],[-47.8570446866191,-15.597190728179319],[-47.85778453874206,-15.594121755565272],[-47.86268819437306,-15.596137579382978],[-47.863470844394115,-15.595685329171783]],[[-47.861704214104456,-15.598911028945134],[-47.86145452392046,-15.59873427595749],[-47.860658442562254,-15.598218961153052],[-47.861704214104456,-15.598911028945134]]],[[[-47.86336538616669,-15.848665842358605],[-47.86331029108195,-15.848807498492784],[-47.86308320021565,-15.848400051442406],[-47.86336538616669,-15.848665842358605]]],[[[-47.86306082044208,-15.746888271934063],[-47.86137599436157,-15.747981458282919],[-47.860271996235035,-15.747951445289546],[-47.86306082044208,-15.746888271934063]]],[[[-47.86294274861645,-15.837425385788672],[-47.862870884514464,-15.837440289764443],[-47.8628837623028,-15.837358634885712],[-47.86294274861645,-15.837425385788672]]],[[[-47.86177259186067,-15.83580938276402],[-47.86157546498709,-15.835782683279957],[-47.86160042843287,-15.835706748834378],[-47.86177259186067,-15.83580938276402]]],[[[-47.86163754336766,-15.714449125014655],[-47.858692095726504,-15.714444721907274],[-47.858741870407606,-15.712709326603155],[-47.85618283652441,-15.712703972321377],[-47.85386066755777,-15.709807259876646],[-47.85791560691977,-15.710482988307474],[-47.857778628305105,-15.711273302391705],[-47.85876424380046,-15.710071076609358],[-47.86095813838039,-15.710314728441093],[-47.86163754336766,-15.714449125014655]]],[[[-47.86152283882904,-15.846138287039318],[-47.85999296264373,-15.845320223055614],[-47.86080337736356,-15.845531318378582],[-47.86152283882904,-15.846138287039318]]],[[[-47.86151285165208,-15.79233431365989],[-47.85999429440028,-15.792798745884797],[-47.85973155926543,-15.792013690604456],[-47.861220101651675,-15.791520982211663],[-47.86151285165208,-15.79233431365989]]],[[[-47.860030521415695,-15.747923006256904],[-47.85919167490546,-15.748024328863828],[-47.85967088209327,-15.747878057468746],[-47.860030521415695,-15.747923006256904]]],[[[-47.86002252588791,-15.82742618602479],[-47.859304212937,-15.827283044953793],[-47.85970076840745,-15.827310689280788],[-47.86002252588791,-15.82742618602479]]],[[[-47.85942316109881,-15.833088426867638],[-47.85940451119456,-15.833109458443],[-47.859366658217176,-15.833038600996618],[-47.85942316109881,-15.833088426867638]]],[[[-47.85916125486505,-15.748106328376688],[-47.85864265421216,-15.748374005255897],[-47.859130769925585,-15.748065767743594],[-47.85916125486505,-15.748106328376688]]],[[[-47.858938073409064,-15.84453804919653],[-47.85891480056116,-15.844712723253405],[-47.85794948363411,-15.843994538189966],[-47.858938073409064,-15.84453804919653]]],[[[-47.858618971603796,-15.851425770852627],[-47.858416692100235,-15.851716443158086],[-47.858444026397336,-15.851528263905285],[-47.858618971603796,-15.851425770852627]]],[[[-47.858543601956875,-15.748411679384292],[-47.85795162902965,-15.748729766956878],[-47.858298677660464,-15.748514691553126],[-47.858543601956875,-15.748411679384292]]],[[[-47.85810897841901,-15.831753829291673],[-47.857593533339,-15.831477638436343],[-47.85789973738916,-15.831611085575894],[-47.85810897841901,-15.831753829291673]]],[[[-47.8578639272823,-15.748775072953379],[-47.85763123183199,-15.748890015580415],[-47.85762402456351,-15.748875752710397],[-47.8578639272823,-15.748775072953379]]],[[[-47.85758541363476,-15.748910092067064],[-47.856924389465455,-15.749242915160414],[-47.85691123556107,-15.749187642037032],[-47.85758541363476,-15.748910092067064]]],[[[-47.857478496297844,-15.831382604435069],[-47.856641211236614,-15.830518050141935],[-47.85691145221731,-15.830716796904943],[-47.857478496297844,-15.831382604435069]]],[[[-47.856748268029556,-15.569998810785425],[-47.85447353807792,-15.571744557962365],[-47.855344436855205,-15.572771296420964],[-47.85442923563708,-15.572672449114581],[-47.853664200404,-15.57470785548163],[-47.852899436844176,-15.572528973396825],[-47.850271560787235,-15.572004995023727],[-47.8517861753368,-15.574633331256424],[-47.85062067302798,-15.576057407813712],[-47.84822496936427,-15.571105826859595],[-47.8439312830674,-15.570372451906875],[-47.84404225555924,-15.569097677879393],[-47.85002731668534,-15.569269372207552],[-47.848906118931396,-15.566654178113142],[-47.849730845831566,-15.565370165647115],[-47.85471787121791,-15.566689592932754],[-47.856748268029556,-15.569998810785425]]],[[[-47.85628516444635,-15.729806309767884],[-47.856252156777714,-15.72984441679246],[-47.8562504354345,-15.72972115635176],[-47.85628516444635,-15.729806309767884]]],[[[-47.856257627812084,-15.632934206621101],[-47.8546424541896,-15.63557686399338],[-47.85112422738767,-15.637334043615251],[-47.848149221161975,-15.64326558308272],[-47.84706766514436,-15.643143667302825],[-47.84401864462511,-15.638712530438925],[-47.83175222688415,-15.636844616486185],[-47.82925590202354,-15.640003111574744],[-47.83066432801871,-15.640546743435124],[-47.82986410344082,-15.64153200123253],[-47.830838152953916,-15.643417327804094],[-47.82844412891535,-15.642751043476059],[-47.832704176306905,-15.643641318670102],[-47.83179111427611,-15.646705668823401],[-47.83086079569244,-15.646161426966131],[-47.829782816907624,-15.650680117669713],[-47.8265047422818,-15.651052655462266],[-47.82826690882685,-15.64464394693798],[-47.82619565493567,-15.652174067451895],[-47.81817699795817,-15.651115451916468],[-47.81311289709458,-15.64346045518231],[-47.811047405734755,-15.644018705950268],[-47.814094950752796,-15.654330813763153],[-47.81130738172787,-15.655224324453203],[-47.81218804869835,-15.656088394654168],[-47.81172189694209,-15.657283932323608],[-47.81134793952537,-15.655430970016878],[-47.81147867641317,-15.659209179227984],[-47.80943688942576,-15.664485857061383],[-47.80807203540541,-15.665865066342207],[-47.803838082389746,-15.66532179520561],[-47.80320368624714,-15.667906797888518],[-47.80138745467438,-15.667834476500431],[-47.8007496587238,-15.667364728537484],[-47.80141050738652,-15.666344836782269],[-47.78728289622873,-15.65927043367012],[-47.786558740367255,-15.660710542561826],[-47.783292665373594,-15.659203637937459],[-47.77986853413649,-15.661435423076911],[-47.77833870291717,-15.661383158912935],[-47.778051625994856,-15.660215896439867],[-47.779698246128824,-15.656721376535392],[-47.7744594638428,-15.654316191424817],[-47.77600587249802,-15.651092752970817],[-47.7767216551609,-15.651431400204345],[-47.77602633765715,-15.651092873803375],[-47.776555662814296,-15.6499573869971],[-47.77598720837002,-15.651082980744096],[-47.77498994794043,-15.650614485415792],[-47.7759876374835,-15.651093983894437],[-47.77445493093412,-15.654315363762597],[-47.77061742653719,-15.652628400911688],[-47.77224609913514,-15.649339790463166],[-47.7677200239549,-15.647246948531423],[-47.76540816083275,-15.65230490045026],[-47.75968888954943,-15.655845212186202],[-47.75611401135637,-15.653371728397051],[-47.759699349476826,-15.655861208223438],[-47.75820086510095,-15.660834728999216],[-47.75772539169094,-15.66033553121359],[-47.750625606900385,-15.666347407479629],[-47.747567371330895,-15.664009291618353],[-47.74912935242513,-15.664287286092867],[-47.747671304301115,-15.663555931238447],[-47.75355980548356,-15.651743338810313],[-47.75610168213471,-15.653359567934123],[-47.75307215806912,-15.651423921682406],[-47.7580872968894,-15.643322246309182],[-47.76614635098408,-15.647042992125495],[-47.76837749362648,-15.64306214564443],[-47.772315157889956,-15.644265243113395],[-47.775029601100755,-15.639647345807298],[-47.77836156460794,-15.639519861596796],[-47.78224122143431,-15.641772043098014],[-47.782270754649346,-15.634469257557269],[-47.78662487436311,-15.634772393111891],[-47.7877615620666,-15.64010159262103],[-47.78934588161341,-15.641026769773392],[-47.797800121195955,-15.639369709038208],[-47.80016848343577,-15.637701943107368],[-47.80106927712779,-15.63864521481221],[-47.808595581877896,-15.637243273092933],[-47.81109538911123,-15.644726090283456],[-47.81092584843533,-15.643777248116876],[-47.82011097306513,-15.640764319791776],[-47.82147880182201,-15.638079698213188],[-47.82157472761081,-15.639655183460965],[-47.82174474000174,-15.63738217624707],[-47.82420250664989,-15.632834033910049],[-47.82492261969044,-15.626787547423834],[-47.8287791693641,-15.626761532716449],[-47.82931359797939,-15.624716280965462],[-47.82987531086674,-15.62679451024826],[-47.83167349335021,-15.626726144177088],[-47.831686356826445,-15.625172606839042],[-47.83047503164487,-15.624637336180568],[-47.833018386714535,-15.624690298169686],[-47.83350920096094,-15.623339766154846],[-47.8354103830881,-15.623300194272465],[-47.83403864962152,-15.620413283537188],[-47.832305907057986,-15.619713558306966],[-47.83297330912614,-15.6191408011896],[-47.835424379699205,-15.621132523503425],[-47.83647701787265,-15.620791930047679],[-47.83619286583961,-15.621829321548866],[-47.837648383010794,-15.623054085097296],[-47.8368175133566,-15.623652280832262],[-47.838214574514936,-15.625022740774904],[-47.840614518217535,-15.624269018217042],[-47.84183668977766,-15.625625264293307],[-47.84237357538004,-15.62398218484581],[-47.84596362463927,-15.622892599546468],[-47.84527369210344,-15.619623244165133],[-47.84680204990911,-15.621910873598642],[-47.8467488084718,-15.620755579668712],[-47.84793185823513,-15.621096406246078],[-47.84696479329318,-15.623020509029905],[-47.84792791152156,-15.623719828665177],[-47.84062656129003,-15.627233518521152],[-47.84137296754255,-15.631797079227962],[-47.84037950765979,-15.630447298581963],[-47.84156517763046,-15.631958202866905],[-47.846199642144185,-15.632552847521096],[-47.850002600585796,-15.63133927497042],[-47.85331546070634,-15.632293280906811],[-47.85319131764702,-15.63304447658011],[-47.856257627812084,-15.632934206621101]],[[-47.77498994794043,-15.650614485415792],[-47.77498691149364,-15.650613061674123],[-47.77458953801962,-15.651408973080706],[-47.77498994794043,-15.650614485415792]],[[-47.78224122143431,-15.641772043098014],[-47.78347381289054,-15.642333925619758],[-47.78347484721183,-15.64233183884098],[-47.78224122143431,-15.641772043098014]],[[-47.84084298231307,-15.631156922309044],[-47.84038135542812,-15.63056016416732],[-47.84047527918466,-15.630771180631728],[-47.84084298231307,-15.631156922309044]],[[-47.84567368491837,-15.638401379221571],[-47.84567115344053,-15.638397391435518],[-47.84558929008795,-15.63841613818582],[-47.84567368491837,-15.638401379221571]],[[-47.84562714336468,-15.638328042115427],[-47.84559092314018,-15.63827096969637],[-47.84560344265348,-15.638298260853508],[-47.84562714336468,-15.638328042115427]],[[-47.84504830864773,-15.638512292393408],[-47.84397241794994,-15.638661675432575],[-47.84464439919195,-15.638585445797553],[-47.84504830864773,-15.638512292393408]],[[-47.84492480373647,-15.637221335502172],[-47.84476528465526,-15.636969971753249],[-47.84476402936148,-15.63699883798466],[-47.84492480373647,-15.637221335502172]],[[-47.84486116389432,-15.63596201485401],[-47.84464372410744,-15.633360612817158],[-47.844743497726434,-15.634598893161849],[-47.84486116389432,-15.63596201485401]],[[-47.844780003634604,-15.63686006244332],[-47.8447273826415,-15.636019253720907],[-47.84476715438286,-15.636926963831476],[-47.844780003634604,-15.63686006244332]],[[-47.84449058602056,-15.632538973194],[-47.84382269854467,-15.632457724509463],[-47.84441183041862,-15.632545872447297],[-47.84449058602056,-15.632538973194]],[[-47.84331857137582,-15.637568662952813],[-47.841818357165295,-15.637490150783696],[-47.84330792070254,-15.637508912035099],[-47.84331308785573,-15.63788290839793],[-47.84331857137582,-15.637568662952813]],[[-47.843310008139156,-15.638577809467527],[-47.84286244840564,-15.63868190493278],[-47.84329241756458,-15.638697009362437],[-47.843310008139156,-15.638577809467527]],[[-47.84328934887222,-15.625819643581098],[-47.83915090105972,-15.626871478592946],[-47.84037799113492,-15.626867031107336],[-47.84062045814847,-15.628057146516046],[-47.84038083884318,-15.626873493051157],[-47.84328934887222,-15.625819643581098]],[[-47.841746853116206,-15.632180983940898],[-47.841665900906065,-15.63214306287091],[-47.841743490053034,-15.632180881226857],[-47.841746853116206,-15.632180983940898]],[[-47.84159456549052,-15.6321082927238],[-47.841430407249554,-15.631872448486586],[-47.841587606188895,-15.632104900509633],[-47.84159456549052,-15.6321082927238]],[[-47.841413006333845,-15.637485043791589],[-47.841309304923705,-15.63748475351479],[-47.841374789313996,-15.637744309696163],[-47.841413006333845,-15.637485043791589]],[[-47.84137589381127,-15.638470774655614],[-47.841375858986424,-15.638448542221795],[-47.841372972971136,-15.638470172214499],[-47.84137589381127,-15.638470774655614]],[[-47.841374022628855,-15.636773397766294],[-47.84084791396251,-15.636772278855679],[-47.841362741584476,-15.637291573540349],[-47.841374022628855,-15.636773397766294]],[[-47.84042104268676,-15.638273992034282],[-47.83933274907046,-15.638043305792944],[-47.839517781519405,-15.638087839072426],[-47.84042104268676,-15.638273992034282]],[[-47.84029549125201,-15.637485398270556],[-47.83957511344212,-15.637485424876857],[-47.839930580226586,-15.637490126813425],[-47.84029549125201,-15.637485398270556]],[[-47.83946837024564,-15.637239684431862],[-47.83946289832984,-15.637483939922815],[-47.83946334018269,-15.63748394593908],[-47.83946837024564,-15.637239684431862]],[[-47.8391261284373,-15.626871253809604],[-47.83887919130246,-15.626863578708681],[-47.83877994759065,-15.626862517953485],[-47.8391261284373,-15.626871253809604]],[[-47.8390101858271,-15.636730550580426],[-47.83898435630386,-15.636729195403564],[-47.83898767087894,-15.636926309173226],[-47.8390101858271,-15.636730550580426]],[[-47.83899668759535,-15.637972070127834],[-47.83898635605754,-15.637369271528687],[-47.83858507136047,-15.637901513530402],[-47.83899668759535,-15.637972070127834]],[[-47.83881598218512,-15.636720359959986],[-47.83807431913042,-15.636681439913882],[-47.838073998806166,-15.636691125479379],[-47.83881598218512,-15.636720359959986]],[[-47.83822263888711,-15.637823843854564],[-47.83804622486011,-15.637530250806238],[-47.83418531916418,-15.636990375516351],[-47.83822263888711,-15.637823843854564]],[[-47.83369735106908,-15.631777360316555],[-47.83325479680448,-15.631759633746725],[-47.8325287642916,-15.631769013780353],[-47.83369735106908,-15.631777360316555]],[[-47.83366986916513,-15.636881345770247],[-47.831781749334645,-15.636416256598531],[-47.83224762396765,-15.63656080304347],[-47.83366986916513,-15.636881345770247]],[[-47.83133389688771,-15.633596869702092],[-47.83115129897984,-15.63359922788969],[-47.83133389468411,-15.633599894286325],[-47.83133389688771,-15.633596869702092]],[[-47.831333614539105,-15.633958919623787],[-47.83131577681426,-15.634466281020327],[-47.831333218227876,-15.634466351976883],[-47.831333614539105,-15.633958919623787]],[[-47.830843879553726,-15.636068839971387],[-47.83002076230127,-15.635708197632605],[-47.83029054495008,-15.635846305064415],[-47.830843879553726,-15.636068839971387]],[[-47.82990330769701,-15.633615341186902],[-47.82988998722179,-15.6336155131344],[-47.82989646437996,-15.63408667549549],[-47.82990330769701,-15.633615341186902]],[[-47.8298970050199,-15.633113331294004],[-47.82988840636915,-15.632233749828314],[-47.82988949949124,-15.633580033920348],[-47.8298970050199,-15.633113331294004]],[[-47.82989612727486,-15.635644394425842],[-47.829894737322185,-15.635197168746473],[-47.829880781961876,-15.635636538483425],[-47.82989612727486,-15.635644394425842]],[[-47.82964760859474,-15.641436286172157],[-47.82883999929486,-15.640796236241645],[-47.82963498014976,-15.641449947317046],[-47.82964760859474,-15.641436286172157]],[[-47.8288640241995,-15.63660704742903],[-47.82881847135959,-15.636391001274404],[-47.828661190809065,-15.636193335025343],[-47.8288640241995,-15.63660704742903]],[[-47.828565601079475,-15.636073197767116],[-47.8285549971456,-15.636059868124187],[-47.827969552785234,-15.635739446165255],[-47.828565601079475,-15.636073197767116]],[[-47.82818115855594,-15.644687240595593],[-47.8281788651689,-15.644654321546565],[-47.82811992599814,-15.6448726484427],[-47.82818115855594,-15.644687240595593]],[[-47.82807817607334,-15.644979158086642],[-47.828049261178364,-15.645015153238287],[-47.828027890138586,-15.645254381148499],[-47.82796075063708,-15.645492304209176],[-47.82807817607334,-15.644979158086642]],[[-47.8274344508326,-15.647362802687569],[-47.827354631154066,-15.647550118493644],[-47.82687716034681,-15.649498737298286],[-47.8274344508326,-15.647362802687569]],[[-47.82716288439991,-15.635408040700625],[-47.827127981977924,-15.635397263199454],[-47.827101342700615,-15.635390353774277],[-47.82716288439991,-15.635408040700625]],[[-47.82622017209665,-15.635199771351822],[-47.82618814173769,-15.635194324835604],[-47.82556295272461,-15.635272023469772],[-47.82622017209665,-15.635199771351822]],[[-47.825097710351585,-15.637562818668128],[-47.82490231477986,-15.637383515266364],[-47.824974053186,-15.637468077860925],[-47.825097710351585,-15.637562818668128]],[[-47.82504963729485,-15.635485349695877],[-47.82478838228083,-15.635618586093866],[-47.82469321882307,-15.63579257145573],[-47.82504963729485,-15.635485349695877]],[[-47.82478710144485,-15.629026675798421],[-47.82471219311482,-15.630033601106128],[-47.82472348124254,-15.63009922589246],[-47.82478710144485,-15.629026675798421]],[[-47.82471262181723,-15.637186028655524],[-47.824478094964746,-15.636185877987668],[-47.8244339650427,-15.636746231524683],[-47.82471262181723,-15.637186028655524]],[[-47.82466912688966,-15.630664496797202],[-47.82458473737063,-15.631149398855621],[-47.82466003607936,-15.630757549259467],[-47.82466912688966,-15.630664496797202]],[[-47.82099884529884,-15.639801281588149],[-47.820970395429825,-15.639771998996066],[-47.820894236203735,-15.6399895884111],[-47.82099884529884,-15.639801281588149]],[[-47.8207530421441,-15.640312319075761],[-47.81920656776671,-15.641468547091632],[-47.82007994064976,-15.641127352588388],[-47.8207530421441,-15.640312319075761]],[[-47.81107513613224,-15.657660667597069],[-47.81062119862923,-15.655363828022432],[-47.810608809041575,-15.655366346950963],[-47.81107513613224,-15.657660667597069]],[[-47.809964273330955,-15.65956417987115],[-47.809933380216094,-15.65952084574252],[-47.809693709887576,-15.660238876184437],[-47.80883642538818,-15.661954753254932],[-47.809964273330955,-15.65956417987115]],[[-47.80966556122895,-15.658369722001956],[-47.80906278616202,-15.655656722919648],[-47.80903552933766,-15.655661692148817],[-47.80966556122895,-15.658369722001956]],[[-47.80878486413398,-15.655707394107822],[-47.80653825732501,-15.656116987966042],[-47.80200651855899,-15.657026473925253],[-47.80878486413398,-15.655707394107822]],[[-47.80752685148914,-15.664676271775715],[-47.80355311457655,-15.662754824512719],[-47.80458979354148,-15.66333452958489],[-47.80752685148914,-15.664676271775715]],[[-47.80697483133782,-15.665361379934831],[-47.806974388496236,-15.665361102030408],[-47.804874795852314,-15.664332684619348],[-47.80697483133782,-15.665361379934831]],[[-47.80434258423464,-15.664023925240068],[-47.8027661503666,-15.66330283608072],[-47.80406812015776,-15.663906918260638],[-47.80434258423464,-15.664023925240068]],[[-47.80423807085371,-15.652009898398187],[-47.804236160473216,-15.652000907726764],[-47.80275401149808,-15.652295060815034],[-47.80423807085371,-15.652009898398187]],[[-47.80410589084965,-15.66042640617244],[-47.803964125423704,-15.659783914940569],[-47.8031380606703,-15.662522726283825],[-47.80410589084965,-15.66042640617244]],[[-47.80276205615514,-15.663301589798284],[-47.80257267881011,-15.663243944433278],[-47.801175199017344,-15.666082624900227],[-47.80276205615514,-15.663301589798284]],[[-47.80254307957889,-15.663234935327454],[-47.801611675067825,-15.662916618046063],[-47.801887984469055,-15.663068836398093],[-47.80254307957889,-15.663234935327454]],[[-47.80151890709955,-15.657122582760632],[-47.80129998296449,-15.656043684337545],[-47.80150957648334,-15.657124421735412],[-47.80151890709955,-15.657122582760632]],[[-47.80097160643187,-15.658126288875218],[-47.80032282952719,-15.657839336365718],[-47.800322231851425,-15.657840554219923],[-47.80097160643187,-15.658126288875218]],[[-47.80085176240891,-15.66343085295269],[-47.79988445343593,-15.665477855288689],[-47.799895264510376,-15.665467452765665],[-47.80085176240891,-15.66343085295269]],[[-47.80062483758979,-15.662460595743294],[-47.799270590838965,-15.665180245433683],[-47.79721584290758,-15.664295371243226],[-47.79988445343593,-15.665477855288689],[-47.799276073085274,-15.665174994886865],[-47.80062483758979,-15.662460595743294]],[[-47.798857196831214,-15.644333162078581],[-47.796720822826344,-15.644762735028985],[-47.797294221556605,-15.64467068181276],[-47.798857196831214,-15.644333162078581]],[[-47.79631212650811,-15.65544575706648],[-47.79060967766426,-15.65276916348965],[-47.79232653571362,-15.653587828525481],[-47.79631212650811,-15.65544575706648]],[[-47.795580432032075,-15.644963782420106],[-47.795076688301386,-15.645052615332407],[-47.79224028077947,-15.645705144322632],[-47.795580432032075,-15.644963782420106]],[[-47.79207361965894,-15.649767346395098],[-47.79207162413416,-15.649756025594908],[-47.78985936777906,-15.650187778091327],[-47.79207361965894,-15.649767346395098]],[[-47.79184543932923,-15.648472650783471],[-47.79139208960774,-15.645900267556776],[-47.7913422960794,-15.645911722613949],[-47.79184543932923,-15.648472650783471]],[[-47.7891585424269,-15.64574124564854],[-47.78906539636895,-15.64527758770008],[-47.789139009287126,-15.645744091786403],[-47.7891585424269,-15.64574124564854]],[[-47.788611931762816,-15.643020297787608],[-47.78835489792749,-15.642684189428696],[-47.78836527097792,-15.642729449751025],[-47.788611931762816,-15.643020297787608]],[[-47.78674526155913,-15.641472212115941],[-47.78444552512356,-15.640391966176741],[-47.784436676505166,-15.640409484166398],[-47.78674526155913,-15.641472212115941]],[[-47.78611136836383,-15.655687576032653],[-47.78610803145409,-15.655685932310886],[-47.78482363237724,-15.658161636639997],[-47.78611136836383,-15.655687576032653]],[[-47.784906954623594,-15.655096235198705],[-47.78280007916481,-15.654104987558046],[-47.78278934326769,-15.65411691826802],[-47.784906954623594,-15.655096235198705]],[[-47.78395151452568,-15.641369971037495],[-47.783852297979365,-15.64156639113864],[-47.783793481088615,-15.641688865320598],[-47.78395151452568,-15.641369971037495]],[[-47.78357158073704,-15.658528999784577],[-47.78194945714039,-15.65777472257202],[-47.78356995432021,-15.658532934726358],[-47.78357158073704,-15.658528999784577]],[[-47.78212842477557,-15.65381126190621],[-47.781418597427816,-15.65347883180265],[-47.781416836144366,-15.653482169651866],[-47.78212842477557,-15.65381126190621]],[[-47.78156156854365,-15.64845747616446],[-47.780618844843566,-15.647989431146653],[-47.780261742668216,-15.647831471799462],[-47.78156156854365,-15.64845747616446]],[[-47.78140686980345,-15.653473339660799],[-47.78016752185309,-15.652892907857144],[-47.78015890098804,-15.652899475762146],[-47.78140686980345,-15.653473339660799]],[[-47.78015383723071,-15.652901781678398],[-47.78014144880302,-15.652896634724163],[-47.77916640837221,-15.654886588970358],[-47.78015383723071,-15.652901781678398]],[[-47.77922298017085,-15.65251498771965],[-47.777567015610046,-15.651830567457292],[-47.777866840189645,-15.651968048143177],[-47.77922298017085,-15.65251498771965]],[[-47.779002375513286,-15.6472623733051],[-47.778062829230464,-15.64681510922389],[-47.777919936472614,-15.647146445188755],[-47.779002375513286,-15.6472623733051]],[[-47.77728187991015,-15.65170415155262],[-47.77727757882687,-15.651702057485723],[-47.77613769064601,-15.653952641006583],[-47.77728187991015,-15.65170415155262]],[[-47.772759778401756,-15.644294382153808],[-47.7726853423276,-15.644083659494957],[-47.77243120756791,-15.644155625735484],[-47.772759778401756,-15.644294382153808]],[[-47.7723830840846,-15.64415623466626],[-47.772379343352476,-15.644156281999201],[-47.77226881619389,-15.644389563379928],[-47.7723830840846,-15.64415623466626]],[[-47.76929838942859,-15.645014461990439],[-47.76851679420831,-15.64552225816221],[-47.768948412682455,-15.645734746586955],[-47.76929838942859,-15.645014461990439]],[[-47.758417892625246,-15.657558478193577],[-47.7575880909824,-15.658850207215838],[-47.75777449087596,-15.658847859173918],[-47.758417892625246,-15.657558478193577]],[[-47.75804138621209,-15.659259832666459],[-47.75781030078737,-15.660246288725746],[-47.757812116477986,-15.660244678982934],[-47.75804138621209,-15.659259832666459]],[[-47.75757542594191,-15.658669732891738],[-47.75701600926971,-15.658660648083002],[-47.757023277778416,-15.659202458327686],[-47.75757542594191,-15.658669732891738]],[[-47.75722982873345,-15.65993852490028],[-47.75720989447055,-15.659216239499871],[-47.75686878986601,-15.660888817134806],[-47.75056705832519,-15.666211017317831],[-47.74930511034486,-15.665114136235607],[-47.75057751094762,-15.666227022931531],[-47.75722982873345,-15.65993852490028]],[[-47.750647326766526,-15.657923710362265],[-47.74949042618377,-15.66012717636317],[-47.74894985937644,-15.661238226581121],[-47.750647326766526,-15.657923710362265]]],[[[-47.856178897733905,-15.830085355138976],[-47.85607753480678,-15.830166072492048],[-47.85584242997141,-15.829930747774767],[-47.856178897733905,-15.830085355138976]]],[[[-47.855827835851564,-15.827252144472816],[-47.8555105092733,-15.82730546125349],[-47.85555342010379,-15.82726683612646],[-47.855827835851564,-15.827252144472816]]],[[[-47.85557389027111,-15.749476311721038],[-47.854498463678794,-15.74996352792975],[-47.85541011786795,-15.749473743125808],[-47.85557389027111,-15.749476311721038]]],[[[-47.85547446058011,-15.829724708137231],[-47.85520579846513,-15.829684988528816],[-47.85516763665891,-15.829657052709955],[-47.85547446058011,-15.829724708137231]]],[[[-47.85546292641592,-15.808274145102823],[-47.85406850745331,-15.809152685848941],[-47.853735162787615,-15.808261026126027],[-47.85546292641592,-15.808274145102823]]],[[[-47.85493585908064,-15.82826593568016],[-47.85489062030013,-15.828506121350658],[-47.854854536744384,-15.828588033916576],[-47.85493585908064,-15.82826593568016]]],[[[-47.85478355908593,-15.829375895875918],[-47.85474311072272,-15.829346285935216],[-47.85474401807532,-15.829336104243957],[-47.85478355908593,-15.829375895875918]]],[[[-47.85475959418793,-15.619399622562845],[-47.852994757517685,-15.620890492652284],[-47.851897515708416,-15.620449387986145],[-47.85205400630194,-15.623342066748934],[-47.849209136314066,-15.621544939761723],[-47.85028597897665,-15.62003616417332],[-47.849438977807445,-15.619689517375525],[-47.84987828251197,-15.618610865691148],[-47.850762286620444,-15.619710044517221],[-47.85193895318915,-15.618374599265168],[-47.85271620380711,-15.619422747099174],[-47.853364789401894,-15.618773105452524],[-47.85475959418793,-15.619399622562845]]],[[[-47.85428255993102,-15.750019817719183],[-47.85420746188072,-15.750152648202237],[-47.85383919423612,-15.750267861408208],[-47.85428255993102,-15.750019817719183]]],[[[-47.85381024016564,-15.750277695400147],[-47.85230893329176,-15.750918954420811],[-47.85334647447968,-15.750399374717288],[-47.85381024016564,-15.750277695400147]]],[[[-47.853485236844854,-15.839776498396347],[-47.853461276531924,-15.83980124988044],[-47.85323523031005,-15.839754347967679],[-47.853485236844854,-15.839776498396347]]],[[[-47.852824598930724,-15.83941395019944],[-47.85082446272687,-15.839443207655183],[-47.85206093648676,-15.83925723187958],[-47.852824598930724,-15.83941395019944]]],[[[-47.850894751982985,-15.752131713270003],[-47.85048102448364,-15.75269983532455],[-47.85074273132195,-15.75225774190162],[-47.850894751982985,-15.752131713270003]]],[[[-47.850605475557266,-15.809472983481173],[-47.850240579471574,-15.810732238134973],[-47.84834988739586,-15.810542010614464],[-47.84972711244506,-15.808433158680801],[-47.850605475557266,-15.809472983481173]]],[[[-47.85035006497382,-15.752790777995454],[-47.84771383182947,-15.754058427987612],[-47.849140582089234,-15.753263093662051],[-47.85035006497382,-15.752790777995454]]],[[[-47.8500698540471,-15.855323249337],[-47.849974866429044,-15.855372623166755],[-47.84997090940436,-15.85536065776771],[-47.8500698540471,-15.855323249337]]],[[[-47.84867900498233,-15.840126450681897],[-47.848413973240376,-15.840152602932367],[-47.847854074258045,-15.839989603609315],[-47.84867900498233,-15.840126450681897]]],[[[-47.84769121367294,-15.754103189031865],[-47.846682378060315,-15.754779757957545],[-47.84683393761426,-15.75462534396237],[-47.84769121367294,-15.754103189031865]]],[[[-47.84749566741954,-15.730038046151739],[-47.847429702581785,-15.730118494746511],[-47.84747557344723,-15.730026772327397],[-47.84749566741954,-15.730038046151739]]],[[[-47.8473287375344,-15.730500810026763],[-47.84729572053824,-15.730808297041358],[-47.84698745387087,-15.731309728131825],[-47.8473287375344,-15.730500810026763]]],[[[-47.847033976835725,-15.839804065065222],[-47.84694688987979,-15.839798191410921],[-47.84670045293446,-15.8397369029946],[-47.847033976835725,-15.839804065065222]]],[[[-47.84678194265589,-15.73174520627577],[-47.84648041593351,-15.732113059134921],[-47.846756106689895,-15.731717860763888],[-47.84678194265589,-15.73174520627577]]],[[[-47.84645963272372,-15.732234020666178],[-47.846459122733414,-15.732323519688316],[-47.84644577495036,-15.73231467556509],[-47.84645963272372,-15.732234020666178]]],[[[-47.84637603494281,-15.755076510026438],[-47.84614935480697,-15.755275254003895],[-47.84623513834479,-15.755152458143645],[-47.84637603494281,-15.755076510026438]]],[[[-47.8457629861424,-15.75616117513174],[-47.84560998227721,-15.75647792166734],[-47.84568357683913,-15.756256941642857],[-47.8457629861424,-15.75616117513174]]],[[[-47.84552725919739,-15.839465981724256],[-47.845229195760005,-15.839465743539822],[-47.84524116091493,-15.839394470912616],[-47.84552725919739,-15.839465981724256]]],[[[-47.84526928213982,-15.758650432919879],[-47.84525757024512,-15.75908773124235],[-47.845181181427115,-15.758233280752842],[-47.84526928213982,-15.758650432919879]]],[[[-47.84525678726056,-15.75927361762518],[-47.845256292743336,-15.75939114874158],[-47.84523391737578,-15.759451189755195],[-47.84525678726056,-15.75927361762518]]],[[[-47.8452084784692,-15.73840622918698],[-47.845113275818186,-15.738456050265247],[-47.845195349508565,-15.738403756309568],[-47.8452084784692,-15.73840622918698]]],[[[-47.844683630447975,-15.734066490017993],[-47.84462416336486,-15.734148545725338],[-47.84454607829968,-15.734091935710747],[-47.844683630447975,-15.734066490017993]]],[[[-47.844674716874756,-15.733882016723602],[-47.84459752942675,-15.733930873371305],[-47.84457777826779,-15.733901434264695],[-47.844674716874756,-15.733882016723602]]],[[[-47.84451257033252,-15.734101671384158],[-47.84437513508476,-15.734226818468201],[-47.84438753557825,-15.734165818841243],[-47.84451257033252,-15.734101671384158]]],[[[-47.84429924721007,-15.805772585665006],[-47.84306124543416,-15.807251155785805],[-47.8413404360327,-15.805969038419626],[-47.84429924721007,-15.805772585665006]]],[[[-47.84417615143643,-15.734547329519126],[-47.844152374937195,-15.73464398144136],[-47.8441367042115,-15.734615420155473],[-47.84417615143643,-15.734547329519126]]],[[[-47.843668893047536,-15.686430089988514],[-47.842785512340484,-15.687115416301111],[-47.84143033600576,-15.684724434875706],[-47.843668893047536,-15.686430089988514]]],[[[-47.842489485865435,-15.839150938401948],[-47.84221793269725,-15.839108213081582],[-47.84228392217746,-15.839074820436],[-47.842489485865435,-15.839150938401948]]],[[[-47.84099695281677,-15.631355962669536],[-47.84090482681848,-15.631220385815471],[-47.840948971082184,-15.631266272815902],[-47.84099695281677,-15.631355962669536]]],[[[-47.8409347478364,-15.762224343010802],[-47.840555753606175,-15.76313606020945],[-47.84076499428195,-15.76240361597363],[-47.8409347478364,-15.762224343010802]]],[[[-47.84024016830357,-15.685342054317031],[-47.839507860475535,-15.685537949790364],[-47.8394428549747,-15.685118243256843],[-47.84024016830357,-15.685342054317031]]],[[[-47.83957406896181,-15.950275440267776],[-47.83862344475004,-15.952330957583507],[-47.83713971275769,-15.952535245362096],[-47.83612470124098,-15.952126374697928],[-47.836419287646386,-15.951462278223364],[-47.83338411786352,-15.950952060377155],[-47.833996825213724,-15.94973732093526],[-47.83458788768114,-15.950718960350315],[-47.835652597050306,-15.95047316442824],[-47.83637976660376,-15.948929800700995],[-47.83957406896181,-15.950275440267776]]],[[[-47.83837399978703,-15.76433055831311],[-47.83822626227031,-15.76437773478264],[-47.838258430845826,-15.764364460327277],[-47.83837399978703,-15.76433055831311]]],[[[-47.838357736258715,-15.957199722848637],[-47.834179380136284,-15.966360099415166],[-47.833387776293804,-15.966017285536239],[-47.833742662818004,-15.9652329933561],[-47.833393681408204,-15.965998090946334],[-47.83229793742363,-15.965538709501395],[-47.830981617567026,-15.968529646812126],[-47.832079277791586,-15.968990222360258],[-47.83210841977211,-15.971061473455451],[-47.82951363087864,-15.97137364788088],[-47.827849146012376,-15.973716962707883],[-47.82647190206935,-15.973129891155057],[-47.827649607965796,-15.970193836947436],[-47.825389267707656,-15.969276922592798],[-47.82339264189689,-15.969128166643129],[-47.822733766134405,-15.971749464616938],[-47.81951400500068,-15.971699332265038],[-47.81870344180981,-15.964465761864972],[-47.82690174451987,-15.96744587690854],[-47.82937044905458,-15.967439811637057],[-47.830204099897635,-15.964644670423251],[-47.82467465873991,-15.963760572338542],[-47.818017625265085,-15.961036666066065],[-47.81835372803778,-15.959183186060766],[-47.824234345733494,-15.9614328695975],[-47.82697285184924,-15.957440042622338],[-47.82813542418908,-15.961529380394392],[-47.831418071478375,-15.962344161262758],[-47.83446043262307,-15.955503763566835],[-47.838357736258715,-15.957199722848637]]],[[[-47.8381813470673,-15.764392077700451],[-47.83795440664662,-15.76446431519636],[-47.83816350292774,-15.764370214072727],[-47.8381813470673,-15.764392077700451]]],[[[-47.83802671219009,-15.807779475084203],[-47.83608911963602,-15.814697432738658],[-47.831448270277235,-15.81702091043101],[-47.829685983873084,-15.813550940621745],[-47.830227947949666,-15.799959576912089],[-47.83765962531352,-15.806106442445335],[-47.83802671219009,-15.807779475084203]]],[[[-47.83776528154013,-15.764524422740989],[-47.83759930303623,-15.764580772084757],[-47.83769955457397,-15.7645388247565],[-47.83776528154013,-15.764524422740989]]],[[[-47.837647156714084,-15.83308485673793],[-47.837255117488716,-15.832844229477539],[-47.837550344037126,-15.83301380258758],[-47.837647156714084,-15.83308485673793]]],[[[-47.837583358854914,-15.764587159990613],[-47.83752499381775,-15.764607406608116],[-47.83754185995535,-15.764599583382168],[-47.837583358854914,-15.764587159990613]]],[[[-47.837261072059256,-15.76473115502897],[-47.83691458178538,-15.764958964978803],[-47.8370153955904,-15.764841256811467],[-47.837261072059256,-15.76473115502897]]],[[[-47.837179037669074,-15.592129149289116],[-47.83601935999415,-15.592060485193553],[-47.835375395007254,-15.59004965539475],[-47.8367145005865,-15.590617805491961],[-47.837179037669074,-15.592129149289116]]],[[[-47.837048919469936,-15.956017231373503],[-47.83446633750725,-15.955484569900403],[-47.83549496536234,-15.95352877900689],[-47.836327905917685,-15.953924014299497],[-47.83568186425237,-15.95540203870407],[-47.837048919469936,-15.956017231373503]]],[[[-47.8369056505397,-15.764965616329569],[-47.83673999035726,-15.765087508695546],[-47.836803192603675,-15.765006595078288],[-47.8369056505397,-15.764965616329569]]],[[[-47.836886566264106,-15.803255908654382],[-47.83663086496315,-15.804033439726867],[-47.83554650361225,-15.80378954164376],[-47.83631758574719,-15.802804562519265],[-47.836886566264106,-15.803255908654382]]],[[[-47.83675121092303,-15.738648658641315],[-47.836618219916105,-15.738303834170114],[-47.83670502866164,-15.738460253853972],[-47.83675121092303,-15.738648658641315]]],[[[-47.83673296656251,-15.765092505961869],[-47.83558446600903,-15.766309981198978],[-47.835885809142184,-15.765691359397472],[-47.83673296656251,-15.765092505961869]]],[[[-47.836711546692435,-15.738894723881318],[-47.836619980119934,-15.739182104809426],[-47.83663629455298,-15.73895398310504],[-47.836711546692435,-15.738894723881318]]],[[[-47.836668675116556,-15.739336745652485],[-47.836425224833235,-15.73959794016899],[-47.83646962967073,-15.739511566504918],[-47.836668675116556,-15.739336745652485]]],[[[-47.83647488694939,-15.739745669596681],[-47.83646335898843,-15.739759794414969],[-47.83647059401645,-15.739741045552737],[-47.83647488694939,-15.739745669596681]]],[[[-47.836440438714135,-15.737035985130726],[-47.836314712579,-15.73713775762717],[-47.836309257209614,-15.73708879595178],[-47.836440438714135,-15.737035985130726]]],[[[-47.83640531481546,-15.74010782004581],[-47.83639914887855,-15.740188556341943],[-47.83635797074728,-15.740127137073097],[-47.83640531481546,-15.74010782004581]]],[[[-47.83639737972215,-15.740211719811139],[-47.83620358010153,-15.740552970944028],[-47.83575670040522,-15.740747157664671],[-47.83639737972215,-15.740211719811139]]],[[[-47.836369391398044,-15.739874934348544],[-47.83631015724078,-15.74001458777374],[-47.83628999782027,-15.740006101736363],[-47.836369391398044,-15.739874934348544]]],[[[-47.83574129135873,-15.740756106659509],[-47.83571208072526,-15.740807195686541],[-47.83571891179311,-15.740776664668331],[-47.83574129135873,-15.740756106659509]]],[[[-47.835732011492055,-15.737169370527603],[-47.835701811104215,-15.737128309717722],[-47.835714448459086,-15.73711854158191],[-47.835732011492055,-15.737169370527603]]],[[[-47.835560338179015,-15.742052126063674],[-47.835412746352915,-15.742098555897142],[-47.835200436059786,-15.742089786091242],[-47.835560338179015,-15.742052126063674]]],[[[-47.835549475287266,-15.766444341490041],[-47.835545483207504,-15.766467988195199],[-47.83553283038499,-15.766463605030388],[-47.835549475287266,-15.766444341490041]]],[[[-47.83536985321261,-15.766885676566039],[-47.83534049968084,-15.766944125539137],[-47.835301209129156,-15.766909148023695],[-47.83536985321261,-15.766885676566039]]],[[[-47.83517931980292,-15.767490607878566],[-47.835046695024516,-15.767803975493122],[-47.83513168544898,-15.76753450392196],[-47.83517931980292,-15.767490607878566]]],[[[-47.83514810764016,-15.770783469465538],[-47.83324505672159,-15.773414804733163],[-47.833004898594346,-15.76966144827671],[-47.83457673603987,-15.769545742254872],[-47.83514810764016,-15.770783469465538]]],[[[-47.83508393900304,-15.771003076354557],[-47.83501254211994,-15.771368794250021],[-47.83501663665111,-15.77106265488283],[-47.83508393900304,-15.771003076354557]]],[[[-47.83506862721497,-15.770591292942408],[-47.834999963157344,-15.770612274875585],[-47.83498748576927,-15.770579870409641],[-47.83506862721497,-15.770591292942408]]],[[[-47.834951948621146,-15.741617092619355],[-47.83473859670939,-15.741492321029378],[-47.83488920770456,-15.741537045146485],[-47.834951948621146,-15.741617092619355]]],[[[-47.83494197925259,-15.768056557636545],[-47.83491222010365,-15.768143887053657],[-47.83492929022174,-15.768069977954326],[-47.83494197925259,-15.768056557636545]]],[[[-47.834883380432856,-15.771867162614365],[-47.83459667405715,-15.77218147384033],[-47.83482870542391,-15.771904998515867],[-47.834883380432856,-15.771867162614365]]],[[[-47.834817938925866,-15.768406734338642],[-47.83480585984625,-15.768438950386221],[-47.83480938775323,-15.768428269375327],[-47.834817938925866,-15.768406734338642]]],[[[-47.834710914222356,-15.768727084406622],[-47.83465439457346,-15.768937897246635],[-47.83467069440466,-15.76885002343904],[-47.834710914222356,-15.768727084406622]]],[[[-47.83464811934562,-15.769917501744127],[-47.834620929373024,-15.769830548674188],[-47.83462929181413,-15.769508186082918],[-47.83464811934562,-15.769917501744127]]],[[[-47.83464775475446,-15.76897369459849],[-47.834639769167445,-15.769074525379812],[-47.8346405684593,-15.76903103827838],[-47.83464775475446,-15.76897369459849]]],[[[-47.83452433828681,-15.741450554377067],[-47.83442312293218,-15.741435489555906],[-47.834451349302654,-15.741429852687107],[-47.83452433828681,-15.741450554377067]]],[[[-47.834168451613344,-15.741336624209042],[-47.83378115551321,-15.741171512442888],[-47.83372209074396,-15.741123458301464],[-47.834168451613344,-15.741336624209042]]],[[[-47.833437775162245,-15.741056916150278],[-47.83251043044593,-15.741096353408794],[-47.83274481997858,-15.740887599305188],[-47.833437775162245,-15.741056916150278]]],[[[-47.832676054629346,-15.773510665636344],[-47.832551120494436,-15.77350200730094],[-47.83264604296578,-15.773486788996864],[-47.832676054629346,-15.773510665636344]]],[[[-47.83242276112219,-15.741192284916734],[-47.83233084911096,-15.741493583838658],[-47.83234267552652,-15.741278791351446],[-47.83242276112219,-15.741192284916734]]],[[[-47.832313551905955,-15.741515275730311],[-47.83228856113436,-15.7415466153617],[-47.832235355562005,-15.741491782599732],[-47.832313551905955,-15.741515275730311]]],[[[-47.832267959188044,-15.741994959918978],[-47.83225764617128,-15.742021422486976],[-47.832261152721756,-15.741859363546045],[-47.832267959188044,-15.741994959918978]]],[[[-47.83215824163347,-15.741647597839778],[-47.83211074289553,-15.741691749915121],[-47.832094657855365,-15.741672729878557],[-47.83215824163347,-15.741647597839778]]],[[[-47.83209267831094,-15.984084512702854],[-47.830553761467456,-15.990791433785063],[-47.82524776344243,-15.995121558304009],[-47.82385965678447,-15.994116088727893],[-47.82462148465665,-15.995641875955222],[-47.82215147900882,-15.996883307275677],[-47.82173304283655,-15.998243070939829],[-47.81934229389027,-15.99624306794635],[-47.82213191785424,-15.993413259519281],[-47.81977078896926,-15.991441077612041],[-47.819198785960246,-15.98809112706358],[-47.816913164876034,-15.986444279068078],[-47.81916060708166,-15.983501868440685],[-47.821996897988804,-15.98379410150612],[-47.822760778478035,-15.986266891145467],[-47.82395601559793,-15.986222973691815],[-47.82464940002656,-15.983674616262281],[-47.82782898803533,-15.98162962862286],[-47.83209267831094,-15.984084512702854]],[[-47.823858995488024,-15.995487483993783],[-47.82349713475257,-15.99437587031685],[-47.823848743854796,-15.99549333000924],[-47.823858995488024,-15.995487483993783]]],[[[-47.831962401943436,-15.773664438789647],[-47.83194545731558,-15.773671381306006],[-47.831944738345875,-15.773666283564586],[-47.831962401943436,-15.773664438789647]]],[[[-47.83190387423274,-15.742501561678804],[-47.831313778397316,-15.742853942131049],[-47.831646732394766,-15.742531996497659],[-47.83190387423274,-15.742501561678804]]],[[[-47.83133355897424,-15.74281151680606],[-47.83126259676901,-15.742865987432582],[-47.83104014452654,-15.742850162072429],[-47.83133355897424,-15.74281151680606]]],[[[-47.8312525925746,-15.773152720482235],[-47.83121363406874,-15.773157102901708],[-47.83121031850648,-15.773153268997191],[-47.8312525925746,-15.773152720482235]]],[[[-47.83096462852304,-15.748297158208803],[-47.83050214276805,-15.748624841827159],[-47.83035962539388,-15.748698214428675],[-47.83096462852304,-15.748297158208803]]],[[[-47.83036828580663,-15.733924939423018],[-47.82744738978097,-15.739039895689933],[-47.82542059456651,-15.737990904326013],[-47.8280992778021,-15.73397828618066],[-47.83036828580663,-15.733924939423018]]],[[[-47.83028972386091,-15.98240134258856],[-47.829966726535574,-15.98283788926691],[-47.82787531138918,-15.98109502277755],[-47.83028972386091,-15.98240134258856]]],[[[-47.8299597453672,-15.748974084578727],[-47.82988114142735,-15.749034798305084],[-47.829856473894466,-15.749045328555646],[-47.8299597453672,-15.748974084578727]]],[[[-47.829420283875095,-16.05030118618248],[-47.81328430396449,-16.050317054406587],[-47.81330362026887,-16.04992154734667],[-47.829420283875095,-16.05030118618248]]],[[[-47.82935683867825,-15.790927385894461],[-47.82625185409798,-15.791948578114892],[-47.825925090603626,-15.79623347320515],[-47.82074432947506,-15.793956381143943],[-47.81854919418369,-15.79190204638829],[-47.82322486142503,-15.790357205071235],[-47.82570564197876,-15.787734588039433],[-47.829146684184316,-15.786205346900253],[-47.82935683867825,-15.790927385894461]]],[[[-47.82875201449601,-15.945707918751996],[-47.827113305670665,-15.948807427043068],[-47.82575135770998,-15.94849693449726],[-47.82543240037845,-15.949955321071826],[-47.822828649011825,-15.94942515789339],[-47.82473013564117,-15.945320800198903],[-47.822701897025404,-15.943841091631963],[-47.822058686353174,-15.945100325998231],[-47.823213598110016,-15.945897989082468],[-47.822545771391844,-15.947211734414129],[-47.819252362544376,-15.946171137353504],[-47.817805144802975,-15.946289418709828],[-47.81699092837129,-15.94804759231239],[-47.81352301627946,-15.947253029339844],[-47.81554587177025,-15.941031233651078],[-47.81729279396346,-15.940538777880548],[-47.82662720113605,-15.944629507881242],[-47.8265820065566,-15.945754468479672],[-47.828075185122486,-15.94602708847729],[-47.826587912103875,-15.945735274939258],[-47.826633106664296,-15.944610314343853],[-47.82875201449601,-15.945707918751996]]],[[[-47.82757696932031,-15.828601476523021],[-47.825574387599474,-15.832568230902904],[-47.82541334622292,-15.831814783476455],[-47.82571002965174,-15.832700297753641],[-47.82266268200539,-15.834571712244923],[-47.81896992040067,-15.834696714497301],[-47.81779825922057,-15.833217287793039],[-47.81554782186354,-15.832654986854935],[-47.8130769292024,-15.833292793834268],[-47.817189938829706,-15.83746082552927],[-47.820115662606085,-15.838664558042979],[-47.819763775236765,-15.839956079172783],[-47.81778017860046,-15.841264314771392],[-47.80023197373149,-15.824282670387122],[-47.79773066765416,-15.81251383117772],[-47.79822477003732,-15.811255060736931],[-47.80160571372636,-15.811007564094329],[-47.80219845543895,-15.813635766714993],[-47.80506367950329,-15.813074489811884],[-47.8032495620194,-15.811321280829544],[-47.804522726482226,-15.812219005669197],[-47.80342611307909,-15.811212922266527],[-47.80433387408305,-15.809834032999445],[-47.810376300254376,-15.810020412313941],[-47.81007836426405,-15.80862606691503],[-47.81404398935317,-15.807671997687708],[-47.81381963801246,-15.806500451656555],[-47.81689152847786,-15.805819055913885],[-47.81712467631162,-15.807642199298096],[-47.818719342994925,-15.809210605739027],[-47.81811816432568,-15.810244711429588],[-47.81907977494364,-15.817946013103132],[-47.81726477645064,-15.819700466595608],[-47.81599957557563,-15.818554011641872],[-47.80527771536975,-15.820111327265879],[-47.805628876676835,-15.824042211843771],[-47.80431183585205,-15.825377466998217],[-47.8056967898117,-15.82423085085414],[-47.80537375688594,-15.82255425551614],[-47.805906562053636,-15.82401473326473],[-47.80739087263067,-15.823660581879393],[-47.806735798540174,-15.825241829538363],[-47.80885309933455,-15.827151247215264],[-47.8105336848558,-15.82576058401676],[-47.81142969481061,-15.826375160170965],[-47.81324352135691,-15.823744930838158],[-47.814755550445696,-15.82430781531425],[-47.815299313508305,-15.82338331513243],[-47.81659079287777,-15.824313112387003],[-47.81908830339787,-15.821281859870117],[-47.82131227194258,-15.822174666527205],[-47.823010816568235,-15.825355787001255],[-47.82467136364143,-15.825799146610855],[-47.82757696932031,-15.828601476523021]],[[-47.82753735485157,-15.828603126578457],[-47.82752926430018,-15.82857446164143],[-47.827530195570205,-15.828641382770288],[-47.82753735485157,-15.828603126578457]],[[-47.827478342882834,-15.828918448455587],[-47.827355348638555,-15.829568296707329],[-47.82735770335575,-15.829563074907218],[-47.827478342882834,-15.828918448455587]],[[-47.82711496149202,-15.830101575001889],[-47.826949617794995,-15.830452326369079],[-47.82697855786461,-15.830404173410548],[-47.82711496149202,-15.830101575001889]],[[-47.82694572719555,-15.830458799138786],[-47.82653160428964,-15.831010967170133],[-47.826822926831504,-15.830663121300992],[-47.82694572719555,-15.830458799138786]],[[-47.826340489160444,-15.83122241952481],[-47.82613461214395,-15.831386312115422],[-47.8261669657306,-15.831377033475091],[-47.826340489160444,-15.83122241952481]],[[-47.826127913594696,-15.83138823366996],[-47.82598217196677,-15.831415853474027],[-47.82589305528685,-15.831455595344822],[-47.826127913594696,-15.83138823366996]],[[-47.81347222159888,-15.83174175573676],[-47.81269877876693,-15.831032802132432],[-47.81344345170139,-15.831734626009911],[-47.81244721968698,-15.832755934968976],[-47.81347222159888,-15.83174175573676]],[[-47.81259383919682,-15.830936612056954],[-47.811897775921814,-15.830298577192394],[-47.811394456685946,-15.829855183618443],[-47.81259383919682,-15.830936612056954]],[[-47.812290617680084,-15.819093538415107],[-47.81117802429702,-15.813640380652247],[-47.81226012318864,-15.81909141584919],[-47.80981279794161,-15.81955768371915],[-47.80788721899981,-15.810602676469975],[-47.80980112906651,-15.81958929070573],[-47.812290617680084,-15.819093538415107]],[[-47.81047108885544,-15.827833399936955],[-47.80993554007308,-15.828480163209017],[-47.80995535468808,-15.82849883859297],[-47.81047108885544,-15.827833399936955]],[[-47.80616910175082,-15.816590488614253],[-47.80615759196897,-15.816363530749834],[-47.806075186082374,-15.816913117350326],[-47.80616910175082,-15.816590488614253]],[[-47.80608177091243,-15.81502383762161],[-47.8058964333462,-15.814177225814229],[-47.805780491947054,-15.813981383506318],[-47.80608177091243,-15.81502383762161]],[[-47.805771986495195,-15.818173160076167],[-47.805556592785024,-15.819066059380617],[-47.80568411122438,-15.818616270989486],[-47.805771986495195,-15.818173160076167]],[[-47.805626312235844,-15.826609371396257],[-47.805120991271764,-15.826137572295956],[-47.80512102829971,-15.826140187274087],[-47.805626312235844,-15.826609371396257]],[[-47.79992641715527,-15.822848385787413],[-47.79990327781716,-15.822797983638663],[-47.79991706577013,-15.822848506514354],[-47.79992641715527,-15.822848385787413]]],[[[-47.82735088671208,-15.684765463687263],[-47.82471593936716,-15.683890233088436],[-47.82526102123088,-15.683478809202606],[-47.82735088671208,-15.684765463687263]]],[[[-47.826161835096656,-15.827044569645652],[-47.82594691460621,-15.826822349298793],[-47.82599586228589,-15.826861017560592],[-47.826161835096656,-15.827044569645652]]],[[[-47.82576374957626,-15.832703339933081],[-47.825755973926675,-15.832704355252245],[-47.82566847097834,-15.832611604696048],[-47.82576374957626,-15.832703339933081]]],[[[-47.82560947495003,-15.826609791012354],[-47.825207702639794,-15.826241812611192],[-47.825110238243674,-15.825990829144805],[-47.82560947495003,-15.826609791012354]]],[[[-47.82383018479385,-15.619269611103165],[-47.823093753561636,-15.62274716849535],[-47.821878368442626,-15.621997935536147],[-47.82083342805076,-15.618430596151537],[-47.8231834226999,-15.617808822269799],[-47.82270852185361,-15.619173254731182],[-47.82383018479385,-15.619269611103165]]],[[[-47.82335235886448,-15.945596999421529],[-47.82321950399622,-15.945878795582312],[-47.82288580368182,-15.945639329419109],[-47.82335235886448,-15.945596999421529]]],[[[-47.82319229292516,-15.825163556069022],[-47.822086708506156,-15.822840832847229],[-47.823007698959394,-15.82423574920491],[-47.82319229292516,-15.825163556069022]]],[[[-47.82182358311314,-15.822523803722893],[-47.821550527600756,-15.822196511168915],[-47.82174250834178,-15.822409855692909],[-47.82182358311314,-15.822523803722893]]],[[[-47.81996154683075,-15.821672366768514],[-47.8199523649041,-15.821671642637268],[-47.81986024327101,-15.821558609478982],[-47.81996154683075,-15.821672366768514]]],[[[-47.81937182050003,-15.81694069001632],[-47.81760266876086,-15.819541203666462],[-47.81931549208076,-15.817499127573262],[-47.818476909541715,-15.808605828059477],[-47.81937182050003,-15.81694069001632]]],[[[-47.818589819542176,-15.765970498771416],[-47.81818480978316,-15.767220616403716],[-47.81829027345508,-15.766759243933679],[-47.818589819542176,-15.765970498771416]]],[[[-47.8184943141926,-15.977019709957435],[-47.81601232636705,-15.977582697561473],[-47.81572795007973,-15.976324773457963],[-47.818165670806145,-15.975776708325807],[-47.8184943141926,-15.977019709957435]]],[[[-47.818250133479644,-15.903996117942457],[-47.81819158603407,-15.904807284230406],[-47.81637319534152,-15.9050416196271],[-47.816114229470514,-15.903251906948835],[-47.817731867094466,-15.902944483634737],[-47.818250133479644,-15.903996117942457]],[[-47.818097942972194,-15.903953920684602],[-47.81797331968505,-15.904019531251354],[-47.81806213485505,-15.904251949707882],[-47.818097942972194,-15.903953920684602]]],[[[-47.81773098306073,-15.808206831074992],[-47.81705648674262,-15.807331046128999],[-47.817023087834386,-15.805802659510178],[-47.81773098306073,-15.808206831074992]]],[[[-47.81739643990113,-15.819716328532127],[-47.81732620720925,-15.819775967905086],[-47.817292068265495,-15.819734010733796],[-47.81739643990113,-15.819716328532127]]],[[[-47.81644000825184,-15.940914633609616],[-47.81494076812819,-15.94190063723339],[-47.81525900602111,-15.940814038475876],[-47.81644000825184,-15.940914633609616]]],[[[-47.815891090737225,-15.775568678320903],[-47.815382774297184,-15.775864259575922],[-47.81586524070297,-15.775460637326695],[-47.815891090737225,-15.775568678320903]]],[[[-47.815340848042524,-15.803563092098512],[-47.802752858778156,-15.803653138593253],[-47.80630263008272,-15.79929672730371],[-47.80893242813446,-15.798039464988818],[-47.80678560410017,-15.796144942651665],[-47.80750177517747,-15.794635729819394],[-47.80787092594925,-15.796320230594047],[-47.80962049105576,-15.795584036243342],[-47.81221745703039,-15.797399886786762],[-47.815340848042524,-15.803563092098512]]],[[[-47.815066902562066,-15.83492155477812],[-47.81501912757981,-15.834883530795967],[-47.815059765928574,-15.834883003859147],[-47.815066902562066,-15.83492155477812]]],[[[-47.81482912090192,-15.834186080247619],[-47.814544698288024,-15.834505933000646],[-47.81430017022111,-15.834311313131968],[-47.81482912090192,-15.834186080247619]]],[[[-47.81405872515719,-15.806446408166373],[-47.81381798918629,-15.806491842786217],[-47.81380151380894,-15.806405808101099],[-47.81405872515719,-15.806446408166373]]],[[[-47.81192813600701,-15.90990449846639],[-47.81026694995417,-15.910712774277615],[-47.81167208070718,-15.911623717680522],[-47.808753990858975,-15.914315347865033],[-47.80598635446297,-15.911296532434475],[-47.80902409420275,-15.908588153735826],[-47.81029754572739,-15.909698243062774],[-47.80998919785669,-15.907923049435494],[-47.810902815032236,-15.906885335259846],[-47.81146431033222,-15.907514599820773],[-47.810600473446826,-15.908386527428275],[-47.81192813600701,-15.90990449846639]],[[-47.80767609548805,-15.912849774333983],[-47.80778943307525,-15.912817387587637],[-47.80770650459225,-15.912739269329808],[-47.80767609548805,-15.912849774333983]],[[-47.810600473446826,-15.908386527428275],[-47.810567004472006,-15.908276853225868],[-47.81048627940023,-15.9083571024896],[-47.810600473446826,-15.908386527428275]],[[-47.81085320831518,-15.910032138030541],[-47.81044459419159,-15.909701399219191],[-47.81020801161886,-15.910115063028218],[-47.81085320831518,-15.910032138030541]],[[-47.81020377497934,-15.912648156662243],[-47.80926744852651,-15.910362917001887],[-47.8079290027621,-15.910127529849863],[-47.81020377497934,-15.912648156662243]],[[-47.80920225824832,-15.912294975301313],[-47.80907463065145,-15.91206975962904],[-47.808696228492664,-15.912384949252399],[-47.80920225824832,-15.912294975301313]]],[[[-47.81172756486759,-15.773839152296212],[-47.81071966450247,-15.775907174826163],[-47.80583753661844,-15.774393130119213],[-47.80404468500359,-15.775013638320749],[-47.8036644188654,-15.774277783542226],[-47.80686620178041,-15.773830262768184],[-47.80744418743747,-15.772795302300803],[-47.81172756486759,-15.773839152296212]]],[[[-47.81146848576434,-15.612016660888793],[-47.80911363950857,-15.61435990227836],[-47.80871026998073,-15.612262253257756],[-47.810984994838456,-15.61127731258911],[-47.81146848576434,-15.612016660888793]]],[[[-47.81038834557598,-15.90612195469171],[-47.80942444700395,-15.90712375918021],[-47.80715803839353,-15.905017021577983],[-47.80876207261637,-15.904236292929609],[-47.81038834557598,-15.90612195469171]]],[[[-47.80762465314341,-15.974354221932924],[-47.80455859174793,-15.974993188125655],[-47.80428500281339,-15.974100625984361],[-47.80612854301137,-15.973346264827697],[-47.80762465314341,-15.974354221932924]]],[[[-47.80728954129202,-15.747067373711388],[-47.80291061966397,-15.748007900479925],[-47.80267900885117,-15.74911007269011],[-47.79648769797257,-15.749237450148053],[-47.79609705673832,-15.747737044399075],[-47.790962801446135,-15.745771762692046],[-47.801119810111565,-15.739763095032586],[-47.80344834290863,-15.742242174102998],[-47.8034771860673,-15.744344603649013],[-47.80728954129202,-15.747067373711388]]],[[[-47.80642310621476,-15.797125327778767],[-47.80631945951387,-15.798335370785729],[-47.80441947681654,-15.79907348698266],[-47.803369827453515,-15.801489888417699],[-47.80226983879703,-15.801343896746125],[-47.802476002242955,-15.799012409303844],[-47.80098663024823,-15.797719763113376],[-47.79897132677873,-15.798823389184426],[-47.79870216823524,-15.795914967626882],[-47.80032943085432,-15.794771995116172],[-47.80033461460615,-15.79624276817894],[-47.80256280918862,-15.796403345837595],[-47.802880796497185,-15.798743843224289],[-47.804356116053945,-15.798841301331565],[-47.804599724531215,-15.796872187760007],[-47.80642310621476,-15.797125327778767]]],[[[-47.80464578429499,-15.754991386224695],[-47.80395769958455,-15.75538883828076],[-47.802948022130956,-15.753538730741456],[-47.804523938001765,-15.752944947763037],[-47.80464578429499,-15.754991386224695]]],[[[-47.8028090514711,-16.029866261612106],[-47.80025538468637,-16.031008363711937],[-47.79931827621863,-16.029013418377996],[-47.8012355169474,-16.02900749174454],[-47.80021535920422,-16.026726895194646],[-47.80119867299579,-16.02636996224334],[-47.8028090514711,-16.029866261612106]]],[[[-47.801195501213876,-16.020368822902363],[-47.79484671816907,-16.021139820939585],[-47.795421821446276,-16.01932585271649],[-47.79311276927905,-16.017979568249686],[-47.793921957839,-16.01540985630505],[-47.79539725894517,-16.01756271037739],[-47.79634243966086,-16.01677619030238],[-47.79815579678117,-16.017655781608298],[-47.79951939996377,-16.019767043016465],[-47.801154678503316,-16.017444599873272],[-47.801195501213876,-16.020368822902363]]],[[[-47.80091071038877,-15.831727188832577],[-47.797269076837736,-15.83390930260663],[-47.795388736571944,-15.831798468577606],[-47.79191495102419,-15.83048361700756],[-47.79116670380174,-15.832165939213608],[-47.79186016281782,-15.833232306716802],[-47.78996144466951,-15.834272315016047],[-47.78660085150135,-15.827714385613604],[-47.78840740054629,-15.826705467682306],[-47.78808170731182,-15.825455136475632],[-47.78652864423143,-15.824698491874353],[-47.78491896564921,-15.822060777747106],[-47.78276951475749,-15.821222148075373],[-47.777770392993745,-15.822749843851081],[-47.772021619348,-15.822016910800425],[-47.77127321466862,-15.823699186831446],[-47.77116438316215,-15.822505782306719],[-47.76868797231127,-15.821910141551696],[-47.76743785084807,-15.819836332742097],[-47.774207769062144,-15.817961187632042],[-47.782206193677226,-15.812361603352215],[-47.784015512241695,-15.81009471640671],[-47.77891932515206,-15.814499161231794],[-47.777159297708664,-15.813352683439339],[-47.77246800028813,-15.807930867368025],[-47.774479495211374,-15.810405258915862],[-47.77325989606581,-15.809886489804601],[-47.77238513373522,-15.8079435628534],[-47.77434818942561,-15.80484188839583],[-47.77388216155934,-15.802338776638281],[-47.77523812751702,-15.802231840492627],[-47.77671108437162,-15.805024728281213],[-47.77656657594758,-15.808827130380646],[-47.77698527707645,-15.80680761669921],[-47.779801945116525,-15.808864277583245],[-47.78396888256593,-15.80928613954064],[-47.78731973007558,-15.805756564072905],[-47.790677587423964,-15.804591590968084],[-47.79242332860451,-15.80763769150467],[-47.78825750318163,-15.809024648486034],[-47.79439702804544,-15.822506388691746],[-47.80091071038877,-15.831727188832577]],[[-47.77861050556157,-15.809355826993757],[-47.777693751006915,-15.808651927712251],[-47.77860748908007,-15.809361586137012],[-47.77861050556157,-15.809355826993757]],[[-47.77537468454561,-15.803796887973435],[-47.7751845535865,-15.80228887447442],[-47.77517626223105,-15.802290129250611],[-47.77537468454561,-15.803796887973435]]],[[[-47.79885123133298,-15.795712820425067],[-47.79870379351011,-15.795837832621524],[-47.79870433012387,-15.795812334760946],[-47.79885123133298,-15.795712820425067]]],[[[-47.79872117920132,-15.796730670447484],[-47.79867829458835,-15.797048540817167],[-47.79869030882936,-15.796478096894742],[-47.79872117920132,-15.796730670447484]]],[[[-47.79776168980606,-15.753189652644405],[-47.79643121332194,-15.755609971982526],[-47.79236920987397,-15.754984326580882],[-47.79266459053004,-15.75366045667982],[-47.795363987769,-15.753234785335824],[-47.795162562924894,-15.75474279303843],[-47.79585825488331,-15.754733860368084],[-47.79608594245909,-15.752981780252163],[-47.79776168980606,-15.753189652644405]]],[[[-47.79529143021422,-15.762915695362093],[-47.79520570977198,-15.765664787719963],[-47.791596525538374,-15.768793658911747],[-47.788484329560376,-15.768856612205818],[-47.788485533493194,-15.771652391072545],[-47.78597239972021,-15.771935499902032],[-47.78596254738342,-15.763082259052375],[-47.78665197378661,-15.76206981162831],[-47.78842926493058,-15.762118733875191],[-47.788441505964364,-15.7630146659809],[-47.79529143021422,-15.762915695362093]]],[[[-47.79429417516635,-15.790728881207778],[-47.79056249308788,-15.790048908913716],[-47.79007796476246,-15.788515747548148],[-47.79429417516635,-15.790728881207778]]],[[[-47.79333048095628,-15.60671155958469],[-47.79316527274124,-15.609987395068737],[-47.79182293299854,-15.611916141046985],[-47.79333048095628,-15.60671155958469]]],[[[-47.79180340040323,-15.807627552266887],[-47.79057473457432,-15.807919551692986],[-47.791510677511454,-15.80743472282326],[-47.79180340040323,-15.807627552266887]]],[[[-47.791707572155026,-15.901773148018805],[-47.77855706046476,-15.909179551299669],[-47.77971286086046,-15.910386493518867],[-47.77781886320518,-15.911643894823918],[-47.77427770917531,-15.906543200833848],[-47.77107884834913,-15.90870780823948],[-47.76391625893223,-15.902017783085352],[-47.765123519841836,-15.899219477197041],[-47.76791579413476,-15.901893494099934],[-47.7688571871379,-15.901499573738814],[-47.770268628302794,-15.89730550636907],[-47.77355154316209,-15.896375816405472],[-47.7740694624057,-15.895250844860316],[-47.769961758477876,-15.893089456575709],[-47.772343552882525,-15.8940800138852],[-47.77445963097515,-15.89318980705295],[-47.77585118072538,-15.89391608096258],[-47.77862092581581,-15.886882068936954],[-47.78463665510969,-15.893686546774536],[-47.78802802938773,-15.893538943686288],[-47.78675547236346,-15.891143990044398],[-47.78906140132703,-15.891231642191013],[-47.789168011397905,-15.893190068018416],[-47.788722474980915,-15.892581686256785],[-47.7884652946235,-15.893780156953017],[-47.786631700948924,-15.893789903890994],[-47.788471224975716,-15.89382618178583],[-47.79119924339091,-15.895475853619601],[-47.79060977961003,-15.896770434187953],[-47.787282645072935,-15.897445590390964],[-47.78733252455115,-15.89817648571105],[-47.78729314229091,-15.897461791718351],[-47.790620280742715,-15.89678663436605],[-47.79087492654381,-15.897938575777355],[-47.789300861099576,-15.898389029690255],[-47.78938106713218,-15.899536347509747],[-47.791707572155026,-15.901773148018805]],[[-47.79019377151888,-15.89557754761292],[-47.78971191307653,-15.895358666680949],[-47.789775861551966,-15.895431577949351],[-47.79019377151888,-15.89557754761292]],[[-47.78950881479035,-15.89512305398012],[-47.78947577050553,-15.895078326767495],[-47.789459206677236,-15.895059504431343],[-47.78950881479035,-15.89512305398012]],[[-47.77430938688588,-15.898613467519484],[-47.773729780221714,-15.899298929601375],[-47.77315697302791,-15.900381965677152],[-47.77430938688588,-15.898613467519484]],[[-47.77402673819629,-15.906113936395991],[-47.7734506512961,-15.905356325837092],[-47.773043044357465,-15.904936641257027],[-47.77402673819629,-15.906113936395991]],[[-47.77278861159716,-15.904666087924868],[-47.77166142739702,-15.903387090577557],[-47.772305521716795,-15.902082704259655],[-47.771618198018395,-15.903445823404338],[-47.77278861159716,-15.904666087924868]],[[-47.768466703970944,-15.902401189537061],[-47.76827225340955,-15.902504774665662],[-47.76844714452939,-15.902421842415315],[-47.768466703970944,-15.902401189537061]],[[-47.76786504013434,-15.902568174241743],[-47.76774245863431,-15.902562970233564],[-47.767763549983705,-15.902569476176552],[-47.76786504013434,-15.902568174241743]],[[-47.76768443031005,-15.902545074936253],[-47.76755880468728,-15.90241190226202],[-47.767667476844345,-15.90253984718195],[-47.76768443031005,-15.902545074936253]],[[-47.76747836258846,-15.90231719521907],[-47.76745626594401,-15.90228374046995],[-47.7674730089406,-15.90231089123196],[-47.76747836258846,-15.90231719521907]],[[-47.76724426894683,-15.901973493526901],[-47.76684182267546,-15.901513988673905],[-47.76711595673264,-15.901852568191414],[-47.76724426894683,-15.901973493526901]],[[-47.76549560805042,-15.899809019656564],[-47.7653351544702,-15.899542264823783],[-47.76532864847593,-15.899542518832046],[-47.76549560805042,-15.899809019656564]],[[-47.76523657674644,-15.89939431338898],[-47.76520771665552,-15.899345573311068],[-47.76521638940556,-15.899361818285941],[-47.76523657674644,-15.89939431338898]]],[[[-47.78791150299431,-15.914402166388594],[-47.785636436760555,-15.917033771525523],[-47.78421636830335,-15.915589695829631],[-47.78452004595193,-15.91343518005182],[-47.787231242129685,-15.913421682268636],[-47.78791150299431,-15.914402166388594]]],[[[-47.78671077933624,-15.919191995465626],[-47.784590312464026,-15.92175708126579],[-47.78263512209645,-15.920190872435464],[-47.78466790607782,-15.917712958993414],[-47.78671077933624,-15.919191995465626]]],[[[-47.78536392090234,-15.945250744445907],[-47.783175358870864,-15.947730710423137],[-47.782453893431764,-15.946994493414818],[-47.782989007314214,-15.94496602228211],[-47.78187365398648,-15.944679346593498],[-47.78198668026461,-15.9464270373618],[-47.78054793435358,-15.946330918270638],[-47.78082290361127,-15.944778938172435],[-47.77714457864139,-15.944539648229199],[-47.78005562659424,-15.943942940516726],[-47.78536392090234,-15.945250744445907]]],[[[-47.78411190439671,-15.962247697719945],[-47.78188515586111,-15.961975412935839],[-47.77771341345535,-15.963592071967755],[-47.776150665843076,-15.963110433474675],[-47.77399303905753,-15.964629345177256],[-47.77527466522609,-15.960842094749642],[-47.77972256527116,-15.958834814302445],[-47.781249997553346,-15.960004498400714],[-47.78337250727631,-15.959146075452123],[-47.78411190439671,-15.962247697719945]]],[[[-47.78296996778493,-15.744057942640325],[-47.782468187415624,-15.745259143122972],[-47.77954585714594,-15.744460095477082],[-47.78112853394384,-15.742910561482152],[-47.78296996778493,-15.744057942640325]]],[[[-47.782945908957984,-15.722457944771069],[-47.77860371623136,-15.723172830467238],[-47.775999751813444,-15.721084024548192],[-47.7748615008724,-15.722288527736817],[-47.77241412129922,-15.720828534712846],[-47.775366550964485,-15.718052511182112],[-47.77657853831183,-15.71901204694111],[-47.77790701615113,-15.71764740381638],[-47.78096331041501,-15.720346939079311],[-47.78013277604042,-15.72131814055512],[-47.78124999791858,-15.722464563644929],[-47.782945908957984,-15.722457944771069]]],[[[-47.78063825755798,-15.885332744989997],[-47.779785185011264,-15.887802919683294],[-47.77862683538687,-15.886862876164589],[-47.778166429544676,-15.883712580853294],[-47.78042526918529,-15.88189136236514],[-47.78063825755798,-15.885332744989997]]],[[[-47.77839251390101,-15.924221130886485],[-47.77749454325609,-15.926263825459628],[-47.77610402130552,-15.926162254527922],[-47.77587846348717,-15.927718374578243],[-47.77782948279027,-15.928171158860184],[-47.7778524989806,-15.92984355407086],[-47.774950345034334,-15.932061407315123],[-47.7746889861718,-15.933259554710087],[-47.77783804289555,-15.933278731813438],[-47.77792732049188,-15.935278836719531],[-47.77541443895912,-15.936625472048773],[-47.77466011023205,-15.935649490174661],[-47.77272009939574,-15.93600302466206],[-47.7718026593102,-15.938882308816531],[-47.76982190072395,-15.93851947544243],[-47.76983565884963,-15.935024549183222],[-47.771597451694625,-15.935181117106545],[-47.771890926204996,-15.934072166454525],[-47.77019210405279,-15.934004399200953],[-47.7704827149531,-15.932686399571105],[-47.768990124482265,-15.931899098359818],[-47.76674214413936,-15.934556499486318],[-47.767942073238906,-15.936512492314437],[-47.767554612427816,-15.939773265741819],[-47.766193628780336,-15.93958165494199],[-47.76683295340287,-15.936676084041634],[-47.76422794549152,-15.935813421079963],[-47.76247698965553,-15.938703375112665],[-47.76032097161528,-15.938005387130264],[-47.76009911926585,-15.939653387667702],[-47.75704560400984,-15.93958733979434],[-47.75946072163702,-15.934858940013173],[-47.760756264169885,-15.934782608602797],[-47.7614911218237,-15.932084907982839],[-47.75757041180184,-15.932075362266469],[-47.756868145510744,-15.93716223429626],[-47.7508451564552,-15.936940503537128],[-47.75058682605316,-15.936107438708438],[-47.74855841111798,-15.937694476776688],[-47.74490397896802,-15.937753006337235],[-47.74508103212379,-15.934429186011469],[-47.748514327751515,-15.935365170071034],[-47.74900002437181,-15.933853522334704],[-47.75281804885112,-15.934465968084293],[-47.75363385335861,-15.933188641463369],[-47.75255267683978,-15.931409020026331],[-47.75488950098333,-15.928009833709407],[-47.756778243973415,-15.92832188141717],[-47.7573449595923,-15.924610761210083],[-47.75903555284571,-15.924081348972598],[-47.75899994358034,-15.925993478947191],[-47.76363998533582,-15.925536062855139],[-47.764379853253246,-15.924184957383787],[-47.76533028989669,-15.925061696277925],[-47.76765463087705,-15.924281964735625],[-47.76796073225805,-15.923175894788567],[-47.76479193511144,-15.92080306320551],[-47.764973440522375,-15.917756115694406],[-47.76305469352217,-15.917177448511037],[-47.76403244295295,-15.914666368039299],[-47.763044217075574,-15.917161230269253],[-47.76051221871404,-15.915657711520197],[-47.759304060943904,-15.916242574609154],[-47.75737341521189,-15.919894528942027],[-47.75734933928307,-15.923278330314524],[-47.75601453830495,-15.92310439985983],[-47.755060467110134,-15.918337388677287],[-47.75353743658327,-15.918203900582192],[-47.75230036101219,-15.920207839305446],[-47.75258871915017,-15.923970175570448],[-47.75085929655844,-15.924642215983955],[-47.751171222229836,-15.925785248124766],[-47.75345843398381,-15.925450184432274],[-47.7536113057788,-15.926518774291266],[-47.75021164093423,-15.926409228885367],[-47.74767924632822,-15.920343221941396],[-47.74874069655157,-15.919947360292031],[-47.74810755498221,-15.918426075358656],[-47.749999998159325,-15.917907224385603],[-47.747843443924914,-15.916432852077074],[-47.746626000410956,-15.917630771687243],[-47.74576852762825,-15.915591396243421],[-47.74795128668475,-15.911577730756719],[-47.750335835915415,-15.91305181145906],[-47.752523018594644,-15.902574257277749],[-47.75736133963456,-15.902873785798166],[-47.75961690209767,-15.901512818294679],[-47.762619325788776,-15.904260647767336],[-47.76384824807619,-15.903517883043413],[-47.76465165324049,-15.904189475163532],[-47.76454339774583,-15.908152018808144],[-47.76672349049313,-15.90993061180576],[-47.76903967021014,-15.908208089203379],[-47.771566688162,-15.910613020201538],[-47.769995082602264,-15.911888724906378],[-47.775708005404034,-15.91763289240425],[-47.77839251390101,-15.924221130886485]],[[-47.75363385335861,-15.933188641463369],[-47.754087511843196,-15.93247833000546],[-47.755316808143846,-15.930393758120232],[-47.75363385335861,-15.933188641463369]],[[-47.77095170056205,-15.91311356443531],[-47.76920621941345,-15.914329049662244],[-47.76938859355557,-15.914719070504132],[-47.77095170056205,-15.91311356443531]],[[-47.7700011695548,-15.916178279131822],[-47.76949116620111,-15.914965220233203],[-47.7692088471074,-15.916551606139878],[-47.76960211528143,-15.915264847754154],[-47.7700011695548,-15.916178279131822]],[[-47.76996204028822,-15.909045715573178],[-47.76996164198014,-15.909016652953607],[-47.76995162807018,-15.909034658329078],[-47.76996204028822,-15.909045715573178]],[[-47.76973544797064,-15.911589759377605],[-47.768494071484284,-15.910173259905893],[-47.768393196179105,-15.910190901753428],[-47.76973544797064,-15.911589759377605]],[[-47.767702150616905,-15.91090544137667],[-47.76720988201905,-15.90982272042432],[-47.76769166962955,-15.910889227031934],[-47.7655928877389,-15.911063930579129],[-47.76525003670864,-15.915941141142582],[-47.76423686939044,-15.915862946284234],[-47.76526051512558,-15.915957361042734],[-47.76560336578688,-15.911080145086858],[-47.767702150616905,-15.91090544137667]],[[-47.766198884893804,-15.913886376195062],[-47.76608337168888,-15.911582994587105],[-47.76610070473646,-15.914481641259941],[-47.766198884893804,-15.913886376195062]],[[-47.76583819706128,-15.915172979123179],[-47.765836495022725,-15.915177436299775],[-47.765599042396474,-15.916008625036225],[-47.76583819706128,-15.915172979123179]],[[-47.765307712732465,-15.910804873574152],[-47.765076681305395,-15.910937881738551],[-47.765257825132075,-15.910842088505548],[-47.765307712732465,-15.910804873574152]],[[-47.76529016844473,-15.916973515440166],[-47.76522846450159,-15.917176488643761],[-47.76522873160517,-15.917175887336198],[-47.76529016844473,-15.916973515440166]],[[-47.76524936770146,-15.908849993481418],[-47.765231739969316,-15.908966469876775],[-47.76524113379422,-15.908969482545388],[-47.76524936770146,-15.908849993481418]],[[-47.76460770253404,-15.908313572303639],[-47.76456488149434,-15.908273217162899],[-47.76444753992765,-15.90819291013908],[-47.76460770253404,-15.908313572303639]],[[-47.76428982045108,-15.911383278896542],[-47.7642375120765,-15.911419718134296],[-47.76403647257565,-15.911585104742768],[-47.76428982045108,-15.911383278896542]],[[-47.763961822743205,-15.914364618491541],[-47.763870997331786,-15.914315656269034],[-47.76385039965431,-15.914331955522425],[-47.763961822743205,-15.914364618491541]],[[-47.763507120735596,-15.91198328560288],[-47.76296868585487,-15.91236312769399],[-47.763488023968975,-15.911997808044516],[-47.763507120735596,-15.91198328560288]],[[-47.763205031739766,-15.90829298749633],[-47.76276455797642,-15.9081447193029],[-47.76288454115509,-15.908187201222649],[-47.763205031739766,-15.90829298749633]],[[-47.76315433313375,-15.907531698718932],[-47.76160460292957,-15.905778143376384],[-47.76217296020554,-15.906562034347026],[-47.76315433313375,-15.907531698718932]],[[-47.762349594631736,-15.912816397744248],[-47.76233066097492,-15.91283009705441],[-47.762257115429236,-15.912886976921456],[-47.762349594631736,-15.912816397744248]],[[-47.76197087445006,-15.928793079428077],[-47.76110497014292,-15.926529152555652],[-47.758229296755395,-15.928333192472625],[-47.75985631413744,-15.929925345036807],[-47.76197087445006,-15.928793079428077]],[[-47.76163332205149,-15.90776320413661],[-47.761115359256635,-15.90758793497024],[-47.76133411678758,-15.90766938247765],[-47.76163332205149,-15.90776320413661]],[[-47.761362127511845,-15.913640791756755],[-47.76066475585449,-15.913465071302875],[-47.76133005719374,-15.913668357198258],[-47.761362127511845,-15.913640791756755]],[[-47.76115215562984,-15.906358921290176],[-47.76087943122981,-15.906922476305906],[-47.76088766016163,-15.90695972268563],[-47.76115215562984,-15.906358921290176]],[[-47.76088608251743,-15.907259531304247],[-47.760884144965246,-15.907117674625722],[-47.76085350704515,-15.907490441211241],[-47.76088608251743,-15.907259531304247]],[[-47.76024178547321,-15.913335828809542],[-47.759953309137316,-15.913242851758483],[-47.75995107353832,-15.913246998723935],[-47.76024178547321,-15.913335828809542]],[[-47.757969749075166,-15.911750817175555],[-47.757704443149734,-15.911924949675342],[-47.75716408183707,-15.912317714896457],[-47.757969749075166,-15.911750817175555]],[[-47.75769799019276,-15.909915938135125],[-47.757503064296095,-15.90989327320936],[-47.75750390428624,-15.909896352164663],[-47.75769799019276,-15.909915938135125]],[[-47.7574673146741,-15.909762270576199],[-47.75741557755137,-15.909368312244133],[-47.75739993004365,-15.909515345036008],[-47.7574673146741,-15.909762270576199]],[[-47.757333995939725,-15.908800483401325],[-47.75732479204935,-15.908743522581771],[-47.757328102687005,-15.908775486243163],[-47.757333995939725,-15.908800483401325]],[[-47.75732230821925,-15.908719555716932],[-47.75730219233818,-15.90846263520401],[-47.75729966442124,-15.90850104520227],[-47.75732230821925,-15.908719555716932]],[[-47.757172708932785,-15.90714885314802],[-47.75716533540615,-15.907089426790117],[-47.7571594850361,-15.907056412673535],[-47.757172708932785,-15.90714885314802]],[[-47.75706905765117,-15.90636719509304],[-47.75706784396482,-15.90627820749087],[-47.75705384043025,-15.906214812440545],[-47.75706905765117,-15.90636719509304]],[[-47.75690765374071,-15.905396100857764],[-47.75689799141492,-15.905133711693024],[-47.75688200830794,-15.905519867848247],[-47.75690765374071,-15.905396100857764]],[[-47.75688646532402,-15.905788864124776],[-47.756865996471035,-15.905769572244974],[-47.75686582324085,-15.905776579319905],[-47.75688646532402,-15.905788864124776]],[[-47.756852163755305,-15.904921724262536],[-47.75685176025068,-15.90491889441466],[-47.75681144257134,-15.904914539465631],[-47.756852163755305,-15.904921724262536]],[[-47.755855424177376,-15.912567424522434],[-47.754945528860276,-15.912426159525948],[-47.75432948527447,-15.912347526484375],[-47.755855424177376,-15.912567424522434]],[[-47.75574191123674,-15.914621864810913],[-47.755736650585426,-15.914619031068288],[-47.75537739518978,-15.915145062570398],[-47.755382032676835,-15.915148807433049],[-47.75574191123674,-15.914621864810913]],[[-47.75547265522512,-15.9046783254663],[-47.75521788900511,-15.904617155883004],[-47.75402657827344,-15.904413277052207],[-47.75547265522512,-15.9046783254663]],[[-47.754056408613735,-15.91232574150471],[-47.75383268958347,-15.912308935801573],[-47.75369088971023,-15.912340236967296],[-47.754056408613735,-15.91232574150471]],[[-47.75388536652978,-15.915817318642342],[-47.75364672673705,-15.914900511510504],[-47.753397879030715,-15.914827112304907],[-47.75388536652978,-15.915817318642342]],[[-47.75340640247806,-15.91233977576279],[-47.753400940711124,-15.912338340794257],[-47.75336679772705,-15.912351826135925],[-47.75340640247806,-15.91233977576279]],[[-47.75307943070195,-15.912465324447226],[-47.75305707096297,-15.912474156278206],[-47.75296644309001,-15.912529019565788],[-47.75307943070195,-15.912465324447226]],[[-47.75202308763448,-15.90471798156563],[-47.75069738077975,-15.911389152843125],[-47.7519674599105,-15.905080066476177],[-47.75202308763448,-15.90471798156563]],[[-47.75149238619973,-15.912767328605279],[-47.75138954333164,-15.912756809462792],[-47.75147539782256,-15.912768154852422],[-47.75149238619973,-15.912767328605279]],[[-47.75104866211472,-15.91271176459833],[-47.75098027707653,-15.912697016306264],[-47.751016346324334,-15.91270749551822],[-47.75104866211472,-15.91271176459833]],[[-47.750629787886716,-15.91172939666381],[-47.75053336566301,-15.911789420319277],[-47.75057740883796,-15.911979737722362],[-47.750629787886716,-15.91172939666381]]],[[[-47.775603241422886,-15.622398603922102],[-47.7728193126126,-15.626947118474792],[-47.76749948217992,-15.624500423039356],[-47.76373597858781,-15.631942004616379],[-47.766009001435556,-15.632741100579635],[-47.7674004065192,-15.63535213181076],[-47.76460713686339,-15.640823788627806],[-47.76092342358005,-15.641975437154631],[-47.75638336019505,-15.637875384508439],[-47.762671911940025,-15.623451450164247],[-47.76718894492293,-15.61979061450708],[-47.775603241422886,-15.622398603922102]]],[[[-47.775411325257984,-15.783973167290743],[-47.774779188735614,-15.78469160341342],[-47.77309563141385,-15.783958325363889],[-47.768369552552606,-15.780333531420906],[-47.77033324990011,-15.778066420472513],[-47.77475225386194,-15.781029127712404],[-47.77411381485262,-15.782968581038462],[-47.775411325257984,-15.783973167290743]]],[[[-47.77262324485822,-15.886060471446651],[-47.771540706143945,-15.888783796106777],[-47.7701867708498,-15.887592841318824],[-47.76961557802191,-15.88807329993895],[-47.77096208861235,-15.889349648422083],[-47.76988938890536,-15.890411520288223],[-47.76851850078076,-15.889098152303113],[-47.76988347841733,-15.89043071296423],[-47.7693360064441,-15.89134087779926],[-47.765994182686136,-15.889365145596651],[-47.76903571237444,-15.88629571135177],[-47.77125572622341,-15.886138218359903],[-47.771864574842546,-15.885162629932182],[-47.77262324485822,-15.886060471446651]]],[[[-47.77113664657821,-15.652849456819826],[-47.77060178151865,-15.652659988209333],[-47.770860349108865,-15.652730764267881],[-47.77113664657821,-15.652849456819826]]],[[[-47.77072053360654,-15.6884832713418],[-47.76746185910036,-15.686823152245124],[-47.76505039333461,-15.689453581189236],[-47.764211678719946,-15.688718629563132],[-47.76798128485516,-15.68436960601399],[-47.769015738982255,-15.684987363165737],[-47.768086509471324,-15.686318201230215],[-47.77072053360654,-15.6884832713418]]],[[[-47.770427568079356,-15.885958937384984],[-47.769479220678626,-15.885999351144706],[-47.76991690671085,-15.885506266428964],[-47.770427568079356,-15.885958937384984]]],[[[-47.769816530810886,-15.719671512387135],[-47.7668349213837,-15.725406186936015],[-47.76349514587375,-15.72363242163273],[-47.76131878377255,-15.726164310430338],[-47.758482161870845,-15.725110539756315],[-47.759143717635325,-15.722941948920264],[-47.76240205477063,-15.720147862837518],[-47.76341928524205,-15.720937892021144],[-47.76768735612876,-15.716926583891638],[-47.76875421877253,-15.717008633380592],[-47.769816530810886,-15.719671512387135]]],[[[-47.76957688779456,-15.678843921446434],[-47.766562574754,-15.680751957888996],[-47.766269304406144,-15.680038781695714],[-47.76849211347509,-15.6779675253905],[-47.76957688779456,-15.678843921446434]]],[[[-47.76862961444657,-15.81341136552489],[-47.766778025896684,-15.814467288634486],[-47.76585090492811,-15.812980356677027],[-47.7630126475776,-15.814185502417944],[-47.76404404982713,-15.815978906454108],[-47.76679478264444,-15.81461045057022],[-47.76794720958695,-15.816588675425493],[-47.76377304710312,-15.817831911291835],[-47.76428856587701,-15.818714275134719],[-47.76236209032304,-15.819713773421054],[-47.75977600730877,-15.814671159118118],[-47.76148366490896,-15.813918212907582],[-47.7608054948189,-15.813052245498536],[-47.76389773951528,-15.812840831734512],[-47.76422251484817,-15.810585688918955],[-47.76586936419261,-15.810725471989779],[-47.76587785293398,-15.809919994966016],[-47.76767942049253,-15.809990420651799],[-47.76862961444657,-15.81341136552489]]],[[[-47.767848475848666,-15.647317493757459],[-47.76589111619655,-15.651287186087742],[-47.76773049124708,-15.647262936847056],[-47.767848475848666,-15.647317493757459]]],[[[-47.765472015781064,-15.772906829082899],[-47.765408986643386,-15.7746281479658],[-47.763177536462194,-15.774764044083035],[-47.761519181910835,-15.776218876422153],[-47.75942334865288,-15.7745249568001],[-47.76159466330333,-15.772681289519152],[-47.7611155297082,-15.77192269601593],[-47.762697334198805,-15.772105727407258],[-47.76459392462807,-15.770833339287494],[-47.765472015781064,-15.772906829082899]]],[[[-47.76485999352071,-15.855796027930545],[-47.759787272116,-15.856013690768822],[-47.75800256716371,-15.856934928410082],[-47.7567634793853,-15.854408168015155],[-47.7554298191367,-15.85509423720893],[-47.75591463174776,-15.857343858081817],[-47.75462111417424,-15.854824638000679],[-47.75345417192136,-15.854875608300167],[-47.752102910279135,-15.859715670157458],[-47.74969813355729,-15.86088421878028],[-47.7472013415816,-15.859270001543992],[-47.74760164339515,-15.857659453992154],[-47.74624191560856,-15.853691766706536],[-47.74730440405571,-15.852393863950136],[-47.749219693894716,-15.85312309563371],[-47.74916076845391,-15.850775621408365],[-47.75305452636785,-15.846932878165479],[-47.755448983123834,-15.848099115359076],[-47.7563014649109,-15.849596542534497],[-47.75429910323129,-15.846375158294945],[-47.754525044351844,-15.845288494691978],[-47.7569094124805,-15.843813106210535],[-47.758716969088425,-15.846237651308488],[-47.75766729995614,-15.843080932735557],[-47.759664322319175,-15.846477668475421],[-47.76082558444124,-15.851438991268935],[-47.75785977897818,-15.843059365361206],[-47.76361268331547,-15.84977105325176],[-47.76476105849475,-15.849985795623105],[-47.763575054114035,-15.851358225510491],[-47.764743495156644,-15.853044701614028],[-47.76485999352071,-15.855796027930545]],[[-47.74753803888521,-15.852963808518966],[-47.74753778001429,-15.852944694543009],[-47.7473573724557,-15.852946983786854],[-47.74735763130969,-15.852966097765716],[-47.74753803888521,-15.852963808518966]],[[-47.74738325765984,-15.855313999460108],[-47.747382998763094,-15.855294885485785],[-47.74720258815949,-15.855297174942752],[-47.747202847039276,-15.855316288919987],[-47.74738325765984,-15.855313999460108]],[[-47.74735390512473,-15.853146777761395],[-47.74719379204583,-15.85312969211175],[-47.74719026800088,-15.853148854091163],[-47.74735390512473,-15.853146777761395]],[[-47.74717466348008,-15.853690951187113],[-47.74717440461865,-15.853671836303567],[-47.74699399635867,-15.853674125347009],[-47.74699425520316,-15.853693240233449],[-47.74717466348008,-15.853690951187113]]],[[[-47.76249626541962,-15.939518960751476],[-47.76204551850768,-15.941230903310366],[-47.760661940417705,-15.940832848528801],[-47.76102488264522,-15.939200889069085],[-47.76249626541962,-15.939518960751476]]],[[[-47.762335588188144,-15.82103317284813],[-47.75751365164674,-15.82257130798495],[-47.75692080560437,-15.821446168102968],[-47.757670533037604,-15.821035182385051],[-47.757093081541235,-15.819952859581],[-47.7610604393119,-15.818741047967235],[-47.762335588188144,-15.82103317284813]]],[[[-47.76170639836429,-15.85885132823847],[-47.7608655479698,-15.8610721725972],[-47.75864667537444,-15.85851826680343],[-47.760829590536424,-15.857691704350724],[-47.76170639836429,-15.85885132823847]],[[-47.76121042512905,-15.858990567826075],[-47.760926870364955,-15.858723245040334],[-47.76083727032464,-15.85899532795444],[-47.76121042512905,-15.858990567826075]],[[-47.761139025128415,-15.85867538192247],[-47.76101892998047,-15.858631757098761],[-47.76102015941223,-15.858722055043703],[-47.761139025128415,-15.85867538192247]],[[-47.76040583634999,-15.858340172120068],[-47.75996779412678,-15.858250328910765],[-47.760084814299894,-15.858553358028244],[-47.76040583634999,-15.858340172120068]]],[[[-47.761489015454345,-15.896902419579746],[-47.76101483688082,-15.898023986389445],[-47.76128281131286,-15.89712478195663],[-47.761489015454345,-15.896902419579746]]],[[[-47.75964638215904,-15.70152450255854],[-47.7581644716023,-15.70505598266579],[-47.756509404998674,-15.705805722418127],[-47.75575676505291,-15.704871317631273],[-47.754668016636685,-15.70554220593524],[-47.75227843295868,-15.70317113614722],[-47.75492797934737,-15.701942522020719],[-47.75595078875203,-15.702789885546084],[-47.75802278472997,-15.700027597202865],[-47.75964638215904,-15.70152450255854]]],[[[-47.75729769514947,-15.728655498367608],[-47.75560026387072,-15.729021063651395],[-47.75601057672023,-15.73090846533068],[-47.75434291796476,-15.731287985235504],[-47.751761549201966,-15.729772096190615],[-47.75191394194373,-15.728995930723231],[-47.74440888341821,-15.72947475752407],[-47.74439988840773,-15.725861717964941],[-47.7505845343791,-15.724904413554945],[-47.75098501588705,-15.722395018841183],[-47.75620404774163,-15.72659034589146],[-47.75729769514947,-15.728655498367608]]],[[[-47.75537638943585,-15.767227214775911],[-47.751754950170444,-15.7665752751081],[-47.752491837829474,-15.765590985017601],[-47.75263495992383,-15.766688404815955],[-47.75534619748523,-15.766453358086498],[-47.75537638943585,-15.767227214775911]]],[[[-47.75464651897619,-15.88785627616323],[-47.75347755544792,-15.889637228229265],[-47.75259493431605,-15.888474918911337],[-47.75464651897619,-15.88785627616323]]],[[[-47.754268838886574,-15.94061692619364],[-47.753470650438814,-15.942935481580733],[-47.749795439733774,-15.942925075202359],[-47.75016158393372,-15.938260670079238],[-47.75221571455141,-15.93784732871934],[-47.7529252200698,-15.93988854273139],[-47.754268838886574,-15.94061692619364]]],[[[-47.75187674003813,-15.828169053452141],[-47.74832735812259,-15.842229232517994],[-47.73903375678043,-15.842275238930823],[-47.73424192444035,-15.824574538851323],[-47.73218703150033,-15.824485733909091],[-47.73215928448764,-15.822421420253857],[-47.734170041252355,-15.822166675577868],[-47.733361682942,-15.819764657136986],[-47.74881502913119,-15.818063921775565],[-47.7515244486021,-15.821291411277066],[-47.75187674003813,-15.828169053452141]]],[[[-47.751323176127606,-15.930894224058296],[-47.75037795537038,-15.932211011194802],[-47.74838682369994,-15.931806278281138],[-47.74589490480101,-15.93271263488945],[-47.74642162045769,-15.9311287791168],[-47.74525840776709,-15.929494761732002],[-47.746575207125225,-15.928259286549828],[-47.74790548834785,-15.9301922582589],[-47.75061027966385,-15.930774283152191],[-47.75000787042469,-15.92897542560672],[-47.75131239247014,-15.929016132122774],[-47.751323176127606,-15.930894224058296]]],[[[-47.751208395671654,-15.785523003732147],[-47.749304664649365,-15.787095575184834],[-47.74828605509108,-15.78512984161451],[-47.75091549498549,-15.78466644411317],[-47.751208395671654,-15.785523003732147]]],[[[-47.74919479004717,-15.861971300707069],[-47.74852937133804,-15.865334781814223],[-47.746071702321906,-15.869258689522708],[-47.745093678452925,-15.867593584091743],[-47.7440649448807,-15.868746487723612],[-47.7432374092119,-15.86834835620541],[-47.742916485319775,-15.867621198384334],[-47.74437227696671,-15.866828495205898],[-47.74238718191792,-15.866272986429566],[-47.7428187022949,-15.865321222643521],[-47.7436009198036,-15.86565541121665],[-47.74357850995597,-15.863999681366177],[-47.746297796981516,-15.866266397423095],[-47.74679070179167,-15.864926727279935],[-47.74497781674805,-15.863960429368303],[-47.7453914736993,-15.863331487864315],[-47.74827631129549,-15.863058296468138],[-47.74919479004717,-15.861971300707069]]],[[[-47.74914488125309,-15.706981538363246],[-47.748271603925446,-15.708333343026716],[-47.74851471076995,-15.712873979424074],[-47.74725979968905,-15.71357680329568],[-47.74371805936004,-15.713920066620032],[-47.74133205043497,-15.708333343018596],[-47.73752858858667,-15.708112792405775],[-47.74682954847036,-15.699562255213237],[-47.74894030689592,-15.702881139479246],[-47.747235561970626,-15.704527555052792],[-47.74914488125309,-15.706981538363246]]],[[[-47.748962725139464,-15.76321687511998],[-47.74681091078427,-15.764701688665006],[-47.74747691870085,-15.766255040550899],[-47.74565596672468,-15.768360374794854],[-47.741881849818064,-15.761140552699416],[-47.7466796586785,-15.75814394876234],[-47.748962725139464,-15.76321687511998]]],[[[-47.74648948616883,-15.583090706803151],[-47.74532436754677,-15.584467371382393],[-47.743119359773715,-15.583658507058658],[-47.74287739499829,-15.585860028885016],[-47.742103069499265,-15.585104991500678],[-47.74203266245677,-15.579800780424533],[-47.74460282682013,-15.578406604307828],[-47.74648948616883,-15.583090706803151]]],[[[-47.74433387100832,-15.671381055323097],[-47.743050719566085,-15.672272135379254],[-47.74300532992674,-15.670351415574439],[-47.74433387100832,-15.671381055323097]]],[[[-47.74414483265406,-15.663222427766254],[-47.743920295704136,-15.66395409028031],[-47.74229995465244,-15.663592052982732],[-47.74060990163711,-15.661701487459355],[-47.73912648488399,-15.66143329500908],[-47.739982318419614,-15.659952936274776],[-47.74414483265406,-15.663222427766254]]],[[[-47.74333180197161,-15.908428493296766],[-47.74053897056411,-15.909343354130128],[-47.737027774947514,-15.905354208548152],[-47.736626713508706,-15.90199468702107],[-47.741826514965375,-15.900858168209435],[-47.74333180197161,-15.908428493296766]]],[[[-47.73939208566827,-15.720353162784937],[-47.737842826280215,-15.721835085592138],[-47.735898876135494,-15.71981631045745],[-47.73852750586662,-15.718527210591963],[-47.73939208566827,-15.720353162784937]]],[[[-47.73901489700153,-15.579049790966529],[-47.73817584430566,-15.578988547672159],[-47.736709118201276,-15.576210867156297],[-47.73753708207468,-15.57543586439321],[-47.73901489700153,-15.579049790966529]]],[[[-47.737567658332964,-15.664312106201619],[-47.73552005458655,-15.666129967280487],[-47.727605858483535,-15.658008219121113],[-47.72998431605156,-15.656030978743754],[-47.72922043446127,-15.657940303820684],[-47.733077600179385,-15.662372841070175],[-47.737567658332964,-15.664312106201619]]],[[[-47.73561425192499,-15.910366406519145],[-47.734191774394404,-15.910907763391172],[-47.733193047514796,-15.90881992114159],[-47.73561425192499,-15.910366406519145]]],[[[-47.73534947539587,-15.645415973053225],[-47.73182798147779,-15.64914958655694],[-47.72948149676348,-15.649255308602843],[-47.72958844257551,-15.648393687465498],[-47.73534947539587,-15.645415973053225]]],[[[-47.732496600546504,-15.643042769733174],[-47.7306985269142,-15.644326939851364],[-47.72683739446152,-15.641794156404986],[-47.72766991886739,-15.640400885226235],[-47.72203149510562,-15.637162034899479],[-47.718551585859416,-15.636961470741785],[-47.71847423173806,-15.635585956580234],[-47.715352433093166,-15.635610309109733],[-47.715357862528705,-15.632656552509637],[-47.717314852989,-15.632947749801769],[-47.71893466045604,-15.630535373028167],[-47.71599967131267,-15.628184049140991],[-47.718372368690744,-15.624791262119222],[-47.71797068723996,-15.623784194625637],[-47.71914443551036,-15.623125621613353],[-47.723672854635915,-15.625388126791284],[-47.7190525849254,-15.633442383350408],[-47.729270973962045,-15.639335933708528],[-47.729084408823745,-15.641632361352636],[-47.72980545557629,-15.642445433658263],[-47.73123379955326,-15.641548230615177],[-47.732496600546504,-15.643042769733174]],[[-47.72302698523166,-15.626524086737508],[-47.72174096491805,-15.625771903844548],[-47.7217319111963,-15.62578925727248],[-47.72302698523166,-15.626524086737508]],[[-47.7194103111279,-15.62626718822932],[-47.718413488232564,-15.625944984749108],[-47.71893369414824,-15.626122545048517],[-47.7194103111279,-15.62626718822932]]],[[[-47.73064917881197,-15.938223287865016],[-47.728985119667584,-15.939449154986706],[-47.72580588839671,-15.939007129166411],[-47.72335879543141,-15.940591114553014],[-47.73052040844033,-15.935605791739626],[-47.729651297877595,-15.936276566860075],[-47.73041081911962,-15.938049162515554],[-47.72914330559651,-15.939006689997107],[-47.73064917881197,-15.938223287865016]]],[[[-47.72812650393817,-15.905370098282237],[-47.727432261447824,-15.913716357402878],[-47.72626621636981,-15.913683300612236],[-47.72549148419604,-15.913368094902903],[-47.72583670966294,-15.905320164747117],[-47.72812650393817,-15.905370098282237]]],[[[-47.72660424317271,-15.755357215243299],[-47.72631227923338,-15.75659155543093],[-47.724412625868155,-15.755695309278355],[-47.72660424317271,-15.755357215243299]]],[[[-47.72368783484813,-15.909707157105618],[-47.72365846178294,-15.910825886236058],[-47.721614533661274,-15.911984370399482],[-47.719609537675666,-15.910532836268922],[-47.72368783484813,-15.909707157105618]]],[[[-47.716364432372096,-15.625575304551868],[-47.71505854219644,-15.626967950779987],[-47.71465942123378,-15.626435205007844],[-47.716364432372096,-15.625575304551868]]],[[[-47.71630666092469,-15.912280653864059],[-47.71627515375419,-15.91434572375123],[-47.71436906337244,-15.913638470621423],[-47.71460165137258,-15.91220174250939],[-47.71630666092469,-15.912280653864059]]],[[[-47.71616595935884,-15.621183072777846],[-47.713919458908485,-15.621567699425928],[-47.71416637280269,-15.623265368199284],[-47.71271789501585,-15.623942848632083],[-47.710630190832276,-15.621499629552565],[-47.71454041281866,-15.62022177357681],[-47.71616595935884,-15.621183072777846]],[[-47.71411573360552,-15.621397991571333],[-47.71402903660838,-15.620713212911323],[-47.714097042470975,-15.621289489278237],[-47.71411573360552,-15.621397991571333]]],[[[-47.713796112350565,-15.738333968411208],[-47.71099740573263,-15.742476540206596],[-47.710283290422396,-15.742212997473489],[-47.70925020388738,-15.743573641345007],[-47.7075572392533,-15.743178877371125],[-47.70619695794279,-15.74442887012391],[-47.693613886210386,-15.737675964325781],[-47.68802444544694,-15.735928767631652],[-47.682236306470486,-15.735957056509436],[-47.680440702654714,-15.739018917052128],[-47.67687480014512,-15.736911960292193],[-47.67687909105846,-15.736108946597856],[-47.67845236324273,-15.734153911426983],[-47.68809775810952,-15.729117087111177],[-47.69991430959186,-15.739792145725122],[-47.701646274461176,-15.736537135533558],[-47.70024352027315,-15.73643981116873],[-47.69998604257389,-15.733384152374692],[-47.70150491561668,-15.733307981851299],[-47.701482948305014,-15.73164500618098],[-47.69819125163472,-15.730500463407202],[-47.69805551319209,-15.72769182094835],[-47.70136715021064,-15.728855243674326],[-47.70208611599536,-15.722821100693302],[-47.7072343571856,-15.72499762267242],[-47.70695847683063,-15.727772663541062],[-47.7085208170967,-15.728001793652592],[-47.70848110038504,-15.729474350156547],[-47.71367625614133,-15.729302384657888],[-47.713796112350565,-15.738333968411208]],[[-47.70521650300544,-15.727392807929515],[-47.70363948437956,-15.72754618999012],[-47.70436942105868,-15.727518020885821],[-47.70521650300544,-15.727392807929515]],[[-47.703445924837354,-15.727835356542933],[-47.703257164025835,-15.728487700718267],[-47.7034299787044,-15.728122320186728],[-47.703445924837354,-15.727835356542933]],[[-47.703257164025835,-15.728487700718267],[-47.701798038054136,-15.728601373165054],[-47.70235061782759,-15.728594525760066],[-47.703257164025835,-15.728487700718267]],[[-47.70286665757365,-15.737490589109049],[-47.70282432954342,-15.737554888966844],[-47.70277078266707,-15.737665234876935],[-47.70286665757365,-15.737490589109049]]],[[[-47.71229148309621,-15.638555420897065],[-47.711484530268585,-15.643569483268159],[-47.708307792302286,-15.640554699379878],[-47.706480210053314,-15.641107796973394],[-47.705493192126085,-15.64031703504741],[-47.7065033764162,-15.638368879438092],[-47.71079124918724,-15.636996762562617],[-47.71229148309621,-15.638555420897065]]],[[[-47.711259892657964,-15.912224095726012],[-47.704441044634436,-15.916611096411506],[-47.69579594237107,-15.914640250499339],[-47.699800636847094,-15.908614148057797],[-47.701754009791124,-15.909908816904121],[-47.70342154052109,-15.907555599079176],[-47.711259892657964,-15.912224095726012]]],[[[-47.710517690145124,-15.685567509996766],[-47.709022977611056,-15.68725884230341],[-47.70714901445208,-15.687317907001898],[-47.70711571384867,-15.685729154143933],[-47.70828583973501,-15.684675131161114],[-47.710517690145124,-15.685567509996766]]],[[[-47.70936121224158,-15.785586134334027],[-47.70872319157944,-15.786788937467094],[-47.70710419772245,-15.785674000105276],[-47.7087191255402,-15.784626307530374],[-47.70936121224158,-15.785586134334027]]],[[[-47.70782959514482,-15.620103647460216],[-47.70402766265549,-15.626535869461266],[-47.7028346224905,-15.625824138925632],[-47.70107698793104,-15.628694363250208],[-47.699041260943325,-15.62841353887009],[-47.703729906267576,-15.620383619853817],[-47.70782959514482,-15.620103647460216]]],[[[-47.70624752995306,-15.782756116398629],[-47.70609725008897,-15.78407710560353],[-47.70235301133226,-15.78237441652149],[-47.70074480499337,-15.780951012942003],[-47.70095092913435,-15.7801168317483],[-47.70260780680285,-15.779255062288305],[-47.70542684613194,-15.780424417153096],[-47.70624752995306,-15.782756116398629]]],[[[-47.70242172121982,-15.792641525689282],[-47.701040649317186,-15.793650431055635],[-47.70210905936927,-15.795118766522338],[-47.701487091289344,-15.795676136239463],[-47.700233606314946,-15.794210098009874],[-47.69953665426246,-15.79469670318637],[-47.69984466972524,-15.796521008202962],[-47.697221779730654,-15.794151924400234],[-47.695379388099596,-15.79547204638728],[-47.692077999472,-15.794982465438382],[-47.69249015622545,-15.792554172346126],[-47.69872798621202,-15.791408940277796],[-47.70239834970524,-15.791810029432256],[-47.70242172121982,-15.792641525689282]]],[[[-47.70111322030945,-15.549867754931677],[-47.70021410178205,-15.55124093824495],[-47.69768790792311,-15.550339882575415],[-47.698578260261144,-15.548292902348233],[-47.70111322030945,-15.549867754931677]]],[[[-47.69733166613119,-15.65646433746953],[-47.69646314563569,-15.659070298083215],[-47.69502433238072,-15.658815583551323],[-47.69457096344167,-15.660355381726646],[-47.69390230624348,-15.660148534354937],[-47.694546140281545,-15.653946383109759],[-47.696222406026315,-15.654255536231874],[-47.69733166613119,-15.65646433746953]]],[[[-47.6970654194105,-15.640425256753156],[-47.69587270587828,-15.642002827642788],[-47.69280484868524,-15.639604252556245],[-47.69262432176748,-15.641908297227898],[-47.68992263699141,-15.640406056298865],[-47.69235457076365,-15.637758859631575],[-47.694095915927306,-15.639658823996287],[-47.6961190624488,-15.639347176162165],[-47.6970654194105,-15.640425256753156]]],[[[-47.69656420836032,-15.796681243591866],[-47.694030369716316,-15.797310115471038],[-47.69348860395089,-15.795536488185215],[-47.69656420836032,-15.796681243591866]]],[[[-47.69621534384627,-15.601717173064289],[-47.69620556570323,-15.601714658422226],[-47.696205325928766,-15.60169631079612],[-47.69621534384627,-15.601717173064289]]],[[[-47.69620715239817,-15.601836072259067],[-47.69550638814177,-15.60339627383771],[-47.691103870287904,-15.606888955314464],[-47.68822524804124,-15.60735961428565],[-47.68675524423074,-15.606574642597307],[-47.68778882526329,-15.605109423754229],[-47.685171901136925,-15.60370458499876],[-47.683452911873225,-15.606828823076638],[-47.671931490453964,-15.607793751221378],[-47.67220648696268,-15.60378295832651],[-47.67185576795737,-15.612548804272738],[-47.66630518433802,-15.61205144015276],[-47.670358444760765,-15.61054182819822],[-47.66948950940211,-15.610060336522325],[-47.67009497693111,-15.608920705191109],[-47.66603733517752,-15.609682924872104],[-47.66724913304311,-15.605236969784153],[-47.67014629150822,-15.602006164818489],[-47.67295712222588,-15.602670762133421],[-47.675629149488145,-15.598011138579354],[-47.67822911677242,-15.599376314832746],[-47.680713346533565,-15.598763992771746],[-47.68237662743369,-15.599674925241121],[-47.68271759559478,-15.598186607194506],[-47.69620715239817,-15.601836072259067]],[[-47.68939163998461,-15.60583978575391],[-47.6890660397449,-15.605655083928044],[-47.68870754760242,-15.605460671831793],[-47.68939163998461,-15.60583978575391]]],[[[-47.696005831412776,-15.610011843496062],[-47.6945056870657,-15.612112933263854],[-47.695365640919555,-15.61265854060061],[-47.68729838621677,-15.618148222589177],[-47.68107187412075,-15.618533858551624],[-47.68108996908225,-15.61926132565995],[-47.682729268972075,-15.61921619811483],[-47.68275020104216,-15.62016109777359],[-47.680385349562954,-15.62016490635793],[-47.68038893397239,-15.62187634517196],[-47.68025632730814,-15.619130811583464],[-47.680277889221664,-15.621879456764573],[-47.67913066707574,-15.621911625658832],[-47.67583754581304,-15.618893840693834],[-47.67294184845876,-15.618694932593526],[-47.67256517778406,-15.612479899636394],[-47.675286210001566,-15.612324580476796],[-47.677760377748534,-15.610111344131514],[-47.679311360791694,-15.609850049614474],[-47.68039230827581,-15.613133846717009],[-47.68116916791506,-15.613141087575402],[-47.68549292063725,-15.61153249174599],[-47.68461177299439,-15.609480654938851],[-47.686034607304606,-15.60938797433987],[-47.68595675036631,-15.608711426173542],[-47.68882802747877,-15.610491311345685],[-47.69209512785896,-15.608000665782468],[-47.69420198753269,-15.609166796203857],[-47.69243480485449,-15.610739890983899],[-47.693435223518,-15.611431844992401],[-47.696005831412776,-15.610011843496062]],[[-47.688300822304285,-15.61527826893115],[-47.68823941237981,-15.614989545558391],[-47.68822471748754,-15.61499833681332],[-47.688300822304285,-15.61527826893115]],[[-47.688207523320806,-15.617457168367958],[-47.68732836013349,-15.61804402619229],[-47.68746939582658,-15.617966470304651],[-47.688207523320806,-15.617457168367958]],[[-47.686639404685955,-15.615447953620647],[-47.68653961632067,-15.61500500781916],[-47.68663016910977,-15.615451003939741],[-47.686639404685955,-15.615447953620647]],[[-47.68522398125426,-15.615283585958071],[-47.68464400247154,-15.615467501532116],[-47.684620916278625,-15.615490445691183],[-47.68522398125426,-15.615283585958071]],[[-47.680776532949196,-15.618430953561386],[-47.68026336289484,-15.618444130897077],[-47.68026308901652,-15.618465568594933],[-47.680776532949196,-15.618430953561386]],[[-47.680236204386674,-15.618444829324655],[-47.680160230580555,-15.618446779713462],[-47.679483690466505,-15.618580910314826],[-47.680236204386674,-15.618444829324655]],[[-47.67958313695807,-15.613842653149247],[-47.67957632927278,-15.613318837467807],[-47.67957877887914,-15.613842866222686],[-47.67958313695807,-15.613842653149247]],[[-47.679292225260454,-15.610317849966378],[-47.67927408289616,-15.61036889752987],[-47.67928500040871,-15.61038024515606],[-47.679292225260454,-15.610317849966378]],[[-47.678603883941946,-15.618671630259097],[-47.6780909656367,-15.618696766332484],[-47.677679187181205,-15.618736840184024],[-47.678603883941946,-15.618671630259097]],[[-47.67816838857706,-15.612195319822277],[-47.677886539170416,-15.611885968364486],[-47.67789075195601,-15.612210314228363],[-47.67816838857706,-15.612195319822277]],[[-47.67814300260384,-15.617193331627515],[-47.6780936127078,-15.616361905997794],[-47.67813370596585,-15.617193854240869],[-47.67814300260384,-15.617193331627515]],[[-47.67804903994857,-15.615436973092153],[-47.677982360244165,-15.61396515424248],[-47.67791802931419,-15.61409220432943],[-47.67804903994857,-15.615436973092153]]],[[[-47.69597060552139,-15.68023148902083],[-47.69506328775765,-15.679325012552706],[-47.69540563204166,-15.678345777989103],[-47.69597060552139,-15.68023148902083]]],[[[-47.69570460839039,-15.643221829554195],[-47.695260308888344,-15.644699380797165],[-47.69288111288778,-15.646076455600799],[-47.69355207548772,-15.646720057006927],[-47.69304737441818,-15.647729957416841],[-47.69118574022794,-15.646820830526124],[-47.68963374462271,-15.649220088559822],[-47.687302951883076,-15.647513729012868],[-47.6896739761702,-15.646638656725429],[-47.688210715657476,-15.645638577706716],[-47.689659529432895,-15.644402020287638],[-47.69114199112334,-15.645198573364276],[-47.692534961567716,-15.643113377175236],[-47.69229618313926,-15.644674013673344],[-47.69344506681644,-15.645448187677164],[-47.69490359047834,-15.642696379199013],[-47.69570460839039,-15.643221829554195]]],[[[-47.68989205588559,-15.641368309471574],[-47.6885671737543,-15.641611379260933],[-47.68973923023516,-15.642506516210066],[-47.68702352222252,-15.645380708576036],[-47.686172701744376,-15.643684849522971],[-47.68696378483172,-15.64307293018752],[-47.68533566574607,-15.64199856894039],[-47.68292525507291,-15.64345125248863],[-47.685999833482846,-15.644731848144568],[-47.68480394090545,-15.646830382226899],[-47.68239858298912,-15.64620982913609],[-47.679989296701315,-15.647558469535225],[-47.67791501639712,-15.645088906773516],[-47.67634428847221,-15.64568164607963],[-47.67551395875371,-15.644038058409475],[-47.67690928705183,-15.642854803820411],[-47.68074815435896,-15.644471156123988],[-47.68187435295299,-15.644015106078243],[-47.68144217304477,-15.643085525466864],[-47.67879382748845,-15.640604501310394],[-47.675341256108496,-15.641377949263457],[-47.67434780059638,-15.639730632176601],[-47.67282807264316,-15.640667151844388],[-47.67164911388469,-15.638030665217789],[-47.6751481996152,-15.635368801952616],[-47.6707222195021,-15.638675977021116],[-47.66830013756549,-15.63485481386955],[-47.67369645728187,-15.632181168989947],[-47.67402411984263,-15.629106206189377],[-47.67972544081876,-15.629125767775422],[-47.68698327859749,-15.62516569612624],[-47.688938374389785,-15.625313646280723],[-47.689292031957734,-15.630490314275788],[-47.68811673329521,-15.629625292526619],[-47.68157764256777,-15.629705351135328],[-47.681547619526015,-15.63118737849607],[-47.67641103750165,-15.633632380657621],[-47.679815339426995,-15.631498602721724],[-47.68449361717015,-15.639922347662505],[-47.68749501036394,-15.638074753790374],[-47.686963389430446,-15.636551822044018],[-47.688500378472355,-15.635744355241442],[-47.68948271801595,-15.637315521579595],[-47.68832175969945,-15.638118384689887],[-47.68928452653172,-15.63960614900698],[-47.68826256390476,-15.640289014825667],[-47.68989205588559,-15.641368309471574]],[[-47.67369645728187,-15.632181168989947],[-47.67380972167786,-15.632557077482803],[-47.673771846972514,-15.63240153977303],[-47.67369645728187,-15.632181168989947]],[[-47.68030974376976,-15.633459966943098],[-47.680136702633845,-15.633206223348507],[-47.6795965268158,-15.633540336502492],[-47.68030974376976,-15.633459966943098]],[[-47.67954273615883,-15.635095551192277],[-47.679256939775826,-15.634384448982166],[-47.67925360930357,-15.63438601793374],[-47.67954273615883,-15.635095551192277]],[[-47.678629983623495,-15.634814615434573],[-47.678333456581655,-15.634395162865273],[-47.67862941871765,-15.634815112786098],[-47.678629983623495,-15.634814615434573]],[[-47.67756824648281,-15.637069939430294],[-47.676732213555965,-15.63660736169721],[-47.67751269894728,-15.637047422289124],[-47.67463324349969,-15.638379612993882],[-47.67756824648281,-15.637069939430294]],[[-47.67614176232239,-15.632944280898954],[-47.67525562658587,-15.633485141032985],[-47.675565648257965,-15.634121006467748],[-47.6746604589383,-15.634714050175793],[-47.675576028915245,-15.634136989680075],[-47.67526600715768,-15.633501122463453],[-47.67614176232239,-15.632944280898954]],[[-47.673624284604024,-15.633586418376684],[-47.6736050343615,-15.633595706147359],[-47.67358562223027,-15.633606524147245],[-47.673624284604024,-15.633586418376684]],[[-47.673111820151995,-15.633852911530594],[-47.67240250904353,-15.634219758010907],[-47.67240324321912,-15.634221384803288],[-47.673111820151995,-15.633852911530594]]],[[[-47.68828408747031,-15.61052940647414],[-47.68709610391815,-15.608696914215665],[-47.68788804199169,-15.608916637804779],[-47.68828408747031,-15.61052940647414]]],[[[-47.685811044930674,-15.61928430597208],[-47.685042246829916,-15.619329561788447],[-47.68497013907911,-15.618323371634347],[-47.685738263462184,-15.618278622529807],[-47.685811044930674,-15.61928430597208]]],[[[-47.68330204008725,-15.61920029340164],[-47.68276058766211,-15.620177067060503],[-47.682739655507106,-15.619232165605561],[-47.68330204008725,-15.61920029340164]]],[[[-47.68039931868461,-15.621892315509605],[-47.68036193875992,-15.622942773294044],[-47.679141049862174,-15.621927597900042],[-47.68039931868461,-15.621892315509605]]],[[[-47.678838515280944,-15.522622163714876],[-47.67668490153852,-15.52381930149806],[-47.67547389625359,-15.519747426246361],[-47.67793153817133,-15.519191861890011],[-47.678838515280944,-15.522622163714876]]],[[[-47.67514035268076,-15.654156342119553],[-47.67438984947622,-15.655618496687358],[-47.672817557456135,-15.653821457037457],[-47.673739238214026,-15.652624873171446],[-47.67514035268076,-15.654156342119553]]],[[[-47.67278476296863,-15.624677037830105],[-47.669988186881696,-15.625815179671905],[-47.66993451304457,-15.625098894192773],[-47.67278476296863,-15.624677037830105]]],[[[-47.67220461437798,-15.648502833719084],[-47.67113936280555,-15.649272511793015],[-47.66607212801445,-15.64786212491062],[-47.663876236648356,-15.644201107020727],[-47.66398027019736,-15.639316568362467],[-47.66503179267233,-15.639195049754694],[-47.6653352311553,-15.640630020630796],[-47.664355919428324,-15.641662374516109],[-47.666626974369635,-15.642176168556778],[-47.67220461437798,-15.648502833719084]]],[[[-47.66802417358125,-15.620717043712995],[-47.667884355164816,-15.622583982761087],[-47.667229754210425,-15.622023169428124],[-47.66600208368622,-15.624984217157357],[-47.665046103440886,-15.624288452301855],[-47.66593406477965,-15.620831182851099],[-47.66802417358125,-15.620717043712995]]],[[[-47.665812287035614,-15.637813058473808],[-47.66476276001995,-15.637897514942406],[-47.66401603807787,-15.635081844022924],[-47.66296782088197,-15.635266645673203],[-47.66369832525019,-15.638116539376238],[-47.66079522472209,-15.638690305288504],[-47.661735567868604,-15.64084166249507],[-47.66096176059147,-15.641587376115504],[-47.65993089385457,-15.636484792821223],[-47.66000980639769,-15.637201681722296],[-47.658223235231176,-15.63743391721035],[-47.65794752399196,-15.63455669903997],[-47.6543768273423,-15.634345948807672],[-47.65449186782684,-15.632453376480052],[-47.65191043249592,-15.631882508850268],[-47.653174966593035,-15.632159410025753],[-47.65309126849901,-15.633802412566883],[-47.65280613664795,-15.632388686776679],[-47.65188576911142,-15.632599194627431],[-47.65168955305584,-15.634456921170287],[-47.653118666006755,-15.636843554235563],[-47.656756775734664,-15.636894123354192],[-47.65715647949266,-15.64043983469663],[-47.6604511145677,-15.639956556937062],[-47.66168319992126,-15.641781749133473],[-47.658536327156476,-15.642404893635769],[-47.65866236935517,-15.643920098907737],[-47.65635761668469,-15.643922956754723],[-47.65626776726923,-15.645655469994736],[-47.65361410758984,-15.645915136045181],[-47.65375500857601,-15.644792602180042],[-47.65265003913398,-15.644789253486612],[-47.65287799012386,-15.64773911898651],[-47.66140028138035,-15.648122051329375],[-47.662736046230556,-15.661373999117478],[-47.6610421358311,-15.663134374056979],[-47.657161873193516,-15.663678595618599],[-47.65660046886189,-15.65993818703863],[-47.65402020969346,-15.660294972703825],[-47.65402368708531,-15.662092071945064],[-47.65225387242778,-15.662529018644248],[-47.652549178247234,-15.664040917085638],[-47.647242181034635,-15.662564780508234],[-47.6462950807984,-15.66501685001545],[-47.63641971891226,-15.658824722006608],[-47.6378071126189,-15.656226980087855],[-47.64242037058525,-15.658981803306672],[-47.64625848498081,-15.658091206090216],[-47.6469170438163,-15.654068334355681],[-47.64527808357585,-15.653973426314591],[-47.64626013759998,-15.652087934833661],[-47.648584103610396,-15.652227126978147],[-47.64847719757802,-15.650864463004597],[-47.643800839723,-15.650355926669384],[-47.643889841200675,-15.647235000924548],[-47.642274851165695,-15.647198737704525],[-47.64217140247559,-15.650232197929592],[-47.621545311561285,-15.648296715909446],[-47.6232270951343,-15.647110328302162],[-47.62466285007042,-15.64049901995869],[-47.628479520309845,-15.640595477672285],[-47.629484286477386,-15.639512767692151],[-47.629464188160306,-15.640642217664466],[-47.63061432137843,-15.640685243730946],[-47.630628337981626,-15.639197917102383],[-47.632834677266295,-15.638925510136833],[-47.632300154988556,-15.635602859128047],[-47.632980855322124,-15.63280727577209],[-47.636385013460824,-15.633462657029858],[-47.637182480087404,-15.631027369050479],[-47.64056276789453,-15.629948204298882],[-47.64098645144833,-15.630822663919572],[-47.64791522918261,-15.63227091216303],[-47.651529379042984,-15.63408413355421],[-47.65168853771629,-15.63236750835168],[-47.65078085842493,-15.631592229895825],[-47.65189856768316,-15.631691660717255],[-47.645363788399656,-15.63000985506271],[-47.645201368640684,-15.62913541200566],[-47.64627598322966,-15.629643996143344],[-47.64513609666667,-15.628933590111826],[-47.64400430851252,-15.629524383639513],[-47.641872667095754,-15.628880917725024],[-47.64331469987261,-15.628301682354312],[-47.64360272615841,-15.62709986135439],[-47.637771331941316,-15.628046021946101],[-47.63747709128011,-15.627277001726517],[-47.633839537661416,-15.627216622072547],[-47.63450609066765,-15.624959340144201],[-47.64267279116601,-15.624462595828854],[-47.635349222979386,-15.622396264323845],[-47.635849526052894,-15.620690499496202],[-47.63457497914049,-15.620254898229984],[-47.629311616944335,-15.620481998171456],[-47.62937381234627,-15.61650130865779],[-47.62724196047212,-15.61651317671524],[-47.62774894454119,-15.613137396332666],[-47.62932418742215,-15.613072467567475],[-47.6294020709055,-15.609166764455537],[-47.631845086825614,-15.609182657435687],[-47.637514148060156,-15.614844677807447],[-47.63864337529437,-15.614778892177348],[-47.6374283863841,-15.615223668323383],[-47.637948671681606,-15.616383554604083],[-47.637436340111435,-15.615229255085202],[-47.64276991643945,-15.611802304669974],[-47.64200320082884,-15.605030244878245],[-47.64256754144517,-15.608114454561303],[-47.6438951743148,-15.60789240420283],[-47.642435917092264,-15.60726575157791],[-47.64500981550318,-15.607133110430768],[-47.64244191774742,-15.607259312384075],[-47.641415107174126,-15.60076373082049],[-47.65967358346859,-15.600164821323569],[-47.659442734718475,-15.60758001132414],[-47.65811518823961,-15.60798002750034],[-47.65819685440083,-15.610900992503165],[-47.66147306524222,-15.611747917700447],[-47.662260098162214,-15.614692709867123],[-47.66177763826332,-15.617433700460342],[-47.66344590633528,-15.620170342810322],[-47.664521588417124,-15.623385913180169],[-47.66363885868079,-15.624166177405233],[-47.66456756579179,-15.625331014087694],[-47.66258312931336,-15.627917096843182],[-47.663459973922734,-15.630330418321877],[-47.662955281610806,-15.632685988036412],[-47.659558631814555,-15.634349896799586],[-47.660170207249216,-15.636408628510726],[-47.65980750662913,-15.635629855764218],[-47.6611411782105,-15.63475828922723],[-47.66372677188094,-15.634454451121277],[-47.665812287035614,-15.637813058473808]],[[-47.643889841200675,-15.647235000924548],[-47.6504136239784,-15.647417641194581],[-47.648556661056176,-15.64733972572433],[-47.643889841200675,-15.647235000924548]],[[-47.642274851165695,-15.647198737704525],[-47.64120712571981,-15.647174755835849],[-47.641204796801,-15.647177198285341],[-47.642274851165695,-15.647198737704525]],[[-47.664394139252984,-15.625465857764006],[-47.66307877851933,-15.625469096502913],[-47.664305836950156,-15.625812389198192],[-47.664394139252984,-15.625465857764006]],[[-47.663186377110456,-15.622347251521102],[-47.663169061462526,-15.622348192430852],[-47.663169486070295,-15.62238104144477],[-47.663186377110456,-15.622347251521102]],[[-47.66315820634509,-15.62253679082643],[-47.663124243466086,-15.622964760712287],[-47.66315291318266,-15.622664777147161],[-47.66315820634509,-15.62253679082643]],[[-47.663122468287305,-15.621549735277025],[-47.66246076023561,-15.621091067688745],[-47.66220639279283,-15.622359269158714],[-47.66246412615072,-15.621094119512673],[-47.663122468287305,-15.621549735277025]],[[-47.66307302522929,-15.62339610680029],[-47.66301951613626,-15.62368448639928],[-47.66305970944504,-15.62348505345981],[-47.66307302522929,-15.62339610680029]],[[-47.663049344754,-15.620798762303663],[-47.66300378274939,-15.620398658559418],[-47.66303557941763,-15.620799848868483],[-47.663049344754,-15.620798762303663]],[[-47.663025664522294,-15.625454236457587],[-47.662808717380884,-15.625379759452063],[-47.66242809202129,-15.6252870509835],[-47.663025664522294,-15.625454236457587]],[[-47.66298297070165,-15.623864798792896],[-47.662880915446365,-15.62415306769421],[-47.6629514979159,-15.624016372889391],[-47.66298297070165,-15.623864798792896]],[[-47.66296691868652,-15.631836151354827],[-47.662575075136935,-15.629839318724708],[-47.662137224994694,-15.630690173724823],[-47.66296691868652,-15.631836151354827]],[[-47.66286075587073,-15.624199287835191],[-47.662300472117785,-15.624299787872506],[-47.66281132556019,-15.62431262208817],[-47.66286075587073,-15.624199287835191]],[[-47.66267778594148,-15.624610785979037],[-47.66175308943585,-15.625409453977054],[-47.6622810076326,-15.625506400530888],[-47.66267778594148,-15.624610785979037]],[[-47.662591320739665,-15.632206915294894],[-47.66206518437601,-15.632220178151421],[-47.66212834823753,-15.632230859749685],[-47.662591320739665,-15.632206915294894]],[[-47.66244759463498,-15.629401947129194],[-47.66212572547867,-15.628297632625964],[-47.66229082830816,-15.628937865530503],[-47.66244759463498,-15.629401947129194]],[[-47.66222160297626,-15.624074702031708],[-47.662181594535,-15.624296801129681],[-47.6621848717989,-15.624296883293777],[-47.66222160297626,-15.624074702031708]],[[-47.66216814742858,-15.623908889477665],[-47.661905060380995,-15.623889441575598],[-47.66190511783938,-15.623893888397212],[-47.66216814742858,-15.623908889477665]],[[-47.662054025999375,-15.632220738142154],[-47.660227041143756,-15.632313787360232],[-47.65945406016707,-15.632361937304427],[-47.662054025999375,-15.632220738142154]],[[-47.662019975395296,-15.63270620172602],[-47.66196953456673,-15.63275860094353],[-47.66198132520374,-15.632754240604404],[-47.662019975395296,-15.63270620172602]],[[-47.66198524255225,-15.619416757134768],[-47.66187592463455,-15.618647585608949],[-47.66141791864435,-15.61863201433646],[-47.66198524255225,-15.619416757134768]],[[-47.66197185646205,-15.623433983355094],[-47.661899252719344,-15.623439895343807],[-47.66190441360195,-15.623839385933504],[-47.66197185646205,-15.623433983355094]],[[-47.661951860899634,-15.63030789625082],[-47.661912762753396,-15.630176973112015],[-47.66194337461888,-15.630289613065242],[-47.661951860899634,-15.63030789625082]],[[-47.66192908419281,-15.62638772865855],[-47.66123018139005,-15.627895126691799],[-47.66176669525205,-15.627883894783363],[-47.66123325820511,-15.627890367255244],[-47.66192908419281,-15.62638772865855]],[[-47.66172856404567,-15.625409752485872],[-47.6616618567551,-15.625120054214598],[-47.658933969213216,-15.624485468227718],[-47.66172856404567,-15.625409752485872]],[[-47.66161489913704,-15.629067303680861],[-47.66159937358491,-15.628983515847214],[-47.661570785616654,-15.62890497715927],[-47.66161489913704,-15.629067303680861]],[[-47.661540395778665,-15.632917300515942],[-47.66115556766416,-15.633052936713897],[-47.661356333410595,-15.632985368674571],[-47.661540395778665,-15.632917300515942]],[[-47.66136589948774,-15.628342097600035],[-47.66121362633496,-15.627929866299885],[-47.6612116955206,-15.627929973728943],[-47.66136589948774,-15.628342097600035]],[[-47.66077563358996,-15.616232298905343],[-47.66073248224378,-15.616134296375638],[-47.66029814288913,-15.616196346209698],[-47.66077563358996,-15.616232298905343]],[[-47.66073470345862,-15.615271486619767],[-47.66040663482166,-15.614884402767975],[-47.66072681250665,-15.615997963207464],[-47.66073470345862,-15.615271486619767]],[[-47.66055853007136,-15.61189521846905],[-47.660557087985275,-15.611783465189903],[-47.660554736756644,-15.611781243728837],[-47.66055853007136,-15.61189521846905]],[[-47.660212495655216,-15.615888097920346],[-47.65847488785057,-15.61595932818864],[-47.658478953539436,-15.616274551507694],[-47.660212495655216,-15.615888097920346]],[[-47.66017399571957,-15.614887222501304],[-47.66013929357027,-15.614299087287359],[-47.66016259142054,-15.614887360722298],[-47.66017399571957,-15.614887222501304]],[[-47.65986724170436,-15.633407995809765],[-47.6593920426595,-15.632898099479482],[-47.659436766976135,-15.634040009626602],[-47.65986724170436,-15.633407995809765]],[[-47.65936183090616,-15.613537514100013],[-47.65607618009883,-15.613693905512257],[-47.656188656579566,-15.615697085899136],[-47.656078342287216,-15.613694115093438],[-47.65936183090616,-15.613537514100013]],[[-47.65934327002453,-15.613205608552311],[-47.659262535062545,-15.611761893397025],[-47.659197575596124,-15.611016170671995],[-47.65934327002453,-15.613205608552311]],[[-47.65931071209585,-15.62803712120177],[-47.658138225091655,-15.628103198610615],[-47.658577598500294,-15.628083828560012],[-47.65931071209585,-15.62803712120177]],[[-47.659171038936385,-15.605420907597537],[-47.65780194804415,-15.605506167288693],[-47.65737149752456,-15.604193185216296],[-47.6577910769927,-15.60550649576361],[-47.65450400782473,-15.606002714302937],[-47.659171038936385,-15.605420907597537]],[[-47.65913097537237,-15.60410558216912],[-47.659130861732294,-15.604102839514312],[-47.65819503600886,-15.604149343982305],[-47.65913097537237,-15.60410558216912]],[[-47.65906546906926,-15.602782587182745],[-47.65906536224561,-15.602780083802442],[-47.658866029893815,-15.60279249758181],[-47.65906546906926,-15.602782587182745]],[[-47.65887084416521,-15.634077029866345],[-47.65624783124671,-15.63417935490543],[-47.657168351130935,-15.63419733687208],[-47.65887084416521,-15.634077029866345]],[[-47.658819770675365,-15.601337479709361],[-47.65864029809132,-15.600631128107814],[-47.65881357172458,-15.601338527529881],[-47.658819770675365,-15.601337479709361]],[[-47.658401969515914,-15.623792978252713],[-47.65769321053396,-15.616330696728443],[-47.65767458578235,-15.616331853505853],[-47.658401969515914,-15.623792978252713]],[[-47.65836393323862,-15.624351914878112],[-47.65775608514218,-15.624209500276132],[-47.65800255751725,-15.624050554145118],[-47.65773056929626,-15.624213214611359],[-47.65836393323862,-15.624351914878112]],[[-47.657975226521614,-15.600581210447931],[-47.65797424301854,-15.600239419443378],[-47.657963926179846,-15.600239268788219],[-47.65796490750533,-15.60058067504272],[-47.657975226521614,-15.600581210447931]],[[-47.65772752555896,-15.603940696462292],[-47.65767747603653,-15.602866512549179],[-47.65766931294054,-15.602867020491608],[-47.65772752555896,-15.603940696462292]],[[-47.65736847999333,-15.62560246835156],[-47.655614814626105,-15.626521115626598],[-47.65232303157872,-15.628540267011672],[-47.65736847999333,-15.62560246835156]],[[-47.65701628629921,-15.603377198068115],[-47.65699131225061,-15.602875223460037],[-47.656707384267484,-15.602898690920593],[-47.65701628629921,-15.603377198068115]],[[-47.65669003622287,-15.624799374527948],[-47.65647493495155,-15.620894568968087],[-47.656665002172225,-15.624813642650645],[-47.65669003622287,-15.624799374527948]],[[-47.656125381934935,-15.634129028809557],[-47.6560491973619,-15.634024753690884],[-47.656051849345914,-15.634080466575424],[-47.656125381934935,-15.634129028809557]],[[-47.6559682807648,-15.632603384677353],[-47.655967993055235,-15.632598278555928],[-47.655678322374115,-15.632601788117169],[-47.6559682807648,-15.632603384677353]],[[-47.65587350297624,-15.630913626691889],[-47.655225747278806,-15.627712325095597],[-47.65580574119704,-15.629852602760334],[-47.65304978048902,-15.63133764322297],[-47.65580847193951,-15.62986240954632],[-47.65587350297624,-15.630913626691889]],[[-47.655689977197056,-15.60426510978869],[-47.65565677314429,-15.603612069095664],[-47.65523348976359,-15.603635926368137],[-47.655689977197056,-15.60426510978869]],[[-47.65553983446991,-15.62518618318852],[-47.65553027647412,-15.625020786166829],[-47.65482464872828,-15.625424148609845],[-47.65553983446991,-15.62518618318852]],[[-47.655003915810205,-15.615558062071363],[-47.64991962472111,-15.61574690268829],[-47.64992420511004,-15.615796521121993],[-47.655003915810205,-15.615558062071363]],[[-47.65497415144125,-15.60429729483508],[-47.654944036869324,-15.603652696870226],[-47.65496296860652,-15.604297798545524],[-47.65497415144125,-15.60429729483508]],[[-47.654919929043935,-15.613978039597566],[-47.65468769214968,-15.609518453301414],[-47.65478234242107,-15.611585943911374],[-47.65231431790935,-15.611697782411746],[-47.65478612000848,-15.611601445666984],[-47.654919929043935,-15.613978039597566]],[[-47.65458611356497,-15.607643233321832],[-47.654563818335774,-15.607197766358922],[-47.654580509987845,-15.60764348894021],[-47.65458611356497,-15.607643233321832]],[[-47.6545356655993,-15.606635263477717],[-47.654534364447244,-15.606609259610833],[-47.654504804150264,-15.606610963680701],[-47.6545356655993,-15.606635263477717]],[[-47.653678083316805,-15.657638150476242],[-47.653387815967335,-15.65702987584925],[-47.653669410521225,-15.657651264898707],[-47.653678083316805,-15.657638150476242]],[[-47.653270924887956,-15.628812243778828],[-47.65237264592962,-15.629293814292478],[-47.65237048470671,-15.629320541969632],[-47.653270924887956,-15.628812243778828]],[[-47.653048066531895,-15.66112191795898],[-47.6528751018129,-15.65881236883913],[-47.651964981987035,-15.657063786588454],[-47.653048066531895,-15.66112191795898]],[[-47.65283831025671,-15.63126039248765],[-47.65278439255909,-15.631237866783245],[-47.65279397688411,-15.631244197245053],[-47.65283831025671,-15.63126039248765]],[[-47.65274535905904,-15.661765784070674],[-47.65268002075777,-15.661191343530472],[-47.65267204483697,-15.66119245000135],[-47.65273734735715,-15.661766575751212],[-47.65274535905904,-15.661765784070674]],[[-47.65272781492096,-15.661786123496501],[-47.65272216436184,-15.661786681527957],[-47.65271701240151,-15.662144032602292],[-47.65272781492096,-15.661786123496501]],[[-47.65226232114443,-15.61053909693192],[-47.65225018816084,-15.610186068597825],[-47.65224648440643,-15.610186216311018],[-47.65226232114443,-15.61053909693192]],[[-47.65197113264897,-15.656054697856453],[-47.65196938263513,-15.656039865317522],[-47.649893704591015,-15.65575794948803],[-47.64989193757532,-15.655772304361907],[-47.65197113264897,-15.656054697856453]],[[-47.65188718586741,-15.656952462791352],[-47.65177884067638,-15.657237532353367],[-47.65178018669636,-15.657236079001166],[-47.65188718586741,-15.656952462791352]],[[-47.651297045872546,-15.637805151089367],[-47.651280804776995,-15.637803298084615],[-47.65106322605348,-15.640089100484673],[-47.651297045872546,-15.637805151089367]],[[-47.651072351524526,-15.63777951158572],[-47.65012458389675,-15.637728900771162],[-47.65008098615305,-15.63775988058631],[-47.651072351524526,-15.63777951158572]],[[-47.65097534497075,-15.640885421809664],[-47.65095488613725,-15.640885631346542],[-47.65097100287203,-15.640924770634802],[-47.65097534497075,-15.640885421809664]],[[-47.650691577188624,-15.643711312715137],[-47.649185884360286,-15.643724190765244],[-47.65068496304115,-15.643784639059938],[-47.650691577188624,-15.643711312715137]],[[-47.65021238576448,-15.611780422593585],[-47.649672766510896,-15.611679709083013],[-47.64982115889962,-15.614177731941254],[-47.65021238576448,-15.611780422593585]],[[-47.649944767839116,-15.637755952619475],[-47.64876234571754,-15.637657031956518],[-47.64888322949149,-15.637719042776187],[-47.649944767839116,-15.637755952619475]],[[-47.64989498878449,-15.607574644404552],[-47.649858150865036,-15.606878863146392],[-47.64969811862958,-15.606888087949573],[-47.64989498878449,-15.607574644404552]],[[-47.64951996882502,-15.63061177849056],[-47.64950964575391,-15.630587650313366],[-47.64947440751982,-15.630581260219717],[-47.64951996882502,-15.63061177849056]],[[-47.649355612104216,-15.630559727898738],[-47.64925812292957,-15.63052597378377],[-47.649316239796995,-15.630560203576447],[-47.649355612104216,-15.630559727898738]],[[-47.648891084215215,-15.611702921522557],[-47.64353349768675,-15.611975646850215],[-47.64391012360702,-15.618688327498788],[-47.64357986653446,-15.611977460386067],[-47.648891084215215,-15.611702921522557]],[[-47.64879536175956,-15.607695262424597],[-47.64879516395612,-15.607654318132196],[-47.64604722682165,-15.607784342543983],[-47.64879536175956,-15.607695262424597]],[[-47.648746146509836,-15.630467062792873],[-47.64864928280584,-15.630468231862876],[-47.64866157175327,-15.63047251834494],[-47.648746146509836,-15.630467062792873]],[[-47.647625625016595,-15.63761489859582],[-47.647618959516315,-15.637614695488036],[-47.64759835643725,-15.638268650561162],[-47.647625625016595,-15.63761489859582]],[[-47.64757926065073,-15.638726446834694],[-47.647575829983104,-15.638726488274296],[-47.64757282832371,-15.638880666213728],[-47.64757926065073,-15.638726446834694]],[[-47.64668222670025,-15.63764990585649],[-47.646630381531935,-15.639932012507234],[-47.64665106990778,-15.639932620759625],[-47.64668222670025,-15.63764990585649]],[[-47.64637603973607,-15.61016744142462],[-47.646345520527134,-15.61014728128049],[-47.64617555152013,-15.6101595294014],[-47.64637603973607,-15.61016744142462]],[[-47.64583987041506,-15.635472994300628],[-47.6435531763197,-15.634913676143293],[-47.64583499270435,-15.635618478785545],[-47.64583987041506,-15.635472994300628]],[[-47.64577935873205,-15.637277982586308],[-47.64576477926647,-15.637297926014394],[-47.64577693701672,-15.63735020435051],[-47.64577935873205,-15.637277982586308]],[[-47.645350063128326,-15.610285507269968],[-47.64531854023525,-15.610287798360504],[-47.645348357716365,-15.610286246801325],[-47.645350063128326,-15.610285507269968]],[[-47.64444328408365,-15.628759958769647],[-47.64444212583961,-15.62873762829631],[-47.64425112199488,-15.628748163484985],[-47.64444328408365,-15.628759958769647]],[[-47.64424871789845,-15.610345461842826],[-47.6439607400245,-15.610348930144236],[-47.64411223708451,-15.61035303361217],[-47.64424871789845,-15.610345461842826]],[[-47.64402529555786,-15.620703468194742],[-47.64396659936743,-15.619572009202088],[-47.64395889565145,-15.61955752998417],[-47.64402529555786,-15.620703468194742]],[[-47.64390365503639,-15.637950540230156],[-47.64387391029459,-15.63794914219617],[-47.64382903366259,-15.64004441215216],[-47.64390365503639,-15.637950540230156]],[[-47.64379291811958,-15.610321442136962],[-47.64272397371495,-15.609824878607446],[-47.64280541657038,-15.611453900084994],[-47.642767901947884,-15.610332891689463],[-47.64379291811958,-15.610321442136962]],[[-47.643756288642805,-15.64350516436879],[-47.64375201357031,-15.642956287137704],[-47.64373574059146,-15.6435043356146],[-47.643756288642805,-15.64350516436879]],[[-47.6436055398474,-15.637936532532624],[-47.64079638056589,-15.637818558786497],[-47.64041453945425,-15.637817552259923],[-47.6436055398474,-15.637936532532624]],[[-47.643507280598236,-15.625344552902142],[-47.64350640580439,-15.62532846221034],[-47.64279443548092,-15.625337041212818],[-47.64279565875236,-15.625353126813671],[-47.643507280598236,-15.625344552902142]],[[-47.64271096168338,-15.634709728658569],[-47.64019430119057,-15.634105560846658],[-47.6396880919346,-15.633967886455126],[-47.63968958938694,-15.633913472229812],[-47.639398656075336,-15.633882462673222],[-47.64271096168338,-15.634709728658569]],[[-47.641958730353764,-15.612291350987785],[-47.64051463908525,-15.61364042934484],[-47.64078126497657,-15.613434259520718],[-47.641958730353764,-15.612291350987785]],[[-47.63958597317538,-15.637815366526564],[-47.639482361458434,-15.63781509313005],[-47.639483466339854,-15.637864397061648],[-47.63958597317538,-15.637815366526564]],[[-47.639270890148396,-15.633849959186115],[-47.63924640361082,-15.633843728897121],[-47.63808422653718,-15.6337524224495],[-47.639270890148396,-15.633849959186115]],[[-47.63914273177352,-15.627139237593381],[-47.638966376072304,-15.624866678771212],[-47.639132385884245,-15.627123258993832],[-47.63793675355687,-15.627629590704538],[-47.63914273177352,-15.627139237593381]],[[-47.638938223326676,-15.637782461889568],[-47.63634945200857,-15.63769007930222],[-47.63637999990623,-15.636102969667162],[-47.636348501669076,-15.637690405062415],[-47.638938223326676,-15.637782461889568]],[[-47.638222030414376,-15.614678857822993],[-47.63815803719223,-15.6146763328524],[-47.63811411160193,-15.614687134359588],[-47.638222030414376,-15.614678857822993]],[[-47.63796685949642,-15.614732665667148],[-47.63732646852558,-15.614963419605868],[-47.63732783550581,-15.614990567488027],[-47.63796685949642,-15.614732665667148]],[[-47.63730859980438,-15.633681796398257],[-47.63690459431146,-15.63361305726076],[-47.63723716197707,-15.633675247257036],[-47.63730859980438,-15.633681796398257]],[[-47.63729225157149,-15.614880660492396],[-47.637002341519775,-15.614166335292595],[-47.636895531101864,-15.61393474546522],[-47.63729225157149,-15.614880660492396]],[[-47.637120848662,-15.626226733897434],[-47.637108200849774,-15.626225253788895],[-47.63705370182342,-15.62656832322742],[-47.637120848662,-15.626226733897434]],[[-47.63667325154321,-15.626044407990232],[-47.63662886134747,-15.62495381087215],[-47.6366191918598,-15.624954388655672],[-47.63667325154321,-15.626044407990232]],[[-47.63651039934632,-15.63354619373813],[-47.63562812943027,-15.63351258815384],[-47.63635948399164,-15.633584687553912],[-47.63651039934632,-15.63354619373813]],[[-47.63638770801472,-15.635788656811751],[-47.63571786264221,-15.635774955710167],[-47.63638531351269,-15.63583517488703],[-47.63638770801472,-15.635788656811751]],[[-47.63591123062048,-15.613445030266716],[-47.63547746793664,-15.613299063461616],[-47.63564162042657,-15.613381044206589],[-47.63591123062048,-15.613445030266716]],[[-47.63540917251086,-15.613240374593925],[-47.63532730675427,-15.613156894523575],[-47.635368111014074,-15.613205088024507],[-47.63540917251086,-15.613240374593925]],[[-47.63482305502544,-15.612563032188696],[-47.63479586098498,-15.612530848795162],[-47.63475779536252,-15.612531305681504],[-47.63482305502544,-15.612563032188696]],[[-47.63297699380055,-15.646674339835439],[-47.6319575230825,-15.645933784523613],[-47.63152457911129,-15.645830246231538],[-47.63297699380055,-15.646674339835439]],[[-47.63157497414613,-15.645720902230224],[-47.6307160767194,-15.645123810119578],[-47.63152457911129,-15.645830246231538],[-47.63157497414613,-15.645720902230224]],[[-47.63051869332754,-15.613974437287432],[-47.6293227477958,-15.613907490745808],[-47.62932267463959,-15.613922874037273],[-47.63051189361957,-15.613989445035738],[-47.63051869332754,-15.613974437287432]],[[-47.62794979609852,-15.643179912933974],[-47.62676048141718,-15.642422445313303],[-47.62720212902576,-15.643181559935105],[-47.62794979609852,-15.643179912933974]]],[[[-47.66484660284497,-15.755898342691918],[-47.66407577918198,-15.757341646070259],[-47.661245149809176,-15.756002138455765],[-47.662054558463794,-15.754677861392603],[-47.66484660284497,-15.755898342691918]]],[[[-47.66465154177675,-15.625425228856395],[-47.66455635859028,-15.625450911448857],[-47.664579373075526,-15.62534426196373],[-47.66465154177675,-15.625425228856395]]],[[[-47.66458150526264,-15.747330089804223],[-47.66415143697776,-15.749401257981992],[-47.657665616188616,-15.748283483038541],[-47.66005955196045,-15.744521407439018],[-47.661677605512025,-15.745010531439288],[-47.66031221558483,-15.7459232407897],[-47.664086453542744,-15.744675017812598],[-47.66458150526264,-15.747330089804223]]],[[[-47.664092372568895,-15.744655826895514],[-47.66296449976509,-15.745423632358278],[-47.66321783007458,-15.743318441779373],[-47.664092372568895,-15.744655826895514]]],[[[-47.663184782690756,-15.628810518982254],[-47.66316006276785,-15.629065516984278],[-47.663090538441956,-15.62880969528012],[-47.663184782690756,-15.628810518982254]]],[[[-47.66307562194264,-15.741358720490325],[-47.661364433457976,-15.74297122614533],[-47.657372600718084,-15.74225999431942],[-47.657250669400995,-15.744268909452758],[-47.655679658375334,-15.744200545695191],[-47.65371034562583,-15.748685397465332],[-47.650846397902654,-15.75046960923727],[-47.65084630675714,-15.743615646506045],[-47.65210926148469,-15.739399000334366],[-47.66102563554215,-15.739691793130751],[-47.66307562194264,-15.741358720490325]]],[[[-47.6629473938977,-15.626969952075969],[-47.66291790961594,-15.627045364116618],[-47.66294095786184,-15.62696893820945],[-47.6629473938977,-15.626969952075969]]],[[[-47.66261554008756,-15.964046309461672],[-47.66171323540919,-15.964929731370246],[-47.66047859586211,-15.962160939124814],[-47.661449464884384,-15.96085846862172],[-47.66261554008756,-15.964046309461672]]],[[[-47.66261045380961,-15.75048566539574],[-47.6622800891883,-15.75240153303073],[-47.65969925526925,-15.755836130370565],[-47.657751464664294,-15.754827525611113],[-47.6600121122195,-15.749542382192809],[-47.66261045380961,-15.75048566539574]]],[[[-47.66101446546806,-15.677129353655433],[-47.66077719494137,-15.678371315966254],[-47.65855593213444,-15.679824839642933],[-47.66017782739089,-15.68057563618452],[-47.65989836035192,-15.683708759149654],[-47.65934134229265,-15.682376751650091],[-47.652414350863175,-15.683627093604835],[-47.65159413198899,-15.683366317434166],[-47.650535033665896,-15.679589007050403],[-47.64830781808545,-15.677571000683999],[-47.64975247260411,-15.67814902694343],[-47.6454897843085,-15.675068580443803],[-47.644362859625396,-15.672687318047549],[-47.64505327511759,-15.67288722231814],[-47.64615932985141,-15.670312361025351],[-47.647449938282556,-15.670384213021581],[-47.647973530285284,-15.669315798921907],[-47.650161833891296,-15.67184832588886],[-47.64674863442405,-15.670614688096155],[-47.6513069370839,-15.672428893664332],[-47.64888786267877,-15.671443216421029],[-47.65186716216619,-15.671222031212277],[-47.65138899139159,-15.67247732698873],[-47.65227526879223,-15.672861787113938],[-47.651565061201914,-15.673500942348953],[-47.65185894211587,-15.672775580459232],[-47.65512936127342,-15.674160434534729],[-47.653889058740425,-15.67669217513307],[-47.650770290082114,-15.67536470731242],[-47.65490969697584,-15.677120246336804],[-47.65428190049729,-15.67843983767071],[-47.65510344804944,-15.67880471568534],[-47.654127196017626,-15.679774513311614],[-47.656151504437545,-15.680062307755904],[-47.66101446546806,-15.677129353655433]],[[-47.65478212014037,-15.681961076002805],[-47.65477003210199,-15.681961839685535],[-47.6547791807175,-15.68196138085726],[-47.65478212014037,-15.681961076002805]],[[-47.654661947272,-15.681967261745447],[-47.654498919443796,-15.681969240197125],[-47.65460382713019,-15.681970176718178],[-47.654661947272,-15.681967261745447]],[[-47.65434419355237,-15.681965633304145],[-47.65413071989317,-15.68192701383957],[-47.65429065824214,-15.681963979073018],[-47.65434419355237,-15.681965633304145]],[[-47.654102332254254,-15.681915837688065],[-47.65307272989725,-15.680620010685328],[-47.65408696564597,-15.681909787391156],[-47.654102332254254,-15.681915837688065]],[[-47.65307324672557,-15.677169180981961],[-47.65289238986121,-15.67742412264657],[-47.652942046755705,-15.677374792560213],[-47.65307324672557,-15.677169180981961]],[[-47.65280804941888,-15.677570578311109],[-47.65259090241873,-15.67802065960974],[-47.65234320595207,-15.678998978350275],[-47.65280804941888,-15.677570578311109]],[[-47.65227947844871,-15.679162769016516],[-47.65171299128227,-15.678946736721368],[-47.652274622015454,-15.679175251921647],[-47.65227947844871,-15.679162769016516]],[[-47.65062935899433,-15.67531037030299],[-47.647816410863626,-15.674170664444436],[-47.64878960662404,-15.674592297007703],[-47.65062935899433,-15.67531037030299]],[[-47.64673665832047,-15.670614833879632],[-47.64670559199695,-15.670615208796434],[-47.64670000201405,-15.670619837779105],[-47.64673665832047,-15.670614833879632]],[[-47.64663908501459,-15.670670281774024],[-47.64638771404066,-15.671156727278952],[-47.646351819549466,-15.671265566475926],[-47.64663908501459,-15.670670281774024]],[[-47.646334369253196,-15.671304074012928],[-47.64633409983003,-15.671301759559],[-47.646251546847296,-15.671486833837932],[-47.646334369253196,-15.671304074012928]],[[-47.64584860943887,-15.672375974655518],[-47.64547737421367,-15.67318331823984],[-47.6454818909986,-15.673185184807933],[-47.64584860943887,-15.672375974655518]]],[[[-47.66038982091026,-15.669564741263892],[-47.65892550221639,-15.67132792920933],[-47.65959114589597,-15.671378408193833],[-47.6590748589412,-15.672591226147418],[-47.65832504277172,-15.672576911047251],[-47.658407956869375,-15.671509928033045],[-47.65645937901641,-15.671357886946216],[-47.65705169232221,-15.665739673729934],[-47.65900021569671,-15.665891718712384],[-47.65876549545841,-15.668307658012798],[-47.66025421878214,-15.668430131711292],[-47.66038982091026,-15.669564741263892]]],[[[-47.65806010367784,-15.638878829558042],[-47.65679530680963,-15.638970655680948],[-47.6567626940326,-15.636874932843632],[-47.657900719980354,-15.637040606296061],[-47.65806010367784,-15.638878829558042]]],[[[-47.657377309519816,-15.727558280373902],[-47.652655992124345,-15.728706973558896],[-47.653798296392814,-15.725466837996514],[-47.656142521670354,-15.723812876558677],[-47.657377309519816,-15.727558280373902]]],[[[-47.64386661354323,-15.647798010482607],[-47.643800839723,-15.650355926669384],[-47.64111712812694,-15.656482389873952],[-47.639854185370694,-15.656091346629747],[-47.642311792240505,-15.647721175418923],[-47.64386661354323,-15.647798010482607]]],[[[-47.63701729442523,-15.610914220758048],[-47.63591493318955,-15.610583092428447],[-47.636754231653484,-15.609134707175036],[-47.63701729442523,-15.610914220758048]]],[[[-47.632124181893836,-15.60939811475843],[-47.632046865922014,-15.609327232152134],[-47.63209058767477,-15.609358558505477],[-47.632124181893836,-15.60939811475843]]],[[[-47.63106555506101,-15.626184419784645],[-47.6280478240158,-15.62779790772093],[-47.629156109609305,-15.62574846184714],[-47.6301815099234,-15.625707490669063],[-47.63030553761594,-15.623832353046653],[-47.63106555506101,-15.626184419784645]]],[[[-47.63039670802047,-15.632614028958288],[-47.63005389227085,-15.634440963911036],[-47.628416771179296,-15.633159499483574],[-47.628240909948424,-15.634337035586348],[-47.62647470451792,-15.633510289334591],[-47.62564262776573,-15.634225583656562],[-47.626720103478235,-15.632429732751588],[-47.63039670802047,-15.632614028958288]]],[[[-47.62990688713918,-15.624286425872114],[-47.626929446888546,-15.62364337873538],[-47.626044092083774,-15.624609925335488],[-47.62634800783367,-15.622914261440192],[-47.623896252918755,-15.62249430223459],[-47.62420176899854,-15.620922892629517],[-47.62633825512259,-15.621375303425902],[-47.62585546075143,-15.62219363724165],[-47.62734513860122,-15.622204481243815],[-47.62747348921925,-15.622986820084972],[-47.62975792617641,-15.62266310578952],[-47.62990688713918,-15.624286425872114]]],[[[-47.62413631060373,-15.919641595171433],[-47.623430805373886,-15.921227458405404],[-47.622550318684894,-15.92075064171837],[-47.622409452669075,-15.919031681823583],[-47.62413631060373,-15.919641595171433]]],[[[-47.619848304982774,-15.93970850003317],[-47.61555480052142,-15.937753200843726],[-47.61576320198602,-15.937062400677785],[-47.61935746133974,-15.93766877752773],[-47.619848304982774,-15.93970850003317]]],[[[-47.61334291013856,-15.502043736194159],[-47.607625319466,-15.502087396276597],[-47.606817529924754,-15.500519234434181],[-47.612412167338235,-15.500518834286098],[-47.61334291013856,-15.502043736194159]]],[[[-47.609598936085014,-15.94282368347721],[-47.603917931055804,-15.942832675143928],[-47.60844893482554,-15.937460465872883],[-47.609598936085014,-15.94282368347721]]],[[[-47.60954044094203,-15.92762476393986],[-47.60670547566845,-15.928423806161655],[-47.60442855808859,-15.936823535696087],[-47.60003451352559,-15.937019982644465],[-47.59994026688655,-15.940849336819308],[-47.59260661346258,-15.939593403733662],[-47.592072052008525,-15.94124286913203],[-47.584345269359645,-15.939682363707444],[-47.58239393995648,-15.944973780725332],[-47.57632550628006,-15.943672253155182],[-47.563042247304345,-15.943173468375763],[-47.56230878365341,-15.93212010552053],[-47.572682675060875,-15.93211604865091],[-47.57292357270877,-15.9292154182806],[-47.580622292322346,-15.930079366432802],[-47.58168018638346,-15.92830415963015],[-47.588559876247025,-15.923083442970558],[-47.5883514306907,-15.916454033423486],[-47.5916553722656,-15.916503993477093],[-47.604322109106185,-15.919811381692211],[-47.60572279942733,-15.91658203079722],[-47.60939693603784,-15.916518508056887],[-47.60954044094203,-15.92762476393986]],[[-47.584345269359645,-15.939682363707444],[-47.58615456349181,-15.938708544750368],[-47.58505428151212,-15.93919972270087],[-47.584345269359645,-15.939682363707444]],[[-47.58774989205698,-15.936758374172685],[-47.58638126557283,-15.936354184204012],[-47.587294254735134,-15.936668249116662],[-47.58774989205698,-15.936758374172685]]],[[[-47.57499196469726,-15.592820478368228],[-47.5735051034825,-15.593220287517983],[-47.57319744558937,-15.591288023030174],[-47.57462444619343,-15.59103231612186],[-47.57499196469726,-15.592820478368228]]],[[[-47.5641607632615,-16.003403237585555],[-47.55814646193768,-16.003776105153975],[-47.556666613745875,-16.001657147854775],[-47.55715818358406,-16.000676210162666],[-47.55939405570333,-16.000463162260523],[-47.55907349572304,-15.99857417234182],[-47.56082697652656,-15.997735924523985],[-47.5614073948871,-16.00023840559723],[-47.56334405246281,-15.999813794354287],[-47.5641607632615,-16.003403237585555]]],[[[-47.55983393107902,-15.96338559399748],[-47.55782034371796,-15.96356249075832],[-47.55791871598987,-15.966639537542608],[-47.55606196190463,-15.96671896140538],[-47.555375770307215,-15.95936614894923],[-47.55816310618125,-15.959428636627024],[-47.5580358570627,-15.961858306886189],[-47.55983393107902,-15.96338559399748]]],[[[-47.55926319109938,-16.00881791544601],[-47.55667132533291,-16.009713814355003],[-47.55744896643613,-16.009941697073312],[-47.55697794008447,-16.01093506305084],[-47.555062259408984,-16.01059988446247],[-47.554947733166486,-16.008981657017053],[-47.554087893009445,-16.008855122310404],[-47.5556165096987,-16.00856348332067],[-47.55422730400832,-16.00812839199347],[-47.5560614899331,-16.00744380754918],[-47.55541931514169,-16.006730615556336],[-47.55619870430579,-16.005939591159144],[-47.556449979966295,-16.00761096677589],[-47.55893643456702,-16.007530357438977],[-47.55926319109938,-16.00881791544601]],[[-47.557276401230524,-16.00990106087661],[-47.557162949602805,-16.009933329724113],[-47.557245842754206,-16.010011552772617],[-47.557276401230524,-16.00990106087661]],[[-47.55454097562679,-16.007765828554952],[-47.55457433689125,-16.007875559585138],[-47.5546552132044,-16.00779538634721],[-47.55454097562679,-16.007765828554952]],[[-47.55687665370257,-16.009956807464224],[-47.55666324145999,-16.010038736395966],[-47.55672190628289,-16.010359291800185],[-47.55687665370257,-16.009956807464224]],[[-47.55625343447552,-16.00777472846161],[-47.55618345175078,-16.007582253309277],[-47.55594209422,-16.007703987924838],[-47.55625343447552,-16.00777472846161]],[[-47.55612947020558,-16.007837245055615],[-47.5557507445007,-16.00778168402022],[-47.55585164928885,-16.008021203085512],[-47.55612947020558,-16.007837245055615]],[[-47.55585164928885,-16.008021203085512],[-47.55573819831971,-16.00805347015982],[-47.55582109012168,-16.008131694868236],[-47.55585164928885,-16.008021203085512]]],[[[-47.557749455748926,-16.012257745008732],[-47.556121179009345,-16.01452140159549],[-47.55410379479445,-16.013503330665525],[-47.555693381908895,-16.01146488862562],[-47.557749455748926,-16.012257745008732]],[[-47.5555937280712,-16.014110548046542],[-47.55549216468012,-16.013769421705188],[-47.555237696895134,-16.013875611049414],[-47.5555937280712,-16.014110548046542]]],[[[-47.55357841627068,-16.009655323476395],[-47.55199939946065,-16.01306090628463],[-47.55249358398132,-16.013743142703277],[-47.550330981056305,-16.013697581733208],[-47.55175698878572,-16.009153820457975],[-47.55357841627068,-16.009655323476395]],[[-47.55254072136585,-16.012034912541665],[-47.552031693023444,-16.01176297778575],[-47.552252990097436,-16.012351121380508],[-47.55254072136585,-16.012034912541665]],[[-47.55217525586466,-16.012671536823618],[-47.552141894650156,-16.012561805389414],[-47.5520610155585,-16.012641978071862],[-47.55217525586466,-16.012671536823618]],[[-47.55302431998108,-16.009880185578247],[-47.55245548762577,-16.009645480954532],[-47.55242208712038,-16.010049166869564],[-47.55302431998108,-16.009880185578247]],[[-47.552738752033314,-16.010717768793484],[-47.55266397418261,-16.010470836624446],[-47.5524025888156,-16.010542042117923],[-47.552738752033314,-16.010717768793484]],[[-47.552183909491,-16.010353406559943],[-47.551489595907114,-16.010535740558574],[-47.55131651068146,-16.011236541228186],[-47.552183909491,-16.010353406559943]],[[-47.551983511380215,-16.009812690677805],[-47.551906430134046,-16.009499187868656],[-47.55178824934817,-16.009740696077216],[-47.551983511380215,-16.009812690677805]],[[-47.55185462788473,-16.011328936815755],[-47.55113934641013,-16.011731202384578],[-47.55166046688744,-16.011824418167848],[-47.55185462788473,-16.011328936815755]]],[[[-47.54943402782868,-15.757997684483227],[-47.549239322348825,-15.759797221396138],[-47.547123994955314,-15.759573425094043],[-47.54805915949019,-15.759361723838103],[-47.54824794262716,-15.757877732289675],[-47.54943402782868,-15.757997684483227]]],[[[-47.54809385531948,-15.766870179829489],[-47.54376910370087,-15.767534437862423],[-47.54393761533245,-15.766087227310686],[-47.54673406218495,-15.765065789555301],[-47.54809385531948,-15.766870179829489]],[[-47.54687420907896,-15.766305115286825],[-47.54674535371602,-15.765742408437342],[-47.54657177280738,-15.76596796458523],[-47.54687420907896,-15.766305115286825]]],[[[-47.53315093954042,-15.939786201349799],[-47.5317274674476,-15.940519919075502],[-47.531249998151345,-15.93929434663202],[-47.532896958980324,-15.938247660661743],[-47.53315093954042,-15.939786201349799]]],[[[-47.5236486972752,-15.633877866839848],[-47.52194548718189,-15.63577961565502],[-47.515454018494545,-15.629341321303107],[-47.51755725133488,-15.62737527917533],[-47.5236486972752,-15.633877866839848]]],[[[-47.52015241550349,-15.905798804226892],[-47.51802832937079,-15.905988497335235],[-47.51821684768494,-15.908036911905969],[-47.517300459450766,-15.9088219569379],[-47.51554658234711,-15.907207646144752],[-47.51702992211074,-15.906136369318546],[-47.5159800158599,-15.905718407880434],[-47.51657089179958,-15.903782795408098],[-47.51997050184564,-15.904876002217895],[-47.52015241550349,-15.905798804226892]]],[[[-47.50258772343164,-15.964305017438432],[-47.50163821117845,-15.966519334252064],[-47.500965391945165,-15.966053934116871],[-47.499240900110195,-15.968038560324766],[-47.49787848378073,-15.966950195815855],[-47.4995304804064,-15.965095483163783],[-47.497904593570475,-15.964180177416106],[-47.49859850341139,-15.96335951766743],[-47.50258772343164,-15.964305017438432]]],[[[-47.383329182382184,-16.01778367228861],[-47.38157845223295,-16.018113835059058],[-47.38128166810191,-16.017053498908634],[-47.37971113404968,-16.017991142934395],[-47.37952498757776,-16.01688177219011],[-47.37867362404588,-16.01698681846566],[-47.37946225198442,-16.015759081799082],[-47.38062701895242,-16.016032984510293],[-47.38107663986135,-16.01539459815915],[-47.37993902500972,-16.01428383187938],[-47.3815904861916,-16.012879205938273],[-47.382726823423724,-16.0138824202086],[-47.383329182382184,-16.01778367228861]]],[[[-47.37431595329447,-15.704521383622092],[-47.37311820402998,-15.705287330499308],[-47.37111014585592,-15.703839136763976],[-47.3734221455699,-15.702128898201222],[-47.37261078083901,-15.703019715291086],[-47.37431595329447,-15.704521383622092]]]]}}]}