{"type":"FeatureCollection","features":[{"type":"Feature","properties":{"ra_nome":"CEILÂNDIA","ra_codigo":"RA-IX","ra_cira":9,"ra_areakm2":192.6569424},"geometry":{"type":"Polygon","coordinates":[[[-48.269651143412624,-15.911412013836406],[-48.27027781285159,-15.910369411704504],[-48.27193113548359,-15.91083813716083],[-48.274469327381404,-15.909559231385701],[-48.27503923846177,-15.907534534825384],[-48.27725240229756,-15.907413343080275],[-48.27481832413263,-15.905233997990898],[-48.27417719313382,-15.903310859333105],[-48.27636489907154,-15.902858620420417],[-48.27582915537978,-15.90153216866017],[-48.27666534516533,-15.899969751486617],[-48.2758080717096,-15.89917491769456],[-48.27468525156482,-15.900024927574455],[-48.27376953588206,-15.899120313475562],[-48.274165452186764,-15.897641836278545],[-48.27599561900159,-15.89673595669253],[-48.27525317995049,-15.895595173599714],[-48.27287013342374,-15.895577750408346],[-48.27643589776897,-15.892520283536333],[-48.27527615015163,-15.890606821723562],[-48.27372320674043,-15.890264684760126],[-48.27387165577114,-15.88774597385762],[-48.27174224790326,-15.883235506296778],[-48.27334947917621,-15.88209260285112],[-48.274028402763356,-15.878984571889857],[-48.27500060940129,-15.87889971817656],[-48.2754709619825,-15.880664671436696],[-48.275688172754144,-15.877895820058903],[-48.274863071517366,-15.876467683223288],[-48.277106707049484,-15.875823545468991],[-48.27840340333019,-15.87187876996418],[-48.275973056805555,-15.869899125939657],[-48.27814465531472,-15.868560766849722],[-48.28035801481976,-15.869105663636496],[-48.279131449751034,-15.867267063415687],[-48.28052164828708,-15.866723045578238],[-48.279220500486595,-15.864699339857516],[-48.27907229747978,-15.863365268464483],[-48.28020295002245,-15.862788802699189],[-48.27888721593719,-15.86179601108064],[-48.279154807441806,-15.860247447348641],[-48.28067709136069,-15.861376399265456],[-48.28154419380561,-15.858489106854062],[-48.280314982718515,-15.858212102373678],[-48.28055101674142,-15.856884654578868],[-48.28160865345383,-15.857470033917812],[-48.281795452022465,-15.855825245231772],[-48.28354047339778,-15.855986370874348],[-48.282349658294045,-15.854754219095241],[-48.28431883097633,-15.85340262811751],[-48.282657316360805,-15.853627476498845],[-48.282418427506414,-15.85290137799267],[-48.28412304075842,-15.849750153059643],[-48.284434790989216,-15.846822472540836],[-48.285303379688436,-15.846439182554278],[-48.284847853472684,-15.844973134720506],[-48.28588945507936,-15.844490142342393],[-48.28528456735199,-15.842808852405538],[-48.28326948140992,-15.842113738826948],[-48.28516045934402,-15.840094946048051],[-48.28512023513959,-15.836750952625547],[-48.28188271589063,-15.831828287243797],[-48.28063083119696,-15.823763916243298],[-48.278341236868414,-15.821979203510969],[-48.27625894268031,-15.817931608802386],[-48.2717554469928,-15.815412641793863],[-48.27122287625211,-15.812797511084474],[-48.269928470622865,-15.813493986618269],[-48.26983079841937,-15.811942036140168],[-48.26822835687331,-15.812915150328928],[-48.26804455216667,-15.808664617933404],[-48.26720269714054,-15.808171215914617],[-48.266795621994916,-15.809457054329028],[-48.266177260391416,-15.808987597659195],[-48.26674979315432,-15.806845785564592],[-48.26465787659015,-15.808885825062893],[-48.264076895225024,-15.806614003146224],[-48.262133496779995,-15.805851219380228],[-48.26122598656907,-15.806485876242908],[-48.25968759556561,-15.8039958899533],[-48.258767157652755,-15.804056257269803],[-48.259095330673084,-15.802894148925509],[-48.257530415261954,-15.803034452941224],[-48.25659791075208,-15.801747313254884],[-48.25032162192445,-15.80211039241053],[-48.24899604233515,-15.80067419162672],[-48.249422299782914,-15.80175506155033],[-48.24849719407826,-15.802397559143222],[-48.248812178349596,-15.798718066501488],[-48.247405784710296,-15.79871717097427],[-48.24647893013328,-15.80028034843544],[-48.24623850149533,-15.797040393989274],[-48.242949515790016,-15.797308696415975],[-48.24239993119859,-15.799337712157918],[-48.24131718272712,-15.799490297369745],[-48.24037941002483,-15.797788759826775],[-48.241146626042955,-15.793084078980787],[-48.2405628292386,-15.792762914865552],[-48.24048111511247,-15.793932147935903],[-48.239239717022606,-15.793394542983505],[-48.23691869210831,-15.789229495088518],[-48.23753419532597,-15.785547409214008],[-48.23238229194506,-15.783885693924264],[-48.23306008562847,-15.78098281949496],[-48.23200720159818,-15.778478298953367],[-48.22819918491306,-15.776951997845144],[-48.213506457682904,-15.766678652067244],[-48.21268768094083,-15.76323288212325],[-48.20669682566459,-15.755051192361316],[-48.20560872945172,-15.750337680087636],[-48.19674702910632,-15.74944475232965],[-48.18879774543568,-15.746656850062704],[-48.185306285598344,-15.746451475453455],[-48.17511325231358,-15.752741651027753],[-48.17426044387509,-15.75259601399214],[-48.173935659946125,-15.750903465393495],[-48.172440679910515,-15.750654943483863],[-48.16735551417337,-15.753281690701375],[-48.15983465478821,-15.760717955849172],[-48.1588933312281,-15.763669554557659],[-48.15756803688168,-15.764287557487698],[-48.15843590568176,-15.765133220645255],[-48.157669365726,-15.767321482052651],[-48.148460275691534,-15.76900973023163],[-48.141607417493844,-15.767643032189044],[-48.13474562673644,-15.767877282535107],[-48.13387933020553,-15.769681952011295],[-48.13199536854649,-15.769681046395789],[-48.13154371855472,-15.77141184934964],[-48.12560116189809,-15.768811528969678],[-48.12460000889265,-15.769920334981801],[-48.12102975028045,-15.770021741077516],[-48.120246909706395,-15.77106903016762],[-48.114203130734296,-15.771468857230314],[-48.1119155252783,-15.770436889319107],[-48.10680554195249,-15.771947159563375],[-48.105525829162346,-15.77328099456263],[-48.10507812509269,-15.775285625426248],[-48.104044865016114,-15.77530623733387],[-48.10249761584997,-15.778418533212164],[-48.1026227345523,-15.780349794451249],[-48.103591390780174,-15.780916048037358],[-48.10299795345052,-15.786070907804794],[-48.11241711178226,-15.794522140149192],[-48.108595584818644,-15.799546383360628],[-48.107603916561004,-15.798838620936156],[-48.1014538999549,-15.805312017634366],[-48.09402148468328,-15.816801577948167],[-48.09247073180682,-15.82151116611944],[-48.09330692465752,-15.821815303411997],[-48.08787152394887,-15.835871287113578],[-48.09330320579714,-15.837730082309381],[-48.09189238765154,-15.841891400523332],[-48.09067866850639,-15.841479356241036],[-48.09070138183431,-15.84591780933173],[-48.08765651276125,-15.851235010561803],[-48.088410432555115,-15.851906905448514],[-48.09934413601813,-15.855232891533193],[-48.102702599805944,-15.857357862112284],[-48.10553132741571,-15.85731443847608],[-48.107353618122985,-15.859447897458034],[-48.113412776663374,-15.850417418866884],[-48.12049196455876,-15.85547364462248],[-48.13051251744554,-15.841759019185456],[-48.12415261212215,-15.836932261103785],[-48.1226279745162,-15.838695299729624],[-48.11639985771611,-15.834238325976942],[-48.11512192784838,-15.832159579575853],[-48.118014298891175,-15.828162935488837],[-48.11925065826156,-15.82888876790589],[-48.121132729705614,-15.826388359907941],[-48.12376588680057,-15.828358861223823],[-48.12420360475566,-15.825933310327244],[-48.12566792823216,-15.823863612437348],[-48.126706421955696,-15.823999142335232],[-48.12869656149376,-15.818788842354033],[-48.1312506323044,-15.819694892189379],[-48.13184279964477,-15.818250119801075],[-48.13080630638409,-15.817880085616366],[-48.13160846414819,-15.815783236498145],[-48.132665284439454,-15.816150205669764],[-48.13329894057927,-15.81451658524395],[-48.134723038852634,-15.815019185688872],[-48.136797919597406,-15.809080924119344],[-48.14096765059309,-15.810280520650776],[-48.14610251548856,-15.808438346470982],[-48.1510126192193,-15.808436384181928],[-48.155459827063844,-15.810407090135923],[-48.155904686828,-15.809627173899605],[-48.15800944386959,-15.810238592585184],[-48.15914722422669,-15.809501947938546],[-48.16394210502537,-15.793962187610523],[-48.181904529224795,-15.799100922088154],[-48.18855529887411,-15.798009367445815],[-48.188604977299725,-15.802091023706222],[-48.19099396042465,-15.807585821723672],[-48.190852478847255,-15.811983454812367],[-48.18895243041648,-15.814808712184902],[-48.186245930240204,-15.816128194763792],[-48.18450301804034,-15.821350380724587],[-48.183200970590285,-15.822472269349928],[-48.186733312512494,-15.827755786666371],[-48.18907155720525,-15.834818257123146],[-48.190189455563264,-15.835720293290487],[-48.186293640291275,-15.841198642834296],[-48.1858811609566,-15.844519771770912],[-48.184265963049924,-15.844362611515749],[-48.183210469096935,-15.845730491761929],[-48.18142491997123,-15.84531451322154],[-48.177655412856616,-15.848764471226113],[-48.17642763099142,-15.855872654454476],[-48.17535781236457,-15.857070747578057],[-48.177211089648964,-15.857683294798859],[-48.17823768819979,-15.860826893540127],[-48.17763256100913,-15.861883850728962],[-48.18217017454039,-15.860582045059495],[-48.18549464050959,-15.867437950497235],[-48.188733971621794,-15.869329355644975],[-48.189501586941155,-15.871107620864601],[-48.19237062310788,-15.871533387276063],[-48.19167851009603,-15.872609561324655],[-48.194883350667325,-15.87521646025911],[-48.19437779151863,-15.875585653067846],[-48.196693738228355,-15.878540229816272],[-48.19609196422502,-15.879202426891105],[-48.19782627154025,-15.880709904834427],[-48.19789735222916,-15.883275833571831],[-48.198940996967366,-15.882853646984659],[-48.20027076023635,-15.884346682349724],[-48.20023317203505,-15.887786746038222],[-48.202080285799305,-15.889418871756922],[-48.20227500557407,-15.89152536461797],[-48.20388950554158,-15.89211687029822],[-48.20591240721489,-15.891471762372142],[-48.20679815857958,-15.893748420352159],[-48.20826883931157,-15.893009373545363],[-48.207778606799664,-15.894715562103977],[-48.210238516514075,-15.896966488063862],[-48.211998752688466,-15.89555623639813],[-48.213083507894844,-15.897612560679258],[-48.21742318062486,-15.897264052773037],[-48.21861010156622,-15.899116106699537],[-48.21981170649502,-15.897811708929302],[-48.22066964812224,-15.90089122065438],[-48.22263272497246,-15.900338853959424],[-48.224551221446106,-15.90260073415212],[-48.22407414156219,-15.900753770803354],[-48.2263759715435,-15.901024744119885],[-48.226482398647335,-15.899861032636354],[-48.22880127603774,-15.900181709296914],[-48.2279264702108,-15.901305185633982],[-48.2294125013817,-15.90177829108981],[-48.23061835786582,-15.901533158909245],[-48.23045318762723,-15.900547017101063],[-48.23165866475881,-15.901576619604704],[-48.231908374339426,-15.900676652236971],[-48.23440425019213,-15.901042967493108],[-48.235048530180684,-15.898981566487125],[-48.23560488454248,-15.899913087330022],[-48.2370976028144,-15.899106646524974],[-48.23585123505956,-15.902704921535541],[-48.236785246987196,-15.903632129572513],[-48.238572026264514,-15.90382258514781],[-48.24033401304908,-15.902731556756324],[-48.24073683155791,-15.90455490972476],[-48.24243374227972,-15.904661352276817],[-48.24636297167325,-15.907468750211104],[-48.24715203833558,-15.907081011977562],[-48.246857059922256,-15.909297938482272],[-48.25049364103388,-15.908614718973956],[-48.252665410788715,-15.909859323285826],[-48.25330756493856,-15.911607327504587],[-48.25374201390888,-15.910755153267862],[-48.25485815186059,-15.911471412883396],[-48.255512818225114,-15.912527282969133],[-48.25435188708648,-15.915228727415546],[-48.25518518348808,-15.916031354141664],[-48.25371236844758,-15.916771144466475],[-48.258241726223474,-15.918249231921935],[-48.257910337828434,-15.919110856173017],[-48.2595476409805,-15.92178882676146],[-48.25845213037856,-15.923327404449717],[-48.259290106923686,-15.924795068652037],[-48.25832834185104,-15.924946094296581],[-48.25919210014896,-15.92922146671424],[-48.26071581212169,-15.929284081859171],[-48.2611697178239,-15.927902892980297],[-48.26421658990927,-15.928424920288084],[-48.265113151343556,-15.931573858594302],[-48.268349472596356,-15.933157819901965],[-48.26978044088136,-15.931705787436544],[-48.27613252377482,-15.93151916519579],[-48.274636806941146,-15.927847623694515],[-48.277063089082674,-15.926644172669917],[-48.2752675283821,-15.924581612517308],[-48.27694544512309,-15.92406592780439],[-48.275296183478694,-15.923332121029361],[-48.27612796931867,-15.922557537312455],[-48.2750654314966,-15.921929504421932],[-48.27429912743736,-15.92309060337524],[-48.27278253647405,-15.921685701228112],[-48.27213122755812,-15.922221946836848],[-48.27164588018667,-15.921116347276767],[-48.27310429145634,-15.919947849279449],[-48.27003406135825,-15.919451085525631],[-48.2710386660156,-15.917624527540793],[-48.26959662827186,-15.917137507799767],[-48.270759219845715,-15.915963632502269],[-48.269308675046474,-15.913079031153119],[-48.27046454965946,-15.912190645199765],[-48.269651143412624,-15.911412013836406]]]}},{"type":"Feature","properties":{"ra_nome":"SOL NASCENTE E POR DO SOL","ra_codigo":"RA-XXXII","ra_cira":32,"ra_areakm2":40.49166396},"geometry":{"type":"Polygon","coordinates":[[[-48.16360324322457,-15.795012387231678],[-48.15914722422669,-15.809501947938546],[-48.15800944386959,-15.810238592585184],[-48.155904686828,-15.809627173899605],[-48.155459827063844,-15.810407090135923],[-48.151155917560196,-15.808448636723124],[-48.14610251548856,-15.808438346470982],[-48.14096765059309,-15.810280520650776],[-48.136797919597406,-15.809080924119344],[-48.134723038852634,-15.815019185688872],[-48.13329894057927,-15.81451658524395],[-48.132665284439454,-15.816150205669764],[-48.13160846414819,-15.815783236498145],[-48.13080630638409,-15.817880085616366],[-48.13184279964477,-15.818250119801075],[-48.1312506323044,-15.819694892189379],[-48.12869656149376,-15.818788842354033],[-48.126706421955696,-15.823999142335232],[-48.12566792823216,-15.823863612437348],[-48.12420360475566,-15.825933310327244],[-48.12376588680057,-15.828358861223823],[-48.121132729705614,-15.826388359907941],[-48.11925065826156,-15.82888876790589],[-48.118014298891175,-15.828162935488837],[-48.11512192784838,-15.832159579575853],[-48.116347320554574,-15.83419178079682],[-48.1226279745162,-15.838695299729624],[-48.12422025081316,-15.836965686416349],[-48.12973339428194,-15.840793238173497],[-48.13051992186935,-15.842239086378687],[-48.12049196455876,-15.85547364462248],[-48.113412776663374,-15.850417418866884],[-48.107353618122985,-15.859447897458034],[-48.1098358163905,-15.862256350489611],[-48.10949869837651,-15.86367242180378],[-48.11085120983308,-15.86671375672079],[-48.116725693203485,-15.867646327003065],[-48.12028991770215,-15.866884555135004],[-48.121315183400924,-15.865433637314188],[-48.12464421327792,-15.86748097564932],[-48.13026820610223,-15.864039929168861],[-48.131049045887735,-15.86454464749221],[-48.13241106026995,-15.863067695965839],[-48.13530067869814,-15.864343678681577],[-48.14237531952593,-15.860996608818734],[-48.14609851535369,-15.856957764768953],[-48.14992292952862,-15.85580399582537],[-48.15089836002957,-15.854176931316504],[-48.15371419790708,-15.855097586874495],[-48.158524348044054,-15.85487775742206],[-48.1636162089652,-15.85171362077131],[-48.164996030118196,-15.853179494037287],[-48.16885988440259,-15.85300550825548],[-48.168919642244845,-15.853956171304805],[-48.174211064521934,-15.855625298746617],[-48.17535781045705,-15.857070744897444],[-48.17642763099142,-15.855872654454476],[-48.17806314621524,-15.847995179176985],[-48.18142491997123,-15.84531451322154],[-48.183210469096935,-15.845730491761929],[-48.184265963049924,-15.844362611515749],[-48.18517980027372,-15.845001935576311],[-48.18622333098516,-15.844138735685384],[-48.186293640291275,-15.841198642834296],[-48.190189455563264,-15.835720293290487],[-48.18321916283079,-15.822047036589055],[-48.18450301804034,-15.821350380724587],[-48.186245930240204,-15.816128194763792],[-48.18895243041648,-15.814808712184902],[-48.190852478847255,-15.811983454812367],[-48.19099396042465,-15.807585821723672],[-48.188604977299725,-15.802091023706222],[-48.18855529887411,-15.798009367445815],[-48.18253498309261,-15.799184846401769],[-48.16394210502537,-15.793962187610523],[-48.16360324322457,-15.795012387231678]]]}},{"type":"Feature","properties":{"ra_nome":"SIA","ra_codigo":"RA-XXIX","ra_cira":29,"ra_areakm2":29.0508958},"geometry":{"type":"Polygon","coordinates":[[[-47.91701050427119,-15.74019187003641],[-47.93626683593216,-15.771248058614738],[-47.94735809242715,-15.803773840623098],[-47.94840044261311,-15.810152657054283],[-47.96682138024017,-15.807355213017425],[-47.970504023093994,-15.808074634210792],[-47.97028727749282,-15.804943175514696],[-47.97181862855891,-15.804714522983419],[-47.971826879838844,-15.8037526979107],[-47.979605355868316,-15.802539892498125],[-47.98202990807457,-15.79963052166706],[-47.99210936760892,-15.80607939658594],[-47.98976466138243,-15.78726950413737],[-47.98187129161654,-15.78974302132252],[-47.970322664922776,-15.795494358134322],[-47.966098130703976,-15.794299036002489],[-47.977340928484146,-15.78208656558959],[-47.97122698787847,-15.776644505106125],[-47.975644982642926,-15.772014449775142],[-47.9762955429203,-15.7641948508061],[-47.972751571103885,-15.755836201857834],[-47.96957175443871,-15.752619698169498],[-47.96331644734369,-15.748858036460724],[-47.942341633470825,-15.747905268657865],[-47.92793738151474,-15.740233825145406],[-47.92112191998126,-15.744181347749711],[-47.9195045566706,-15.739967696942795],[-47.91701050427119,-15.74019187003641]]]}},{"type":"Feature","properties":{"ra_nome":"CANDANGOLÂNDIA","ra_codigo":"RA-XIX","ra_cira":19,"ra_areakm2":6.6018644},"geometry":{"type":"Polygon","coordinates":[[[-47.93231984572538,-15.851287865267725],[-47.93499327487582,-15.8610642931933],[-47.95523178454932,-15.87376317927269],[-47.95874374222796,-15.874551389473682],[-47.953296937204435,-15.84057912198881],[-47.94136018812543,-15.844337865670568],[-47.93148333943316,-15.845098957346082],[-47.93231984572538,-15.851287865267725]]]}},{"type":"Feature","properties":{"ra_nome":"RIACHO FUNDO II","ra_codigo":"RA-XXI","ra_cira":21,"ra_areakm2":38.46715548},"geometry":{"type":"Polygon","coordinates":[[[-48.03837480965133,-15.87439562293662],[-48.03984508315707,-15.876956542834177],[-48.040018095129,-15.882233781465846],[-48.03925777968901,-15.883286617564067],[-48.035189495006954,-15.885275423891304],[-48.034234493915235,-15.88771542184897],[-48.027502441873146,-15.890459421010423],[-48.022517865418784,-15.897708748848364],[-48.02134969066745,-15.897438882897543],[-48.02098569713838,-15.898662776575286],[-48.02034083243491,-15.898353469281227],[-48.014966564862874,-15.903910939361202],[-48.011577027364204,-15.906057696685135],[-48.0097179039623,-15.906218715301367],[-48.007365128511054,-15.908851827390256],[-48.004194332709844,-15.909569032928353],[-48.00048451109231,-15.916325293494337],[-48.00084595104286,-15.917330302911278],[-47.99969137551269,-15.91824425280316],[-48.000887493593694,-15.920622247908216],[-47.99962724550422,-15.921658981755696],[-47.9940157549162,-15.920160694156976],[-47.98550561304531,-15.924907263511448],[-47.98359515743978,-15.925023727680268],[-47.98384410421177,-15.928562506165054],[-47.99660615068691,-15.93804104395645],[-47.99782272532195,-15.940611577141821],[-48.00080497737861,-15.943387068466041],[-48.0018478543713,-15.945741717704381],[-48.000068168263546,-15.94758290030454],[-48.02072421680406,-15.96614372336414],[-48.038221701343524,-15.945430192002938],[-48.04169299791001,-15.939736286475108],[-48.060338534432596,-15.882447682127264],[-48.0546971086504,-15.880206997040919],[-48.04563022050658,-15.874279210925268],[-48.03837480965133,-15.87439562293662]]]}},{"type":"Feature","properties":{"ra_nome":"PARK WAY","ra_codigo":"RA-XXIV","ra_cira":24,"ra_areakm2":118.40556868},"geometry":{"type":"MultiPolygon","coordinates":[[[[-47.94558842778672,-15.874340414463328],[-47.95609385933611,-15.880061855745938],[-47.95633134741902,-15.881192524594463],[-47.95187303041889,-15.88452444623204],[-47.9460743438439,-15.895104320079653],[-47.94103819765093,-15.896156846061038],[-47.92378087073679,-15.884899766773735],[-47.919494325294984,-15.883388002485672],[-47.90608875690994,-15.881336718881428],[-47.90563148297991,-15.883484253924722],[-47.90649372422284,-15.885264036945589],[-47.90539005823579,-15.89076505947996],[-47.90878597137641,-15.895965386002217],[-47.90834666997297,-15.896995427265828],[-47.91084468753038,-15.90099647502846],[-47.91109454327997,-15.905007116081396],[-47.91333086659429,-15.908368315678668],[-47.91207469789215,-15.909599135397391],[-47.90921875608056,-15.909911570830541],[-47.90777435825171,-15.912220394671936],[-47.90584504436309,-15.916746437926259],[-47.90691288408255,-15.921776088685176],[-47.90627419951682,-15.924026738840285],[-47.90186343261654,-15.93222420906273],[-47.89873909570533,-15.935227881789144],[-47.89630570976185,-15.94243196662586],[-47.896536559751,-15.945086232961788],[-47.88881352318321,-15.953149998015226],[-47.88725259643959,-15.957468855744507],[-47.88746688860857,-15.967536783079428],[-47.92796292110106,-15.982308839811038],[-47.936468921157385,-15.98395046820627],[-47.944923604871235,-15.983049006626336],[-47.97109775906872,-15.974654395911683],[-47.97840636227567,-15.974640537793334],[-48.000813835793814,-15.978251730706644],[-48.00674439257367,-15.977286045814418],[-48.0122709512799,-15.974652309978932],[-48.02072421680406,-15.96614372336414],[-48.000068168263546,-15.94758290030454],[-48.0018478543713,-15.945741717704381],[-48.00080497737861,-15.943387068466041],[-47.99782272532195,-15.940611577141821],[-47.99660615068691,-15.93804104395645],[-47.98384410421177,-15.928562506165054],[-47.98350187092414,-15.924408142423198],[-47.98168951619386,-15.921610529382562],[-47.98194530579341,-15.917035980971708],[-47.98385986965512,-15.914099343191893],[-47.98437489872203,-15.910007738770217],[-47.98625570477962,-15.906921413117637],[-47.98569189861517,-15.904967882547469],[-47.98765876425073,-15.902762387237821],[-47.98789347662843,-15.899593741432883],[-47.98718086687056,-15.898957284635161],[-47.98923573649947,-15.894412639408113],[-47.988349831762925,-15.88900087417488],[-47.989133258354265,-15.888657823483333],[-47.987949361292365,-15.884368399465377],[-47.983918048520174,-15.881794514927881],[-47.98282277749336,-15.882219246162837],[-47.979015131612165,-15.88052823740232],[-47.97747956698282,-15.882563620937502],[-47.975254616886794,-15.883557592440917],[-47.961017349939354,-15.883752401580876],[-47.96104327958745,-15.882258412144639],[-47.970759964762685,-15.882904308399647],[-47.97078567642689,-15.879379837871902],[-47.96887058013909,-15.879394097999429],[-47.96865030678522,-15.880622926077093],[-47.96394736363493,-15.880611010155308],[-47.96393512327434,-15.878931546284955],[-47.9623039962144,-15.878468888444914],[-47.961969805297365,-15.876330477569082],[-47.95909885809709,-15.876753515691831],[-47.95874374222796,-15.874551389473682],[-47.95523178454932,-15.87376317927269],[-47.93499327487582,-15.8610642931933],[-47.93652207509606,-15.86998457672063],[-47.94558842778672,-15.874340414463328]]],[[[-48.00061061710356,-15.817946431207384],[-48.000119504801404,-15.820286865233351],[-47.99597977699759,-15.82362054447753],[-47.996578195968766,-15.825477074706626],[-47.9951569646025,-15.828018700947203],[-47.99539010777801,-15.831223080752874],[-47.99335482886917,-15.833006815328229],[-47.9917787564833,-15.83920678013137],[-47.98992656659593,-15.841240836792894],[-47.989645035844795,-15.846245498253491],[-47.988442705796714,-15.847434130129052],[-47.985629833556196,-15.847889827944895],[-47.984297553495736,-15.850680089756768],[-47.98158537460138,-15.850373640894531],[-47.979544016692486,-15.853000172392624],[-47.97768003796181,-15.857913978880752],[-47.97560009305835,-15.859214615877955],[-47.973648532702434,-15.858642399553151],[-47.971933912931945,-15.85930919270944],[-47.971749447677446,-15.861639578469608],[-47.96656355185669,-15.860924937092944],[-47.96340746016131,-15.862637916356368],[-47.96246917855669,-15.86425240676982],[-47.96025985767915,-15.863847779312705],[-47.96347130094633,-15.865327502976305],[-47.96917522682537,-15.864859849206855],[-47.96945681316676,-15.867214151739738],[-47.97501705100738,-15.86658428968278],[-47.977445430950205,-15.864327000847974],[-47.97714264092434,-15.86893608801988],[-47.97895249974413,-15.873360957391158],[-47.983919030165275,-15.875675656337622],[-47.99209724480204,-15.876511181975763],[-47.99387214976946,-15.869001703921166],[-47.9914272117776,-15.868017641535886],[-47.991947483871336,-15.866216616256786],[-47.98665994842391,-15.864370723468866],[-47.990560266943206,-15.85986892566981],[-47.995211478527345,-15.856704200200703],[-48.0006446798427,-15.850419666442074],[-47.99875671617945,-15.848650916737853],[-47.9998669208825,-15.84642475514636],[-48.00640721937442,-15.850212328883032],[-48.010885139500054,-15.841126606146126],[-48.003625841856866,-15.83805953873887],[-48.00529110274043,-15.83431293822743],[-48.00784396096016,-15.835376534981014],[-48.008625018806654,-15.834402787095064],[-48.013655279692465,-15.822199899888288],[-48.011151497903384,-15.821154098808137],[-48.01072415908631,-15.822080883159273],[-48.00311888659362,-15.818082952761095],[-48.00061061710356,-15.817946431207384]]]]}},{"type":"Feature","properties":{"ra_nome":"LAGO SUL","ra_codigo":"RA-XVI","ra_cira":16,"ra_areakm2":76.04873024},"geometry":{"type":"Polygon","coordinates":[[[-47.803729706177386,-15.792598209857292],[-47.802428605661696,-15.792830047358327],[-47.803423542085014,-15.794476823447349],[-47.80170571227243,-15.794043507834791],[-47.80096025844895,-15.795016044932751],[-47.7985750468184,-15.7952140718358],[-47.79845616805696,-15.79731929272818],[-47.79757487132225,-15.795764246358084],[-47.7969788290355,-15.796533939464704],[-47.7958284937072,-15.795961928270799],[-47.79541468198502,-15.797281411606626],[-47.7946038450674,-15.795911650605795],[-47.7894215218147,-15.795809196075636],[-47.789361688111605,-15.800006969103991],[-47.785855310667216,-15.802230998191243],[-47.78656545225932,-15.805573746862562],[-47.79604775089043,-15.824475862161757],[-47.815644513907905,-15.8501116866376],[-47.820105240343196,-15.863510016490684],[-47.8209494768659,-15.863860422871655],[-47.83073996770345,-15.859290877311723],[-47.84301214430701,-15.866206935032842],[-47.845054081755436,-15.862811532816613],[-47.84291570444177,-15.861606904615565],[-47.850631899525176,-15.857152478603544],[-47.85356578411914,-15.856626151620784],[-47.85625813345268,-15.858794186478486],[-47.85115572100773,-15.868691651046142],[-47.856981519014724,-15.871238264502878],[-47.85607821841657,-15.873173779607145],[-47.8801007591339,-15.884940959518998],[-47.893668911813734,-15.900669081318727],[-47.88232998588321,-15.913515329300699],[-47.88466281221457,-15.913434169924662],[-47.88975902743791,-15.911106897334065],[-47.898479158389726,-15.912126546374102],[-47.901716458466495,-15.911243543599214],[-47.907656275825396,-15.912623127496502],[-47.90921875608056,-15.909911570830541],[-47.91207469789215,-15.909599135397391],[-47.91333086659429,-15.908368315678668],[-47.91109454327997,-15.905007116081396],[-47.91084468753038,-15.90099647502846],[-47.90834666997297,-15.896995427265828],[-47.90878597137641,-15.895965386002217],[-47.90539005823579,-15.89076505947996],[-47.90649372422284,-15.885264036945589],[-47.90563148297991,-15.883484253924722],[-47.90608875690994,-15.881336718881428],[-47.919494325294984,-15.883388002485672],[-47.92378087073679,-15.884899766773735],[-47.94103819765093,-15.896156846061038],[-47.9460743438439,-15.895104320079653],[-47.95187303041889,-15.88452444623204],[-47.95633134741902,-15.881192524594463],[-47.95609385933611,-15.880061855745938],[-47.94897676174309,-15.876006606083639],[-47.93652207509606,-15.86998457672063],[-47.93662530622262,-15.867059974109237],[-47.93231984572538,-15.851287865267725],[-47.925352869186305,-15.850841146764079],[-47.924895121988506,-15.851707886609544],[-47.91978295425164,-15.85159142996395],[-47.91131992249211,-15.846696607310491],[-47.90727168397602,-15.845916226836769],[-47.90406312215317,-15.844028498696817],[-47.90369045237967,-15.844608698854822],[-47.89806442841109,-15.84067216772363],[-47.89224307906865,-15.840949957790812],[-47.885244562161354,-15.835952819901111],[-47.88320044848409,-15.828586635155398],[-47.8810861119332,-15.828695305977538],[-47.87935266235684,-15.826023852514634],[-47.87685253402184,-15.82462499610282],[-47.871878397407805,-15.824546098489384],[-47.87083049757226,-15.8265337975887],[-47.87192398881864,-15.828300911811928],[-47.87071939595017,-15.829973609713207],[-47.86618536859967,-15.827885658583982],[-47.86284581875724,-15.828241900508807],[-47.857790440232215,-15.826951694944423],[-47.85493737085047,-15.827846167164246],[-47.85491428165548,-15.829508887666496],[-47.86076299114749,-15.83428317628759],[-47.8666541344318,-15.841534996656234],[-47.86986868976289,-15.848070305575499],[-47.86819087737135,-15.85005586751183],[-47.86908594439409,-15.852936687023233],[-47.873027155418484,-15.8562286411392],[-47.874860354554045,-15.859206496068833],[-47.873063621339824,-15.857403803012815],[-47.872124044861685,-15.85758310510269],[-47.87344364608402,-15.85783594374424],[-47.873182667150594,-15.858690372356058],[-47.870684975120135,-15.858325900437668],[-47.86873870280105,-15.855870565887214],[-47.86982165800101,-15.854175351857615],[-47.86763162630801,-15.853522444001351],[-47.866887709689465,-15.852104226360732],[-47.86092585209532,-15.852362859918852],[-47.858981614239994,-15.85412096176049],[-47.85844855932135,-15.851504267248043],[-47.86377724878073,-15.849618212352777],[-47.86151905184567,-15.84612338874391],[-47.858098480263045,-15.844181317003825],[-47.85424731732414,-15.840217293477938],[-47.851585776558565,-15.839211404892904],[-47.84989025213782,-15.840363974504266],[-47.84377484240056,-15.839065268272957],[-47.84088172171741,-15.839438050881036],[-47.83798699102489,-15.83306329947606],[-47.833817373962226,-15.831023387531928],[-47.83147940324677,-15.830782032855401],[-47.8291194866342,-15.831784313948607],[-47.8292919657726,-15.832427788961265],[-47.82514117712058,-15.832865426769017],[-47.827320623857396,-15.829790947353867],[-47.82713845581838,-15.827830310129162],[-47.823099124542914,-15.825299253371082],[-47.821225165844886,-15.821998419797817],[-47.81744976406784,-15.821012322978383],[-47.81601427150294,-15.821693143613642],[-47.81938762575277,-15.817157477412794],[-47.81818111744814,-15.810389263351993],[-47.81887523728759,-15.809019501812791],[-47.81742048771079,-15.807961569204517],[-47.816989075906456,-15.805689952955598],[-47.81336978606576,-15.806304015681226],[-47.815302773972526,-15.802962797831732],[-47.81220458519151,-15.797421442646986],[-47.809785684988526,-15.795695287420948],[-47.81037034931128,-15.794298276955372],[-47.80870398738174,-15.793013712901217],[-47.803729706177386,-15.792598209857292]]]}},{"type":"Feature","properties":{"ra_nome":"LAGO NORTE","ra_codigo":"RA-XVIII","ra_cira":18,"ra_areakm2":75.49171894},"geometry":{"type":"Polygon","coordinates":[[[-47.87547102773084,-15.693890508886485],[-47.87540545595821,-15.696256152500462],[-47.859501544695654,-15.688227458448896],[-47.85155004206694,-15.692534902754648],[-47.835853184533924,-15.693399370232731],[-47.79231908149028,-15.723192519990109],[-47.78398777210433,-15.743202386088257],[-47.790911826333264,-15.745713246052345],[-47.79151242880717,-15.748074080171646],[-47.786293967381674,-15.749434412313322],[-47.787010032011175,-15.752185208032174],[-47.78521693024231,-15.75232762948155],[-47.78468654733002,-15.755954621934944],[-47.78550017889305,-15.755908370087813],[-47.78640667758449,-15.757694923520468],[-47.78517236260397,-15.758105000129223],[-47.78393318797946,-15.760476726111387],[-47.789831854282355,-15.761483932923843],[-47.81186973086561,-15.757433508328887],[-47.81314801677348,-15.75813314756351],[-47.80848476282773,-15.764209327657962],[-47.812685131587855,-15.769463562710992],[-47.813191863940766,-15.772011397079433],[-47.80351118729834,-15.787357840694847],[-47.800749379109575,-15.786431798295391],[-47.79570516973138,-15.78137569177763],[-47.786789691859454,-15.781960217168223],[-47.7891455693755,-15.790673541092207],[-47.78949102349368,-15.788470065806644],[-47.790706956248115,-15.79022554595382],[-47.794278063195186,-15.79073126908413],[-47.79372582573213,-15.78985920609247],[-47.79519075681326,-15.788262806186355],[-47.79812661029529,-15.790538386876005],[-47.804971542714426,-15.788409499671276],[-47.80672781822332,-15.787259410443017],[-47.8063803182856,-15.78539053297795],[-47.80995735817845,-15.78177198753097],[-47.810960915533514,-15.779165047670416],[-47.81700426376782,-15.774828386410782],[-47.81886341428133,-15.76509062830488],[-47.81366006467818,-15.763672793649038],[-47.819171700777574,-15.760079746761804],[-47.81986482883298,-15.758604832938511],[-47.818619327002175,-15.755197253017943],[-47.81568181169524,-15.751360071080416],[-47.816649651061915,-15.751231878681077],[-47.81491139506887,-15.75046777814632],[-47.81974264885585,-15.752582620484134],[-47.82126685391352,-15.752340012722946],[-47.822088507485795,-15.751219641027404],[-47.82110993337169,-15.749117135013323],[-47.82398049008352,-15.745541843363352],[-47.8274092201391,-15.74434170646353],[-47.828823450195635,-15.742633500101403],[-47.83029201000757,-15.743726409206655],[-47.83269973989725,-15.740931649167324],[-47.83561862517822,-15.742026740979828],[-47.8367149075532,-15.738829633988308],[-47.835610510715746,-15.73702133236264],[-47.83807101299583,-15.736263076266576],[-47.83844477242866,-15.734223244231165],[-47.84379349160232,-15.734972304021438],[-47.84607550463612,-15.733320678548225],[-47.84736202552323,-15.729740208557523],[-47.85134541676816,-15.728016131498894],[-47.852084639208215,-15.72897377535116],[-47.85166216785264,-15.72701746369371],[-47.85217836545015,-15.72890431179929],[-47.85260246996136,-15.727458318694477],[-47.85395784485082,-15.727386930725048],[-47.85685993708798,-15.72425434619229],[-47.85911574489499,-15.724514887624093],[-47.85953446025337,-15.72589930537329],[-47.8561086853144,-15.728844960941636],[-47.859397385411825,-15.726629160962371],[-47.86099756583022,-15.723749294895704],[-47.86239800855089,-15.72348907478239],[-47.86052033036024,-15.72435923887844],[-47.859371195750406,-15.727082728327414],[-47.861122461737004,-15.725717753913935],[-47.857091630636084,-15.728553662735912],[-47.85882567001718,-15.728053806155359],[-47.857647495897396,-15.729068535178344],[-47.856213502517114,-15.729328216289161],[-47.85595188126586,-15.730636065030229],[-47.85347347002885,-15.731112822380677],[-47.85279647434536,-15.732910473782779],[-47.84771754016367,-15.737503668486603],[-47.844298143256324,-15.738884095904378],[-47.84013139935664,-15.74421814195083],[-47.8339822701325,-15.746458038705002],[-47.82771614925454,-15.750675641445469],[-47.82993455146992,-15.755393089883192],[-47.82693562078773,-15.760547465989886],[-47.829051603542204,-15.769402832175835],[-47.831851224841806,-15.773620716868683],[-47.83365574157761,-15.773232089845946],[-47.834875173536524,-15.771779277253449],[-47.83460894326049,-15.768832073662423],[-47.83594751235222,-15.765614744020613],[-47.84484420600704,-15.759938541547049],[-47.84649717509707,-15.754833423928005],[-47.853222099522355,-15.750434448441332],[-47.862701920219415,-15.74738423046489],[-47.86545984893618,-15.743471063415512],[-47.87244774594396,-15.74110124332896],[-47.87608639318673,-15.737004460441916],[-47.878014502063955,-15.732866386437376],[-47.88108403801673,-15.730079281203718],[-47.88469883521499,-15.728805974544969],[-47.889955973613716,-15.72975940175654],[-47.89353889453234,-15.729375389411462],[-47.89468655577495,-15.73021374775762],[-47.89525974300811,-15.728726490384458],[-47.898980444198855,-15.727194380618423],[-47.900658134887756,-15.727862768861266],[-47.90620792337695,-15.727447741563466],[-47.90858038094919,-15.728654112829165],[-47.915643000308236,-15.728307849601501],[-47.922180757203385,-15.724586743443158],[-47.92161183494099,-15.722240022958275],[-47.923461457589376,-15.718556369228317],[-47.920070525939764,-15.702970900019599],[-47.914836113712724,-15.693477411008402],[-47.91314624071807,-15.69592016106167],[-47.91025905783151,-15.693733040223053],[-47.90838516627568,-15.693473077034566],[-47.9054736337344,-15.696390167428648],[-47.87843293316731,-15.682948725171007],[-47.875937177305616,-15.679576829814172],[-47.87547102773084,-15.693890508886485]],[[-47.89141981001087,-15.707372949155166],[-47.8895691584773,-15.707317173992951],[-47.888094895980764,-15.708969594189508],[-47.87999028792483,-15.712215226122119],[-47.87847595701236,-15.712043083486213],[-47.87826606888188,-15.713994104123046],[-47.87704897971772,-15.715079383867218],[-47.875051626614955,-15.71528782073243],[-47.87438212316718,-15.7157965356619],[-47.874984146819,-15.716363688316862],[-47.86967767451002,-15.719511592559396],[-47.86809866919732,-15.716459215594575],[-47.87123091060481,-15.71553834973503],[-47.87077768800533,-15.713537684178688],[-47.87373871609778,-15.712258861394833],[-47.87407996759094,-15.711354057977152],[-47.87158052958032,-15.709542775231345],[-47.87231290170465,-15.707983435976445],[-47.87687820983735,-15.707440167307023],[-47.88154592308159,-15.70483461612296],[-47.88473568621806,-15.70146550835288],[-47.89197550640068,-15.706974573961562],[-47.89141981001087,-15.707372949155166]]]}},{"type":"Feature","properties":{"ra_nome":"ARAPOANGA","ra_codigo":"RA-XXXIV","ra_cira":34,"ra_areakm2":21.98581644},"geometry":{"type":"Polygon","coordinates":[[[-47.60055933616458,-15.62230004619915],[-47.59707189460011,-15.622657787709507],[-47.624412999098695,-15.641386181031276],[-47.62333952387415,-15.646985257344417],[-47.62169593420278,-15.647979601487354],[-47.62069340932452,-15.651571468864033],[-47.60213164772385,-15.658524501876188],[-47.60120817778907,-15.659982699304873],[-47.610701308589945,-15.660718227518519],[-47.61188188662053,-15.659508196673967],[-47.616418555358294,-15.65873876217911],[-47.61680090458355,-15.657401473834835],[-47.619341866379045,-15.658109312565465],[-47.62089092521595,-15.657429170418263],[-47.62149814427616,-15.658172449944974],[-47.62510137787508,-15.65758819147622],[-47.62701458422865,-15.65847104005983],[-47.62873109196368,-15.657281576590766],[-47.63422025014902,-15.65798447057426],[-47.63879331030132,-15.661996796330769],[-47.63982117432211,-15.664343753616407],[-47.64371519201801,-15.663142082529795],[-47.64705611917032,-15.666969968353467],[-47.64736801958873,-15.665991169230482],[-47.64974818209684,-15.66993889883748],[-47.65104112522278,-15.6704488426412],[-47.65246916609049,-15.668719840966606],[-47.6528163857158,-15.669859002416226],[-47.65501827368107,-15.67025014829943],[-47.65488538975391,-15.671747437305052],[-47.65775508533291,-15.67217973787357],[-47.66052723769431,-15.675601805300293],[-47.664490548585825,-15.675779082108452],[-47.66591703586649,-15.676850395213261],[-47.66923064863807,-15.675131222203277],[-47.66801946371013,-15.672445236032008],[-47.67124989037022,-15.671434612091964],[-47.67067235947924,-15.669967635272162],[-47.67157108444543,-15.66945450136507],[-47.666971144671585,-15.66536177778333],[-47.66592628764151,-15.663314019071091],[-47.662619234025954,-15.66178999676432],[-47.66131408913872,-15.648182214553255],[-47.66659448450637,-15.648384507638536],[-47.67112219157823,-15.649729348193787],[-47.674707634516004,-15.64840507972425],[-47.67186798092212,-15.646384512247433],[-47.67229633508279,-15.644210284311452],[-47.670037414786634,-15.642201215421862],[-47.670811595434564,-15.640781882290362],[-47.6702960695692,-15.638652051460483],[-47.667118138553235,-15.636300453902647],[-47.66694801543306,-15.633483688642057],[-47.66476086907179,-15.632921436425706],[-47.659704469314725,-15.635168199175444],[-47.65608756576475,-15.635216704332077],[-47.64793270196991,-15.630781813305303],[-47.64108980539037,-15.628394772622576],[-47.631392724324684,-15.631079730279504],[-47.62841416622444,-15.630876361411188],[-47.6268231663837,-15.629876163547888],[-47.62670681175694,-15.626496737312548],[-47.61699142744191,-15.62290196836607],[-47.60055933616458,-15.62230004619915]]]}},{"type":"Feature","properties":{"ra_nome":"NÚCLEO BANDEIRANTE","ra_codigo":"RA-VIII","ra_cira":8,"ra_areakm2":5.04681028},"geometry":{"type":"Polygon","coordinates":[[[-47.95454509357144,-15.848391690016195],[-47.95909885809709,-15.876753515691831],[-47.961969805297365,-15.876330477569082],[-47.9623039962144,-15.878468888444914],[-47.96393512327434,-15.878931546284955],[-47.96394736363493,-15.880611010155308],[-47.96865030678522,-15.880622926077093],[-47.96887058013909,-15.879394097999429],[-47.97078567642689,-15.879379837871902],[-47.970759964762685,-15.882904308399647],[-47.96104327958745,-15.882258412144639],[-47.961017349939354,-15.883752401580876],[-47.976185776643625,-15.883321140461119],[-47.97846646113375,-15.881484913733315],[-47.98017253075629,-15.877255711549145],[-47.98076857486106,-15.87818796083504],[-47.986352555467874,-15.877461457407499],[-48.000235728342844,-15.879915036014367],[-48.00048033071442,-15.877268154932722],[-47.9845036586702,-15.875798037428966],[-47.97895249974413,-15.873360957391158],[-47.97714264092434,-15.86893608801988],[-47.977445430950205,-15.864327000847974],[-47.97501705100738,-15.86658428968278],[-47.96945681316676,-15.867214151739738],[-47.96917522682537,-15.864859849206855],[-47.96347130094633,-15.865327502976305],[-47.959348920891166,-15.86338959684969],[-47.96269970361651,-15.860839414159136],[-47.961685270996036,-15.853751937762926],[-47.95647235639285,-15.854484004918799],[-47.95548267323643,-15.848252181574418],[-47.95454509357144,-15.848391690016195]]]}},{"type":"Feature","properties":{"ra_nome":"ÁGUAS CLARAS","ra_codigo":"RA-XX","ra_cira":20,"ra_areakm2":9.18656404},"geometry":{"type":"Polygon","coordinates":[[[-48.00484091935097,-15.814632894883859],[-48.0008466429502,-15.8177964458147],[-48.00311888659362,-15.818082952761095],[-48.01072415908631,-15.822080883159273],[-48.011151497903384,-15.821154098808137],[-48.013655279692465,-15.822199899888288],[-48.008625018806654,-15.834402787095064],[-48.00784396096016,-15.835376534981014],[-48.00529110274043,-15.83431293822743],[-48.00389312618718,-15.838180855889044],[-48.036846195475825,-15.850519426917087],[-48.045457478144016,-15.83433448932332],[-48.048888613800536,-15.83579157624808],[-48.0494242770824,-15.834767231739173],[-48.050334853764916,-15.831856716460404],[-48.0346030576674,-15.829399482814498],[-48.017650435619096,-15.819366112656132],[-48.00484091935097,-15.814632894883859]]]}},{"type":"Feature","properties":{"ra_nome":"SUDOESTE/OCTOGONAL","ra_codigo":"RA-XXII","ra_cira":22,"ra_areakm2":6.46743657},"geometry":{"type":"Polygon","coordinates":[[[-47.92919970760723,-15.780172877898481],[-47.913922475073676,-15.784974450608383],[-47.91442043633049,-15.786431216724957],[-47.90847518315178,-15.788470332995908],[-47.91119474885264,-15.796534081369957],[-47.91299267580141,-15.796130304230347],[-47.914668444432294,-15.799151680499522],[-47.92748264722308,-15.806305187272606],[-47.9348319753283,-15.809142395659851],[-47.94098976215842,-15.811058873007507],[-47.94840044261311,-15.810152657054283],[-47.94618424973562,-15.800151555926144],[-47.94041098554097,-15.802318761201143],[-47.93753775045418,-15.806476872478704],[-47.93299424738097,-15.80362719278061],[-47.932408023229776,-15.801155662498646],[-47.93346996562171,-15.798908705039223],[-47.93345959819754,-15.792536570130675],[-47.92919970760723,-15.780172877898481]]]}},{"type":"Feature","properties":{"ra_nome":"PLANO PILOTO","ra_codigo":"RA-I","ra_cira":1,"ra_areakm2":437.20138183},"geometry":{"type":"Polygon","coordinates":[[[-47.859501544695654,-15.688227458448896],[-47.87540545595821,-15.696256152500462],[-47.875937177305616,-15.679576829814172],[-47.87843293316731,-15.682948725171007],[-47.9054736337344,-15.696390167428648],[-47.90838516627568,-15.693473077034566],[-47.91025905783151,-15.693733040223053],[-47.91314624071807,-15.69592016106167],[-47.914836113712724,-15.693477411008402],[-47.920070525939764,-15.702970900019599],[-47.923461457589376,-15.718556369228317],[-47.92161183494099,-15.722240022958275],[-47.922180757203385,-15.724586743443158],[-47.915643000308236,-15.728307849601501],[-47.90858038094919,-15.728654112829165],[-47.90620792337695,-15.727447741563466],[-47.900658134887756,-15.727862768861266],[-47.898980444198855,-15.727194380618423],[-47.89525974300811,-15.728726490384458],[-47.89468655577495,-15.73021374775762],[-47.89353889453234,-15.729375389411462],[-47.889955973613716,-15.72975940175654],[-47.88469883521499,-15.728805974544969],[-47.88108403801673,-15.730079281203718],[-47.878014502063955,-15.732866386437376],[-47.87608639318673,-15.737004460441916],[-47.87244774594396,-15.74110124332896],[-47.86545984893618,-15.743471063415512],[-47.862701920219415,-15.74738423046489],[-47.853222099522355,-15.750434448441332],[-47.84649717509707,-15.754833423928005],[-47.84484420600704,-15.759938541547049],[-47.83594751235222,-15.765614744020613],[-47.83460894326049,-15.768832073662423],[-47.834875173536524,-15.771779277253449],[-47.83365574157761,-15.773232089845946],[-47.831851224841806,-15.773620716868683],[-47.829051603542204,-15.769402832175835],[-47.82693562078773,-15.760547465989886],[-47.82993455146992,-15.755393089883192],[-47.82771614925454,-15.750675641445469],[-47.8339822701325,-15.746458038705002],[-47.84013139935664,-15.74421814195083],[-47.844298143256324,-15.738884095904378],[-47.84771754016367,-15.737503668486603],[-47.85279647434536,-15.732910473782779],[-47.85347347002885,-15.731112822380677],[-47.85595188126586,-15.730636065030229],[-47.856213502517114,-15.729328216289161],[-47.857647495897396,-15.729068535178344],[-47.85882567001718,-15.728053806155359],[-47.857091630636084,-15.728553662735912],[-47.861122461737004,-15.725717753913935],[-47.859371195750406,-15.727082728327414],[-47.86052033036024,-15.72435923887844],[-47.86239800855089,-15.72348907478239],[-47.86099756583022,-15.723749294895704],[-47.859397385411825,-15.726629160962371],[-47.8561086853144,-15.728844960941636],[-47.85953446025337,-15.72589930537329],[-47.85911574489499,-15.724514887624093],[-47.85685993708798,-15.72425434619229],[-47.85395784485082,-15.727386930725048],[-47.85260246996136,-15.727458318694477],[-47.85217836545015,-15.72890431179929],[-47.85166216785264,-15.72701746369371],[-47.852084639208215,-15.72897377535116],[-47.85134541676816,-15.728016131498894],[-47.84736202552323,-15.729740208557523],[-47.84607550463612,-15.733320678548225],[-47.84379349160232,-15.734972304021438],[-47.83844477242866,-15.734223244231165],[-47.83807101299583,-15.736263076266576],[-47.835610510715746,-15.73702133236264],[-47.8367149075532,-15.738829633988308],[-47.83561862517822,-15.742026740979828],[-47.83269973989725,-15.740931649167324],[-47.83029201000757,-15.743726409206655],[-47.828823450195635,-15.742633500101403],[-47.8274092201391,-15.74434170646353],[-47.82398049008352,-15.745541843363352],[-47.82110993337169,-15.749117135013323],[-47.822088507485795,-15.751219641027404],[-47.82126685391352,-15.752340012722946],[-47.81974264885585,-15.752582620484134],[-47.81491139506887,-15.75046777814632],[-47.816649651061915,-15.751231878681077],[-47.81568181169524,-15.751360071080416],[-47.818619327002175,-15.755197253017943],[-47.81986482883298,-15.758604832938511],[-47.819171700777574,-15.760079746761804],[-47.81366006467818,-15.763672793649038],[-47.81886341428133,-15.76509062830488],[-47.81700426376782,-15.774828386410782],[-47.810960915533514,-15.779165047670416],[-47.80995735817845,-15.78177198753097],[-47.8063803182856,-15.78539053297795],[-47.80672781822332,-15.787259410443017],[-47.804852102923554,-15.788472323275359],[-47.79812661029529,-15.790538386876005],[-47.79519075681326,-15.788262806186355],[-47.79372582573213,-15.78985920609247],[-47.794278063195186,-15.79073126908413],[-47.790706956248115,-15.79022554595382],[-47.78949102349368,-15.788470065806644],[-47.7891455693755,-15.790673541092207],[-47.787755785182675,-15.78861036543037],[-47.787887469735224,-15.790500994249658],[-47.78587625060201,-15.790665715770244],[-47.78541750617561,-15.793562917974212],[-47.784378517189076,-15.793840741637863],[-47.78391771455532,-15.797855797369898],[-47.785855310667216,-15.802230998191243],[-47.789361688111605,-15.800006969103991],[-47.789527360683124,-15.795755284084688],[-47.7946038450674,-15.795911650605795],[-47.79541468198502,-15.797281411606626],[-47.7958284937072,-15.795961928270799],[-47.7969788290355,-15.796533939464704],[-47.79757487132225,-15.795764246358084],[-47.79845616805696,-15.79731929272818],[-47.7985750468184,-15.7952140718358],[-47.80096025844895,-15.795016044932751],[-47.80170571227243,-15.794043507834791],[-47.80356246168199,-15.794368421442831],[-47.802581869590455,-15.792729040100134],[-47.80921072237629,-15.793187583024235],[-47.81039046906752,-15.794335355498145],[-47.809785684988526,-15.795695287420948],[-47.81220458519151,-15.797421442646986],[-47.815302773972526,-15.802962797831732],[-47.81336978606576,-15.806304015681226],[-47.816989075906456,-15.805689952955598],[-47.81742048771079,-15.807961569204517],[-47.81887523728759,-15.809019501812791],[-47.81818111744814,-15.810389263351993],[-47.81938762575277,-15.817157477412794],[-47.81601427150294,-15.821693143613642],[-47.81744976406784,-15.821012322978383],[-47.821225165844886,-15.821998419797817],[-47.823099124542914,-15.825299253371082],[-47.82713845581838,-15.827830310129162],[-47.827320623857396,-15.829790947353867],[-47.82514117712058,-15.832865426769017],[-47.8292919657726,-15.832427788961265],[-47.8291194866342,-15.831784313948607],[-47.83147940324677,-15.830782032855401],[-47.833817373962226,-15.831023387531928],[-47.83798699102489,-15.83306329947606],[-47.84088172171741,-15.839438050881036],[-47.84377484240056,-15.839065268272957],[-47.84989025213782,-15.840363974504266],[-47.851585776558565,-15.839211404892904],[-47.853512395183124,-15.839777368518773],[-47.858098480263045,-15.844181317003825],[-47.86151905184567,-15.84612338874391],[-47.86377724878073,-15.849618212352777],[-47.85844855932135,-15.851504267248043],[-47.858981614239994,-15.85412096176049],[-47.86092585209532,-15.852362859918852],[-47.866887709689465,-15.852104226360732],[-47.86763162630801,-15.853522444001351],[-47.86982165800101,-15.854175351857615],[-47.86873870280105,-15.855870565887214],[-47.870684975120135,-15.858325900437668],[-47.873182667150594,-15.858690372356058],[-47.87344364608402,-15.85783594374424],[-47.872124044861685,-15.85758310510269],[-47.873063621339824,-15.857403803012815],[-47.87450529361644,-15.859569306478681],[-47.87433102650954,-15.857658485911198],[-47.86908594439409,-15.852936687023233],[-47.86819087737135,-15.85005586751183],[-47.86986868976289,-15.848070305575499],[-47.8666541344318,-15.841534996656234],[-47.86076299114749,-15.83428317628759],[-47.85491428165548,-15.829508887666496],[-47.8554684840307,-15.8273326917092],[-47.86618536859967,-15.827885658583982],[-47.87071939595017,-15.829973609713207],[-47.87192398881864,-15.828300911811928],[-47.87083049757226,-15.8265337975887],[-47.871878397407805,-15.824546098489384],[-47.87685253402184,-15.82462499610282],[-47.87935266235684,-15.826023852514634],[-47.8810861119332,-15.828695305977538],[-47.88320044848409,-15.828586635155398],[-47.88497433584396,-15.835568155616759],[-47.890605103256355,-15.840158170628145],[-47.89367809043216,-15.8411779314974],[-47.89806442841109,-15.84067216772363],[-47.90369045237967,-15.844608698854822],[-47.90406312215317,-15.844028498696817],[-47.90727168397602,-15.845916226836769],[-47.91131992249211,-15.846696607310491],[-47.91988534599094,-15.851609452930592],[-47.924895121988506,-15.851707886609544],[-47.925352869186305,-15.850841146764079],[-47.932199904873585,-15.851329286604344],[-47.93148333943316,-15.845098957346082],[-47.94136018812543,-15.844337865670568],[-47.953296937204435,-15.84057912198881],[-47.94840044261311,-15.810152657054283],[-47.94098976215842,-15.811058873007507],[-47.9348319753283,-15.809142395659851],[-47.92748264722308,-15.806305187272606],[-47.914668444432294,-15.799151680499522],[-47.91299267580141,-15.796130304230347],[-47.91119474885264,-15.796534081369957],[-47.90847518315178,-15.788470332995908],[-47.91442043633049,-15.786431216724957],[-47.913922475073676,-15.784974450608383],[-47.93851485670736,-15.777271462514458],[-47.93626683593216,-15.771248058614738],[-47.91701050427119,-15.74019187003641],[-47.9195045566706,-15.739967696942795],[-47.92112191998126,-15.744181347749711],[-47.92793738151474,-15.740233825145406],[-47.942341633470825,-15.747905268657865],[-47.96331644734369,-15.748858036460724],[-47.96957175443871,-15.752619698169498],[-47.972751571103885,-15.755836201857834],[-47.9762955429203,-15.7641948508061],[-47.975644982642926,-15.772014449775142],[-47.97122698787847,-15.776644505106125],[-47.97825197894309,-15.782589550568494],[-48.00433823662935,-15.754905918661665],[-48.01718741309572,-15.751558820404059],[-48.0476196840145,-15.753706058009262],[-48.05244590803702,-15.744637537937225],[-48.05740293941253,-15.740497756064615],[-48.06312303971668,-15.738171347350999],[-48.07454686108917,-15.73594310397218],[-48.08194816229716,-15.731490846695664],[-48.084801416953994,-15.728208297784636],[-48.08651607565091,-15.72314601674595],[-48.0897095991805,-15.678937961411908],[-48.076819062037785,-15.633049635914437],[-48.07429624350121,-15.628106349790485],[-48.07000255135728,-15.624561738895387],[-48.04596074606122,-15.613138399427726],[-48.02611833596023,-15.590267059291019],[-48.013840500034426,-15.579720085909868],[-48.007403580965196,-15.577973438145555],[-48.001756393109055,-15.580053913353321],[-47.88366007720713,-15.667802579337721],[-47.859501544695654,-15.688227458448896]]]}},{"type":"Feature","properties":{"ra_nome":"SOBRADINHO","ra_codigo":"RA-V","ra_cira":5,"ra_areakm2":193.52647717},"geometry":{"type":"Polygon","coordinates":[[[-47.763785248243295,-15.527337530092593],[-47.76278752733318,-15.528647256781673],[-47.76163218826803,-15.528146690824153],[-47.76197507146981,-15.527267111147122],[-47.76018282509959,-15.526892693927808],[-47.758768729496644,-15.530831806992818],[-47.756793683456294,-15.528335819678786],[-47.753715092363905,-15.529637390980781],[-47.75418496110453,-15.532265736567986],[-47.75310797986624,-15.532295712998014],[-47.75321980287635,-15.533455354879315],[-47.75119491936209,-15.534959337250488],[-47.75164819225223,-15.537257042384915],[-47.75005019054934,-15.539046134553782],[-47.75219293842962,-15.540969539107554],[-47.75196717388447,-15.542839502694553],[-47.75304184190334,-15.542007438752176],[-47.7533813651658,-15.543972579926008],[-47.75486286574926,-15.54386747704863],[-47.75636159305291,-15.546451304974768],[-47.75658227112541,-15.548877458007821],[-47.75471040624458,-15.550804951329427],[-47.756143562147415,-15.554259288419717],[-47.76353098401221,-15.559310979326227],[-47.7642303432465,-15.558077643639656],[-47.76602065884995,-15.558623319277832],[-47.76728362466991,-15.56105546551978],[-47.76675839800096,-15.564551826427056],[-47.76425574273602,-15.56501826464629],[-47.76233243573442,-15.567807937972535],[-47.763189100055314,-15.571418660596413],[-47.76010124404514,-15.573009946721424],[-47.76022859989607,-15.578008130174855],[-47.76102396625169,-15.579480772502064],[-47.764637459187696,-15.58053042280851],[-47.76564769219713,-15.5823286205101],[-47.76578976784661,-15.585538407169588],[-47.76460545921635,-15.587626978257694],[-47.769171210639335,-15.588813456687086],[-47.76753213298133,-15.58990484588017],[-47.764552247715045,-15.589756289798558],[-47.763227813301455,-15.591410625726498],[-47.77289549051222,-15.594006008903712],[-47.78049093554452,-15.593358913112825],[-47.781175683901516,-15.600810608265308],[-47.77345784978592,-15.608987682467987],[-47.7606139800759,-15.617365392383796],[-47.75947187820196,-15.621046589071407],[-47.759768761668035,-15.624924016980206],[-47.75300515413318,-15.639614791624146],[-47.73788034379893,-15.664603312524118],[-47.74429765154353,-15.671430247418986],[-47.740203957245136,-15.674688306887989],[-47.74434912194948,-15.676217183762356],[-47.745570677396074,-15.677757275364677],[-47.74686211384718,-15.680727672969093],[-47.746624373534566,-15.685748483294079],[-47.74127101044603,-15.689135584972355],[-47.73953414940696,-15.691678366338852],[-47.731384486667295,-15.698503214007543],[-47.721745507002346,-15.69688521595912],[-47.71878759071381,-15.69783267167555],[-47.716813860872165,-15.697322504273751],[-47.715663736610935,-15.698482066308328],[-47.70947710683199,-15.700344336891446],[-47.697841376096505,-15.699262546187347],[-47.68991501987866,-15.703079092666226],[-47.68536508270225,-15.703414545089666],[-47.680211874322126,-15.705247359959081],[-47.67809634317597,-15.70725099974626],[-47.67579576364067,-15.70774154127614],[-47.67455568975555,-15.709926480168075],[-47.67420469780004,-15.708918319002553],[-47.67338042123193,-15.70934771397683],[-47.67286443032124,-15.710693166916242],[-47.67588980654346,-15.714073835067419],[-47.67386437985633,-15.717248135596076],[-47.67571306675864,-15.717500343634166],[-47.676195645579426,-15.719232413225825],[-47.67506764555988,-15.720605149615755],[-47.676495974201835,-15.721274450748453],[-47.676615760309055,-15.722548118835498],[-47.67389218766334,-15.722062566249159],[-47.67611414748898,-15.723642574579763],[-47.676750289402484,-15.725395889407597],[-47.67367806296252,-15.729362990032273],[-47.675469351619434,-15.730457169247746],[-47.674753521031775,-15.731400951312546],[-47.676284723723334,-15.73261446567597],[-47.677200869161965,-15.731922935380187],[-47.67889022458704,-15.733905450064164],[-47.68051974036614,-15.733787200749708],[-47.681776245159256,-15.732116194647856],[-47.68752408683281,-15.729370533885918],[-47.68947575449658,-15.726946247915524],[-47.69300048118758,-15.72584797460514],[-47.700894037994075,-15.727373206908954],[-47.7017929613958,-15.728399441105633],[-47.70387065703302,-15.726266404984516],[-47.709278213798115,-15.727566947400097],[-47.71021364703527,-15.726600615993663],[-47.713338543598034,-15.728327999456738],[-47.717968495213384,-15.727027186298413],[-47.71950935266387,-15.72530791137345],[-47.72112442857961,-15.726530412063665],[-47.72540693743071,-15.726807724949925],[-47.729244411122615,-15.728348631942039],[-47.73319729255041,-15.726249177533608],[-47.73754350287841,-15.728017281858575],[-47.742580353055025,-15.727652819266346],[-47.744407269960334,-15.724509453595699],[-47.74794064614745,-15.72384319889318],[-47.75207672068125,-15.71947088469676],[-47.75427080141239,-15.718070451400488],[-47.75746652010895,-15.717594805905406],[-47.76187450615264,-15.713254882044929],[-47.77190145537484,-15.723135019796784],[-47.776668330940716,-15.724514777448595],[-47.78135398646061,-15.723967392340644],[-47.7900739614126,-15.727506987945418],[-47.79152938985551,-15.724208139855772],[-47.79389546926644,-15.721855419994105],[-47.83411501318233,-15.694283713004179],[-47.83757099745374,-15.69296791292089],[-47.85155004206694,-15.692534902754648],[-47.859501544695654,-15.688227458448896],[-47.82889397629506,-15.678888100486066],[-47.80904242333472,-15.666357569353936],[-47.81231156147564,-15.662919726288235],[-47.81280260575202,-15.659718276901366],[-47.81545551428626,-15.65735582764404],[-47.817437835514546,-15.653764179031315],[-47.81597417675321,-15.649805498143898],[-47.81184114345568,-15.64408727282597],[-47.820235436728105,-15.640969138588313],[-47.82466279204198,-15.630667814798036],[-47.824796130244344,-15.626237613185692],[-47.823644050612465,-15.623537933840362],[-47.82104546126356,-15.621771976916566],[-47.816659542345874,-15.621781900257067],[-47.815755859409,-15.620781796744877],[-47.82016357892229,-15.611059331459414],[-47.83006827949409,-15.602958762625235],[-47.833946136079675,-15.602606644626578],[-47.83419605574239,-15.599561894677688],[-47.8358203076658,-15.598346056679064],[-47.83677312648614,-15.593486544561657],[-47.843038308459164,-15.59012684092692],[-47.84096872281908,-15.58860402783501],[-47.843436340054296,-15.587734719852403],[-47.844023293883204,-15.586427680701343],[-47.843947080006,-15.581708096827574],[-47.84294747817659,-15.57988730923716],[-47.84350195800797,-15.57863481645225],[-47.8425526374278,-15.576883902722495],[-47.84382637089167,-15.573304337921508],[-47.83926602245191,-15.570947680281723],[-47.839140760437616,-15.568930718878814],[-47.84117967682226,-15.566815527319532],[-47.84084982128886,-15.565618050113459],[-47.839242175585724,-15.564912995214485],[-47.838989692568894,-15.562178235954917],[-47.84029010451029,-15.561312002875603],[-47.841088925404094,-15.557173898701596],[-47.83541087657516,-15.548713929489011],[-47.83657152643853,-15.540593734400602],[-47.83582154126601,-15.531400549781884],[-47.83477127297672,-15.530295754676503],[-47.83026967030643,-15.529851769306084],[-47.81310200266839,-15.52340453183567],[-47.80352731489178,-15.525619680351262],[-47.79113520199168,-15.524462408154376],[-47.77763544607379,-15.52953504756969],[-47.77467376333524,-15.529237778803216],[-47.76979740666836,-15.526574880338694],[-47.763785248243295,-15.527337530092593]]]}},{"type":"Feature","properties":{"ra_nome":"GUARÁ","ra_codigo":"RA-X","ra_cira":10,"ra_areakm2":25.22334954},"geometry":{"type":"Polygon","coordinates":[[[-47.97050960350586,-15.806342596694737],[-47.970504023093994,-15.808074634210792],[-47.96682138024017,-15.807355213017425],[-47.94840044261311,-15.810152657054283],[-47.95454509357144,-15.848391690016195],[-47.95548267323643,-15.848252181574418],[-47.95647235639285,-15.854484004918799],[-47.961685270996036,-15.853751937762926],[-47.96269970361651,-15.860839414159136],[-47.959348920891166,-15.86338959684969],[-47.96229869472818,-15.864311578886571],[-47.96340746016131,-15.862637916356368],[-47.96653529060222,-15.860933624146684],[-47.97151942568066,-15.861725394622583],[-47.971933912931945,-15.85930919270944],[-47.977141752422156,-15.858395014663449],[-47.98158537460138,-15.850373640894531],[-47.984297553495736,-15.850680089756768],[-47.985629833556196,-15.847889827944895],[-47.988442705796714,-15.847434130129052],[-47.989645035844795,-15.846245498253491],[-47.98992656659593,-15.841240836792894],[-47.9917787564833,-15.83920678013137],[-47.99335482886917,-15.833006815328229],[-47.99539010777801,-15.831223080752874],[-47.9951569646025,-15.828018700947203],[-47.996578195968766,-15.825477074706626],[-47.996067423002096,-15.823412806367152],[-47.9986023231785,-15.821916288291384],[-48.00040831395491,-15.819806778988948],[-48.00038074870038,-15.818058307942072],[-48.004872526981835,-15.814554085592745],[-47.994910615149244,-15.810952951628908],[-47.9928701993872,-15.81097772008684],[-47.99210936760892,-15.80607939658594],[-47.98202990807457,-15.79963052166706],[-47.979605355868316,-15.802539892498125],[-47.971826879838844,-15.8037526979107],[-47.97181862855891,-15.804714522983419],[-47.97028727749282,-15.804943175514696],[-47.97050960350586,-15.806342596694737]]]}},{"type":"Feature","properties":{"ra_nome":"CRUZEIRO","ra_codigo":"RA-XI","ra_cira":11,"ra_areakm2":3.19116356},"geometry":{"type":"Polygon","coordinates":[[[-47.93818012368445,-15.805522175758341],[-47.94123077628934,-15.801762774641116],[-47.94618424973562,-15.800151555926144],[-47.93851485670736,-15.777271462514458],[-47.92926830942088,-15.780151483255072],[-47.93345959819754,-15.792536570130675],[-47.93346996562171,-15.798908705039223],[-47.932408023229776,-15.801155662498646],[-47.93299424738097,-15.80362719278061],[-47.93753775045418,-15.806476872478704],[-47.93818012368445,-15.805522175758341]]]}},{"type":"Feature","properties":{"ra_nome":"RIACHO FUNDO","ra_codigo":"RA-XVII","ra_cira":17,"ra_areakm2":17.78111505},"geometry":{"type":"Polygon","coordinates":[[[-48.01192173847008,-15.878216708987013],[-48.00048033071442,-15.877268154932722],[-48.000235728342844,-15.879915036014367],[-47.99741730408819,-15.879831873032265],[-47.99234657680504,-15.878084178621846],[-47.986352555467874,-15.877461457407499],[-47.98076857486106,-15.87818796083504],[-47.98017253075629,-15.877255711549145],[-47.979015131612165,-15.88052823740232],[-47.98282277749336,-15.882219246162837],[-47.983918048520174,-15.881794514927881],[-47.98793012492039,-15.884341341588033],[-47.989133258354265,-15.888657823483333],[-47.988349831762925,-15.88900087417488],[-47.98923573649947,-15.894412639408113],[-47.98718086687056,-15.898957284635161],[-47.98789347662843,-15.899593741432883],[-47.98765876425073,-15.902762387237821],[-47.98569189861517,-15.904967882547469],[-47.98625570477962,-15.906921413117637],[-47.98186037834422,-15.917390079517455],[-47.98168951619386,-15.921610529382562],[-47.98359289506481,-15.925023774337786],[-47.98550561304531,-15.924907263511448],[-47.9940157549162,-15.920160694156976],[-47.99962724550422,-15.921658981755696],[-48.000887493593694,-15.920622247908216],[-47.99969137551269,-15.91824425280316],[-48.00084595104286,-15.917330302911278],[-48.00048451109231,-15.916325293494337],[-48.004194332709844,-15.909569032928353],[-48.007365128511054,-15.908851827390256],[-48.0097179039623,-15.906218715301367],[-48.011577027364204,-15.906057696685135],[-48.014966564862874,-15.903910939361202],[-48.02034083243491,-15.898353469281227],[-48.02098569713838,-15.898662776575286],[-48.02134969066745,-15.897438882897543],[-48.022517865418784,-15.897708748848364],[-48.027502441873146,-15.890459421010423],[-48.034234493915235,-15.88771542184897],[-48.03482944170485,-15.885602653735827],[-48.040018095129,-15.882233781465846],[-48.03984508315707,-15.876956542834177],[-48.03837480965133,-15.87439562293662],[-48.01192173847008,-15.878216708987013]]]}},{"type":"Feature","properties":{"ra_nome":"TAGUATINGA","ra_codigo":"RA-III","ra_cira":3,"ra_areakm2":63.04456278},"geometry":{"type":"Polygon","coordinates":[[[-48.045804433889046,-15.758925551540347],[-48.044879297445995,-15.765144011551188],[-48.04550543727332,-15.772407576839292],[-48.053444116084776,-15.792206864466909],[-48.05154905689183,-15.791860185037274],[-48.05638542710567,-15.804824093618924],[-48.054314364828784,-15.807071568975456],[-48.05630536582287,-15.808102332659386],[-48.051488587837895,-15.825834182695706],[-48.05394502345374,-15.826995204465055],[-48.05101253354742,-15.830505693743074],[-48.048888613800536,-15.83579157624808],[-48.045457478144016,-15.83433448932332],[-48.036846195475825,-15.850519426917087],[-48.033095974506374,-15.848959347051816],[-48.028970538219546,-15.858703790182032],[-48.03020635734157,-15.859330725722206],[-48.02551681221331,-15.8680047772309],[-48.03061563848318,-15.870539771032753],[-48.02776445237983,-15.875907725555741],[-48.04317903880547,-15.873783346904336],[-48.04745464054537,-15.875391591087732],[-48.037467912446516,-15.868194994730619],[-48.039916434268925,-15.863628620350553],[-48.043682597776865,-15.863384243348122],[-48.046241475999366,-15.860116257438813],[-48.04797703608376,-15.859677919414272],[-48.05023514103171,-15.855469856482312],[-48.06070336245326,-15.858694554487471],[-48.06438132187984,-15.857204789578043],[-48.06764125361456,-15.851623767287405],[-48.06949004139262,-15.8521337488364],[-48.073104990073446,-15.847388600246175],[-48.07450471506977,-15.847898268201508],[-48.07535301841417,-15.843601094100082],[-48.082893707422215,-15.84695461497922],[-48.0834213284105,-15.848521087350978],[-48.08765651276125,-15.851235010561803],[-48.09070138183431,-15.84591780933173],[-48.09067866850639,-15.841479356241036],[-48.09189238765154,-15.841891400523332],[-48.09330320579714,-15.837730082309381],[-48.08787152394887,-15.835871287113578],[-48.09330692465752,-15.821815303411997],[-48.09247073180682,-15.82151116611944],[-48.09402148468328,-15.816801577948167],[-48.1014538999549,-15.805312017634366],[-48.107603916561004,-15.798838620936156],[-48.108595584818644,-15.799546383360628],[-48.11241711178226,-15.794522140149192],[-48.10299795345052,-15.786070907804794],[-48.103591390780174,-15.780916048037358],[-48.10250908467667,-15.77924699194886],[-48.10375783407995,-15.775671390096646],[-48.10506478049415,-15.775305494271564],[-48.10638196395569,-15.772277752752768],[-48.1119155252783,-15.770436889319107],[-48.100356559496376,-15.765652308669376],[-48.094516022291735,-15.765015110281714],[-48.07988458592463,-15.757940884869843],[-48.07691673046724,-15.757106376475003],[-48.07259043927902,-15.759022527598425],[-48.06879979380206,-15.759438524865047],[-48.066428916050725,-15.756904846136555],[-48.065661842232466,-15.754221848236623],[-48.06711599277115,-15.751408984696896],[-48.06678864044922,-15.750257268188163],[-48.07250978352326,-15.741366383784781],[-48.07225133120242,-15.73980569057283],[-48.07367283015438,-15.737588246536738],[-48.072907731825026,-15.736457251298019],[-48.061902565627534,-15.73850239580202],[-48.05402988590221,-15.743006613465313],[-48.049946015775454,-15.74830001072029],[-48.045804433889046,-15.758925551540347]]]}},{"type":"Feature","properties":{"ra_nome":"VARJÃO","ra_codigo":"RA-XXIII","ra_cira":23,"ra_areakm2":1.62943684},"geometry":{"type":"Polygon","coordinates":[[[-47.86809866919732,-15.716459215594575],[-47.86967767451002,-15.719511592559396],[-47.874984146819,-15.716363688316862],[-47.87438212316718,-15.7157965356619],[-47.875051626614955,-15.71528782073243],[-47.87704897971772,-15.715079383867218],[-47.87826606888188,-15.713994104123046],[-47.87847595701236,-15.712043083486213],[-47.87999028792483,-15.712215226122119],[-47.88811929221457,-15.708957489823668],[-47.8895691584773,-15.707317173992951],[-47.89197550640068,-15.706974573961562],[-47.88473568621806,-15.70146550835288],[-47.88154592308159,-15.70483461612296],[-47.87687820983735,-15.707440167307023],[-47.87231290170465,-15.707983435976445],[-47.87158052958032,-15.709542775231345],[-47.87407996759094,-15.711354057977152],[-47.87373871609778,-15.712258861394833],[-47.87077768800533,-15.713537684178688],[-47.87123091060481,-15.71553834973503],[-47.86809866919732,-15.716459215594575]]]}},{"type":"Feature","properties":{"ra_nome":"SCIA","ra_codigo":"RA-XXV","ra_cira":25,"ra_areakm2":7.38658677},"geometry":{"type":"Polygon","coordinates":[[[-48.00444975282677,-15.754861968623377],[-47.978362678176694,-15.782506762611012],[-47.97645441755308,-15.782526608093333],[-47.966098130703976,-15.794299036002489],[-47.97019282377505,-15.795526013721721],[-47.98642767614392,-15.78813320825158],[-47.99464033949129,-15.78645748907877],[-48.00301856773451,-15.786245035185297],[-48.00589468157467,-15.779559755253427],[-48.00675962595147,-15.775072392606713],[-48.0061704902038,-15.770189756383223],[-48.00729371250923,-15.764774471606296],[-48.00682213614224,-15.760918027702072],[-48.0052973231619,-15.75885673376336],[-48.00444975282677,-15.754861968623377]]]}},{"type":"Feature","properties":{"ra_nome":"ARNIQUEIRA","ra_codigo":"RA-XXXIII","ra_cira":33,"ra_areakm2":13.35849745},"geometry":{"type":"Polygon","coordinates":[[[-48.00956787600455,-15.843986471234658],[-48.00640721937442,-15.850212328883032],[-47.9998669208825,-15.84642475514636],[-47.99875671617945,-15.848650916737853],[-48.0006446798427,-15.850419666442074],[-47.995211478527345,-15.856704200200703],[-47.990560266943206,-15.85986892566981],[-47.98665994842391,-15.864370723468866],[-47.991947483871336,-15.866216616256786],[-47.9914272117776,-15.868017641535886],[-47.99387214976946,-15.869001703921166],[-47.99209724480204,-15.876511181975763],[-48.011525892299815,-15.878227109012947],[-48.02776445237983,-15.875907725555741],[-48.03061563848318,-15.870539771032753],[-48.02551681221331,-15.8680047772309],[-48.03020635734157,-15.859330725722206],[-48.028970538219546,-15.858703790182032],[-48.03296777313009,-15.849516193497957],[-48.010885139500054,-15.841126606146126],[-48.00956787600455,-15.843986471234658]]]}},{"type":"Feature","properties":{"ra_nome":"PLANALTINA","ra_codigo":"RA-VI","ra_cira":6,"ra_areakm2":1509.41488927},"geometry":{"type":"Polygon","coordinates":[[[-47.41840691655318,-15.501819583386961],[-47.4184069092069,-15.545077398131344],[-47.41733933616725,-15.546143258536949],[-47.41403165614142,-15.54822324389007],[-47.41214231192227,-15.547120695103615],[-47.40824442202801,-15.547894709955827],[-47.405740425296365,-15.546717168183383],[-47.402287901321905,-15.547773519792171],[-47.40284507994231,-15.54963578911832],[-47.40064565786414,-15.55154385832016],[-47.39913012626927,-15.550920738501679],[-47.398139820244204,-15.55329761198424],[-47.399137298889656,-15.553529865642167],[-47.39944606435004,-15.557105460663502],[-47.395835229642,-15.558511162762597],[-47.39378860321591,-15.558245741020654],[-47.39349755226876,-15.561715368857529],[-47.39143538392305,-15.56252602987887],[-47.39012050332486,-15.566311032156621],[-47.39083678092599,-15.56671104003496],[-47.38945129119482,-15.567449181269748],[-47.38620872455787,-15.56708297001384],[-47.38548827920272,-15.566199330525631],[-47.38447610570351,-15.567379487620324],[-47.380646877102116,-15.566691588657136],[-47.380481657531575,-15.568549138778302],[-47.37945787920125,-15.56916608396404],[-47.379274817297265,-15.573490055803314],[-47.37682975364065,-15.576558537903086],[-47.370010889933816,-15.577866537740528],[-47.368539780033345,-15.579304633142085],[-47.36205690561855,-15.577711746028061],[-47.36141471315647,-15.580135671555299],[-47.35976685690195,-15.579318499101166],[-47.359398030021865,-15.580288849342098],[-47.35733962435007,-15.580768410773212],[-47.35603442004192,-15.579577904848874],[-47.34967881849826,-15.58062986845927],[-47.349094148802244,-15.579103967375694],[-47.347038484180494,-15.57901497808615],[-47.3446371499402,-15.581292363543966],[-47.3362797145659,-15.585782054875107],[-47.3351165245207,-15.587349407649059],[-47.33186173607647,-15.587233026506864],[-47.3302015825204,-15.58596011841038],[-47.3278163283635,-15.58897043954306],[-47.32529509449094,-15.589058972260748],[-47.32517155590849,-15.588356899287296],[-47.324800449265766,-15.589092499930256],[-47.32486283403799,-15.587720589361107],[-47.322825850144575,-15.586205241221004],[-47.321465510372235,-15.586916869683805],[-47.32081427035546,-15.586320770945317],[-47.31861409054516,-15.587146824195509],[-47.31712238885125,-15.590540108216095],[-47.31736017426034,-15.593515956006286],[-47.316168250782766,-15.594186994675708],[-47.31581166892601,-15.596896798416703],[-47.32260367688151,-15.598535138746694],[-47.32299083981982,-15.601050215809904],[-47.32366121538462,-15.600961823751664],[-47.322878011955545,-15.603233306321233],[-47.324032569397474,-15.606493088639075],[-47.3253053598899,-15.60732048692733],[-47.32512404624967,-15.609649616382727],[-47.32872607924601,-15.613276234094922],[-47.32776256336199,-15.61344107531633],[-47.32919275569462,-15.615973045875492],[-47.328397873805436,-15.617397924303587],[-47.32885402669773,-15.618355642792968],[-47.32960910390006,-15.617820199024893],[-47.33064951585011,-15.620322411330129],[-47.33110259976363,-15.622519479788036],[-47.3300796816504,-15.623553691318408],[-47.33104293936528,-15.626390575927553],[-47.332232703561644,-15.626895057120409],[-47.33264374650603,-15.62808064074705],[-47.33185259082105,-15.628206073558438],[-47.332764549039936,-15.62945052928721],[-47.33393080662371,-15.629623106300285],[-47.33374126462418,-15.63145179400023],[-47.33287858134833,-15.631426735988079],[-47.33323662022603,-15.632826948213241],[-47.330760887206964,-15.635751818491148],[-47.33132331100347,-15.638107592063609],[-47.32952268796534,-15.639707059510998],[-47.33048009226984,-15.641378521788],[-47.3293953132681,-15.642097772363284],[-47.329372038514734,-15.644325267465849],[-47.3304535476888,-15.645251542456952],[-47.33084680356747,-15.644444895233287],[-47.33100805993855,-15.645259039865499],[-47.330383856971466,-15.646034573173377],[-47.329078466849865,-15.645513862594632],[-47.32730430195946,-15.64703135642995],[-47.326959701922256,-15.649194636638523],[-47.32850207260148,-15.649383271864457],[-47.32774875245007,-15.650472990946227],[-47.32920250704388,-15.650696720997072],[-47.32660992235069,-15.652682295965677],[-47.32728060029407,-15.65460544867584],[-47.329613228644426,-15.655774318863765],[-47.328169680083235,-15.656116314592118],[-47.329252820712604,-15.656959858764004],[-47.3280712430239,-15.657757223742783],[-47.329769567676614,-15.657855205119608],[-47.327803245524585,-15.65910765218075],[-47.32861731455448,-15.661276235749183],[-47.32675674098324,-15.661469969256126],[-47.327111877544674,-15.663466640268423],[-47.32865562080107,-15.663637984383561],[-47.32750940887102,-15.664236129439628],[-47.32812817276995,-15.665314590144835],[-47.32688837320784,-15.664848887832415],[-47.32650822694873,-15.665572068286817],[-47.328665676767116,-15.666886539745681],[-47.32611236060296,-15.669366448318016],[-47.327799460457925,-15.670940984583096],[-47.32676934258243,-15.671609078618438],[-47.32775700189028,-15.672708247909146],[-47.32719862340875,-15.675282615285925],[-47.32828362594709,-15.675889520939542],[-47.32788297832436,-15.677557434262797],[-47.32912882709463,-15.676997187961758],[-47.32789053655572,-15.67856265264055],[-47.33027980106291,-15.680507874245956],[-47.330700055987386,-15.679696307688964],[-47.33177886691894,-15.680264023610118],[-47.33166029820492,-15.683068604316965],[-47.32967701732906,-15.68359844228028],[-47.32915782263067,-15.684747579069725],[-47.3291701627327,-15.68336715347156],[-47.32813504365149,-15.68333753011008],[-47.32768985351227,-15.687330330054547],[-47.329810406014545,-15.687927532957676],[-47.32814345470445,-15.688895865256162],[-47.32173399504227,-15.6891280273891],[-47.321324083575405,-15.68676177445939],[-47.32096118130427,-15.68770754249621],[-47.32028806034984,-15.687151229436479],[-47.319741795939066,-15.689029352681263],[-47.31780231709073,-15.690261923704243],[-47.31843113395062,-15.692282177014347],[-47.31679002531578,-15.691970996494394],[-47.317598394657864,-15.693251343169184],[-47.316482606729764,-15.693573924850513],[-47.31590066836507,-15.695124290270707],[-47.31482904387637,-15.694402257410676],[-47.313489520660035,-15.694910596508441],[-47.31386857147192,-15.696008233985003],[-47.31285802060723,-15.696038269111444],[-47.31249437179136,-15.697273820794685],[-47.31379325681876,-15.698318610227254],[-47.31303322638915,-15.699891770500148],[-47.31429087577451,-15.700577136643043],[-47.313522064785296,-15.701567121228875],[-47.314416722467364,-15.703451657167102],[-47.31350335944699,-15.703579726821257],[-47.314851619922244,-15.704900780600687],[-47.31330668928865,-15.706173698074767],[-47.31463447620392,-15.706154210753862],[-47.31300336900545,-15.706991670063262],[-47.31415716317785,-15.707792238375095],[-47.313950963205194,-15.709488608250362],[-47.31552948099673,-15.70995161063467],[-47.31383507548754,-15.711038206133578],[-47.315976736673825,-15.712952175617742],[-47.31524652087644,-15.715366278934956],[-47.31855014928691,-15.71696490122874],[-47.318778928598,-15.718120052158506],[-47.319697833944076,-15.717797089508394],[-47.31942067404064,-15.719208792999773],[-47.32090557738395,-15.718609503502812],[-47.3202651856209,-15.720516349823535],[-47.32105497480243,-15.72132365914198],[-47.32081475850206,-15.722998558926554],[-47.31810976336058,-15.724926792594264],[-47.31949366641562,-15.726679016478233],[-47.31844651927447,-15.726714573426712],[-47.31797128589118,-15.727721569098907],[-47.318845332147156,-15.728222013313735],[-47.31779061418211,-15.728743065342742],[-47.31793387523835,-15.731014644858883],[-47.31703143060053,-15.73140603442136],[-47.31849070589113,-15.731813843349595],[-47.318253648681306,-15.73295065482509],[-47.31928107857959,-15.732164447836766],[-47.319288173766836,-15.735379908480448],[-47.31767606808661,-15.734187080101822],[-47.31749864705334,-15.735889530877639],[-47.31671706243831,-15.73555609165376],[-47.31726932997694,-15.736805618302286],[-47.31560572277748,-15.73628944407792],[-47.313645603721575,-15.738105334517279],[-47.314961624045786,-15.740032441170936],[-47.31349331320165,-15.7403724559457],[-47.314160661496715,-15.74155858070692],[-47.31303945294121,-15.742057209128765],[-47.315241248495354,-15.742830287664763],[-47.31367349627833,-15.744881864220574],[-47.31488396778133,-15.746402434174954],[-47.31449589674599,-15.747884659299254],[-47.31620620573817,-15.747705768145543],[-47.31645707684896,-15.74595414885994],[-47.31709253148168,-15.748320712166786],[-47.31903438768015,-15.749645735477987],[-47.31791250256953,-15.750620028130765],[-47.318434210075054,-15.75224386842814],[-47.31907323966695,-15.751891787505109],[-47.32003472084409,-15.753269091020004],[-47.31941894402907,-15.75471626372623],[-47.32037257629131,-15.755438080089014],[-47.3225884241993,-15.754450958872503],[-47.32105210378194,-15.755957317469008],[-47.32118515052669,-15.757119318143296],[-47.32285003134789,-15.758557497475405],[-47.323728119733566,-15.758040181493557],[-47.32434001671211,-15.761971893907024],[-47.325972822966655,-15.761017560547852],[-47.325697216083995,-15.763077616955732],[-47.32700965227011,-15.764267045791618],[-47.32642036033301,-15.765215467490192],[-47.32732269400213,-15.765363518004],[-47.32654703184269,-15.766328068062062],[-47.32829456603257,-15.76565780809474],[-47.32934190336729,-15.766981389353509],[-47.32985916221827,-15.769240063145514],[-47.328336282214416,-15.769668537556553],[-47.328931389917166,-15.77028083233155],[-47.327421701520564,-15.771975253459996],[-47.32854646128387,-15.772275074042524],[-47.32880881822373,-15.77349534777409],[-47.3294966159857,-15.772578404105742],[-47.32906376871942,-15.774145868243016],[-47.33136129728924,-15.77366379330195],[-47.33027728917554,-15.775120953665004],[-47.33107827320021,-15.775425572859811],[-47.33081143516543,-15.779950497277008],[-47.33157558870565,-15.779295407025378],[-47.33297219588364,-15.781562510283248],[-47.33412071497545,-15.781151897301179],[-47.33459393849522,-15.782016424344913],[-47.336226784663744,-15.781404332809766],[-47.3367407303883,-15.78259506582444],[-47.335536110843734,-15.783578303769172],[-47.335286046752714,-15.785350669154187],[-47.33665764912006,-15.784694381015127],[-47.3368243976902,-15.786187212687649],[-47.33767312281678,-15.78496354873047],[-47.337433332539014,-15.786764159268486],[-47.339083530684334,-15.788274713951807],[-47.33873008052484,-15.790665665905882],[-47.34006812358809,-15.790723537499906],[-47.338849249599306,-15.791354030717548],[-47.33994847983287,-15.79258863363354],[-47.33917707841906,-15.792983270475307],[-47.34005492291809,-15.794534754837766],[-47.33947734650648,-15.794996668179827],[-47.340635764239146,-15.794285762695852],[-47.34122683988484,-15.795495112416729],[-47.34136744688564,-15.794090447051097],[-47.34244591900815,-15.794954032965176],[-47.342010151262755,-15.798119177245619],[-47.344081362266536,-15.795960891345866],[-47.34518527221528,-15.797290555837318],[-47.34487961730852,-15.7987194679789],[-47.346012288938695,-15.797979900697408],[-47.344643336201095,-15.80011725772328],[-47.345093382652585,-15.801818044788183],[-47.345960220165395,-15.80101471687678],[-47.345511798489056,-15.802960626578054],[-47.34674458855117,-15.803988117509615],[-47.34754600062541,-15.802826730773006],[-47.34789437502822,-15.804007796534735],[-47.349605091289206,-15.803877586132803],[-47.349497797460074,-15.80544476234913],[-47.34807809671107,-15.805901919897922],[-47.34938862493579,-15.80620433658549],[-47.34845809578989,-15.80814123670332],[-47.35024971299242,-15.807808619234807],[-47.35007692316775,-15.8102376018519],[-47.3530267094703,-15.813782835661998],[-47.35213240892218,-15.814671729977764],[-47.3544111106755,-15.814027348367757],[-47.355231852845996,-15.81606043118218],[-47.35305811466629,-15.816940961856252],[-47.35296697082485,-15.818145195503513],[-47.355177001373015,-15.817037531744988],[-47.35616812259411,-15.8188045110365],[-47.354838250459316,-15.820376043421547],[-47.35696644269103,-15.819746988920464],[-47.35458956606072,-15.821449731840795],[-47.35543512493287,-15.823487378908196],[-47.35799114642388,-15.822053725810202],[-47.35715278444754,-15.823953983480253],[-47.35916518519945,-15.823699262210749],[-47.359596568620375,-15.823037889388203],[-47.3588351515722,-15.822750351171463],[-47.36067873441091,-15.821434136776634],[-47.36033679664525,-15.82367299571995],[-47.363040070322334,-15.824869155092578],[-47.362293661017404,-15.827388433811839],[-47.366264976897156,-15.827360964802311],[-47.36737047058178,-15.828385999675383],[-47.365926828285524,-15.830314854377516],[-47.36586224791123,-15.83192444412037],[-47.3666009393063,-15.831842171300682],[-47.36564607598659,-15.832968804881222],[-47.36657227233314,-15.833503993859496],[-47.364886307061674,-15.834054750449754],[-47.366288742213264,-15.834610622214093],[-47.365394944330724,-15.835154466354952],[-47.36604784402003,-15.837533718476573],[-47.36707283150646,-15.835569236777904],[-47.36803337390955,-15.835669423379702],[-47.366952909990765,-15.838564233177946],[-47.36752414248199,-15.83905221720117],[-47.368153793731594,-15.838122825445748],[-47.367989579700726,-15.840130085858332],[-47.37039791650416,-15.841359326676688],[-47.36828705895645,-15.842157126921881],[-47.369618990644604,-15.845046642477278],[-47.372222534026314,-15.846309644721247],[-47.373701610065524,-15.844582185273008],[-47.37855625074323,-15.847215703957183],[-47.37903902711322,-15.846324137018877],[-47.38010727833404,-15.84708280641655],[-47.380830583749514,-15.846445738789178],[-47.38034143214701,-15.845454743440715],[-47.38251095249673,-15.845416378678639],[-47.38235714835485,-15.846619830113843],[-47.383275960783955,-15.84710505673377],[-47.38529097712241,-15.845994554430328],[-47.387101526089175,-15.856874482006473],[-47.423020250288644,-15.864152171120953],[-47.45320294134685,-15.857685880885123],[-47.45605120977405,-15.858369277590242],[-47.463182173938755,-15.862580194195303],[-47.46646868280801,-15.863145224003643],[-47.518218601876946,-15.85314868467767],[-47.55347963740251,-15.871564349973434],[-47.55662263274003,-15.872382670108342],[-47.60308016552926,-15.85889647049296],[-47.62105218749626,-15.863046439717602],[-47.64219435318828,-15.788972425302555],[-47.664287528448895,-15.749015741917678],[-47.664351573881,-15.745723986389313],[-47.660456374208145,-15.727425205150249],[-47.66471146888319,-15.727324871356483],[-47.67030047880912,-15.730737785951602],[-47.673756792440386,-15.734059211394245],[-47.67578422625393,-15.734244292772585],[-47.67452147354083,-15.733141629065871],[-47.67586461767861,-15.732278926325748],[-47.67460842330739,-15.731175849321478],[-47.67549467532608,-15.730509189116399],[-47.67364803928898,-15.728988291190138],[-47.67674546627474,-15.725463094656368],[-47.67611414748898,-15.723642574579763],[-47.67389218766334,-15.722062566249159],[-47.676615760309055,-15.722548118835498],[-47.676495974201835,-15.721274450748453],[-47.67506764555988,-15.720605149615755],[-47.676195645579426,-15.719232413225825],[-47.67571306675864,-15.717500343634166],[-47.67394875466096,-15.717339617480874],[-47.6737837899081,-15.716541548288403],[-47.67588980654346,-15.714073835067419],[-47.67285620096863,-15.710637041311884],[-47.67411661430457,-15.708936495048706],[-47.67455568975555,-15.709926480168075],[-47.67659942586474,-15.707092422614904],[-47.67809634317597,-15.70725099974626],[-47.680211874322126,-15.705247359959081],[-47.68426014280653,-15.703717880982543],[-47.68991501987866,-15.703079092666226],[-47.697841376096505,-15.699262546187347],[-47.70947710683199,-15.700344336891446],[-47.715663736610935,-15.698482066308328],[-47.716813860872165,-15.697322504273751],[-47.71878759071381,-15.69783267167555],[-47.721745507002346,-15.69688521595912],[-47.731384486667295,-15.698503214007543],[-47.73953414940696,-15.691678366338852],[-47.74127101044603,-15.689135584972355],[-47.746624373534566,-15.685748483294079],[-47.74686211384718,-15.680727672969093],[-47.745570677396074,-15.677757275364677],[-47.74434912194948,-15.676217183762356],[-47.740203957245136,-15.674688306887989],[-47.74429765154353,-15.671430247418986],[-47.73788034379893,-15.664603312524118],[-47.75300515413318,-15.639614791624146],[-47.759768761668035,-15.624924016980206],[-47.75947187820196,-15.621046589071407],[-47.7606139800759,-15.617365392383796],[-47.77345784978592,-15.608987682467987],[-47.781175683901516,-15.600810608265308],[-47.78049093554452,-15.593358913112825],[-47.77289549051222,-15.594006008903712],[-47.763227813301455,-15.591410625726498],[-47.764552247715045,-15.589756289798558],[-47.76753213298133,-15.58990484588017],[-47.769171210639335,-15.588813456687086],[-47.76460545921635,-15.587626978257694],[-47.76578976784661,-15.585538407169588],[-47.76564769219713,-15.5823286205101],[-47.764637459187696,-15.58053042280851],[-47.76102396625169,-15.579480772502064],[-47.76022859989607,-15.578008130174855],[-47.76010124404514,-15.573009946721424],[-47.763189100055314,-15.571418660596413],[-47.76233243573442,-15.567807937972535],[-47.76425574273602,-15.56501826464629],[-47.76675839800096,-15.564551826427056],[-47.76728362466991,-15.56105546551978],[-47.76602065884995,-15.558623319277832],[-47.7642303432465,-15.558077643639656],[-47.76353098401221,-15.559310979326227],[-47.756143562147415,-15.554259288419717],[-47.75471040624458,-15.550804951329427],[-47.75658227112541,-15.548877458007821],[-47.75636159305291,-15.546451304974768],[-47.75486286574926,-15.54386747704863],[-47.7533813651658,-15.543972579926008],[-47.75304184190334,-15.542007438752176],[-47.75196717388447,-15.542839502694553],[-47.75219293842962,-15.540969539107554],[-47.75005019054934,-15.539046134553782],[-47.75164819225223,-15.537257042384915],[-47.75119491936209,-15.534959337250488],[-47.75321980287635,-15.533455354879315],[-47.75310797986624,-15.532295712998014],[-47.75418496110453,-15.532265736567986],[-47.753715092363905,-15.529637390980781],[-47.756793683456294,-15.528335819678786],[-47.758768729496644,-15.530831806992818],[-47.760210552369955,-15.52687564816289],[-47.76197507146981,-15.527267111147122],[-47.76163218826803,-15.528146690824153],[-47.762702597546216,-15.528630054790455],[-47.76369654710024,-15.527979796209449],[-47.76414392609465,-15.525212762336427],[-47.76310377002216,-15.523984788873465],[-47.76275390420941,-15.524804832460351],[-47.76195787198462,-15.524362596276186],[-47.76157867150391,-15.520455079715525],[-47.76214605827042,-15.520963466487995],[-47.76222656159828,-15.51993107273656],[-47.76387159820656,-15.520395622777242],[-47.76435248830157,-15.519549153739577],[-47.7658255734467,-15.521676354476204],[-47.76570576080873,-15.520337134416367],[-47.767952893827164,-15.520872405538297],[-47.76690663084234,-15.519223073874103],[-47.76825826777178,-15.518968036563207],[-47.768466884819055,-15.517215970200608],[-47.77003388055111,-15.517135336272906],[-47.77078610494924,-15.51565612127215],[-47.77209122046302,-15.516059310728686],[-47.771768945061915,-15.514703293811262],[-47.77423920773251,-15.514924070644321],[-47.77301886912739,-15.513914113299037],[-47.773167998891786,-15.514677135747549],[-47.77122060714721,-15.51425738428474],[-47.772510650601724,-15.511143793147177],[-47.7709985967998,-15.510396592826176],[-47.771485501654794,-15.508470214082157],[-47.771148359177324,-15.509120250441267],[-47.77015078041482,-15.508640385075646],[-47.77102737813874,-15.50332570196125],[-47.772066047154084,-15.50237022295474],[-47.41840691655318,-15.501819583386961]],[[-47.60129517610402,-15.622286728000162],[-47.61679157228535,-15.622878700547588],[-47.622557475880555,-15.624631089350691],[-47.62676885687318,-15.62654418383307],[-47.6268231663837,-15.629876163547888],[-47.62841416622444,-15.630876361411188],[-47.631392724324684,-15.631079730279504],[-47.64108980539037,-15.628394772622576],[-47.64793270196991,-15.630781813305303],[-47.65608756576475,-15.635216704332077],[-47.659704469314725,-15.635168199175444],[-47.66476086907179,-15.632921436425706],[-47.66694801543306,-15.633483688642057],[-47.667118138553235,-15.636300453902647],[-47.6702960695692,-15.638652051460483],[-47.670811595434564,-15.640781882290362],[-47.670037414786634,-15.642201215421862],[-47.67229633508279,-15.644210284311452],[-47.67186798092212,-15.646384512247433],[-47.674707634516004,-15.64840507972425],[-47.67112219157823,-15.649729348193787],[-47.66659448450637,-15.648384507638536],[-47.66131408913872,-15.648182214553255],[-47.662619234025954,-15.66178999676432],[-47.66592628764151,-15.663314019071091],[-47.666971144671585,-15.66536177778333],[-47.67157108444543,-15.66945450136507],[-47.67067235947924,-15.669967635272162],[-47.67124989037022,-15.671434612091964],[-47.66801946371013,-15.672445236032008],[-47.66923064863807,-15.675131222203277],[-47.66591703586649,-15.676850395213261],[-47.664490548585825,-15.675779082108452],[-47.66052723769431,-15.675601805300293],[-47.65775508533291,-15.67217973787357],[-47.65488538975391,-15.671747437305052],[-47.65501827368107,-15.67025014829943],[-47.6528163857158,-15.669859002416226],[-47.65246916609049,-15.668719840966606],[-47.65104112522278,-15.6704488426412],[-47.64974818209684,-15.66993889883748],[-47.64736801958873,-15.665991169230482],[-47.64705611917032,-15.666969968353467],[-47.64371519201801,-15.663142082529795],[-47.63982117432211,-15.664343753616407],[-47.63879331030132,-15.661996796330769],[-47.63422025014902,-15.65798447057426],[-47.62873109196368,-15.657281576590766],[-47.62701458422865,-15.65847104005983],[-47.62510137787508,-15.65758819147622],[-47.62149814427616,-15.658172449944974],[-47.62089092521595,-15.657429170418263],[-47.619341866379045,-15.658109312565465],[-47.61680090458355,-15.657401473834835],[-47.616418555358294,-15.65873876217911],[-47.61188188662053,-15.659508196673967],[-47.610701308589945,-15.660718227518519],[-47.60120817778907,-15.659982699304873],[-47.60213164772385,-15.658524501876188],[-47.62069340932452,-15.651571468864033],[-47.62169593420278,-15.647979601487354],[-47.62333952387415,-15.646985257344417],[-47.624412999098695,-15.641386181031276],[-47.59707189460011,-15.622657787709507],[-47.60129517610402,-15.622286728000162]]]}},{"type":"Feature","properties":{"ra_nome":"ITAPOÃ","ra_codigo":"RA-XXVIII","ra_cira":28,"ra_areakm2":34.30156776},"geometry":{"type":"Polygon","coordinates":[[[-47.761848139010326,-15.713311241640692],[-47.75746652010895,-15.717594805905406],[-47.75427080141239,-15.718070451400488],[-47.75207672068125,-15.71947088469676],[-47.74794064614745,-15.72384319889318],[-47.744407269960334,-15.724509453595699],[-47.742580353055025,-15.727652819266346],[-47.73754350287841,-15.728017281858575],[-47.73319729255041,-15.726249177533608],[-47.729244411122615,-15.728348631942039],[-47.72540693743071,-15.726807724949925],[-47.72112442857961,-15.726530412063665],[-47.71950935266387,-15.72530791137345],[-47.717968495213384,-15.727027186298413],[-47.713338543598034,-15.728327999456738],[-47.71021364703527,-15.726600615993663],[-47.709278213798115,-15.727566947400097],[-47.70387065703302,-15.726266404984516],[-47.7017929613958,-15.728399441105633],[-47.700894037994075,-15.727373206908954],[-47.69300048118758,-15.72584797460514],[-47.68947575449658,-15.726946247915524],[-47.68752408683281,-15.729370533885918],[-47.681776245159256,-15.732116194647856],[-47.68051974036614,-15.733787200749708],[-47.67889022458704,-15.733905450064164],[-47.677037413101125,-15.731895382059507],[-47.674527606420085,-15.733198991257463],[-47.68043519571922,-15.735737988613113],[-47.68961140434445,-15.736269471247208],[-47.69927801679644,-15.741002271511228],[-47.70460689468147,-15.743798821312987],[-47.72943597728995,-15.76130196535274],[-47.73303797562189,-15.762924262070374],[-47.73882685824101,-15.762351656184041],[-47.75409755196734,-15.753086124932171],[-47.75782749708682,-15.75196084946491],[-47.76225290171997,-15.752629385625609],[-47.78393318797946,-15.760476726111387],[-47.78517236260397,-15.758105000129223],[-47.78640667758449,-15.757694923520468],[-47.78550017889305,-15.755908370087813],[-47.78468654733002,-15.755954621934944],[-47.78521693024231,-15.75232762948155],[-47.787010032011175,-15.752185208032174],[-47.786293967381674,-15.749434412313322],[-47.79151242880717,-15.748074080171646],[-47.790911826333264,-15.745713246052345],[-47.78398777210433,-15.743202386088257],[-47.7900739614126,-15.727506987945418],[-47.78135398646061,-15.723967392340644],[-47.776668330940716,-15.724514777448595],[-47.77281455782046,-15.723596257960589],[-47.761848139010326,-15.713311241640692]]]}},{"type":"Feature","properties":{"ra_nome":"RECANTO DAS EMAS","ra_codigo":"RA-XV","ra_cira":15,"ra_areakm2":93.10637496},"geometry":{"type":"Polygon","coordinates":[[[-48.251350406889806,-15.955398262228991],[-48.248022681495655,-15.954120610034634],[-48.245111891050726,-15.954706017229174],[-48.242590550149195,-15.952898972774943],[-48.238655118267545,-15.952390728388485],[-48.23131472934708,-15.954053791907633],[-48.22695478193417,-15.952923121386766],[-48.224265697370356,-15.954198761031849],[-48.22214290221206,-15.95777616086768],[-48.2151026877526,-15.957644776138844],[-48.21080414864575,-15.95254177735958],[-48.216787513007006,-15.94583481580208],[-48.21755100251802,-15.944033097492257],[-48.21355043914821,-15.942527749853394],[-48.21908954257726,-15.934845545273305],[-48.211769140604424,-15.931499754935553],[-48.19938998561741,-15.923697728536448],[-48.188168085346454,-15.91961086886855],[-48.18151482926295,-15.923563779014604],[-48.18001142143282,-15.922583464022011],[-48.178777712369865,-15.919364520766448],[-48.17496417345846,-15.918067816331392],[-48.172439899913364,-15.91903735497338],[-48.169810713274146,-15.922671327364867],[-48.16630291104734,-15.923618179796112],[-48.16376011144588,-15.915291716510067],[-48.16074856763604,-15.912743959568385],[-48.060338534432596,-15.882447682127264],[-48.04276799807442,-15.937143767532328],[-48.038221701343524,-15.945430192002938],[-48.040738042994036,-15.949194244856745],[-48.043932216308974,-15.95164844820888],[-48.04849309232311,-15.953160489521823],[-48.05278403993045,-15.953003967557642],[-48.075895031105595,-15.939411038836889],[-48.079701837593404,-15.939027634305246],[-48.08283156732904,-15.941675601177614],[-48.094386470052754,-15.932248128279742],[-48.102176778226784,-15.937240553540548],[-48.103797813160455,-15.941990380216382],[-48.111994972676364,-15.951309655229394],[-48.114152868043334,-15.951086433059803],[-48.116366426047556,-15.95298060666713],[-48.12007151543761,-15.953678598244759],[-48.120262327876326,-15.954757935040695],[-48.121991482764614,-15.955719118775127],[-48.12386985731981,-15.949657620342995],[-48.12642581381569,-15.946954935326472],[-48.12669423450215,-15.942205279526567],[-48.13065286708216,-15.942781273683892],[-48.13451406628376,-15.945214153383084],[-48.14459121406555,-15.942976872324865],[-48.147206624702946,-15.943534266268522],[-48.15337487510821,-15.947140460331655],[-48.153385268021914,-15.933796621597434],[-48.155644292832086,-15.936990861207128],[-48.16009829384437,-15.940169928344165],[-48.163110167075146,-15.94685389619368],[-48.17278218637798,-15.946273298945814],[-48.173009688729366,-15.94707975893753],[-48.1870671922683,-15.945725726027572],[-48.18692810405871,-15.953431233461071],[-48.18851141079307,-15.956853918769138],[-48.1920643384916,-15.96070552405867],[-48.193133412621314,-15.963897629858531],[-48.19556397608071,-15.962686726357134],[-48.198581768964985,-15.963980375801007],[-48.20068951500267,-15.962270866112242],[-48.20472287972046,-15.964248931189358],[-48.213842947754436,-15.965947017356898],[-48.21470539881371,-15.967337291499408],[-48.21794575434546,-15.96835401178788],[-48.21852705051054,-15.969523056169132],[-48.22074058783717,-15.969444866464535],[-48.221472812047814,-15.970646639454538],[-48.22314870862758,-15.97072016746403],[-48.22386989019507,-15.969784495717096],[-48.22520526274179,-15.971326568528447],[-48.22947592869793,-15.970493868490918],[-48.23261701938139,-15.971974442973181],[-48.238173028250635,-15.972560754960194],[-48.24022356923119,-15.970840086620171],[-48.239974832347485,-15.971852988618313],[-48.241213354492594,-15.97166257427102],[-48.243198509282756,-15.973051887148118],[-48.24608530345399,-15.972317347318489],[-48.24565792545925,-15.973237731281792],[-48.247322845388275,-15.975627565990093],[-48.253473819310436,-15.975878809655024],[-48.25368428092902,-15.977218085510739],[-48.2580590372934,-15.977705457656267],[-48.257932323679036,-15.976358545447479],[-48.25902627602922,-15.976496385180242],[-48.25970204769234,-15.974195000695266],[-48.25798059043128,-15.97282961396779],[-48.26057313193221,-15.968881913538482],[-48.26022469418501,-15.966800056826635],[-48.257710964697885,-15.964912851473272],[-48.257369912614195,-15.963551517027641],[-48.255976768873616,-15.963198841721018],[-48.257644016176314,-15.961358497752368],[-48.25519650007808,-15.962215311187807],[-48.25523441730532,-15.960582357377175],[-48.25632110365987,-15.959854816884661],[-48.25457344882462,-15.959034066934036],[-48.254672812430016,-15.957093197760825],[-48.251350406889806,-15.955398262228991]]]}},{"type":"Feature","properties":{"ra_nome":"SAMAMBAIA","ra_codigo":"RA-XII","ra_cira":12,"ra_areakm2":99.99228671},"geometry":{"type":"Polygon","coordinates":[[[-48.047425178580994,-15.859479889488906],[-48.043682597776865,-15.863384243348122],[-48.039916434268925,-15.863628620350553],[-48.037467912446516,-15.868194994730619],[-48.0546971086504,-15.880206997040919],[-48.16074856763604,-15.912743959568385],[-48.16376011144588,-15.915291716510067],[-48.16630291104734,-15.923618179796112],[-48.169810713274146,-15.922671327364867],[-48.17220329280547,-15.919276432249625],[-48.1741641485577,-15.9181565352322],[-48.17842292117375,-15.919075737885308],[-48.18001142143282,-15.922583464022011],[-48.18176043550993,-15.923602056127365],[-48.18687713151617,-15.919979324729377],[-48.18888759103031,-15.919698682656037],[-48.19994612315104,-15.923974372198616],[-48.212720446156176,-15.932028070405165],[-48.21908954259166,-15.934845546175918],[-48.22023394572239,-15.934022410710263],[-48.221738041346875,-15.934452954139799],[-48.22271116660584,-15.936012555920716],[-48.22435529582004,-15.934028503791808],[-48.22626785978531,-15.934005109447426],[-48.226485857125446,-15.93269370535035],[-48.228492323009704,-15.931351923602012],[-48.2290891895966,-15.93238684276197],[-48.22991727725166,-15.931834826257301],[-48.230511478845514,-15.933470158787403],[-48.23317478354754,-15.933975152583397],[-48.23397456356869,-15.935293941351157],[-48.23482136338244,-15.934482086763605],[-48.23439808035294,-15.933400378748166],[-48.238660829099516,-15.929167932001246],[-48.24266217550164,-15.931916691086768],[-48.24586433257054,-15.931958344618423],[-48.247134207627845,-15.933485306268912],[-48.25051921325696,-15.933728102450246],[-48.25448628816175,-15.936864649257249],[-48.25575465030765,-15.932282493989277],[-48.2577940397869,-15.932307581498772],[-48.25882205721468,-15.931318246628521],[-48.25933753585833,-15.927823745585922],[-48.25833360890613,-15.92487409329561],[-48.259290106923686,-15.924795068652037],[-48.25845213037856,-15.923327404449717],[-48.2595476409805,-15.92178882676146],[-48.25815361728751,-15.918155391010227],[-48.25371236844758,-15.916771144466475],[-48.25518518348808,-15.916031354141664],[-48.25435188708648,-15.915228727415546],[-48.255512818225114,-15.912527282969133],[-48.25485815186059,-15.911471412883396],[-48.25374201390888,-15.910755153267862],[-48.25330756493856,-15.911607327504587],[-48.252665410788715,-15.909859323285826],[-48.25049364103388,-15.908614718973956],[-48.246857059922256,-15.909297938482272],[-48.24715203833558,-15.907081011977562],[-48.24636297167325,-15.907468750211104],[-48.24243374227972,-15.904661352276817],[-48.24073683155791,-15.90455490972476],[-48.24033401304908,-15.902731556756324],[-48.238572026264514,-15.90382258514781],[-48.236785246987196,-15.903632129572513],[-48.23585123505956,-15.902704921535541],[-48.2370976028144,-15.899106646524974],[-48.23560488454248,-15.899913087330022],[-48.235048530180684,-15.898981566487125],[-48.23440425019213,-15.901042967493108],[-48.231908374339426,-15.900676652236971],[-48.23165866475881,-15.901576619604704],[-48.23045318762723,-15.900547017101063],[-48.23061835786582,-15.901533158909245],[-48.2294125013817,-15.90177829108981],[-48.2279264702108,-15.901305185633982],[-48.22880127603774,-15.900181709296914],[-48.226482398647335,-15.899861032636354],[-48.2263759715435,-15.901024744119885],[-48.22407414156219,-15.900753770803354],[-48.224551221446106,-15.90260073415212],[-48.22263272497246,-15.900338853959424],[-48.22066964812224,-15.90089122065438],[-48.21981170649502,-15.897811708929302],[-48.21861010156622,-15.899116106699537],[-48.21742318062486,-15.897264052773037],[-48.213083507894844,-15.897612560679258],[-48.211998752688466,-15.89555623639813],[-48.210238516514075,-15.896966488063862],[-48.207778606799664,-15.894715562103977],[-48.20826883931157,-15.893009373545363],[-48.20679815857958,-15.893748420352159],[-48.20591240721489,-15.891471762372142],[-48.20388950554158,-15.89211687029822],[-48.20227500557407,-15.89152536461797],[-48.202080285799305,-15.889418871756922],[-48.20023317203505,-15.887786746038222],[-48.20027076023635,-15.884346682349724],[-48.198940996967366,-15.882853646984659],[-48.19789735222916,-15.883275833571831],[-48.19782627154025,-15.880709904834427],[-48.19609196422502,-15.879202426891105],[-48.196693738228355,-15.878540229816272],[-48.19437779151863,-15.875585653067846],[-48.194883350667325,-15.87521646025911],[-48.19173003729844,-15.872716228284773],[-48.19237062310788,-15.871533387276063],[-48.189501586941155,-15.871107620864601],[-48.188733971621794,-15.869329355644975],[-48.18549464050959,-15.867437950497235],[-48.1822454600096,-15.860658533129254],[-48.17795150051836,-15.862110818910308],[-48.17693975255191,-15.857326222430043],[-48.17577918104753,-15.857510183957565],[-48.174211064521934,-15.855625298746617],[-48.171980157591,-15.855487318637335],[-48.16785895944262,-15.85264072040232],[-48.16514460360318,-15.853215040891726],[-48.1636162089652,-15.85171362077131],[-48.158524348044054,-15.85487775742206],[-48.15371419790708,-15.855097586874495],[-48.15095877760822,-15.854156954917272],[-48.14992292952862,-15.85580399582537],[-48.14609851535369,-15.856957764768953],[-48.14237531952593,-15.860996608818734],[-48.135371313698215,-15.86431951917903],[-48.13241106026995,-15.863067695965839],[-48.131049045887735,-15.86454464749221],[-48.13026820610223,-15.864039929168861],[-48.12464421327792,-15.86748097564932],[-48.121315183400924,-15.865433637314188],[-48.12005274813661,-15.866964499394104],[-48.1137739786247,-15.86776466561518],[-48.110748121927315,-15.866618983486173],[-48.10974184843878,-15.862082670573738],[-48.10553132741571,-15.85731443847608],[-48.102702599805944,-15.857357862112284],[-48.09934413601813,-15.855232891533193],[-48.08892169065237,-15.852308792249739],[-48.0834213284105,-15.848521087350978],[-48.082893707422215,-15.84695461497922],[-48.07535301841417,-15.843601094100082],[-48.07450471506977,-15.847898268201508],[-48.073104990073446,-15.847388600246175],[-48.06949004139262,-15.8521337488364],[-48.06764125361456,-15.851623767287405],[-48.06438132187984,-15.857204789578043],[-48.06070336245326,-15.858694554487471],[-48.05023514103171,-15.855469856482312],[-48.047425178580994,-15.859479889488906]]]}},{"type":"Feature","properties":{"ra_nome":"SANTA MARIA","ra_codigo":"RA-XIII","ra_cira":13,"ra_areakm2":131.58309301},"geometry":{"type":"Polygon","coordinates":[[[-47.89150550570804,-15.971272561585772],[-47.89015790956511,-15.971082906452025],[-47.88934128199582,-15.972080748707016],[-47.88754766497014,-15.976654893611608],[-47.884728332836154,-15.977835297409651],[-47.88095987046746,-15.98644661279261],[-47.8804329107303,-15.99028782810463],[-47.878340003740156,-15.993887198414937],[-47.87842627724951,-16.000147344622903],[-47.875545505515376,-16.007723389771584],[-47.87384742086912,-16.010765632103237],[-47.87244000175457,-16.010893109783435],[-47.870539061488415,-16.01276494250159],[-47.874983535261684,-16.01534254618546],[-47.87689709605456,-16.018108351800706],[-47.87714355234302,-16.02077666108449],[-47.87491333208358,-16.024926104995515],[-47.87487751774306,-16.02724791850209],[-47.86849593219692,-16.037419663127167],[-47.87302692238084,-16.039357441069168],[-47.87574300078459,-16.039300686044555],[-47.87890229195318,-16.0416349931091],[-47.88159245429043,-16.04606448545314],[-47.88525312090522,-16.04720109314207],[-47.88853872793278,-16.050283090896215],[-48.04859937937965,-16.05008648846642],[-48.04296120501551,-16.043001414710258],[-48.04815727983962,-16.036466937159275],[-48.05071803295043,-16.03591087403769],[-48.05408435136933,-16.03711111172815],[-48.049522317925266,-16.0298877861818],[-48.04921579700337,-16.027593089041712],[-48.04806050116875,-16.027030667245484],[-48.04559575468765,-16.020775958574138],[-48.043655809335526,-16.01949447132557],[-48.03954856420301,-16.020019378720246],[-48.03239787888305,-16.014291311720118],[-48.02756778541746,-16.009002990314116],[-48.02112317616514,-16.005208319248574],[-48.01152608390281,-15.997052933347785],[-48.00452534631181,-15.977828376003817],[-47.99868281241168,-15.978195458719203],[-47.97840636227567,-15.974640537793334],[-47.97176860753572,-15.974577229812352],[-47.96629778856611,-15.975648655227962],[-47.944923604884465,-15.983049007529168],[-47.93545067621806,-15.983891577714607],[-47.9279629211142,-15.982308840713888],[-47.892388103144654,-15.969338810396893],[-47.89150550570804,-15.971272561585772]]]}},{"type":"Feature","properties":{"ra_nome":"SÃO SEBASTIÃO","ra_codigo":"RA-XIV","ra_cira":14,"ra_areakm2":262.70516853},"geometry":{"type":"Polygon","coordinates":[[[-47.790896967440816,-15.875127447041207],[-47.78737455395103,-15.876605400138978],[-47.78216915597884,-15.880911790381973],[-47.778377442526114,-15.882029213899814],[-47.77725677685305,-15.88471265338294],[-47.77411890042422,-15.885517137429385],[-47.7709411281355,-15.891353750003763],[-47.76833375495538,-15.893211009647313],[-47.766900170867814,-15.896848999966972],[-47.76497344966102,-15.898023005088742],[-47.76149541267416,-15.903066502768464],[-47.75913800144227,-15.901080155593682],[-47.757302772308535,-15.902539023400932],[-47.754345153738996,-15.902987746384486],[-47.75081641334859,-15.901496999408277],[-47.746826966991755,-15.901515255857058],[-47.74303621535925,-15.89950445885132],[-47.742062730016606,-15.900265572970655],[-47.74203968488004,-15.898970550469741],[-47.740353349617756,-15.898480302550345],[-47.73656463011628,-15.899206991703606],[-47.73391716094766,-15.898575002961081],[-47.72746821158635,-15.892862285278504],[-47.72351324055804,-15.891045383590242],[-47.714816022196274,-15.892192739451236],[-47.71406773360432,-15.89305502906132],[-47.7146272998669,-15.894251600403196],[-47.71360293505376,-15.894335781637583],[-47.712541141239534,-15.892519463771066],[-47.71023992557976,-15.894688373822815],[-47.70958132277537,-15.893158448419802],[-47.70705176683785,-15.894210325544815],[-47.7040521115696,-15.892331074613027],[-47.70296371445835,-15.895515677121544],[-47.701522117969375,-15.894232674240591],[-47.70047055519164,-15.89494909029865],[-47.702669108408564,-15.897710569744303],[-47.699258703993394,-15.89722238767832],[-47.699834981699205,-15.900113701317277],[-47.69751807564486,-15.899448290912405],[-47.69759607975072,-15.901794141035328],[-47.698815848478986,-15.902958369585534],[-47.69634977741971,-15.903442493671413],[-47.696809714251316,-15.905402409977683],[-47.69320967606569,-15.904793212431647],[-47.69420252956608,-15.906854981185623],[-47.693000563560815,-15.9072158181428],[-47.69164406772246,-15.905909524292078],[-47.69227639305691,-15.904687436601108],[-47.69158253376371,-15.903953633068069],[-47.689405027103746,-15.908701607817402],[-47.6884171418658,-15.908157872539812],[-47.68877903274754,-15.90614022780341],[-47.68750330340857,-15.906717118929523],[-47.68689386657727,-15.909280338675016],[-47.688033060436844,-15.911592758513606],[-47.685465213108756,-15.911345532861146],[-47.6848048144835,-15.909566763984293],[-47.68216681625658,-15.909881716149021],[-47.68191606819236,-15.911199521650774],[-47.68039019545235,-15.911372983539135],[-47.68248175790214,-15.914522308578828],[-47.68467699510937,-15.914774543320222],[-47.68225598048052,-15.91678006537291],[-47.682288609656375,-15.921224131725053],[-47.681462734742794,-15.92135526589007],[-47.68136291108822,-15.918988568310574],[-47.68061218922216,-15.918864582058523],[-47.67746089849304,-15.923472323901866],[-47.67533373757418,-15.924134368366124],[-47.67718416806759,-15.927150851898116],[-47.676427461414015,-15.930224561390887],[-47.67448898071026,-15.928117895821506],[-47.67199080582549,-15.927463701891542],[-47.67149860148906,-15.929069415820416],[-47.669828210556624,-15.928955049482362],[-47.67113196911459,-15.930684296564914],[-47.66828297761394,-15.934333457377853],[-47.669603370922786,-15.93693498563688],[-47.66830175486571,-15.938156735459172],[-47.669233866005705,-15.942986610927992],[-47.66638328351465,-15.942903489502996],[-47.668798912227516,-15.945539344480032],[-47.66661707081306,-15.951890344537773],[-47.66517948960182,-15.95298392955981],[-47.66383060567605,-15.952464428553009],[-47.66255114883723,-15.953947436056213],[-47.6605875926105,-15.953876501169828],[-47.65966710789101,-15.955097979615722],[-47.66145618432115,-15.956616227773212],[-47.6620893772882,-15.958775381591485],[-47.663303844876175,-15.958882239745947],[-47.663346003727156,-15.960556742131642],[-47.65291257154367,-15.968932485922553],[-47.64785620018004,-15.96834621675504],[-47.64231628733318,-15.963058896481185],[-47.63720361087437,-15.960309983365777],[-47.63149210024317,-15.954239528462066],[-47.62945767967231,-15.947591512409964],[-47.61838487899591,-15.939170611820842],[-47.610852292369714,-15.936884068569933],[-47.607055625468135,-15.938221904825532],[-47.58728826940718,-15.969738415784674],[-47.58881043724563,-15.973802730742289],[-47.61416429948154,-16.014010737403524],[-47.61733167177258,-16.050342719611056],[-47.721167117022,-16.050360524105127],[-47.72257564958482,-16.043938766578087],[-47.727638850834964,-16.040462385436282],[-47.727441081157984,-16.03563551833792],[-47.731726501324545,-16.03015762380489],[-47.73399388967127,-16.031868114092298],[-47.76071119475056,-16.030560397858718],[-47.759720183145085,-16.02749026249427],[-47.76456941314682,-16.019286604962307],[-47.76244280355451,-16.014134031452816],[-47.762585328635936,-16.00937298511668],[-47.766010561312214,-16.00670861877702],[-47.769400080504454,-16.000758770590494],[-47.779695460411894,-15.989004667087103],[-47.778550923587986,-15.984931690777822],[-47.77502535447548,-15.983020707933143],[-47.77191792284637,-15.98294774279687],[-47.76767995163831,-15.979635296714768],[-47.76515940151227,-15.979167477797423],[-47.76296602714792,-15.975457634726776],[-47.75967667950349,-15.973122242742143],[-47.76165433848107,-15.972360969351477],[-47.76425960104758,-15.9693965908531],[-47.76814810317129,-15.96860633234624],[-47.7729329483506,-15.965574608259713],[-47.77487976988447,-15.965724102573722],[-47.77679269327976,-15.96453225329078],[-47.78759133259098,-15.96201653839294],[-47.79151462596027,-15.959715728000804],[-47.793957737389924,-15.957121043533219],[-47.79331133543452,-15.954998838988718],[-47.794064770019645,-15.952836234986567],[-47.8005135968725,-15.946287109184661],[-47.80342155454621,-15.941902832231666],[-47.80746142817985,-15.938769472688394],[-47.80453935378375,-15.931316702689696],[-47.7999934127757,-15.928351751071794],[-47.77884162451466,-15.923123681245626],[-47.77665759916902,-15.916889173113603],[-47.772470373684975,-15.912463813436114],[-47.775737912857615,-15.913290834185515],[-47.78198216199133,-15.912942683203848],[-47.784636430146456,-15.908382344670924],[-47.78995478077721,-15.906311925645559],[-47.79047293858754,-15.903851302401367],[-47.79400032420812,-15.901977376572235],[-47.79432398099677,-15.90074018829918],[-47.79296309491505,-15.89767529032122],[-47.79446227432605,-15.896810001197773],[-47.79277858107811,-15.893209186378149],[-47.795359861789265,-15.891693433913488],[-47.79374107671334,-15.890415101505374],[-47.795317628709995,-15.888947211105066],[-47.79512869415606,-15.886877498992106],[-47.7964177041465,-15.885907099640576],[-47.79513697396548,-15.881815161920601],[-47.79547614152642,-15.879604935943824],[-47.79794667446531,-15.881000324614423],[-47.80221440434212,-15.880939617779115],[-47.79675208287108,-15.875739905619751],[-47.790896967440816,-15.875127447041207]]]}},{"type":"Feature","properties":{"ra_nome":"SOBRADINHO II","ra_codigo":"RA-XXVI","ra_cira":26,"ra_areakm2":181.35209354},"geometry":{"type":"Polygon","coordinates":[[[-47.96747430245907,-15.531490451017245],[-47.96525040615995,-15.537569067396634],[-47.958335267029476,-15.542190523810575],[-47.95042583768613,-15.550821583988116],[-47.95208403885255,-15.553594033083076],[-47.95088630632327,-15.558787728215346],[-47.95577496075375,-15.565346237909516],[-47.95436508342551,-15.570362285997762],[-47.95122908035913,-15.575307167454437],[-47.948668908640386,-15.575071909394],[-47.947032236264704,-15.5732970493586],[-47.943724110680904,-15.574713015514998],[-47.938320110299145,-15.573265398376991],[-47.93586699829036,-15.578588444658553],[-47.926471543011964,-15.586592818368342],[-47.91346681743967,-15.59119061110939],[-47.90229127949072,-15.593861697475791],[-47.89621114050706,-15.590246121444935],[-47.89009296499254,-15.593347260919456],[-47.88510647938138,-15.592445709160607],[-47.885185022062984,-15.593337660446284],[-47.88688599359856,-15.59327866535825],[-47.886484964213594,-15.594569221942676],[-47.88736787812149,-15.593897865576553],[-47.888216019066654,-15.59451131708913],[-47.88756931461439,-15.5947313932949],[-47.88992107695005,-15.598641493069072],[-47.89223471137057,-15.607626064508015],[-47.888482217848875,-15.610532646347504],[-47.88606900337075,-15.616146353131784],[-47.88378199157774,-15.617530444429217],[-47.88031848758345,-15.616055480670658],[-47.87721908214628,-15.617323224982778],[-47.874867063952166,-15.61405349475829],[-47.87204764356797,-15.614250312905105],[-47.870333953427355,-15.613256840539108],[-47.870522606561714,-15.612162443337278],[-47.869133961511324,-15.613778589679168],[-47.86847617008581,-15.618353647293246],[-47.867056854739374,-15.619926649518623],[-47.86525248767038,-15.620057495439761],[-47.865605675523845,-15.617071808625129],[-47.86160633798369,-15.613289214815651],[-47.860378307442254,-15.61054232913899],[-47.86038002450813,-15.609334582258137],[-47.86162914278248,-15.608949410853453],[-47.86154842272975,-15.604745894764761],[-47.86284088976998,-15.601978068311267],[-47.861453926209386,-15.601752225953751],[-47.85906410439154,-15.603140644491697],[-47.85781223790005,-15.601407706294214],[-47.858728832456876,-15.599010720828163],[-47.85711288705181,-15.598845133655244],[-47.856482278596545,-15.597527653829626],[-47.85265161857615,-15.597609720201229],[-47.85126440846905,-15.59650568106974],[-47.849197554519506,-15.597069785351408],[-47.8472769492267,-15.595988320415524],[-47.84595664159371,-15.59662961684999],[-47.844416266000955,-15.595435088624654],[-47.84293611914682,-15.59559635070064],[-47.84058431394848,-15.598744549439324],[-47.83598170366519,-15.598308462377],[-47.83448067340609,-15.599202439881891],[-47.833946136079675,-15.602606644626578],[-47.83006827949409,-15.602958762625235],[-47.82016357892229,-15.611059331459414],[-47.81576819267531,-15.621096971945557],[-47.82104546126356,-15.621771976916566],[-47.823644050612465,-15.623537933840362],[-47.824796130244344,-15.626237613185692],[-47.824591810216944,-15.631099740119408],[-47.820235436728105,-15.640969138588313],[-47.81184114345568,-15.64408727282597],[-47.81597417675321,-15.649805498143898],[-47.817437835514546,-15.653764179031315],[-47.81545551428626,-15.65735582764404],[-47.81280260575202,-15.659718276901366],[-47.81231156147564,-15.662919726288235],[-47.80904242333472,-15.666357569353936],[-47.82889397629506,-15.678888100486066],[-47.859501544695654,-15.688227458448896],[-47.88366007720713,-15.667802579337721],[-48.00239833421197,-15.579602297890078],[-48.00614975560376,-15.578124022241072],[-48.01021694231224,-15.578186658662943],[-48.01349293596242,-15.579495786630083],[-48.016998852710714,-15.582402411529694],[-48.024878075958405,-15.573009039617846],[-48.03481866620522,-15.565547235194604],[-48.03534976456867,-15.56358300223088],[-48.03360195426382,-15.558880703765086],[-48.03418781219794,-15.55622455676593],[-48.03591090680486,-15.554202593100166],[-48.0419205528608,-15.55058472060579],[-48.043718574211276,-15.547722622953334],[-48.04239869944369,-15.542215906705628],[-48.031778005798515,-15.531453868613315],[-48.03241248948417,-15.530609168652596],[-48.035226497043475,-15.531493559995791],[-48.03791254492094,-15.527666368510362],[-48.0397607790246,-15.519417663032918],[-48.03941791065813,-15.51663035015411],[-48.03415016902687,-15.50477463065795],[-48.03477604114798,-15.502412185579772],[-47.97595970271151,-15.502429981214473],[-47.97401700708645,-15.507063013386292],[-47.973447636887556,-15.519745879422839],[-47.9691572219577,-15.524432732999971],[-47.97045739826134,-15.529227852320547],[-47.96747430245907,-15.531490451017245]]]}},{"type":"Feature","properties":{"ra_nome":"AGUA QUENTE","ra_codigo":"RA-XXXV","ra_cira":35,"ra_areakm2":9.5121341},"geometry":{"type":"Polygon","coordinates":[[[-48.23645536332777,-15.931695195577673],[-48.234398080338465,-15.93340037784557],[-48.23482136336796,-15.934482085860996],[-48.23397456355422,-15.935293940448553],[-48.23317478353307,-15.933975151680796],[-48.230511478831055,-15.933470157884793],[-48.229917277237206,-15.931834825354699],[-48.229089189582155,-15.932386841859373],[-48.22849232299525,-15.931351922699406],[-48.22648585711101,-15.932693704447747],[-48.22626785977087,-15.934005108544826],[-48.22435529580561,-15.934028502889198],[-48.22276506742848,-15.935995080795777],[-48.22035939825115,-15.9340116031909],[-48.217568738066404,-15.936256549779998],[-48.21355043914821,-15.942527749853394],[-48.2175519544119,-15.944033454332104],[-48.214425054413276,-15.949137915245515],[-48.21080414864575,-15.95254177735958],[-48.213455287075924,-15.95648298017215],[-48.216445231814156,-15.958106746145363],[-48.22015191297135,-15.958318571748093],[-48.22214290221206,-15.95777616086768],[-48.224265697370356,-15.954198761031849],[-48.226617203495415,-15.953004108525002],[-48.23131472934708,-15.954053791907633],[-48.237123113341205,-15.952388498979596],[-48.242590550149195,-15.952898972774943],[-48.245111891050726,-15.954706017229174],[-48.248022681495655,-15.954120610034634],[-48.25135039963083,-15.955398217198587],[-48.252138047832915,-15.948842263143838],[-48.253504946189175,-15.948288129288398],[-48.253233497449344,-15.946381622859843],[-48.251659241226164,-15.947804360015196],[-48.25016350343229,-15.947679860435276],[-48.25085086670137,-15.943815461870052],[-48.252029959380955,-15.944869482318424],[-48.252902719854866,-15.944210444201635],[-48.25270445713366,-15.94021206529002],[-48.25132190976417,-15.937751242988524],[-48.25246089285853,-15.935513946202958],[-48.25051921324242,-15.933728101547663],[-48.24672145469819,-15.933327924892275],[-48.245906255561586,-15.9319683680679],[-48.24265895414057,-15.931922700811866],[-48.2397819628868,-15.929301341441509],[-48.238037864101265,-15.929584535958092],[-48.23645536332777,-15.931695195577673]]]}},{"type":"Feature","properties":{"ra_nome":"BRAZLÂNDIA","ra_codigo":"RA-IV","ra_cira":4,"ra_areakm2":470.18355935},"geometry":{"type":"Polygon","coordinates":[[[-48.20824721824586,-15.740339062758132],[-48.20660972407206,-15.732254447919416],[-48.207775599563206,-15.717672629693704],[-48.210267940813246,-15.71276345869388],[-48.22202118485435,-15.70817986974636],[-48.22459443446596,-15.709784216191176],[-48.227444227825444,-15.708391642509858],[-48.23169631374303,-15.70965828654644],[-48.233438685505,-15.708505233613336],[-48.23588188571252,-15.708946468076926],[-48.238990335852115,-15.707766620772487],[-48.24153710879884,-15.704276419658134],[-48.24033270221978,-15.70298181582868],[-48.23919601806288,-15.696859969606738],[-48.239774456326046,-15.695039843551692],[-48.24153548094441,-15.693865618603008],[-48.240633595609864,-15.69281102455603],[-48.241508110839234,-15.687046845831375],[-48.239582143253735,-15.682231209636862],[-48.239541981763715,-15.679536082142251],[-48.234641802028,-15.667294774544326],[-48.235161032862855,-15.661592584569535],[-48.23368475889045,-15.657371449022598],[-48.23656457114215,-15.650592785383216],[-48.233945050122166,-15.641153766632161],[-48.22981084640939,-15.637642424081287],[-48.22861987688977,-15.633806854703115],[-48.22520536603155,-15.629694476978962],[-48.220657083130114,-15.62735128978903],[-48.21721752540861,-15.622181616601017],[-48.207787658429424,-15.623062597630675],[-48.203576985469354,-15.624464075533986],[-48.2013643635527,-15.622930831804974],[-48.20000896983241,-15.623108832589477],[-48.20000897507362,-15.50227824825189],[-48.03477604114798,-15.502412185579772],[-48.03415016902687,-15.50477463065795],[-48.03941791065813,-15.51663035015411],[-48.0397607790246,-15.519417663032918],[-48.03791254492094,-15.527666368510362],[-48.035226497043475,-15.531493559995791],[-48.03241248948417,-15.530609168652596],[-48.031778005798515,-15.531453868613315],[-48.04239869944369,-15.542215906705628],[-48.043718574211276,-15.547722622953334],[-48.0419205528608,-15.55058472060579],[-48.03591090680486,-15.554202593100166],[-48.03418781219794,-15.55622455676593],[-48.03360195426382,-15.558880703765086],[-48.03534976456867,-15.56358300223088],[-48.03481866620522,-15.565547235194604],[-48.024878075958405,-15.573009039617846],[-48.016998852710714,-15.582402411529694],[-48.02790497859855,-15.592000879794828],[-48.04525496204282,-15.612589091474744],[-48.07000255135728,-15.624561738895387],[-48.07456334621375,-15.628449930589204],[-48.076819062037785,-15.633049635914437],[-48.08963577818019,-15.677842488095887],[-48.085972518220665,-15.725561281555352],[-48.08194816229716,-15.731490846695664],[-48.072907731825026,-15.736457251298019],[-48.07367283015438,-15.737588246536738],[-48.07225133120242,-15.73980569057283],[-48.07250978352326,-15.741366383784781],[-48.06678864044922,-15.750257268188163],[-48.06711599277115,-15.751408984696896],[-48.065661842232466,-15.754221848236623],[-48.066428916050725,-15.756904846136555],[-48.06879979380206,-15.759438524865047],[-48.07259043927902,-15.759022527598425],[-48.07691673046724,-15.757106376475003],[-48.07988458592463,-15.757940884869843],[-48.094516022291735,-15.765015110281714],[-48.100356559496376,-15.765652308669376],[-48.114203130734296,-15.771468857230314],[-48.120246909706395,-15.77106903016762],[-48.12102975028045,-15.770021741077516],[-48.12460000889265,-15.769920334981801],[-48.125659197702475,-15.768809871507303],[-48.13154371855472,-15.77141184934964],[-48.13199536854649,-15.769681046395789],[-48.13387933020553,-15.769681952011295],[-48.13474562673644,-15.767877282535107],[-48.141607417493844,-15.767643032189044],[-48.148460275691534,-15.76900973023163],[-48.15830445264165,-15.767058079370774],[-48.15843590568176,-15.765133220645255],[-48.15756803688168,-15.764287557487698],[-48.1588933312281,-15.763669554557659],[-48.15983465478821,-15.760717955849172],[-48.16735551417337,-15.753281690701375],[-48.172440679910515,-15.750654943483863],[-48.173935659946125,-15.750903465393495],[-48.17426044387509,-15.75259601399214],[-48.17511325231358,-15.752741651027753],[-48.185306285598344,-15.746451475453455],[-48.18879774543568,-15.746656850062704],[-48.19674702910632,-15.74944475232965],[-48.20560872945172,-15.750337680087636],[-48.20555703793819,-15.747044463307711],[-48.20824721824586,-15.740339062758132]]]}},{"type":"Feature","properties":{"ra_nome":"FERCAL","ra_codigo":"RA-XXXI","ra_cira":31,"ra_areakm2":154.38003353},"geometry":{"type":"Polygon","coordinates":[[[-47.77179698834248,-15.502756771659524],[-47.77014604806574,-15.508585897460408],[-47.77109224777032,-15.509126836052696],[-47.771485501654794,-15.508470214082157],[-47.7709985967998,-15.510396592826176],[-47.772510650601724,-15.511143793147177],[-47.77118723682518,-15.514175589494196],[-47.773167998891786,-15.514677135747549],[-47.77301886912739,-15.513914113299037],[-47.77423920773251,-15.514924070644321],[-47.771768945061915,-15.514703293811262],[-47.77209122046302,-15.516059310728686],[-47.77078610494924,-15.51565612127215],[-47.77003388055111,-15.517135336272906],[-47.768466884819055,-15.517215970200608],[-47.76825826777178,-15.518968036563207],[-47.76690663084234,-15.519223073874103],[-47.767952893827164,-15.520872405538297],[-47.76570576080873,-15.520337134416367],[-47.7658255734467,-15.521676354476204],[-47.76435248830157,-15.519549153739577],[-47.76387159820656,-15.520395622777242],[-47.76222656159828,-15.51993107273656],[-47.76214605827042,-15.520963466487995],[-47.76157867150391,-15.520455079715525],[-47.76195787198462,-15.524362596276186],[-47.76275390420941,-15.524804832460351],[-47.76310377002216,-15.523984788873465],[-47.76413529317552,-15.525185625374018],[-47.763785248243295,-15.527337530092593],[-47.76979740666836,-15.526574880338694],[-47.77467376333524,-15.529237778803216],[-47.77763544607379,-15.52953504756969],[-47.79113520199168,-15.524462408154376],[-47.80352731489178,-15.525619680351262],[-47.81310200266839,-15.52340453183567],[-47.83026967030643,-15.529851769306084],[-47.83544327917389,-15.530774578683195],[-47.83657152643853,-15.540593734400602],[-47.83541087657516,-15.548713929489011],[-47.841088925404094,-15.557173898701596],[-47.84029010451029,-15.561312002875603],[-47.838989692568894,-15.562178235954917],[-47.839242175585724,-15.564912995214485],[-47.84084982128886,-15.565618050113459],[-47.84117967682226,-15.566815527319532],[-47.839140760437616,-15.568930718878814],[-47.83926602245191,-15.570947680281723],[-47.84382637089167,-15.573304337921508],[-47.8425526374278,-15.576883902722495],[-47.84422649357948,-15.583657638395445],[-47.84375888666564,-15.587429884240516],[-47.84096872281908,-15.58860402783501],[-47.843038308459164,-15.59012684092692],[-47.83699495627542,-15.593203043960692],[-47.8358203076658,-15.598346056679064],[-47.84053405405747,-15.598762830937062],[-47.84293611914682,-15.59559635070064],[-47.844416266000955,-15.595435088624654],[-47.84595664159371,-15.59662961684999],[-47.8472769492267,-15.595988320415524],[-47.849197554519506,-15.597069785351408],[-47.85126440846905,-15.59650568106974],[-47.85265161857615,-15.597609720201229],[-47.856482278596545,-15.597527653829626],[-47.85711288705181,-15.598845133655244],[-47.858728832456876,-15.599010720828163],[-47.85781223790005,-15.601407706294214],[-47.85906410439154,-15.603140644491697],[-47.861453926209386,-15.601752225953751],[-47.86281774384799,-15.601953136429588],[-47.86154842272975,-15.604745894764761],[-47.86162914278248,-15.608949410853453],[-47.86038002450813,-15.609334582258137],[-47.860378307442254,-15.61054232913899],[-47.86160633798369,-15.613289214815651],[-47.865574422711234,-15.617016189341857],[-47.86525248767038,-15.620057495439761],[-47.866082161140305,-15.62018203304173],[-47.86847617008581,-15.618353647293246],[-47.869133961511324,-15.613778589679168],[-47.870522606561714,-15.612162443337278],[-47.870333953427355,-15.613256840539108],[-47.87204764356797,-15.614250312905105],[-47.874867063952166,-15.61405349475829],[-47.87721908214628,-15.617323224982778],[-47.88031848758345,-15.616055480670658],[-47.88378199157774,-15.617530444429217],[-47.88606900337075,-15.616146353131784],[-47.888482217848875,-15.610532646347504],[-47.891931549189195,-15.608374198075122],[-47.89210138074942,-15.60601916004988],[-47.88992107695005,-15.598641493069072],[-47.88756931461439,-15.5947313932949],[-47.888216019066654,-15.59451131708913],[-47.88736787812149,-15.593897865576553],[-47.886484964213594,-15.594569221942676],[-47.88688599359856,-15.59327866535825],[-47.885185022062984,-15.593337660446284],[-47.88510647938138,-15.592445709160607],[-47.89009296499254,-15.593347260919456],[-47.89621114050706,-15.590246121444935],[-47.90229127949072,-15.593861697475791],[-47.91346681743967,-15.59119061110939],[-47.926471543011964,-15.586592818368342],[-47.93586699829036,-15.578588444658553],[-47.938320110299145,-15.573265398376991],[-47.943724110680904,-15.574713015514998],[-47.947032236264704,-15.5732970493586],[-47.948668908640386,-15.575071909394],[-47.95122908035913,-15.575307167454437],[-47.95436508342551,-15.570362285997762],[-47.95577496075375,-15.565346237909516],[-47.95088630632327,-15.558787728215346],[-47.95208403885255,-15.553594033083076],[-47.95042583768613,-15.550821583988116],[-47.958335267029476,-15.542190523810575],[-47.96525040615995,-15.537569067396634],[-47.967084686453305,-15.531952506882236],[-47.97027330524274,-15.529688878412152],[-47.968994937600414,-15.52496152335859],[-47.973447636887556,-15.519745879422839],[-47.97401700708645,-15.507063013386292],[-47.97595970271151,-15.502429981214473],[-47.77179698834248,-15.502756771659524]]]}},{"type":"Feature","properties":{"ra_nome":"JARDIM BOTÂNICO","ra_codigo":"RA-XXVII","ra_cira":27,"ra_areakm2":291.42756159},"geometry":{"type":"Polygon","coordinates":[[[-47.79635816476885,-15.88476756700888],[-47.79630057923002,-15.886141594601034],[-47.79512869415606,-15.886877498992106],[-47.795317628709995,-15.888947211105066],[-47.79374107671334,-15.890415101505374],[-47.795359861789265,-15.891693433913488],[-47.79277858107811,-15.893209186378149],[-47.79446227432605,-15.896810001197773],[-47.79296309491505,-15.89767529032122],[-47.79432398099677,-15.90074018829918],[-47.79383364211728,-15.902244771903618],[-47.79047293858754,-15.903851302401367],[-47.78995478077721,-15.906311925645559],[-47.784636430146456,-15.908382344670924],[-47.78198216199133,-15.912942683203848],[-47.775737912857615,-15.913290834185515],[-47.772470373684975,-15.912463813436114],[-47.77665759916902,-15.916889173113603],[-47.77884162451466,-15.923123681245626],[-47.7999934127757,-15.928351751071794],[-47.80453935378375,-15.931316702689696],[-47.80746142817985,-15.938769472688394],[-47.80342155454621,-15.941902832231666],[-47.8005135968725,-15.946287109184661],[-47.794064770019645,-15.952836234986567],[-47.79331133543452,-15.954998838988718],[-47.793957737389924,-15.957121043533219],[-47.79151462596027,-15.959715728000804],[-47.78759133259098,-15.96201653839294],[-47.77679269327976,-15.96453225329078],[-47.77487976988447,-15.965724102573722],[-47.7729329483506,-15.965574608259713],[-47.76814810317129,-15.96860633234624],[-47.76425960104758,-15.9693965908531],[-47.76165433848107,-15.972360969351477],[-47.75967667950349,-15.973122242742143],[-47.76296602714792,-15.975457634726776],[-47.76515940151227,-15.979167477797423],[-47.76767995163831,-15.979635296714768],[-47.77191792284637,-15.98294774279687],[-47.77502535447548,-15.983020707933143],[-47.778550923587986,-15.984931690777822],[-47.779695460411894,-15.989004667087103],[-47.769400080504454,-16.000758770590494],[-47.766010561312214,-16.00670861877702],[-47.762585328635936,-16.00937298511668],[-47.76244280355451,-16.014134031452816],[-47.76456941314682,-16.019286604962307],[-47.759720183145085,-16.02749026249427],[-47.76071119475056,-16.030560397858718],[-47.73399388967127,-16.031868114092298],[-47.731726501324545,-16.03015762380489],[-47.727441081157984,-16.03563551833792],[-47.727638850834964,-16.040462385436282],[-47.72257564958482,-16.043938766578087],[-47.721167117022,-16.050360524105127],[-47.88853872793278,-16.050283090896215],[-47.88525312090522,-16.04720109314207],[-47.88159245429043,-16.04606448545314],[-47.87890229195318,-16.0416349931091],[-47.87574300078459,-16.039300686044555],[-47.87302692238084,-16.039357441069168],[-47.86849593219692,-16.037419663127167],[-47.87487751774306,-16.02724791850209],[-47.87491333208358,-16.024926104995515],[-47.87714355234302,-16.02077666108449],[-47.87689709605456,-16.018108351800706],[-47.874983535261684,-16.01534254618546],[-47.870539061488415,-16.01276494250159],[-47.87244000175457,-16.010893109783435],[-47.87384742086912,-16.010765632103237],[-47.875545505515376,-16.007723389771584],[-47.87842627724951,-16.000147344622903],[-47.878340003740156,-15.993887198414937],[-47.8804329107303,-15.99028782810463],[-47.88095987046746,-15.98644661279261],[-47.884728332836154,-15.977835297409651],[-47.88754766497014,-15.976654893611608],[-47.88934128199582,-15.972080748707016],[-47.89015790956511,-15.971082906452025],[-47.89150550570804,-15.971272561585772],[-47.892388103144654,-15.969338810396893],[-47.88746688860857,-15.967536783079428],[-47.88725259643959,-15.957468855744507],[-47.88973504582576,-15.951573617767325],[-47.89587933500381,-15.9462989251253],[-47.89873909570533,-15.935227881789144],[-47.90186343261654,-15.93222420906273],[-47.90616023007079,-15.92427875388488],[-47.90691288408255,-15.921776088685176],[-47.90584504436309,-15.916746437926259],[-47.907888676558564,-15.912583068874657],[-47.901716458466495,-15.911243543599214],[-47.898479158389726,-15.912126546374102],[-47.88975902743791,-15.911106897334065],[-47.88466281221457,-15.913434169924662],[-47.88232998588321,-15.913515329300699],[-47.893668911813734,-15.900669081318727],[-47.8801007591339,-15.884940959518998],[-47.85607821841657,-15.873173779607145],[-47.856981519014724,-15.871238264502878],[-47.85115572100773,-15.868691651046142],[-47.85625813345268,-15.858794186478486],[-47.85356578411914,-15.856626151620784],[-47.850631899525176,-15.857152478603544],[-47.84291570444177,-15.861606904615565],[-47.845054081755436,-15.862811532816613],[-47.84301214430701,-15.866206935032842],[-47.83073996770345,-15.859290877311723],[-47.82047310580576,-15.864016792067993],[-47.815644513907905,-15.8501116866376],[-47.79567352675341,-15.82386070082139],[-47.78656545225932,-15.805573746862562],[-47.78391771455532,-15.797855797369898],[-47.7766611352536,-15.799461325596754],[-47.77652979080613,-15.796258118887954],[-47.77526893071594,-15.795752495055664],[-47.77318651555994,-15.797811682549504],[-47.77066448108096,-15.805812134679943],[-47.777013159639715,-15.81322051183148],[-47.78185558008533,-15.815730109733883],[-47.76743905246043,-15.819777191213564],[-47.76951381145111,-15.822086432498844],[-47.77304264238662,-15.821935484908735],[-47.77334030238827,-15.823942514968786],[-47.77174898727592,-15.826508066995068],[-47.77060446325674,-15.826846737005978],[-47.77241025346559,-15.831464057884917],[-47.771718568979054,-15.834473010344261],[-47.755924937552585,-15.8432960202671],[-47.748468079301375,-15.850947047502352],[-47.74831988373321,-15.852458362234701],[-47.74674259687131,-15.852154091400456],[-47.746692934389934,-15.853433981867337],[-47.745419753977835,-15.853809844159823],[-47.74719549206838,-15.857264796266014],[-47.74729676163512,-15.859699635854977],[-47.74332737085922,-15.862122711061833],[-47.74346368429541,-15.86559305606212],[-47.74180538146429,-15.86621283366624],[-47.741629837265094,-15.868395436379432],[-47.74009540686853,-15.870722594272594],[-47.737698427019204,-15.870454546171546],[-47.736480513890264,-15.872023239117548],[-47.73220470032581,-15.872322258934568],[-47.73200300380169,-15.873515968101735],[-47.727666050270045,-15.8741688794213],[-47.72724693085911,-15.87520093457235],[-47.72526614650368,-15.874464746441014],[-47.7242241773645,-15.875675797382698],[-47.723380032707816,-15.874720711231273],[-47.7220383797303,-15.875500588368842],[-47.72207492283568,-15.876801207407128],[-47.71991337301524,-15.876190046907743],[-47.71953840870889,-15.877353888851413],[-47.71832931853382,-15.876967200856344],[-47.716814530417004,-15.878368854652718],[-47.716521613610254,-15.877155925711882],[-47.71440195269674,-15.877981809273328],[-47.71454210585922,-15.876686155894868],[-47.712792358074275,-15.87544493126561],[-47.711094289260046,-15.876047679415063],[-47.7098396134202,-15.874980911303279],[-47.70973270376684,-15.877544227325297],[-47.708371036188844,-15.877417743315021],[-47.70763393494548,-15.88021903523398],[-47.70934460871669,-15.882131268115721],[-47.709438933688986,-15.883752877227444],[-47.71045348981982,-15.884123189015943],[-47.70928904983679,-15.88589399359711],[-47.71132128495888,-15.88618012913193],[-47.712006370350124,-15.887684817303844],[-47.70829431411675,-15.8893359127194],[-47.70950241705831,-15.89147538932839],[-47.70716344208782,-15.891333432936504],[-47.70692843938981,-15.892605066179257],[-47.707553906778564,-15.893744828865996],[-47.70958132277537,-15.893158448419802],[-47.71023992557976,-15.894688373822815],[-47.712541141239534,-15.892519463771066],[-47.71360293505376,-15.894335781637583],[-47.7146272998669,-15.894251600403196],[-47.71406773360432,-15.89305502906132],[-47.714816022196274,-15.892192739451236],[-47.72351324055804,-15.891045383590242],[-47.72746821158635,-15.892862285278504],[-47.73391716094766,-15.898575002961081],[-47.73656463011628,-15.899206991703606],[-47.740353349617756,-15.898480302550345],[-47.74203968488004,-15.898970550469741],[-47.742062730016606,-15.900265572970655],[-47.74303621535925,-15.89950445885132],[-47.746826966991755,-15.901515255857058],[-47.75081641334859,-15.901496999408277],[-47.754345153738996,-15.902987746384486],[-47.757302772308535,-15.902539023400932],[-47.75913800144227,-15.901080155593682],[-47.76149541267416,-15.903066502768464],[-47.76497344966102,-15.898023005088742],[-47.766900170867814,-15.896848999966972],[-47.76833375495538,-15.893211009647313],[-47.7709411281355,-15.891353750003763],[-47.77394043382673,-15.885692942060789],[-47.77725677685305,-15.88471265338294],[-47.778377442526114,-15.882029213899814],[-47.784900325633146,-15.879389912055231],[-47.78951549014568,-15.875453963978115],[-47.791690075752456,-15.874866589925727],[-47.79675208287108,-15.875739905619751],[-47.80152411380207,-15.879684672967677],[-47.802128840043636,-15.881177410968982],[-47.79794667446531,-15.881000324614423],[-47.79562834610664,-15.879448415954837],[-47.79513697396548,-15.881815161920601],[-47.79635816476885,-15.88476756700888]]]}},{"type":"Feature","properties":{"ra_nome":"PARANOÁ","ra_codigo":"RA-VII","ra_cira":7,"ra_areakm2":831.20984934},"geometry":{"type":"Polygon","coordinates":[[[-47.66188303746774,-15.734058331831612],[-47.66446464073226,-15.746495766351806],[-47.66408255268369,-15.749678655423118],[-47.64219435318828,-15.788972425302555],[-47.62105218749626,-15.863046439717602],[-47.60308016552926,-15.85889647049296],[-47.55609259146756,-15.872361148516621],[-47.520443899524736,-15.853760084097589],[-47.51742855254061,-15.853114402926131],[-47.46719995095551,-15.863060422532481],[-47.46359740085669,-15.862742212476796],[-47.45605120977405,-15.858369277590242],[-47.45320294134685,-15.857685880885123],[-47.423020250288644,-15.864152171120953],[-47.387101526089175,-15.856874482006473],[-47.38529097712241,-15.845994554430328],[-47.383275960783955,-15.84710505673377],[-47.38235714835485,-15.846619830113843],[-47.38251095249673,-15.845416378678639],[-47.38034143214701,-15.845454743440715],[-47.380830583749514,-15.846445738789178],[-47.38010727833404,-15.84708280641655],[-47.37903902711322,-15.846324137018877],[-47.37855625074323,-15.847215703957183],[-47.373701610065524,-15.844582185273008],[-47.37227499685591,-15.846300363369954],[-47.36901901009547,-15.846241609949013],[-47.36909471560981,-15.847665407986229],[-47.370606988765815,-15.847258516673119],[-47.37129330103261,-15.848170471874528],[-47.37069091814948,-15.848946904443405],[-47.36877319194222,-15.84882511884581],[-47.36938288317585,-15.850048763667036],[-47.367898568571,-15.852093518507049],[-47.36839124110118,-15.853755386578289],[-47.37089989142809,-15.854867174909032],[-47.36963718974151,-15.855347675155649],[-47.36938040722832,-15.857474819762626],[-47.37069194103683,-15.860088235700108],[-47.36984330657798,-15.861443664058953],[-47.37440605195878,-15.864261059400409],[-47.37329728359433,-15.86541782341025],[-47.370792317551555,-15.864976020785875],[-47.371275859932446,-15.868202339943004],[-47.373305309434556,-15.869238314779293],[-47.37254538744944,-15.870793214341504],[-47.37152718924705,-15.8707757596912],[-47.37186337053086,-15.872410780119578],[-47.37398531433459,-15.872958132111492],[-47.372054295128784,-15.874250278753138],[-47.376739495113746,-15.88141477045717],[-47.37953539239331,-15.880460112929752],[-47.38068926259141,-15.881362577665177],[-47.376958692176196,-15.882924821117404],[-47.37878701896484,-15.884246136953069],[-47.378036310779116,-15.885696637051424],[-47.37901121608217,-15.88668424910713],[-47.37831039398309,-15.888197598494353],[-47.37769862161808,-15.887262139342068],[-47.376982032705136,-15.888068838326394],[-47.37804763498569,-15.89161829286009],[-47.376618631432535,-15.891269137176584],[-47.37574840968027,-15.892727449915357],[-47.37657306315702,-15.893658533768647],[-47.37568923337183,-15.895145149214644],[-47.37746512663813,-15.896234874548277],[-47.374689515790564,-15.896982480416428],[-47.37573791511439,-15.898178470661687],[-47.37561060467759,-15.899791345972568],[-47.372404916138976,-15.899983759232288],[-47.37487755792663,-15.906902252968278],[-47.37219737302147,-15.906477440010308],[-47.37091488691477,-15.907873820126335],[-47.36724778673422,-15.90804547431578],[-47.36556109634452,-15.909327811139406],[-47.36700720367145,-15.911584577309345],[-47.36828143910387,-15.910782406578628],[-47.36783195537562,-15.912464308318855],[-47.36625071595685,-15.912698444882057],[-47.36927451169616,-15.917474188761657],[-47.36817285369954,-15.91804915448571],[-47.36924379973428,-15.918452307961747],[-47.366443614761415,-15.921109278885988],[-47.364769486532886,-15.919383148140643],[-47.363902247112954,-15.919828774203687],[-47.36200624533193,-15.92188900567428],[-47.362359956829074,-15.924323176899257],[-47.361210620116736,-15.925766386503666],[-47.36273760795354,-15.928167826779324],[-47.36210720243888,-15.929284862373908],[-47.364425874852635,-15.929933099527133],[-47.36249953099178,-15.931788517779077],[-47.365418562381784,-15.930473300578738],[-47.36622089243258,-15.931161558554427],[-47.365096558513315,-15.933500735176874],[-47.368058383630895,-15.933040347534966],[-47.369061546778894,-15.935218858637501],[-47.371910343564366,-15.93520653171111],[-47.37345758232653,-15.936705739193535],[-47.373006051527966,-15.938705342194789],[-47.3712543114658,-15.936183107425048],[-47.36995023330597,-15.9362462577958],[-47.37261191383074,-15.940478736444302],[-47.369024548232794,-15.941173037007731],[-47.37037567981519,-15.94167052266855],[-47.370759068714,-15.942926248210934],[-47.369830477447934,-15.94306243592963],[-47.36999792065763,-15.94505730433092],[-47.36845052078497,-15.946948310700263],[-47.370528180872654,-15.947167280014485],[-47.37060306704215,-15.945827805551113],[-47.371409518579036,-15.946672486814297],[-47.3705601252138,-15.950999823443263],[-47.37243494390593,-15.953639406359969],[-47.37182581138336,-15.955810981164745],[-47.3750629624811,-15.956525356429388],[-47.37438688123686,-15.958541721640257],[-47.373634534272476,-15.958108644830716],[-47.373051170113285,-15.958894025432551],[-47.37323015583147,-15.960144839049535],[-47.37855856816732,-15.962235651008474],[-47.3753460477272,-15.966673524310147],[-47.37626090213789,-15.968899678599975],[-47.37922351853084,-15.968311631991883],[-47.377060759296484,-15.971740866085526],[-47.37894994449049,-15.973668246918093],[-47.377718036501435,-15.974947653303055],[-47.378919984899305,-15.97789341212527],[-47.37641418144131,-15.978277714932522],[-47.3755607430296,-15.980393205547529],[-47.373859337360685,-15.979958144616422],[-47.37374180310465,-15.981198870001819],[-47.37646268672582,-15.982353364016028],[-47.375777455037294,-15.983870011111318],[-47.376506041262424,-15.985752361335125],[-47.373211773348245,-15.99403260463145],[-47.370617249027,-15.995287091437268],[-47.370370242974936,-16.000303087142075],[-47.36911323499986,-16.002484125029326],[-47.36545175397399,-16.001510041620058],[-47.364572029978426,-16.004688157495725],[-47.36038671904237,-16.006612377765443],[-47.35969714741191,-16.00828653631952],[-47.3566224272641,-16.008767425904328],[-47.35364882160367,-16.007464812247914],[-47.348518288541634,-16.00746768264169],[-47.34650243566226,-16.009060235201495],[-47.345492850802295,-16.011317122504654],[-47.33994960382056,-16.013248352746082],[-47.34063679045911,-16.019197842040686],[-47.336822920863604,-16.01829264651221],[-47.33609424076931,-16.019908420051284],[-47.330640926116224,-16.023261152882473],[-47.328392609141595,-16.027604844703003],[-47.321543889142205,-16.03053811360246],[-47.31798392337841,-16.03597194568568],[-47.3109406664479,-16.036267051134114],[-47.31166171806193,-16.040779825428793],[-47.31013553037921,-16.049994863841366],[-47.61733167177258,-16.050342719611056],[-47.61416429948154,-16.014010737403524],[-47.58881043724563,-15.973802730742289],[-47.58728826940718,-15.969738415784674],[-47.606425255134056,-15.939008955280842],[-47.60813727793973,-15.937411087778063],[-47.610589747070506,-15.936867048877003],[-47.61897427085096,-15.939579505545671],[-47.62945767967231,-15.947591512409964],[-47.63149210024317,-15.954239528462066],[-47.63670661333405,-15.959876307700638],[-47.64231628733318,-15.963058896481185],[-47.649048431705545,-15.968920632808166],[-47.653721519573374,-15.968606045986217],[-47.66197756611205,-15.962394883981794],[-47.66356976630839,-15.95960356572349],[-47.65975758814448,-15.955729378046804],[-47.6597939760403,-15.954526662953576],[-47.66661707081306,-15.951890344537773],[-47.668798912227516,-15.945539344480032],[-47.66638328351465,-15.942903489502996],[-47.669233866005705,-15.942986610927992],[-47.66830175486571,-15.938156735459172],[-47.669603370922786,-15.93693498563688],[-47.66828297761394,-15.934333457377853],[-47.67113196911459,-15.930684296564914],[-47.669828210556624,-15.928955049482362],[-47.67149860148906,-15.929069415820416],[-47.67199080582549,-15.927463701891542],[-47.67448898071026,-15.928117895821506],[-47.676427461414015,-15.930224561390887],[-47.67718416806759,-15.927150851898116],[-47.67533373757418,-15.924134368366124],[-47.67746089849304,-15.923472323901866],[-47.68061218922216,-15.918864582058523],[-47.682173849880556,-15.921384904204347],[-47.68225598048052,-15.91678006537291],[-47.683130622563716,-15.915295688440182],[-47.68467423616645,-15.915023568123727],[-47.68234595381212,-15.914413199332298],[-47.68039019545235,-15.911372983539135],[-47.68191606819236,-15.911199521650774],[-47.68216681625658,-15.909881716149021],[-47.6848048144835,-15.909566763984293],[-47.685465213108756,-15.911345532861146],[-47.688033060436844,-15.911592758513606],[-47.686872246652456,-15.909042696251166],[-47.68768910616508,-15.906437549976355],[-47.68877903274754,-15.90614022780341],[-47.6884171418658,-15.908157872539812],[-47.68931809722926,-15.908751869116928],[-47.69158253376371,-15.903953633068069],[-47.69227639305691,-15.904687436601108],[-47.69164406772246,-15.905909524292078],[-47.693000563560815,-15.9072158181428],[-47.69420252956608,-15.906854981185623],[-47.69320967606569,-15.904793212431647],[-47.696809714251316,-15.905402409977683],[-47.69634977741971,-15.903442493671413],[-47.698815848478986,-15.902958369585534],[-47.69759607975072,-15.901794141035328],[-47.69751807564486,-15.899448290912405],[-47.69990652656243,-15.89997392947811],[-47.69901767513828,-15.89742969545688],[-47.702721196112485,-15.897601806162733],[-47.70056411842633,-15.89476214957671],[-47.701522117969375,-15.894232674240591],[-47.70296371445835,-15.895515677121544],[-47.704145854057714,-15.892315069116231],[-47.70712810069502,-15.894194334503446],[-47.70686106495761,-15.891524962511019],[-47.70929440618115,-15.891858820657676],[-47.70822094028087,-15.889441218131429],[-47.712006370350124,-15.887684817303844],[-47.71132128495888,-15.88618012913193],[-47.70928904983679,-15.88589399359711],[-47.71045348981982,-15.884123189015943],[-47.709438933688986,-15.883752877227444],[-47.70934460871669,-15.882131268115721],[-47.70763393494548,-15.88021903523398],[-47.708371036188844,-15.877417743315021],[-47.70973270376684,-15.877544227325297],[-47.70990364449627,-15.874931729755966],[-47.711094289260046,-15.876047679415063],[-47.712792358074275,-15.87544493126561],[-47.71454210585922,-15.876686155894868],[-47.71440195269674,-15.877981809273328],[-47.716521613610254,-15.877155925711882],[-47.716814530417004,-15.878368854652718],[-47.71832931853382,-15.876967200856344],[-47.71953840870889,-15.877353888851413],[-47.71991337301524,-15.876190046907743],[-47.72207492283568,-15.876801207407128],[-47.7220383797303,-15.875500588368842],[-47.723380032707816,-15.874720711231273],[-47.7242241773645,-15.875675797382698],[-47.72526614650368,-15.874464746441014],[-47.72724693085911,-15.87520093457235],[-47.727666050270045,-15.8741688794213],[-47.73200300380169,-15.873515968101735],[-47.73220470032581,-15.872322258934568],[-47.736480513890264,-15.872023239117548],[-47.737698427019204,-15.870454546171546],[-47.74009540686853,-15.870722594272594],[-47.74103899912176,-15.8699074130575],[-47.7417723902951,-15.866269963370708],[-47.743477528660264,-15.86555325775248],[-47.74332737085922,-15.862122711061833],[-47.74729676163512,-15.859699635854977],[-47.74719549206838,-15.857264796266014],[-47.745419753977835,-15.853809844159823],[-47.746692934389934,-15.853433981867337],[-47.74674259687131,-15.852154091400456],[-47.74831988373321,-15.852458362234701],[-47.748468079301375,-15.850947047502352],[-47.755924937552585,-15.8432960202671],[-47.771718568979054,-15.834473010344261],[-47.77241025346559,-15.831464057884917],[-47.77060446325674,-15.826846737005978],[-47.77174898727592,-15.826508066995068],[-47.77334030238827,-15.823942514968786],[-47.77304264238662,-15.821935484908735],[-47.76951381145111,-15.822086432498844],[-47.76743905246043,-15.819777191213564],[-47.78185558008533,-15.815730109733883],[-47.777013159639715,-15.81322051183148],[-47.77078488833533,-15.806148911195953],[-47.773845503564665,-15.796382514963371],[-47.77645926905483,-15.796156909496952],[-47.77604604594808,-15.798683866378658],[-47.777067254212405,-15.799533205517744],[-47.783959878450624,-15.797840013658242],[-47.784378517189076,-15.793840741637863],[-47.78541750617561,-15.793562917974212],[-47.785814469390544,-15.790750820770127],[-47.78776811456861,-15.790633078324696],[-47.78778097004068,-15.788608949532323],[-47.7891455693755,-15.790673541092207],[-47.786789691859454,-15.781960217168223],[-47.795189604351776,-15.781215958276722],[-47.79789387784152,-15.782745337021892],[-47.801265881716006,-15.786785051422758],[-47.8039614882829,-15.787159935147093],[-47.813156370982014,-15.772269720159592],[-47.812685131587855,-15.769463562710992],[-47.80851039617333,-15.764465993043588],[-47.81314801677348,-15.75813314756351],[-47.81159031531751,-15.757339000746699],[-47.8074104797334,-15.758738376071914],[-47.78734982733754,-15.761460686923831],[-47.76120180015601,-15.752290787475292],[-47.75782749708682,-15.75196084946491],[-47.75409755196734,-15.753086124932171],[-47.73882685824101,-15.762351656184041],[-47.73325905014484,-15.762962659707426],[-47.72943597728995,-15.76130196535274],[-47.70460689468147,-15.743798821312987],[-47.6902775453746,-15.736501572938948],[-47.68043519571922,-15.735737988613113],[-47.67723732724503,-15.734065467431442],[-47.674188065764085,-15.734268568257662],[-47.67030047880912,-15.730737785951602],[-47.66342768764146,-15.726980345431253],[-47.660456374208145,-15.727425205150249],[-47.66188303746774,-15.734058331831612]]]}},{"type":"Feature","properties":{"ra_nome":"VICENTE PIRES","ra_codigo":"RA-XXX","ra_cira":30,"ra_areakm2":42.87803559},"geometry":{"type":"Polygon","coordinates":[[[-48.00301856773451,-15.786245035185297],[-47.98976466138243,-15.78726950413737],[-47.9928701993872,-15.81097772008684],[-47.99592439471785,-15.811264037765167],[-48.01620420075094,-15.818694920966276],[-48.035044585239966,-15.829565858642336],[-48.050334853764916,-15.831856716460404],[-48.05394502345374,-15.826995204465055],[-48.051488587837895,-15.825834182695706],[-48.05630536582287,-15.808102332659386],[-48.054314364828784,-15.807071568975456],[-48.05638542710567,-15.804824093618924],[-48.05154905689183,-15.791860185037274],[-48.05345796891734,-15.792248329509333],[-48.045428658440834,-15.772026448708305],[-48.039641930109646,-15.771844798003377],[-48.041915472361595,-15.782168215044598],[-48.0391824683689,-15.781676491939535],[-48.03909326285501,-15.785102660916229],[-48.03235444697959,-15.78231637859152],[-48.02442408577832,-15.782130319171122],[-48.01873838227245,-15.783298088149918],[-48.016372603554196,-15.782145399774508],[-48.012861950259186,-15.784033761755083],[-48.01098970219145,-15.787412473436966],[-48.00301856773451,-15.786245035185297]]]}},{"type":"Feature","properties":{"ra_nome":"GAMA","ra_codigo":"RA-II","ra_cira":2,"ra_areakm2":276.05341381},"geometry":{"type":"Polygon","coordinates":[[[-48.12208286086349,-15.955678565904357],[-48.12286568915368,-15.9581760523434],[-48.12185242123979,-15.959806943439105],[-48.12274954576093,-15.960291963794967],[-48.12224885643063,-15.961316435525372],[-48.12406440164124,-15.965871111190049],[-48.1225734839267,-15.966000294137455],[-48.12208719105439,-15.968753879271475],[-48.12079314173835,-15.969067185719878],[-48.11898232336692,-15.971808837826117],[-48.11705544571779,-15.979038320391355],[-48.11594944285521,-15.979451090705991],[-48.116525844745546,-15.981549925814438],[-48.114788001242765,-15.985269887384714],[-48.115429865464634,-15.987020248085194],[-48.11420946607923,-15.98733012056803],[-48.11386015187528,-15.989292586821382],[-48.11511997122532,-15.991170055226883],[-48.11334747459507,-15.993923695267902],[-48.11434268413779,-15.994415522729458],[-48.11323081504547,-15.996075830210092],[-48.111902292553054,-15.995863310655256],[-48.1123039400813,-15.997332383800094],[-48.11153944449546,-15.99712821035438],[-48.11108151804574,-15.999607539968707],[-48.10996282763457,-15.999600722702516],[-48.11101512768648,-16.000793564164876],[-48.10950619703506,-16.00183940971378],[-48.11089874190792,-16.00648327676645],[-48.10314788112663,-16.00960488392309],[-48.09995565038515,-16.00960930910743],[-48.08849798047666,-16.004674469289554],[-48.0831704763002,-16.003822763979517],[-48.076349812167194,-15.999911898434437],[-48.07718327494307,-15.999086524059225],[-48.07640115032653,-15.998019917418299],[-48.06578925219056,-15.994033022933802],[-48.06624279507353,-15.993316705397168],[-48.05543746681612,-15.99282897357006],[-48.04900597604027,-15.989732704031224],[-48.04794020981683,-15.990496899124707],[-48.02072421680406,-15.96614372336414],[-48.01309952990658,-15.974074476319517],[-48.00452534631181,-15.977828376003817],[-48.01152608390281,-15.997052933347785],[-48.02112317616514,-16.005208319248574],[-48.02756778541746,-16.009002990314116],[-48.03239787888305,-16.014291311720118],[-48.03954856420301,-16.020019378720246],[-48.043655809335526,-16.01949447132557],[-48.04559575468765,-16.020775958574138],[-48.04806050116875,-16.027030667245484],[-48.04921579700337,-16.027593089041712],[-48.049522317925266,-16.0298877861818],[-48.05408435136933,-16.03711111172815],[-48.05071803295043,-16.03591087403769],[-48.04815727983962,-16.036466937159275],[-48.04296120501551,-16.043001414710258],[-48.04859937937965,-16.05008648846642],[-48.27778120931781,-16.04958678951511],[-48.27869380513212,-16.044700712130933],[-48.27742853950856,-16.04404301725113],[-48.278610284854025,-16.041700798319066],[-48.27685850947144,-16.040965693389747],[-48.27713770508454,-16.03909737594549],[-48.27558200473847,-16.036602477290977],[-48.27339264282397,-16.035645915109676],[-48.27412282003297,-16.034228294706175],[-48.27185222972537,-16.03175803710556],[-48.27298298165122,-16.03062671179753],[-48.27136448491719,-16.02722306681599],[-48.27218368430298,-16.0256219133758],[-48.27120698211841,-16.02516815716466],[-48.27252380712405,-16.024004031463058],[-48.26983482998095,-16.022157994417785],[-48.2706287298229,-16.01982075683446],[-48.27011665709446,-16.016613684078564],[-48.27174716355598,-16.015281734031387],[-48.27117465736163,-16.014580583697043],[-48.272238263563644,-16.013241381798302],[-48.27140913260369,-16.009617834346948],[-48.27242882287076,-16.00899961824846],[-48.27111736225467,-16.007975125922034],[-48.268857805323336,-16.00241819183224],[-48.26759428022083,-16.00106254875014],[-48.26622930046447,-16.001236638726642],[-48.26538648972571,-15.996644452367782],[-48.262557750996905,-15.994846940706827],[-48.2639577499919,-15.992436644267874],[-48.26154897875493,-15.989617500370182],[-48.262855979907975,-15.988778103898092],[-48.261626238981044,-15.985234146029072],[-48.25820317962745,-15.98338636958431],[-48.25911748991754,-15.982320415201158],[-48.25859758692194,-15.980527849770256],[-48.260644400921066,-15.979139704781456],[-48.258729633247256,-15.97733592516558],[-48.2537877676917,-15.977249661596064],[-48.253473819310436,-15.975878809655024],[-48.247322845388275,-15.975627565990093],[-48.24565792545925,-15.973237731281792],[-48.24608530345399,-15.972317347318489],[-48.243198509282756,-15.973051887148118],[-48.241213354492594,-15.97166257427102],[-48.239974832347485,-15.971852988618313],[-48.24022356923119,-15.970840086620171],[-48.238173028250635,-15.972560754960194],[-48.23261701938139,-15.971974442973181],[-48.22947592869793,-15.970493868490918],[-48.22520526274179,-15.971326568528447],[-48.22386989019507,-15.969784495717096],[-48.22314870862758,-15.97072016746403],[-48.221472812047814,-15.970646639454538],[-48.22074058783717,-15.969444866464535],[-48.21852705051054,-15.969523056169132],[-48.21794575434546,-15.96835401178788],[-48.21470539881371,-15.967337291499408],[-48.213842947754436,-15.965947017356898],[-48.20472287972046,-15.964248931189358],[-48.20068951500267,-15.962270866112242],[-48.198581768964985,-15.963980375801007],[-48.19556397608071,-15.962686726357134],[-48.193133412621314,-15.963897629858531],[-48.1920643384916,-15.96070552405867],[-48.18851141079307,-15.956853918769138],[-48.18692810405871,-15.953431233461071],[-48.1870671922683,-15.945725726027572],[-48.173009688729366,-15.94707975893753],[-48.17278218637798,-15.946273298945814],[-48.163110167075146,-15.94685389619368],[-48.16009829384437,-15.940169928344165],[-48.155644292832086,-15.936990861207128],[-48.153385268021914,-15.933796621597434],[-48.15337487510821,-15.947140460331655],[-48.147206624702946,-15.943534266268522],[-48.14459121406555,-15.942976872324865],[-48.13451406628376,-15.945214153383084],[-48.13065286708216,-15.942781273683892],[-48.12669423450215,-15.942205279526567],[-48.12642581381569,-15.946954935326472],[-48.12386985731981,-15.949657620342995],[-48.12208286086349,-15.955678565904357]]]}},{"type":"Feature","properties":{"ra_nome":"PONTE ALTA","ra_codigo":"XXXVII","ra_cira":37,"ra_areakm2":54.91621372},"geometry":{"type":"Polygon","coordinates":[[[-48.02072421680406,-15.96614372336414],[-48.04794020981683,-15.990496899124707],[-48.04900597604027,-15.989732704031224],[-48.05543746681612,-15.99282897357006],[-48.06624279507353,-15.993316705397168],[-48.06578925219056,-15.994033022933802],[-48.07640115032653,-15.998019917418299],[-48.07718327494307,-15.999086524059225],[-48.076349812167194,-15.999911898434437],[-48.0831704763002,-16.003822763979517],[-48.08849798047666,-16.004674469289554],[-48.09365141875613,-16.00749590920827],[-48.101085639519724,-16.009775279892306],[-48.11089874190792,-16.00648327676645],[-48.10950619703506,-16.00183940971378],[-48.11101512768648,-16.000793564164876],[-48.10996282763457,-15.999600722702516],[-48.11108151804574,-15.999607539968707],[-48.11153944449546,-15.99712821035438],[-48.1123039400813,-15.997332383800094],[-48.111902292553054,-15.995863310655256],[-48.11323081504547,-15.996075830210092],[-48.11434268413779,-15.994415522729458],[-48.11334747459507,-15.993923695267902],[-48.11511997122532,-15.991170055226883],[-48.11386015187528,-15.989292586821382],[-48.11420946607923,-15.98733012056803],[-48.115429865464634,-15.987020248085194],[-48.114788001242765,-15.985269887384714],[-48.116525844745546,-15.981549925814438],[-48.11594944285521,-15.979451090705991],[-48.11705544571779,-15.979038320391355],[-48.11898232336692,-15.971808837826117],[-48.12079314173835,-15.969067185719878],[-48.12208719105439,-15.968753879271475],[-48.1225734839267,-15.966000294137455],[-48.12406926653776,-15.965781653801269],[-48.12224885643063,-15.961316435525372],[-48.12274954576093,-15.960291963794967],[-48.12185242123979,-15.959806943439105],[-48.12286568915368,-15.9581760523434],[-48.12208286086349,-15.955678565904357],[-48.120262327876326,-15.954757935040695],[-48.12007151543761,-15.953678598244759],[-48.116366426047556,-15.95298060666713],[-48.11425424744224,-15.951130203820329],[-48.111994972676364,-15.951309655229394],[-48.103797813160455,-15.941990380216382],[-48.102176778226784,-15.937240553540548],[-48.09437234147691,-15.932246647199799],[-48.08283156732904,-15.941675601177614],[-48.079701837593404,-15.939027634305246],[-48.075895031105595,-15.939411038836889],[-48.05278403993045,-15.953003967557642],[-48.04849309232311,-15.953160489521823],[-48.043932216308974,-15.95164844820888],[-48.040738042994036,-15.949194244856745],[-48.038221701343524,-15.945430192002938],[-48.02072421680406,-15.96614372336414]]]}},{"type":"Feature","properties":{"ra_nome":"26 DE SETEMBRO","ra_codigo":"RA-XXXVI","ra_cira":36,"ra_areakm2":13.89355447},"geometry":{"type":"Polygon","coordinates":[[[-48.00301856773451,-15.786245035185297],[-48.01098970219145,-15.787412473436966],[-48.012861950259186,-15.784033761755083],[-48.016372603554196,-15.782145399774508],[-48.01873838227245,-15.783298088149918],[-48.02442408577832,-15.782130319171122],[-48.03235444697959,-15.78231637859152],[-48.03909326285501,-15.785102660916229],[-48.0391824683689,-15.781676491939535],[-48.041915472361595,-15.782168215044598],[-48.039641930109646,-15.771844798003377],[-48.045428658440834,-15.772026448708305],[-48.04502898795604,-15.762928281748692],[-48.0476196840145,-15.753706058009262],[-48.01718741309572,-15.751558820404059],[-48.00472835783481,-15.754753508605711],[-48.00518075866487,-15.758545824166127],[-48.00615992540625,-15.759186618367089],[-48.00725192479881,-15.762959299843928],[-48.00613463044853,-15.770617949255312],[-48.00675962595147,-15.775072392606713],[-48.00589468157467,-15.779559755253427],[-48.00301856773451,-15.786245035185297]]]}}]}