<?xml version="1.0" encoding="UTF-8"?>
<kml xmlns="http://www.opengis.net/kml/2.2">
  <Document>
    <name>Mapa sem título</name>
    <description/>
    <Style id="icon-1899-0288D1-nodesc-normal">
      <IconStyle>
        <color>ffd18802</color>
        <scale>1</scale>
        <Icon>
          <href>https://www.gstatic.com/mapspro/images/stock/503-wht-blank_maps.png</href>
        </Icon>
        <hotSpot x="32" xunits="pixels" y="64" yunits="insetPixels"/>
      </IconStyle>
      <LabelStyle>
        <scale>0</scale>
      </LabelStyle>
      <BalloonStyle>
        <text><![CDATA[<h3>$[name]</h3>]]></text>
      </BalloonStyle>
    </Style>
    <Style id="icon-1899-0288D1-nodesc-highlight">
      <IconStyle>
        <color>ffd18802</color>
        <scale>1</scale>
        <Icon>
          <href>https://www.gstatic.com/mapspro/images/stock/503-wht-blank_maps.png</href>
        </Icon>
        <hotSpot x="32" xunits="pixels" y="64" yunits="insetPixels"/>
      </IconStyle>
      <LabelStyle>
        <scale>1</scale>
      </LabelStyle>
      <BalloonStyle>
        <text><![CDATA[<h3>$[name]</h3>]]></text>
      </BalloonStyle>
    </Style>
    <StyleMap id="icon-1899-0288D1-nodesc">
      <Pair>
        <key>normal</key>
        <styleUrl>#icon-1899-0288D1-nodesc-normal</styleUrl>
      </Pair>
      <Pair>
        <key>highlight</key>
        <styleUrl>#icon-1899-0288D1-nodesc-highlight</styleUrl>
      </Pair>
    </StyleMap>
    <Folder>
      <name>mymaps .csv</name>
      <Placemark>
        <name>PLANO PILOTO;CEM ELEFANTE BRANCO SGAS 708/908;;Correlação aproximada (2022) - conferir;SGAS 708/908 MÓDULOS 25/26 ÁREA ESPECIAL - ALA SUL</name>
        <address>PLANO PILOTO;CEM ELEFANTE BRANCO SGAS 708/908;;Correlação aproximada (2022) - conferir;SGAS 708/908 MÓDULOS 25/26 ÁREA ESPECIAL - ALA SUL</address>
        <styleUrl>#icon-1899-0288D1-nodesc</styleUrl>
      </Placemark>
      <Placemark>
        <name>PLANO PILOTO;CEM SETOR LESTE SGAS 611/612;;Correlação aproximada (2022) - conferir;SGAS 611/612 CONJUNTO E</name>
        <address>PLANO PILOTO;CEM SETOR LESTE SGAS 611/612;;Correlação aproximada (2022) - conferir;SGAS 611/612 CONJUNTO E</address>
        <styleUrl>#icon-1899-0288D1-nodesc</styleUrl>
      </Placemark>
      <Placemark>
        <name>PLANO PILOTO;CENTRO DE ENSINO FUNDAMENTAL 01 (ANTIGO CENTRO EDUCACIONAL);;OK - Endereço e zona confirmados;CENTRO DE ENSINO FUNDAMENTAL 01 (ANTIGO CENTRO EDUCACIONAL)</name>
        <address>PLANO PILOTO;CENTRO DE ENSINO FUNDAMENTAL 01 (ANTIGO CENTRO EDUCACIONAL);;OK - Endereço e zona confirmados;CENTRO DE ENSINO FUNDAMENTAL 01 (ANTIGO CENTRO EDUCACIONAL)</address>
        <styleUrl>#icon-1899-0288D1-nodesc</styleUrl>
      </Placemark>
      <Placemark>
        <name>PLANO PILOTO;CENTRO DE ENSINO FUNDAMENTAL 01 DE BRASILIA SQS 106;;Correlação aproximada (2022) - conferir;SQS 106 AREA ESPECIAL</name>
        <address>PLANO PILOTO;CENTRO DE ENSINO FUNDAMENTAL 01 DE BRASILIA SQS 106;;Correlação aproximada (2022) - conferir;SQS 106 AREA ESPECIAL</address>
        <styleUrl>#icon-1899-0288D1-nodesc</styleUrl>
      </Placemark>
      <Placemark>
        <name>PLANO PILOTO;CENTRO DE ENSINO FUNDAMENTAL 03 DE BRASILIA SQS 103;;Correlação aproximada (2022) - conferir;SQS 103 AREA ESPECIAL</name>
        <address>PLANO PILOTO;CENTRO DE ENSINO FUNDAMENTAL 03 DE BRASILIA SQS 103;;Correlação aproximada (2022) - conferir;SQS 103 AREA ESPECIAL</address>
        <styleUrl>#icon-1899-0288D1-nodesc</styleUrl>
      </Placemark>
      <Placemark>
        <name>PLANO PILOTO;CENTRO DE ENSINO FUNDAMENTAL 05 DE BRASILIA SQS 408;70257000;OK - Endereço e zona confirmados;QUADRA SQS 408</name>
        <address>PLANO PILOTO;CENTRO DE ENSINO FUNDAMENTAL 05 DE BRASILIA SQS 408;70257000;OK - Endereço e zona confirmados;QUADRA SQS 408</address>
        <styleUrl>#icon-1899-0288D1-nodesc</styleUrl>
      </Placemark>
      <Placemark>
        <name>PLANO PILOTO;CENTRO DE ENSINO FUNDAMENTAL 214 SUL;;Correlação exata (2022);SQS 214 AREA ESPECIAL</name>
        <address>PLANO PILOTO;CENTRO DE ENSINO FUNDAMENTAL 214 SUL;;Correlação exata (2022);SQS 214 AREA ESPECIAL</address>
        <styleUrl>#icon-1899-0288D1-nodesc</styleUrl>
      </Placemark>
      <Placemark>
        <name>PLANO PILOTO;CENTRO DE ENSINO FUNDAMENTAL 405 SUL;;Correlação exata (2022);SQS 405 AREA ESPECIAL</name>
        <address>PLANO PILOTO;CENTRO DE ENSINO FUNDAMENTAL 405 SUL;;Correlação exata (2022);SQS 405 AREA ESPECIAL</address>
        <styleUrl>#icon-1899-0288D1-nodesc</styleUrl>
      </Placemark>
      <Placemark>
        <name>PLANO PILOTO;CENTRO EDUCACIONAL LA SALLE;;ADICIONADO - zona de 2022 ausente em 2026;SGAS 906 CONJUNTO E LOTE 06</name>
        <address>PLANO PILOTO;CENTRO EDUCACIONAL LA SALLE;;ADICIONADO - zona de 2022 ausente em 2026;SGAS 906 CONJUNTO E LOTE 06</address>
        <styleUrl>#icon-1899-0288D1-nodesc</styleUrl>
      </Placemark>
      <Placemark>
        <name>PLANO PILOTO;CENTRO EDUCACIONAL LA SALLE SGAS 906;;OK - Endereço e zona confirmados;SGAS Quadra 906</name>
        <address>PLANO PILOTO;CENTRO EDUCACIONAL LA SALLE SGAS 906;;OK - Endereço e zona confirmados;SGAS Quadra 906</address>
        <styleUrl>#icon-1899-0288D1-nodesc</styleUrl>
      </Placemark>
      <Placemark>
        <name>PLANO PILOTO;CESAS - CEJA ASA SUL C.E.S.A.S. SGAS 602;;Correlação aproximada (2022) - conferir;SGAS 602 PROJ D</name>
        <address>PLANO PILOTO;CESAS - CEJA ASA SUL C.E.S.A.S. SGAS 602;;Correlação aproximada (2022) - conferir;SGAS 602 PROJ D</address>
        <styleUrl>#icon-1899-0288D1-nodesc</styleUrl>
      </Placemark>
      <Placemark>
        <name>PLANO PILOTO;CIL - CENTRO INTERESCOLAR DE LÍNGUAS SGAS 907/908;;Correlação aproximada (2022) - conferir;SGAS 907/908 MÓDULOS 25/26 - ASA SUL - JUNTO AO CEM ELEF BRANCO</name>
        <address>PLANO PILOTO;CIL - CENTRO INTERESCOLAR DE LÍNGUAS SGAS 907/908;;Correlação aproximada (2022) - conferir;SGAS 907/908 MÓDULOS 25/26 - ASA SUL - JUNTO AO CEM ELEF BRANCO</address>
        <styleUrl>#icon-1899-0288D1-nodesc</styleUrl>
      </Placemark>
      <Placemark>
        <name>PLANO PILOTO;COLEGIO COR JESU SGAS 615;;Correlação aproximada (2022) - conferir;SGAS 615 LOTE 110</name>
        <address>PLANO PILOTO;COLEGIO COR JESU SGAS 615;;Correlação aproximada (2022) - conferir;SGAS 615 LOTE 110</address>
        <styleUrl>#icon-1899-0288D1-nodesc</styleUrl>
      </Placemark>
      <Placemark>
        <name>PLANO PILOTO;COLEGIO MARISTA DE BRASILIA SGAS 609;;Correlação aproximada (2022) - conferir;SGAS 609 MODULO A</name>
        <address>PLANO PILOTO;COLEGIO MARISTA DE BRASILIA SGAS 609;;Correlação aproximada (2022) - conferir;SGAS 609 MODULO A</address>
        <styleUrl>#icon-1899-0288D1-nodesc</styleUrl>
      </Placemark>
      <Placemark>
        <name>PLANO PILOTO;COLEGIO MARISTA ENSINO MÉDIO SGAS 615;;Correlação aproximada (2022) - conferir;SGAS 615 MÓDULO C</name>
        <address>PLANO PILOTO;COLEGIO MARISTA ENSINO MÉDIO SGAS 615;;Correlação aproximada (2022) - conferir;SGAS 615 MÓDULO C</address>
        <styleUrl>#icon-1899-0288D1-nodesc</styleUrl>
      </Placemark>
      <Placemark>
        <name>PLANO PILOTO;COLÉGIO ÚNICO 606 SUL;;OK - Endereço e zona confirmados;fica na SGAS 606</name>
        <address>PLANO PILOTO;COLÉGIO ÚNICO 606 SUL;;OK - Endereço e zona confirmados;fica na SGAS 606</address>
        <styleUrl>#icon-1899-0288D1-nodesc</styleUrl>
      </Placemark>
      <Placemark>
        <name>PLANO PILOTO;ESCOLA CLASSE 102 SUL;;Correlação exata (2022);SQS 102 AREA ESPECIAL</name>
        <address>PLANO PILOTO;ESCOLA CLASSE 102 SUL;;Correlação exata (2022);SQS 102 AREA ESPECIAL</address>
        <styleUrl>#icon-1899-0288D1-nodesc</styleUrl>
      </Placemark>
      <Placemark>
        <name>PLANO PILOTO;ESCOLA CLASSE 206 SUL;;Correlação exata (2022);SQS 206 AREA ESPECIAL</name>
        <address>PLANO PILOTO;ESCOLA CLASSE 206 SUL;;Correlação exata (2022);SQS 206 AREA ESPECIAL</address>
        <styleUrl>#icon-1899-0288D1-nodesc</styleUrl>
      </Placemark>
      <Placemark>
        <name>PLANO PILOTO;ESCOLA CLASSE 209 SUL;;Correlação exata (2022);SQS 209 AREA ESPECIAL</name>
        <address>PLANO PILOTO;ESCOLA CLASSE 209 SUL;;Correlação exata (2022);SQS 209 AREA ESPECIAL</address>
        <styleUrl>#icon-1899-0288D1-nodesc</styleUrl>
      </Placemark>
      <Placemark>
        <name>PLANO PILOTO;ESCOLA CLASSE 305 SUL;;Correlação exata (2022);SQS 305 AREA ESPECIAL</name>
        <address>PLANO PILOTO;ESCOLA CLASSE 305 SUL;;Correlação exata (2022);SQS 305 AREA ESPECIAL</address>
        <styleUrl>#icon-1899-0288D1-nodesc</styleUrl>
      </Placemark>
      <Placemark>
        <name>PLANO PILOTO;ESCOLA CLASSE 316 SUL;;Correlação exata (2022);SQS 316 AREA ESPECIAL</name>
        <address>PLANO PILOTO;ESCOLA CLASSE 316 SUL;;Correlação exata (2022);SQS 316 AREA ESPECIAL</address>
        <styleUrl>#icon-1899-0288D1-nodesc</styleUrl>
      </Placemark>
      <Placemark>
        <name>PLANO PILOTO;ESCOLA CLASSE 413 SUL;;Correlação exata (2022);SQS 413 AREA ESPECIAL</name>
        <address>PLANO PILOTO;ESCOLA CLASSE 413 SUL;;Correlação exata (2022);SQS 413 AREA ESPECIAL</address>
        <styleUrl>#icon-1899-0288D1-nodesc</styleUrl>
      </Placemark>
      <Placemark>
        <name>PLANO PILOTO;ESCOLA CLASSE 416 SUL;;Correlação exata (2022);SQS 416 AREA ESPECIAL</name>
        <address>PLANO PILOTO;ESCOLA CLASSE 416 SUL;;Correlação exata (2022);SQS 416 AREA ESPECIAL</address>
        <styleUrl>#icon-1899-0288D1-nodesc</styleUrl>
      </Placemark>
      <Placemark>
        <name>PLANO PILOTO;ESCOLA PARQUE 313/314 SUL;;Correlação exata (2022);EQS 313/314 AREA ESPECIAL</name>
        <address>PLANO PILOTO;ESCOLA PARQUE 313/314 SUL;;Correlação exata (2022);EQS 313/314 AREA ESPECIAL</address>
        <styleUrl>#icon-1899-0288D1-nodesc</styleUrl>
      </Placemark>
      <Placemark>
        <name>PLANO PILOTO;ESCOLA SALESIANA BRASÍLIA;;Correlação aproximada (2022) - conferir;SHIGS 702 CONJUNTO A</name>
        <address>PLANO PILOTO;ESCOLA SALESIANA BRASÍLIA;;Correlação aproximada (2022) - conferir;SHIGS 702 CONJUNTO A</address>
        <styleUrl>#icon-1899-0288D1-nodesc</styleUrl>
      </Placemark>
      <Placemark>
        <name>PLANO PILOTO;UDF SEPS 704/904;;Correlação aproximada (2022) - conferir;SEPS 704/904 CONJUNTO A</name>
        <address>PLANO PILOTO;UDF SEPS 704/904;;Correlação aproximada (2022) - conferir;SEPS 704/904 CONJUNTO A</address>
        <styleUrl>#icon-1899-0288D1-nodesc</styleUrl>
      </Placemark>
      <Placemark>
        <name>PLANO PILOTO;UNIP - UNIVERSIDADE PAULISTA SGAS 913;;Correlação aproximada (2022) - conferir;SGAS 913 S/N CONJUNTO B</name>
        <address>PLANO PILOTO;UNIP - UNIVERSIDADE PAULISTA SGAS 913;;Correlação aproximada (2022) - conferir;SGAS 913 S/N CONJUNTO B</address>
        <styleUrl>#icon-1899-0288D1-nodesc</styleUrl>
      </Placemark>
      <Placemark>
        <name>PLANO PILOTO;UPIS - UNIAO PIONEIRA DE INTEGRACAO SOCIAL SEPS 712/912;;Correlação aproximada (2022) - conferir;SEPS 712/912 CONJUNTO A</name>
        <address>PLANO PILOTO;UPIS - UNIAO PIONEIRA DE INTEGRACAO SOCIAL SEPS 712/912;;Correlação aproximada (2022) - conferir;SEPS 712/912 CONJUNTO A</address>
        <styleUrl>#icon-1899-0288D1-nodesc</styleUrl>
      </Placemark>
      <Placemark>
        <name>VARJÃO;CAIC SANTA PAULINA;;Correlação exata (2022);QUADRA 05 AREA ESPECIAL 01</name>
        <address>VARJÃO;CAIC SANTA PAULINA;;Correlação exata (2022);QUADRA 05 AREA ESPECIAL 01</address>
        <styleUrl>#icon-1899-0288D1-nodesc</styleUrl>
      </Placemark>
      <Placemark>
        <name>LAGO NORTE;CENTRO DE ENSINO FUNDAMENTAL 01 DO LAGO NORTE;;Correlação exata (2022);SHIN QI 04/06 AE LAGO NORTE</name>
        <address>LAGO NORTE;CENTRO DE ENSINO FUNDAMENTAL 01 DO LAGO NORTE;;Correlação exata (2022);SHIN QI 04/06 AE LAGO NORTE</address>
        <styleUrl>#icon-1899-0288D1-nodesc</styleUrl>
      </Placemark>
      <Placemark>
        <name>VARJÃO;CENTRO DE ENSINO FUNDAMENTAL 01 DO VARJAO;;Correlação exata (2022);QD. 07</name>
        <address>VARJÃO;CENTRO DE ENSINO FUNDAMENTAL 01 DO VARJAO;;Correlação exata (2022);QD. 07</address>
        <styleUrl>#icon-1899-0288D1-nodesc</styleUrl>
      </Placemark>
      <Placemark>
        <name>PARANOÁ;CENTRO DE ENSINO FUNDAMENTAL 02 DO PARANOA;;Correlação exata (2022);QUADRA 04 CONJ. A LOTE 05</name>
        <address>PARANOÁ;CENTRO DE ENSINO FUNDAMENTAL 02 DO PARANOA;;Correlação exata (2022);QUADRA 04 CONJ. A LOTE 05</address>
        <styleUrl>#icon-1899-0288D1-nodesc</styleUrl>
      </Placemark>
      <Placemark>
        <name>ITAPOÃ;CENTRO DE ENSINO FUNDAMENTAL DRA. ZILDA ARNS;;Correlação exata (2022);QUADRA 378</name>
        <address>ITAPOÃ;CENTRO DE ENSINO FUNDAMENTAL DRA. ZILDA ARNS;;Correlação exata (2022);QUADRA 378</address>
        <styleUrl>#icon-1899-0288D1-nodesc</styleUrl>
      </Placemark>
      <Placemark>
        <name>PARANOÁ;CENTRO DE ENSINO MÉDIO 01 DO PARANOA;;Correlação exata (2022);QUADRA 4 CONJ. A LOTE 05 - PARANOA</name>
        <address>PARANOÁ;CENTRO DE ENSINO MÉDIO 01 DO PARANOA;;Correlação exata (2022);QUADRA 4 CONJ. A LOTE 05 - PARANOA</address>
        <styleUrl>#icon-1899-0288D1-nodesc</styleUrl>
      </Placemark>
      <Placemark>
        <name>PARANOÁ;CENTRO EDUCACIONAL 03 DO PARANOA (ANTIGO CEF 1);71572608;OK - Endereço e zona confirmados;QUADRA 26 AREA ESPECIAL S/N. PARANOÁ. 71572608 </name>
        <address>PARANOÁ;CENTRO EDUCACIONAL 03 DO PARANOA (ANTIGO CEF 1);71572608;OK - Endereço e zona confirmados;QUADRA 26 AREA ESPECIAL S/N. PARANOÁ. 71572608</address>
        <styleUrl>#icon-1899-0288D1-nodesc</styleUrl>
      </Placemark>
      <Placemark>
        <name>PARANOÁ;CENTRO EDUCACIONAL DARCY RIBEIRO;;Correlação exata (2022);QUADRA 31 CJ. F AREA ESPECIAL</name>
        <address>PARANOÁ;CENTRO EDUCACIONAL DARCY RIBEIRO;;Correlação exata (2022);QUADRA 31 CJ. F AREA ESPECIAL</address>
        <styleUrl>#icon-1899-0288D1-nodesc</styleUrl>
      </Placemark>
      <Placemark>
        <name>LAGO NORTE;CENTRO EDUCACIONAL DO LAGO NORTE;;Correlação exata (2022);SHIN CA 02 LOTE 24 LAGO NORTE</name>
        <address>LAGO NORTE;CENTRO EDUCACIONAL DO LAGO NORTE;;Correlação exata (2022);SHIN CA 02 LOTE 24 LAGO NORTE</address>
        <styleUrl>#icon-1899-0288D1-nodesc</styleUrl>
      </Placemark>
      <Placemark>
        <name>PARANOÁ;CENTRO EDUCACIONAL SANTA CARMEN SALLES;71587150;OK - Endereço e zona confirmados;QUADRA 2/3</name>
        <address>PARANOÁ;CENTRO EDUCACIONAL SANTA CARMEN SALLES;71587150;OK - Endereço e zona confirmados;QUADRA 2/3</address>
        <styleUrl>#icon-1899-0288D1-nodesc</styleUrl>
      </Placemark>
      <Placemark>
        <name>PARANOÁ;CENTRO SOCIAL JOÃO PAULO II;;Correlação exata (2022);QUADRA 03 ÁREA ESPECIAL LOTE 01</name>
        <address>PARANOÁ;CENTRO SOCIAL JOÃO PAULO II;;Correlação exata (2022);QUADRA 03 ÁREA ESPECIAL LOTE 01</address>
        <styleUrl>#icon-1899-0288D1-nodesc</styleUrl>
      </Placemark>
      <Placemark>
        <name>PARANOÁ;CEP - ESCOLA TÉCNICA LESTE SÉRGIO DAMACENO;;OK - Endereço e zona confirmados; Quadra 1</name>
      </Placemark>
      <Placemark>
        <name>LAGO NORTE;COLEGIO COC LAGO NORTE;;Correlação exata (2022);SHIN QL 9/11- AE S/N LOTE B</name>
        <address>LAGO NORTE;COLEGIO COC LAGO NORTE;;Correlação exata (2022);SHIN QL 9/11- AE S/N LOTE B</address>
        <styleUrl>#icon-1899-0288D1-nodesc</styleUrl>
      </Placemark>
      <Placemark>
        <name>LAGO NORTE;COLEGIO INDI BIBIA;;Correlação exata (2022);SHIN QI 3 CONJUNTO D A.E</name>
        <address>LAGO NORTE;COLEGIO INDI BIBIA;;Correlação exata (2022);SHIN QI 3 CONJUNTO D A.E</address>
        <styleUrl>#icon-1899-0288D1-nodesc</styleUrl>
      </Placemark>
      <Placemark>
        <name>ITAPOÃ;COLÉGIO BARÃO DO RIO BRANCO;73255-904;OK - Endereço e zona confirmados;Chácara N - Rodovia DF 250</name>
        <address>ITAPOÃ;COLÉGIO BARÃO DO RIO BRANCO;73255-904;OK - Endereço e zona confirmados;Chácara N - Rodovia DF 250</address>
        <styleUrl>#icon-1899-0288D1-nodesc</styleUrl>
      </Placemark>
      <Placemark>
        <name>LAGO NORTE;COLÉGIO DO SOL;;Correlação exata (2022);CA 06 LOTE A</name>
      </Placemark>
      <Placemark>
        <name>ITAPOÃ;ESCOLA CLASSE 01 DO ITAPOÃ;;Correlação exata (2022);DEL LAGO QUADRA 61 CONJUNTO E ÁREA ESPECIAL</name>
        <address>ITAPOÃ;ESCOLA CLASSE 01 DO ITAPOÃ;;Correlação exata (2022);DEL LAGO QUADRA 61 CONJUNTO E ÁREA ESPECIAL</address>
        <styleUrl>#icon-1899-0288D1-nodesc</styleUrl>
      </Placemark>
      <Placemark>
        <name>PARANOÁ;ESCOLA CLASSE 01 DO PARANOA;;Correlação exata (2022);QD 26 CJ G LT 01 - AREA ESPECIAL</name>
        <address>PARANOÁ;ESCOLA CLASSE 01 DO PARANOA;;Correlação exata (2022);QD 26 CJ G LT 01 - AREA ESPECIAL</address>
        <styleUrl>#icon-1899-0288D1-nodesc</styleUrl>
      </Placemark>
      <Placemark>
        <name>ITAPOÃ;ESCOLA CLASSE 02 DO ITAPOÃ;;Correlação exata (2022);DEL LAGO QD. 378 CONJ. L ÁREA ESPECIAL</name>
        <address>ITAPOÃ;ESCOLA CLASSE 02 DO ITAPOÃ;;Correlação exata (2022);DEL LAGO QD. 378 CONJ. L ÁREA ESPECIAL</address>
        <styleUrl>#icon-1899-0288D1-nodesc</styleUrl>
      </Placemark>
      <Placemark>
        <name>PARANOÁ;ESCOLA CLASSE 02 DO PARANOA;;Correlação exata (2022);QD 30 CJ E LT 17</name>
        <address>PARANOÁ;ESCOLA CLASSE 02 DO PARANOA;;Correlação exata (2022);QD 30 CJ E LT 17</address>
        <styleUrl>#icon-1899-0288D1-nodesc</styleUrl>
      </Placemark>
      <Placemark>
        <name>PARANOÁ;ESCOLA CLASSE 03 DO PARANOA;;Correlação exata (2022);QUADRA 17 CONJ. C LOTE 08</name>
        <address>PARANOÁ;ESCOLA CLASSE 03 DO PARANOA;;Correlação exata (2022);QUADRA 17 CONJ. C LOTE 08</address>
        <styleUrl>#icon-1899-0288D1-nodesc</styleUrl>
      </Placemark>
      <Placemark>
        <name>PARANOÁ;ESCOLA CLASSE 04 DO PARANOA;;Correlação exata (2022);QD 14 CJ F LT 01</name>
        <address>PARANOÁ;ESCOLA CLASSE 04 DO PARANOA;;Correlação exata (2022);QD 14 CJ F LT 01</address>
        <styleUrl>#icon-1899-0288D1-nodesc</styleUrl>
      </Placemark>
      <Placemark>
        <name>PARANOÁ;ESCOLA CLASSE 05 DO PARANOA;;Correlação exata (2022);QUADRA 24 CJ. I AREA ESPECIAL</name>
        <address>PARANOÁ;ESCOLA CLASSE 05 DO PARANOA;;Correlação exata (2022);QUADRA 24 CJ. I AREA ESPECIAL</address>
        <styleUrl>#icon-1899-0288D1-nodesc</styleUrl>
      </Placemark>
      <Placemark>
        <name>PARANOÁ;ESCOLA CLASSE 06 DO PARANOA;;Correlação exata (2022);QUADRA 33</name>
        <address>PARANOÁ;ESCOLA CLASSE 06 DO PARANOA;;Correlação exata (2022);QUADRA 33</address>
        <styleUrl>#icon-1899-0288D1-nodesc</styleUrl>
      </Placemark>
      <Placemark>
        <name>ITAPOÃ;ESCOLA CLASSE ALTO INTERLAGOS;;Correlação exata (2022);CHÁCARA INTERLAGOS</name>
      </Placemark>
      <Placemark>
        <name>ITAPOÃ;ESCOLA CLASSE CORA CORALINA;;Correlação exata (2022);COND. ENTRELAGOS</name>
      </Placemark>
      <Placemark>
        <name>PLANO PILOTO;ESCOLA CLASSE GRANJA DO TORTO;;Correlação exata (2022);AE S/N GRANJA DO TORTO</name>
        <address>PLANO PILOTO;ESCOLA CLASSE GRANJA DO TORTO;;Correlação exata (2022);AE S/N GRANJA DO TORTO</address>
        <styleUrl>#icon-1899-0288D1-nodesc</styleUrl>
      </Placemark>
      <Placemark>
        <name><![CDATA[PARANOÁ;ESCOLA CLASSE OLHOS D'ÁGUA;71507993;OK - Endereço e zona confirmados;DF- 003 KM 7]]></name>
        <address><![CDATA[PARANOÁ;ESCOLA CLASSE OLHOS D'ÁGUA;71507993;OK - Endereço e zona confirmados;DF- 003 KM 7]]></address>
        <styleUrl>#icon-1899-0288D1-nodesc</styleUrl>
      </Placemark>
      <Placemark>
        <name>LAGO NORTE;ESCOLA CLASSE SOBRADINHO DOS MELOS;;Correlação exata (2022);DF 250 - VIA LAGO NORTE - KM 07 - NR</name>
        <address>LAGO NORTE;ESCOLA CLASSE SOBRADINHO DOS MELOS;;Correlação exata (2022);DF 250 - VIA LAGO NORTE - KM 07 - NR</address>
        <styleUrl>#icon-1899-0288D1-nodesc</styleUrl>
      </Placemark>
      <Placemark>
        <name>PLANO PILOTO;UNIVERSIDADE DO DISTRITO FEDERAL PROFESSOR JORGE AMAURY MAIA NUNES;;OK - Endereço e zona confirmados;Parque Tecnológico Capital Digital</name>
        <address>PLANO PILOTO;UNIVERSIDADE DO DISTRITO FEDERAL PROFESSOR JORGE AMAURY MAIA NUNES;;OK - Endereço e zona confirmados;Parque Tecnológico Capital Digital</address>
        <styleUrl>#icon-1899-0288D1-nodesc</styleUrl>
      </Placemark>
      <Placemark>
        <name>CEILÂNDIA;CENTRO DE EDUCAÇÃO INFANTIL 03;;Ambíguo - eleitorado DIVIDIDO entre zonas;QNM 36 CONJUNTO B-2 LOTE 60 - VILA MUTIRAO</name>
        <address>CEILÂNDIA;CENTRO DE EDUCAÇÃO INFANTIL 03;;Ambíguo - eleitorado DIVIDIDO entre zonas;QNM 36 CONJUNTO B-2 LOTE 60 - VILA MUTIRAO</address>
        <styleUrl>#icon-1899-0288D1-nodesc</styleUrl>
      </Placemark>
      <Placemark>
        <name>CEILÂNDIA;CENTRO DE EDUCAÇÃO INFANTIL 05;;Correlação exata (2022);EQNJ 23/25 AREA ESPECIAL</name>
        <address>CEILÂNDIA;CENTRO DE EDUCAÇÃO INFANTIL 05;;Correlação exata (2022);EQNJ 23/25 AREA ESPECIAL</address>
        <styleUrl>#icon-1899-0288D1-nodesc</styleUrl>
      </Placemark>
      <Placemark>
        <name>CEILÂNDIA;CENTRO DE EDUCAÇÃO INFANTIL 06;;Correlação exata (2022);EQNL 17/19 AREA ESPECIAL</name>
        <address>CEILÂNDIA;CENTRO DE EDUCAÇÃO INFANTIL 06;;Correlação exata (2022);EQNL 17/19 AREA ESPECIAL</address>
        <styleUrl>#icon-1899-0288D1-nodesc</styleUrl>
      </Placemark>
      <Placemark>
        <name>CEILÂNDIA;CENTRO DE ENSINO FUNDAMENTAL 04;;Ambíguo - eleitorado DIVIDIDO entre zonas;EQNL 05/07 AREA ESPECIAL</name>
        <address>CEILÂNDIA;CENTRO DE ENSINO FUNDAMENTAL 04;;Ambíguo - eleitorado DIVIDIDO entre zonas;EQNL 05/07 AREA ESPECIAL</address>
        <styleUrl>#icon-1899-0288D1-nodesc</styleUrl>
      </Placemark>
      <Placemark>
        <name>CEILÂNDIA;CENTRO DE ENSINO FUNDAMENTAL 16;;Correlação exata (2022);QNL 22 AE 24</name>
        <address>CEILÂNDIA;CENTRO DE ENSINO FUNDAMENTAL 16;;Correlação exata (2022);QNL 22 AE 24</address>
        <styleUrl>#icon-1899-0288D1-nodesc</styleUrl>
      </Placemark>
      <Placemark>
        <name>CEILÂNDIA;CENTRO DE ENSINO FUNDAMENTAL 17;;Correlação exata (2022);EQNM 38/40 LOTE A</name>
        <address>CEILÂNDIA;CENTRO DE ENSINO FUNDAMENTAL 17;;Correlação exata (2022);EQNM 38/40 LOTE A</address>
        <styleUrl>#icon-1899-0288D1-nodesc</styleUrl>
      </Placemark>
      <Placemark>
        <name>CEILÂNDIA;CENTRO DE ENSINO FUNDAMENTAL 19;;Ambíguo - eleitorado DIVIDIDO entre zonas;EQNL 10/12 AREA ESPECIAL 01</name>
        <address>CEILÂNDIA;CENTRO DE ENSINO FUNDAMENTAL 19;;Ambíguo - eleitorado DIVIDIDO entre zonas;EQNL 10/12 AREA ESPECIAL 01</address>
        <styleUrl>#icon-1899-0288D1-nodesc</styleUrl>
      </Placemark>
      <Placemark>
        <name>CEILÂNDIA;CENTRO DE ENSINO MÉDIO 05;72140560;OK - Endereço e zona confirmados; QNJ 56</name>
        <address>CEILÂNDIA;CENTRO DE ENSINO MÉDIO 05;72140560;OK - Endereço e zona confirmados; QNJ 56</address>
        <styleUrl>#icon-1899-0288D1-nodesc</styleUrl>
      </Placemark>
      <Placemark>
        <name>CEILÂNDIA;ESCOLA CLASSE 41;;OK - Endereço e zona confirmados;EQNL 13/15</name>
        <address>CEILÂNDIA;ESCOLA CLASSE 41;;OK - Endereço e zona confirmados;EQNL 13/15</address>
        <styleUrl>#icon-1899-0288D1-nodesc</styleUrl>
      </Placemark>
      <Placemark>
        <name>CEILÂNDIA;ESCOLA CLASSE 53;72160622;OK - Endereço e zona confirmados;QNL 16 VIA 2</name>
        <address>CEILÂNDIA;ESCOLA CLASSE 53;72160622;OK - Endereço e zona confirmados;QNL 16 VIA 2</address>
        <styleUrl>#icon-1899-0288D1-nodesc</styleUrl>
      </Placemark>
      <Placemark>
        <name>CEILÂNDIA;ESCOLA CLASSE 55;;Ambíguo - eleitorado DIVIDIDO entre zonas;QNL 28 AREA ESPECIAL 27</name>
        <address>CEILÂNDIA;ESCOLA CLASSE 55;;Ambíguo - eleitorado DIVIDIDO entre zonas;QNL 28 AREA ESPECIAL 27</address>
        <styleUrl>#icon-1899-0288D1-nodesc</styleUrl>
      </Placemark>
      <Placemark>
        <name>SANTA MARIA;CENTRO DE ENSINO FUNDAMENTAL 103 DE SANTA MARIA;;Correlação exata (2022);CL 103 LOTE 1-B</name>
        <address>SANTA MARIA;CENTRO DE ENSINO FUNDAMENTAL 103 DE SANTA MARIA;;Correlação exata (2022);CL 103 LOTE 1-B</address>
        <styleUrl>#icon-1899-0288D1-nodesc</styleUrl>
      </Placemark>
      <Placemark>
        <name>SANTA MARIA;CENTRO DE ENSINO FUNDAMENTAL 201 DE SANTA MARIA;;Correlação exata (2022);CL 201 LOTE 1 A</name>
        <address>SANTA MARIA;CENTRO DE ENSINO FUNDAMENTAL 201 DE SANTA MARIA;;Correlação exata (2022);CL 201 LOTE 1 A</address>
        <styleUrl>#icon-1899-0288D1-nodesc</styleUrl>
      </Placemark>
      <Placemark>
        <name>SANTA MARIA;CENTRO DE ENSINO FUNDAMENTAL 209 DE SANTA MARIA;;Correlação exata (2022);CL 209 LOTE 1-A</name>
        <address>SANTA MARIA;CENTRO DE ENSINO FUNDAMENTAL 209 DE SANTA MARIA;;Correlação exata (2022);CL 209 LOTE 1-A</address>
        <styleUrl>#icon-1899-0288D1-nodesc</styleUrl>
      </Placemark>
      <Placemark>
        <name>SANTA MARIA;CENTRO DE ENSINO FUNDAMENTAL 213 DE SANTA MARIA;;Correlação exata (2022);CL 213 LOTE 01 - G</name>
        <address>SANTA MARIA;CENTRO DE ENSINO FUNDAMENTAL 213 DE SANTA MARIA;;Correlação exata (2022);CL 213 LOTE 01 - G</address>
        <styleUrl>#icon-1899-0288D1-nodesc</styleUrl>
      </Placemark>
      <Placemark>
        <name>SANTA MARIA;CENTRO DE ENSINO FUNDAMENTAL 308 DE SANTA MARIA;;Correlação exata (2022);CL 308 LOTE 1-B</name>
        <address>SANTA MARIA;CENTRO DE ENSINO FUNDAMENTAL 308 DE SANTA MARIA;;Correlação exata (2022);CL 308 LOTE 1-B</address>
        <styleUrl>#icon-1899-0288D1-nodesc</styleUrl>
      </Placemark>
      <Placemark>
        <name>SANTA MARIA;CENTRO DE ENSINO FUNDAMENTAL 316 DE SANTA MARIA;;Correlação exata (2022);CL 316 LOTE 1-A</name>
        <address>SANTA MARIA;CENTRO DE ENSINO FUNDAMENTAL 316 DE SANTA MARIA;;Correlação exata (2022);CL 316 LOTE 1-A</address>
        <styleUrl>#icon-1899-0288D1-nodesc</styleUrl>
      </Placemark>
      <Placemark>
        <name>SANTA MARIA;CENTRO DE ENSINO FUNDAMENTAL 403 DE SANTA MARIA;;Correlação exata (2022);CL 403 - LOTE 1-A</name>
        <address>SANTA MARIA;CENTRO DE ENSINO FUNDAMENTAL 403 DE SANTA MARIA;;Correlação exata (2022);CL 403 - LOTE 1-A</address>
        <styleUrl>#icon-1899-0288D1-nodesc</styleUrl>
      </Placemark>
      <Placemark>
        <name>SANTA MARIA;CENTRO DE ENSINO FUNDAMENTAL 418 DE SANTA MARIA;;Correlação exata (2022);E/Q 417/418 - 517/518 - LOTE 01</name>
        <address>SANTA MARIA;CENTRO DE ENSINO FUNDAMENTAL 418 DE SANTA MARIA;;Correlação exata (2022);E/Q 417/418 - 517/518 - LOTE 01</address>
        <styleUrl>#icon-1899-0288D1-nodesc</styleUrl>
      </Placemark>
      <Placemark>
        <name>SANTA MARIA;CENTRO DE ENSINO FUNDAMENTAL SANTOS DUMONT;;Correlação exata (2022);AVENIDA S/N - RESIDENCIAL SANTOS DUMONT- SANTA MARIA</name>
        <address>SANTA MARIA;CENTRO DE ENSINO FUNDAMENTAL SANTOS DUMONT;;Correlação exata (2022);AVENIDA S/N - RESIDENCIAL SANTOS DUMONT- SANTA MARIA</address>
        <styleUrl>#icon-1899-0288D1-nodesc</styleUrl>
      </Placemark>
      <Placemark>
        <name>SANTA MARIA;CENTRO DE ENSINO GESNER TEIXEIRA;;Correlação exata (2022);RUA DAS ADALIAS LOTES 2/6 - DVO - CIDADE NOVA</name>
        <address>SANTA MARIA;CENTRO DE ENSINO GESNER TEIXEIRA;;Correlação exata (2022);RUA DAS ADALIAS LOTES 2/6 - DVO - CIDADE NOVA</address>
        <styleUrl>#icon-1899-0288D1-nodesc</styleUrl>
      </Placemark>
      <Placemark>
        <name>SANTA MARIA;CENTRO DE ENSINO MEDIO 404 DE SANTA MARIA;;Correlação exata (2022);CL 404 LOTE A</name>
        <address>SANTA MARIA;CENTRO DE ENSINO MEDIO 404 DE SANTA MARIA;;Correlação exata (2022);CL 404 LOTE A</address>
        <styleUrl>#icon-1899-0288D1-nodesc</styleUrl>
      </Placemark>
      <Placemark>
        <name>SANTA MARIA;CENTRO DE ENSINO MEDIO 417 DE SANTA MARIA;;Correlação exata (2022);QR 417 LOTE A</name>
        <address>SANTA MARIA;CENTRO DE ENSINO MEDIO 417 DE SANTA MARIA;;Correlação exata (2022);QR 417 LOTE A</address>
        <styleUrl>#icon-1899-0288D1-nodesc</styleUrl>
      </Placemark>
      <Placemark>
        <name>SANTA MARIA;CENTRO EDUCACIONAL 310 DE SANTA MARIA;;Correlação exata (2022);CL 310 - CONJ H - AREA ESPECIAL</name>
        <address>SANTA MARIA;CENTRO EDUCACIONAL 310 DE SANTA MARIA;;Correlação exata (2022);CL 310 - CONJ H - AREA ESPECIAL</address>
        <styleUrl>#icon-1899-0288D1-nodesc</styleUrl>
      </Placemark>
      <Placemark>
        <name>SANTA MARIA;COLÉGIO PALOMA;;OK - Endereço e zona confirmados;Colégio Paloma - QR 307</name>
        <address>SANTA MARIA;COLÉGIO PALOMA;;OK - Endereço e zona confirmados;Colégio Paloma - QR 307</address>
        <styleUrl>#icon-1899-0288D1-nodesc</styleUrl>
      </Placemark>
      <Placemark>
        <name>SANTA MARIA;ESCOLA CLASSE 01 - PORTO RICO;;Correlação exata (2022);QUADRA 17 - LOTE 14-C - 3 ETAPA - CONDOMINIO PORTO RICO</name>
        <address>SANTA MARIA;ESCOLA CLASSE 01 - PORTO RICO;;Correlação exata (2022);QUADRA 17 - LOTE 14-C - 3 ETAPA - CONDOMINIO PORTO RICO</address>
        <styleUrl>#icon-1899-0288D1-nodesc</styleUrl>
      </Placemark>
      <Placemark>
        <name>SANTA MARIA;ESCOLA CLASSE 100 DE SANTA MARIA;;Correlação exata (2022);QR 100 - CONJUNTO T - AREA ESPECIAL 01</name>
        <address>SANTA MARIA;ESCOLA CLASSE 100 DE SANTA MARIA;;Correlação exata (2022);QR 100 - CONJUNTO T - AREA ESPECIAL 01</address>
        <styleUrl>#icon-1899-0288D1-nodesc</styleUrl>
      </Placemark>
      <Placemark>
        <name>SANTA MARIA;ESCOLA CLASSE 116 DE SANTA MARIA;;Correlação exata (2022);CL 116 LOTE 1-M</name>
        <address>SANTA MARIA;ESCOLA CLASSE 116 DE SANTA MARIA;;Correlação exata (2022);CL 116 LOTE 1-M</address>
        <styleUrl>#icon-1899-0288D1-nodesc</styleUrl>
      </Placemark>
      <Placemark>
        <name>SANTA MARIA;ESCOLA CLASSE 203;;Correlação exata (2022);Q.203 AREA ESPECIAL</name>
        <address>SANTA MARIA;ESCOLA CLASSE 203;;Correlação exata (2022);Q.203 AREA ESPECIAL</address>
        <styleUrl>#icon-1899-0288D1-nodesc</styleUrl>
      </Placemark>
      <Placemark>
        <name>SANTA MARIA;ESCOLA CLASSE 206 DE SANTA MARIA;;Correlação exata (2022);CL 206 LOTE 1-C</name>
        <address>SANTA MARIA;ESCOLA CLASSE 206 DE SANTA MARIA;;Correlação exata (2022);CL 206 LOTE 1-C</address>
        <styleUrl>#icon-1899-0288D1-nodesc</styleUrl>
      </Placemark>
      <Placemark>
        <name>SANTA MARIA;ESCOLA CLASSE 215 DE SANTA MARIA;;Correlação exata (2022);CL 215 LOTE A</name>
        <address>SANTA MARIA;ESCOLA CLASSE 215 DE SANTA MARIA;;Correlação exata (2022);CL 215 LOTE A</address>
        <styleUrl>#icon-1899-0288D1-nodesc</styleUrl>
      </Placemark>
      <Placemark>
        <name>SANTA MARIA;ESCOLA CLASSE 218 DE SANTA MARIA;;Correlação exata (2022);CL 218 LOTE 01 F</name>
        <address>SANTA MARIA;ESCOLA CLASSE 218 DE SANTA MARIA;;Correlação exata (2022);CL 218 LOTE 01 F</address>
        <styleUrl>#icon-1899-0288D1-nodesc</styleUrl>
      </Placemark>
      <Placemark>
        <name>SOBRADINHO;CAIC JULIA KUBITSCHEK;;Correlação exata (2022);AR 13 CONJUNTO 3 AREA ESPECIAL 01</name>
        <address>SOBRADINHO;CAIC JULIA KUBITSCHEK;;Correlação exata (2022);AR 13 CONJUNTO 3 AREA ESPECIAL 01</address>
        <styleUrl>#icon-1899-0288D1-nodesc</styleUrl>
      </Placemark>
      <Placemark>
        <name>SOBRADINHO;CENTRO DE EDUCAÇÃO INFANTIL 01;;Correlação exata (2022);QUADRA 02 AREA ESPECIAL</name>
        <address>SOBRADINHO;CENTRO DE EDUCAÇÃO INFANTIL 01;;Correlação exata (2022);QUADRA 02 AREA ESPECIAL</address>
        <styleUrl>#icon-1899-0288D1-nodesc</styleUrl>
      </Placemark>
      <Placemark>
        <name>SOBRADINHO;CENTRO DE EDUCAÇÃO INFANTIL 03;;Ambíguo - eleitorado DIVIDIDO entre zonas;QUADRA 16 AREA ESPECIAL D/1</name>
        <address>SOBRADINHO;CENTRO DE EDUCAÇÃO INFANTIL 03;;Ambíguo - eleitorado DIVIDIDO entre zonas;QUADRA 16 AREA ESPECIAL D/1</address>
        <styleUrl>#icon-1899-0288D1-nodesc</styleUrl>
      </Placemark>
      <Placemark>
        <name>SOBRADINHO;CENTRO DE EDUCAÇÃO NERY LACERDA - CENEL;;Correlação exata (2022);SH MANSÕES SOBRADINHO CONDOMÍNIO MINI-CHÁCARAS ES 11B - SOBRADINHO</name>
        <address>SOBRADINHO;CENTRO DE EDUCAÇÃO NERY LACERDA - CENEL;;Correlação exata (2022);SH MANSÕES SOBRADINHO CONDOMÍNIO MINI-CHÁCARAS ES 11B - SOBRADINHO</address>
        <styleUrl>#icon-1899-0288D1-nodesc</styleUrl>
      </Placemark>
      <Placemark>
        <name>SOBRADINHO;CENTRO DE ENSINO ESPECIAL Nº 01;;Correlação exata (2022);QUADRA 14 AREA ESPECIAL RUA 5</name>
        <address>SOBRADINHO;CENTRO DE ENSINO ESPECIAL Nº 01;;Correlação exata (2022);QUADRA 14 AREA ESPECIAL RUA 5</address>
        <styleUrl>#icon-1899-0288D1-nodesc</styleUrl>
      </Placemark>
      <Placemark>
        <name>SOBRADINHO;CENTRO DE ENSINO FUNDAMENTAL 01;;Ambíguo - eleitorado DIVIDIDO entre zonas;QUADRA 02 C/D LOTE F</name>
        <address>SOBRADINHO;CENTRO DE ENSINO FUNDAMENTAL 01;;Ambíguo - eleitorado DIVIDIDO entre zonas;QUADRA 02 C/D LOTE F</address>
        <styleUrl>#icon-1899-0288D1-nodesc</styleUrl>
      </Placemark>
      <Placemark>
        <name>SOBRADINHO;CENTRO DE ENSINO FUNDAMENTAL 03;;Ambíguo - melhor zona única identificada;QUADRA 6 AREA ESPECIAL 3</name>
        <address>SOBRADINHO;CENTRO DE ENSINO FUNDAMENTAL 03;;Ambíguo - melhor zona única identificada;QUADRA 6 AREA ESPECIAL 3</address>
        <styleUrl>#icon-1899-0288D1-nodesc</styleUrl>
      </Placemark>
      <Placemark>
        <name>SOBRADINHO;CENTRO DE ENSINO FUNDAMENTAL 04;;Ambíguo - eleitorado DIVIDIDO entre zonas;QUADRA 15 AREA ESPECIAL 2</name>
        <address>SOBRADINHO;CENTRO DE ENSINO FUNDAMENTAL 04;;Ambíguo - eleitorado DIVIDIDO entre zonas;QUADRA 15 AREA ESPECIAL 2</address>
        <styleUrl>#icon-1899-0288D1-nodesc</styleUrl>
      </Placemark>
      <Placemark>
        <name>SOBRADINHO;CENTRO DE ENSINO FUNDAMENTAL 05;;Correlação exata (2022);QUADRA 10 RUA 4 AREA ESPECIAL 4/5</name>
        <address>SOBRADINHO;CENTRO DE ENSINO FUNDAMENTAL 05;;Correlação exata (2022);QUADRA 10 RUA 4 AREA ESPECIAL 4/5</address>
        <styleUrl>#icon-1899-0288D1-nodesc</styleUrl>
      </Placemark>
      <Placemark>
        <name>SOBRADINHO;CENTRO DE ENSINO FUNDAMENTAL 07;;Ambíguo - eleitorado DIVIDIDO entre zonas;AR 13 CONJUNTO 05 LOTE 01</name>
        <address>SOBRADINHO;CENTRO DE ENSINO FUNDAMENTAL 07;;Ambíguo - eleitorado DIVIDIDO entre zonas;AR 13 CONJUNTO 05 LOTE 01</address>
        <styleUrl>#icon-1899-0288D1-nodesc</styleUrl>
      </Placemark>
      <Placemark>
        <name>SOBRADINHO;CENTRO DE ENSINO FUNDAMENTAL 08;;Correlação exata (2022);AR 03 LOTE 04 AREA ESP. ST OESTE</name>
        <address>SOBRADINHO;CENTRO DE ENSINO FUNDAMENTAL 08;;Correlação exata (2022);AR 03 LOTE 04 AREA ESP. ST OESTE</address>
        <styleUrl>#icon-1899-0288D1-nodesc</styleUrl>
      </Placemark>
      <Placemark>
        <name>SOBRADINHO;CENTRO DE ENSINO FUNDAMENTAL 09 - ANTIGO COER;;Correlação exata (2022);AR 13 CONJ 1 AREA ESPECIAL 3</name>
        <address>SOBRADINHO;CENTRO DE ENSINO FUNDAMENTAL 09 - ANTIGO COER;;Correlação exata (2022);AR 13 CONJ 1 AREA ESPECIAL 3</address>
        <styleUrl>#icon-1899-0288D1-nodesc</styleUrl>
      </Placemark>
      <Placemark>
        <name>SOBRADINHO;CENTRO DE ENSINO FUNDAMENTAL PROF CARLOS MOTA;;Correlação exata (2022);RODOVIA DF-01 KM 13 RUA 8 CHACARA 187-LAGO OESTE</name>
        <address>SOBRADINHO;CENTRO DE ENSINO FUNDAMENTAL PROF CARLOS MOTA;;Correlação exata (2022);RODOVIA DF-01 KM 13 RUA 8 CHACARA 187-LAGO OESTE</address>
        <styleUrl>#icon-1899-0288D1-nodesc</styleUrl>
      </Placemark>
      <Placemark>
        <name>SOBRADINHO;CENTRO DE ENSINO FUNDAMENTAL QUEIMA LENÇOL;;Correlação exata (2022);SITIO PATRICIA DF 325 KM 8/9 LOBERAL ZONA RURAL</name>
        <address>SOBRADINHO;CENTRO DE ENSINO FUNDAMENTAL QUEIMA LENÇOL;;Correlação exata (2022);SITIO PATRICIA DF 325 KM 8/9 LOBERAL ZONA RURAL</address>
        <styleUrl>#icon-1899-0288D1-nodesc</styleUrl>
      </Placemark>
      <Placemark>
        <name>SOBRADINHO;CENTRO DE ENSINO MEDIO 01 - GINÁSIO;;Correlação aproximada (2022) - conferir;QUADRA 04 AREA ESPECIAL 4</name>
        <address>SOBRADINHO;CENTRO DE ENSINO MEDIO 01 - GINÁSIO;;Correlação aproximada (2022) - conferir;QUADRA 04 AREA ESPECIAL 4</address>
        <styleUrl>#icon-1899-0288D1-nodesc</styleUrl>
      </Placemark>
      <Placemark>
        <name>SOBRADINHO;CENTRO DE ENSINO SANTA RITA DE CASSIA;;Correlação exata (2022);QUADRA 09 AREA ESPECIAL 02</name>
        <address>SOBRADINHO;CENTRO DE ENSINO SANTA RITA DE CASSIA;;Correlação exata (2022);QUADRA 09 AREA ESPECIAL 02</address>
        <styleUrl>#icon-1899-0288D1-nodesc</styleUrl>
      </Placemark>
      <Placemark>
        <name>SOBRADINHO;CENTRO EDUCACIONAL 02;;ADICIONADO - zona de 2022 ausente em 2026;QUADRA 12 AREA ESPECIAL 5</name>
        <address>SOBRADINHO;CENTRO EDUCACIONAL 02;;ADICIONADO - zona de 2022 ausente em 2026;QUADRA 12 AREA ESPECIAL 5</address>
        <styleUrl>#icon-1899-0288D1-nodesc</styleUrl>
      </Placemark>
      <Placemark>
        <name>SOBRADINHO;CENTRO EDUCACIONAL 03;;ADICIONADO - zona de 2022 ausente em 2026;QUADRA 5 AREA ESPECIAL 5</name>
        <address>SOBRADINHO;CENTRO EDUCACIONAL 03;;ADICIONADO - zona de 2022 ausente em 2026;QUADRA 5 AREA ESPECIAL 5</address>
        <styleUrl>#icon-1899-0288D1-nodesc</styleUrl>
      </Placemark>
      <Placemark>
        <name>SOBRADINHO;CENTRO EDUCACIONAL 03 - CCM;73031-574;OK - Endereço e zona confirmados; Quadra 5</name>
        <address>SOBRADINHO;CENTRO EDUCACIONAL 03 - CCM;73031-574;OK - Endereço e zona confirmados; Quadra 5</address>
        <styleUrl>#icon-1899-0288D1-nodesc</styleUrl>
      </Placemark>
      <Placemark>
        <name>FERCAL;CENTRO EDUCACIONAL FERCAL;;Correlação exata (2022);DF 205 OESTE KM 19 FERCAL</name>
        <address>FERCAL;CENTRO EDUCACIONAL FERCAL;;Correlação exata (2022);DF 205 OESTE KM 19 FERCAL</address>
        <styleUrl>#icon-1899-0288D1-nodesc</styleUrl>
      </Placemark>
      <Placemark>
        <name>SOBRADINHO;CENTRO EDUCACIONAL LA SALLE;;Ambíguo - melhor zona única identificada;QUADRA 14 AREA ESP. LOTES 24/27</name>
        <address>SOBRADINHO;CENTRO EDUCACIONAL LA SALLE;;Ambíguo - melhor zona única identificada;QUADRA 14 AREA ESP. LOTES 24/27</address>
        <styleUrl>#icon-1899-0288D1-nodesc</styleUrl>
      </Placemark>
      <Placemark>
        <name>SOBRADINHO;CENTRO INTERESCOLAR DE LINGUAS -CIL;;Correlação exata (2022);QUADRA 11 AREA RESERVADA 01</name>
        <address>SOBRADINHO;CENTRO INTERESCOLAR DE LINGUAS -CIL;;Correlação exata (2022);QUADRA 11 AREA RESERVADA 01</address>
        <styleUrl>#icon-1899-0288D1-nodesc</styleUrl>
      </Placemark>
      <Placemark>
        <name>SOBRADINHO;EDUCANDÁRIO - INSTITUTO VITÓRIA-RÉGIA;73025-032;OK - Endereço e zona confirmados;Quadra 04</name>
        <address>SOBRADINHO;EDUCANDÁRIO - INSTITUTO VITÓRIA-RÉGIA;73025-032;OK - Endereço e zona confirmados;Quadra 04</address>
        <styleUrl>#icon-1899-0288D1-nodesc</styleUrl>
      </Placemark>
      <Placemark>
        <name>SOBRADINHO;ESCOLA CLASSE 01;;Ambíguo - eleitorado DIVIDIDO entre zonas;QUADRA 6 AREA ESPECIAL 1 RUA 5</name>
        <address>SOBRADINHO;ESCOLA CLASSE 01;;Ambíguo - eleitorado DIVIDIDO entre zonas;QUADRA 6 AREA ESPECIAL 1 RUA 5</address>
        <styleUrl>#icon-1899-0288D1-nodesc</styleUrl>
      </Placemark>
      <Placemark>
        <name>SOBRADINHO;ESCOLA CLASSE 04;;Ambíguo - eleitorado DIVIDIDO entre zonas;QUADRA 15 AREA ESPECIAL 02</name>
        <address>SOBRADINHO;ESCOLA CLASSE 04;;Ambíguo - eleitorado DIVIDIDO entre zonas;QUADRA 15 AREA ESPECIAL 02</address>
        <styleUrl>#icon-1899-0288D1-nodesc</styleUrl>
      </Placemark>
      <Placemark>
        <name>SOBRADINHO;ESCOLA CLASSE 05;;Ambíguo - eleitorado DIVIDIDO entre zonas;QUADRA 9 AREA ESPECIAL 05</name>
        <address>SOBRADINHO;ESCOLA CLASSE 05;;Ambíguo - eleitorado DIVIDIDO entre zonas;QUADRA 9 AREA ESPECIAL 05</address>
        <styleUrl>#icon-1899-0288D1-nodesc</styleUrl>
      </Placemark>
      <Placemark>
        <name>SOBRADINHO;ESCOLA CLASSE 10;;ADICIONADO - zona de 2022 ausente em 2026;QUADRA 02 CONJUNTO B/C LOTE E</name>
        <address>SOBRADINHO;ESCOLA CLASSE 10;;ADICIONADO - zona de 2022 ausente em 2026;QUADRA 02 CONJUNTO B/C LOTE E</address>
        <styleUrl>#icon-1899-0288D1-nodesc</styleUrl>
      </Placemark>
      <Placemark>
        <name>SOBRADINHO;ESCOLA CLASSE 11;;ADICIONADO - zona de 2022 ausente em 2026;QUADRA 11 AREA ESPECIAL</name>
        <address>SOBRADINHO;ESCOLA CLASSE 11;;ADICIONADO - zona de 2022 ausente em 2026;QUADRA 11 AREA ESPECIAL</address>
        <styleUrl>#icon-1899-0288D1-nodesc</styleUrl>
      </Placemark>
      <Placemark>
        <name>SOBRADINHO;ESCOLA CLASSE 12;;Ambíguo - eleitorado DIVIDIDO entre zonas;QUADRA 01 AREA ESPECIAL SETOR DE INDUSTRIA</name>
        <address>SOBRADINHO;ESCOLA CLASSE 12;;Ambíguo - eleitorado DIVIDIDO entre zonas;QUADRA 01 AREA ESPECIAL SETOR DE INDUSTRIA</address>
        <styleUrl>#icon-1899-0288D1-nodesc</styleUrl>
      </Placemark>
      <Placemark>
        <name>SOBRADINHO;ESCOLA CLASSE 13 AR 05;;Correlação exata (2022);AR 05 AREA ESPECIAL 1</name>
        <address>SOBRADINHO;ESCOLA CLASSE 13 AR 05;;Correlação exata (2022);AR 05 AREA ESPECIAL 1</address>
        <styleUrl>#icon-1899-0288D1-nodesc</styleUrl>
      </Placemark>
      <Placemark>
        <name>SOBRADINHO;ESCOLA CLASSE 14;;Ambíguo - eleitorado DIVIDIDO entre zonas;AR 19 CONJUNTO 07 LOTE 01</name>
        <address>SOBRADINHO;ESCOLA CLASSE 14;;Ambíguo - eleitorado DIVIDIDO entre zonas;AR 19 CONJUNTO 07 LOTE 01</address>
        <styleUrl>#icon-1899-0288D1-nodesc</styleUrl>
      </Placemark>
      <Placemark>
        <name>SOBRADINHO;ESCOLA CLASSE 15;;Ambíguo - eleitorado DIVIDIDO entre zonas;QUADRA 3 AREA ESPECIAL 1/2</name>
        <address>SOBRADINHO;ESCOLA CLASSE 15;;Ambíguo - eleitorado DIVIDIDO entre zonas;QUADRA 3 AREA ESPECIAL 1/2</address>
        <styleUrl>#icon-1899-0288D1-nodesc</styleUrl>
      </Placemark>
      <Placemark>
        <name>SOBRADINHO;ESCOLA CLASSE 16 DE SOBRADINHO - NOVA COLINA;;Correlação exata (2022);CONDOMINIO NOVO SETOR DE MANSÕES - ÁREA ESPECIAL</name>
        <address>SOBRADINHO;ESCOLA CLASSE 16 DE SOBRADINHO - NOVA COLINA;;Correlação exata (2022);CONDOMINIO NOVO SETOR DE MANSÕES - ÁREA ESPECIAL</address>
        <styleUrl>#icon-1899-0288D1-nodesc</styleUrl>
      </Placemark>
      <Placemark>
        <name>SOBRADINHO;ESCOLA CLASSE 17 VILA RABELO;;Correlação exata (2022);AV CENTRAL AE VILA RABELO</name>
        <address>SOBRADINHO;ESCOLA CLASSE 17 VILA RABELO;;Correlação exata (2022);AV CENTRAL AE VILA RABELO</address>
        <styleUrl>#icon-1899-0288D1-nodesc</styleUrl>
      </Placemark>
      <Placemark>
        <name>SOBRADINHO;ESCOLA CLASSE BASEVI;;Correlação exata (2022);DF 001 KM 6 VILA BASEVI</name>
        <address>SOBRADINHO;ESCOLA CLASSE BASEVI;;Correlação exata (2022);DF 001 KM 6 VILA BASEVI</address>
        <styleUrl>#icon-1899-0288D1-nodesc</styleUrl>
      </Placemark>
      <Placemark>
        <name>SOBRADINHO;ESCOLA CLASSE BOA VISTA;;Correlação exata (2022);ROD DF 205 OESTE KM 06 COMUNIDADE BOA VISTA</name>
        <address>SOBRADINHO;ESCOLA CLASSE BOA VISTA;;Correlação exata (2022);ROD DF 205 OESTE KM 06 COMUNIDADE BOA VISTA</address>
        <styleUrl>#icon-1899-0288D1-nodesc</styleUrl>
      </Placemark>
      <Placemark>
        <name>SOBRADINHO;ESCOLA CLASSE CATINGUEIRO;;Correlação exata (2022);DF 205 KM 13 ESTRADA SECUNDARIA</name>
        <address>SOBRADINHO;ESCOLA CLASSE CATINGUEIRO;;Correlação exata (2022);DF 205 KM 13 ESTRADA SECUNDARIA</address>
        <styleUrl>#icon-1899-0288D1-nodesc</styleUrl>
      </Placemark>
      <Placemark>
        <name>SOBRADINHO;ESCOLA CLASSE CORREGO DO ARROZAL;;Correlação exata (2022);BR 020 KM 13/14 NUCLEO RURAL CORREGO DO ARROZAL</name>
        <address>SOBRADINHO;ESCOLA CLASSE CORREGO DO ARROZAL;;Correlação exata (2022);BR 020 KM 13/14 NUCLEO RURAL CORREGO DO ARROZAL</address>
        <styleUrl>#icon-1899-0288D1-nodesc</styleUrl>
      </Placemark>
      <Placemark>
        <name>SOBRADINHO;ESCOLA CLASSE CORREGO DO OURO;;Correlação exata (2022);DF 205 FAZENDA CORREGO DO OURO</name>
        <address>SOBRADINHO;ESCOLA CLASSE CORREGO DO OURO;;Correlação exata (2022);DF 205 FAZENDA CORREGO DO OURO</address>
        <styleUrl>#icon-1899-0288D1-nodesc</styleUrl>
      </Placemark>
      <Placemark>
        <name>SOBRADINHO;ESCOLA CLASSE ENGENHO VELHO;;Correlação exata (2022);ROD DF 150 KM 12 CD ENGENHO VELHO</name>
        <address>SOBRADINHO;ESCOLA CLASSE ENGENHO VELHO;;Correlação exata (2022);ROD DF 150 KM 12 CD ENGENHO VELHO</address>
        <styleUrl>#icon-1899-0288D1-nodesc</styleUrl>
      </Placemark>
      <Placemark>
        <name>SOBRADINHO;ESCOLA CLASSE MORRO DO SANSAO;;Correlação exata (2022);FAZENDA SOBRADINHO PROX. AO POLO DE CINEMA</name>
        <address>SOBRADINHO;ESCOLA CLASSE MORRO DO SANSAO;;Correlação exata (2022);FAZENDA SOBRADINHO PROX. AO POLO DE CINEMA</address>
        <styleUrl>#icon-1899-0288D1-nodesc</styleUrl>
      </Placemark>
      <Placemark>
        <name>FERCAL;ESCOLA CLASSE RUA DO MATO;;Correlação exata (2022);DF 150 KM 11 CHACARA 4 ESTRADA DA FERCAL</name>
        <address>FERCAL;ESCOLA CLASSE RUA DO MATO;;Correlação exata (2022);DF 150 KM 11 CHACARA 4 ESTRADA DA FERCAL</address>
        <styleUrl>#icon-1899-0288D1-nodesc</styleUrl>
      </Placemark>
      <Placemark>
        <name>SOBRADINHO;ESCOLA CLASSE SANTA HELENA;;Correlação exata (2022);DF 001 GRANJA SANTA HELENA</name>
        <address>SOBRADINHO;ESCOLA CLASSE SANTA HELENA;;Correlação exata (2022);DF 001 GRANJA SANTA HELENA</address>
        <styleUrl>#icon-1899-0288D1-nodesc</styleUrl>
      </Placemark>
      <Placemark>
        <name>SOBRADINHO;INSTITUTO EDUCACIONAL SANTO ELIAS;;Correlação exata (2022);QUADRA 11 AREA RESERVADA 3</name>
        <address>SOBRADINHO;INSTITUTO EDUCACIONAL SANTO ELIAS;;Correlação exata (2022);QUADRA 11 AREA RESERVADA 3</address>
        <styleUrl>#icon-1899-0288D1-nodesc</styleUrl>
      </Placemark>
      <Placemark>
        <name>SOBRADINHO;INSTITUTO PEDAGOGICO CRESCER;;Correlação exata (2022);BR 020 KM 2 COND. GRAN VILLE</name>
        <address>SOBRADINHO;INSTITUTO PEDAGOGICO CRESCER;;Correlação exata (2022);BR 020 KM 2 COND. GRAN VILLE</address>
        <styleUrl>#icon-1899-0288D1-nodesc</styleUrl>
      </Placemark>
      <Placemark>
        <name>SOBRADINHO;UNIPROJEÇÃO;;Correlação exata (2022);ST.DE IND. DE SOB.</name>
      </Placemark>
      <Placemark>
        <name>PLANALTINA;CAIC ASSIS CHATEAUBRIAND;;Correlação exata (2022);AREA ESPECIAL 04 SRL</name>
        <address>PLANALTINA;CAIC ASSIS CHATEAUBRIAND;;Correlação exata (2022);AREA ESPECIAL 04 SRL</address>
        <styleUrl>#icon-1899-0288D1-nodesc</styleUrl>
      </Placemark>
      <Placemark>
        <name>PLANALTINA;CENTRO DE ENSINO ESPECIAL 01;;ADICIONADO - zona de 2022 ausente em 2026;SETOR EDUCACIONAL LT 01</name>
        <address>PLANALTINA;CENTRO DE ENSINO ESPECIAL 01;;ADICIONADO - zona de 2022 ausente em 2026;SETOR EDUCACIONAL LT 01</address>
        <styleUrl>#icon-1899-0288D1-nodesc</styleUrl>
      </Placemark>
      <Placemark>
        <name>PLANALTINA;CENTRO DE ENSINO FUNDAMENTAL 01;;Ambíguo - eleitorado DIVIDIDO entre zonas;SETOR EDUCACIONAL LT M</name>
        <address>PLANALTINA;CENTRO DE ENSINO FUNDAMENTAL 01;;Ambíguo - eleitorado DIVIDIDO entre zonas;SETOR EDUCACIONAL LT M</address>
        <styleUrl>#icon-1899-0288D1-nodesc</styleUrl>
      </Placemark>
      <Placemark>
        <name>PLANALTINA;CENTRO DE ENSINO FUNDAMENTAL 02;;Ambíguo - eleitorado DIVIDIDO entre zonas;AV. SÃO PAULO QD 52 LOTE B</name>
        <address>PLANALTINA;CENTRO DE ENSINO FUNDAMENTAL 02;;Ambíguo - eleitorado DIVIDIDO entre zonas;AV. SÃO PAULO QD 52 LOTE B</address>
        <styleUrl>#icon-1899-0288D1-nodesc</styleUrl>
      </Placemark>
      <Placemark>
        <name>ARAPOANGA;CENTRO DE ENSINO FUNDAMENTAL 02 DO ARAPOANGA;73368-564;OK - Endereço e zona confirmados;Quadra 21</name>
      </Placemark>
      <Placemark>
        <name>PLANALTINA;CENTRO DE ENSINO FUNDAMENTAL 03;;Ambíguo - melhor zona única identificada;EQ 10/20 CONJ H LOTE 01-BURITIS II</name>
        <address>PLANALTINA;CENTRO DE ENSINO FUNDAMENTAL 03;;Ambíguo - melhor zona única identificada;EQ 10/20 CONJ H LOTE 01-BURITIS II</address>
        <styleUrl>#icon-1899-0288D1-nodesc</styleUrl>
      </Placemark>
      <Placemark>
        <name>PLANALTINA;CENTRO DE ENSINO FUNDAMENTAL 04;;Ambíguo - eleitorado DIVIDIDO entre zonas;SETOR EDUCACIONAL LOTE C/D</name>
        <address>PLANALTINA;CENTRO DE ENSINO FUNDAMENTAL 04;;Ambíguo - eleitorado DIVIDIDO entre zonas;SETOR EDUCACIONAL LOTE C/D</address>
        <styleUrl>#icon-1899-0288D1-nodesc</styleUrl>
      </Placemark>
      <Placemark>
        <name>PLANALTINA;CENTRO DE ENSINO FUNDAMENTAL 04 (CCMDF);;OK - Endereço e zona confirmados;Setor Educacional</name>
        <address>PLANALTINA;CENTRO DE ENSINO FUNDAMENTAL 04 (CCMDF);;OK - Endereço e zona confirmados;Setor Educacional</address>
        <styleUrl>#icon-1899-0288D1-nodesc</styleUrl>
      </Placemark>
      <Placemark>
        <name>PLANALTINA;CENTRO DE ENSINO FUNDAMENTAL 08 DE PLANALTINA;;Correlação exata (2022);EQ 03/04 LOTE H-SRL</name>
        <address>PLANALTINA;CENTRO DE ENSINO FUNDAMENTAL 08 DE PLANALTINA;;Correlação exata (2022);EQ 03/04 LOTE H-SRL</address>
        <styleUrl>#icon-1899-0288D1-nodesc</styleUrl>
      </Placemark>
      <Placemark>
        <name>ARAPOANGA;CENTRO DE ENSINO FUNDAMENTAL ARAPOANGA;;Correlação exata (2022);ÁREA ESPECIAL COND. ARAPOANGA</name>
      </Placemark>
      <Placemark>
        <name>PLANALTINA;CENTRO DE ENSINO FUNDAMENTAL JK;;Correlação exata (2022);BR 020 MOD. 07 LOTES 16/19-COND. MESTRE DARMAS</name>
        <address>PLANALTINA;CENTRO DE ENSINO FUNDAMENTAL JK;;Correlação exata (2022);BR 020 MOD. 07 LOTES 16/19-COND. MESTRE DARMAS</address>
        <styleUrl>#icon-1899-0288D1-nodesc</styleUrl>
      </Placemark>
      <Placemark>
        <name>PLANALTINA;CENTRO DE ENSINO FUNDAMENTAL NOSSA SENHORA DE FÁTIMA;;Correlação exata (2022);AREA ESPECIAL 01 VNS DE FATIMA</name>
        <address>PLANALTINA;CENTRO DE ENSINO FUNDAMENTAL NOSSA SENHORA DE FÁTIMA;;Correlação exata (2022);AREA ESPECIAL 01 VNS DE FATIMA</address>
        <styleUrl>#icon-1899-0288D1-nodesc</styleUrl>
      </Placemark>
      <Placemark>
        <name>PLANALTINA;CENTRO DE ENSINO FUNDAMENTAL PIPIRIPAU II;;Correlação exata (2022);BR 020 DF 365 DF 017 NUCLEO RURAL PIPIRIPAU</name>
        <address>PLANALTINA;CENTRO DE ENSINO FUNDAMENTAL PIPIRIPAU II;;Correlação exata (2022);BR 020 DF 365 DF 017 NUCLEO RURAL PIPIRIPAU</address>
        <styleUrl>#icon-1899-0288D1-nodesc</styleUrl>
      </Placemark>
      <Placemark>
        <name>PLANALTINA;CENTRO DE ENSINO FUNDAMENTAL RIO PRETO;;Correlação exata (2022);DF 320 NÚCLEO RURAL RIO PRETO</name>
        <address>PLANALTINA;CENTRO DE ENSINO FUNDAMENTAL RIO PRETO;;Correlação exata (2022);DF 320 NÚCLEO RURAL RIO PRETO</address>
        <styleUrl>#icon-1899-0288D1-nodesc</styleUrl>
      </Placemark>
      <Placemark>
        <name>PLANALTINA;CENTRO DE ENSINO FUNDAMENTAL SÃO JOSÉ;;Correlação exata (2022);DF 250 NUCLEO RURAL SÃO JOSÉ</name>
        <address>PLANALTINA;CENTRO DE ENSINO FUNDAMENTAL SÃO JOSÉ;;Correlação exata (2022);DF 250 NUCLEO RURAL SÃO JOSÉ</address>
        <styleUrl>#icon-1899-0288D1-nodesc</styleUrl>
      </Placemark>
      <Placemark>
        <name>PLANALTINA;CENTRO DE ENSINO MÉDIO 02;;Correlação exata (2022);SETOR EDUCACIONAL LOTES J/L</name>
        <address>PLANALTINA;CENTRO DE ENSINO MÉDIO 02;;Correlação exata (2022);SETOR EDUCACIONAL LOTES J/L</address>
        <styleUrl>#icon-1899-0288D1-nodesc</styleUrl>
      </Placemark>
      <Placemark>
        <name>PLANALTINA;CENTRO EDUCACIONAL 03;;Ambíguo - melhor zona única identificada;EQ 02/03 SETOR RESIDENCIAL NORTE</name>
        <address>PLANALTINA;CENTRO EDUCACIONAL 03;;Ambíguo - melhor zona única identificada;EQ 02/03 SETOR RESIDENCIAL NORTE</address>
        <styleUrl>#icon-1899-0288D1-nodesc</styleUrl>
      </Placemark>
      <Placemark>
        <name>PLANALTINA;CENTRO EDUCACIONAL DELTA;;Correlação exata (2022);QUADRA 01 CONJ. F LOTES 21/31</name>
        <address>PLANALTINA;CENTRO EDUCACIONAL DELTA;;Correlação exata (2022);QUADRA 01 CONJ. F LOTES 21/31</address>
        <styleUrl>#icon-1899-0288D1-nodesc</styleUrl>
      </Placemark>
      <Placemark>
        <name>ARAPOANGA;CENTRO EDUCACIONAL DONA AMÉRICA GUIMARÃES;;Correlação exata (2022);Q. 10K CONJ.C - ÁREA ESPECIAL - ST. HAB. ARAPOANGA</name>
        <address>ARAPOANGA;CENTRO EDUCACIONAL DONA AMÉRICA GUIMARÃES;;Correlação exata (2022);Q. 10K CONJ.C - ÁREA ESPECIAL - ST. HAB. ARAPOANGA</address>
        <styleUrl>#icon-1899-0288D1-nodesc</styleUrl>
      </Placemark>
      <Placemark>
        <name>PLANALTINA;CENTRO EDUCACIONAL ESTÂNCIA III - CCMDF;;OK - Endereço e zona confirmados;Módulo 01</name>
        <address>PLANALTINA;CENTRO EDUCACIONAL ESTÂNCIA III - CCMDF;;OK - Endereço e zona confirmados;Módulo 01</address>
        <styleUrl>#icon-1899-0288D1-nodesc</styleUrl>
      </Placemark>
      <Placemark>
        <name>PLANALTINA;CENTRO EDUCACIONAL OSORIO BACCHIN;;Correlação exata (2022);GLEBA G LOTE 22 NÚCLEO RURAL JARDIM MORUMBI</name>
        <address>PLANALTINA;CENTRO EDUCACIONAL OSORIO BACCHIN;;Correlação exata (2022);GLEBA G LOTE 22 NÚCLEO RURAL JARDIM MORUMBI</address>
        <styleUrl>#icon-1899-0288D1-nodesc</styleUrl>
      </Placemark>
      <Placemark>
        <name>PLANALTINA;CENTRO EDUCACIONAL POMPILIO MARQUES DE SOUZA;;Correlação exata (2022);COND. MESTRE DARMAS MOD 1 LOTE 13</name>
        <address>PLANALTINA;CENTRO EDUCACIONAL POMPILIO MARQUES DE SOUZA;;Correlação exata (2022);COND. MESTRE DARMAS MOD 1 LOTE 13</address>
        <styleUrl>#icon-1899-0288D1-nodesc</styleUrl>
      </Placemark>
      <Placemark>
        <name>PLANALTINA;CENTRO EDUCACIONAL STELLA DOS CHERUBINS GUIMARÃES TROIS;;Correlação exata (2022);RUA HUGO LOBO QD 97 AREA ESPECIAL</name>
        <address>PLANALTINA;CENTRO EDUCACIONAL STELLA DOS CHERUBINS GUIMARÃES TROIS;;Correlação exata (2022);RUA HUGO LOBO QD 97 AREA ESPECIAL</address>
        <styleUrl>#icon-1899-0288D1-nodesc</styleUrl>
      </Placemark>
      <Placemark>
        <name>PLANALTINA;CENTRO EDUCACIONAL TAQUARA;;Correlação exata (2022);BR 020 DF 019 NUCLEO RURAL TAQUARA</name>
        <address>PLANALTINA;CENTRO EDUCACIONAL TAQUARA;;Correlação exata (2022);BR 020 DF 019 NUCLEO RURAL TAQUARA</address>
        <styleUrl>#icon-1899-0288D1-nodesc</styleUrl>
      </Placemark>
      <Placemark>
        <name>PLANALTINA;CENTRO EDUCACIONAL VALE DO AMANHECER;;Correlação exata (2022);AE 03 LOTE 01-VILA PACHECO</name>
        <address>PLANALTINA;CENTRO EDUCACIONAL VALE DO AMANHECER;;Correlação exata (2022);AE 03 LOTE 01-VILA PACHECO</address>
        <styleUrl>#icon-1899-0288D1-nodesc</styleUrl>
      </Placemark>
      <Placemark>
        <name>PLANALTINA;CENTRO EDUCACIONAL VARZEAS;;Correlação exata (2022);DF 120 NÚCLEO RURAL TABATINGA</name>
        <address>PLANALTINA;CENTRO EDUCACIONAL VARZEAS;;Correlação exata (2022);DF 120 NÚCLEO RURAL TABATINGA</address>
        <styleUrl>#icon-1899-0288D1-nodesc</styleUrl>
      </Placemark>
      <Placemark>
        <name>PLANALTINA;ESCOLA CLASSE 01;;Ambíguo - eleitorado DIVIDIDO entre zonas;AV. INDEPENDÊNCIA 102</name>
        <address>PLANALTINA;ESCOLA CLASSE 01;;Ambíguo - eleitorado DIVIDIDO entre zonas;AV. INDEPENDÊNCIA 102</address>
        <styleUrl>#icon-1899-0288D1-nodesc</styleUrl>
      </Placemark>
      <Placemark>
        <name>ARAPOANGA;ESCOLA CLASSE 01 DO ARAPOANGA;;Correlação exata (2022);EQ 15/16 CONJ. I AREA ESPECIAL-ARAPOANGA</name>
      </Placemark>
      <Placemark>
        <name>PLANALTINA;ESCOLA CLASSE 03;;Ambíguo - eleitorado DIVIDIDO entre zonas;Q.1/2 PROJEÇÃO G-SRL</name>
        <address>PLANALTINA;ESCOLA CLASSE 03;;Ambíguo - eleitorado DIVIDIDO entre zonas;Q.1/2 PROJEÇÃO G-SRL</address>
        <styleUrl>#icon-1899-0288D1-nodesc</styleUrl>
      </Placemark>
      <Placemark>
        <name>PLANALTINA;ESCOLA CLASSE 04;;Ambíguo - eleitorado DIVIDIDO entre zonas;EQ 3/4 PROJEÇÃO G SRL</name>
        <address>PLANALTINA;ESCOLA CLASSE 04;;Ambíguo - eleitorado DIVIDIDO entre zonas;EQ 3/4 PROJEÇÃO G SRL</address>
        <styleUrl>#icon-1899-0288D1-nodesc</styleUrl>
      </Placemark>
      <Placemark>
        <name>PLANALTINA;ESCOLA CLASSE 05;;Ambíguo - eleitorado DIVIDIDO entre zonas;AV. CONTORNO Q. 17-VILA VICENTINA</name>
        <address>PLANALTINA;ESCOLA CLASSE 05;;Ambíguo - eleitorado DIVIDIDO entre zonas;AV. CONTORNO Q. 17-VILA VICENTINA</address>
        <styleUrl>#icon-1899-0288D1-nodesc</styleUrl>
      </Placemark>
      <Placemark>
        <name>PLANALTINA;ESCOLA CLASSE 06;;Ambíguo - eleitorado DIVIDIDO entre zonas;EQ 05/06 LOTE G-SRL</name>
        <address>PLANALTINA;ESCOLA CLASSE 06;;Ambíguo - eleitorado DIVIDIDO entre zonas;EQ 05/06 LOTE G-SRL</address>
        <styleUrl>#icon-1899-0288D1-nodesc</styleUrl>
      </Placemark>
      <Placemark>
        <name>PLANALTINA;ESCOLA CLASSE 07;;Ambíguo - eleitorado DIVIDIDO entre zonas;QUADRA 45 BAIRRO NOSSA SRA FÁTIMA</name>
        <address>PLANALTINA;ESCOLA CLASSE 07;;Ambíguo - eleitorado DIVIDIDO entre zonas;QUADRA 45 BAIRRO NOSSA SRA FÁTIMA</address>
        <styleUrl>#icon-1899-0288D1-nodesc</styleUrl>
      </Placemark>
      <Placemark>
        <name>PLANALTINA;ESCOLA CLASSE 09;;ADICIONADO - zona de 2022 ausente em 2026;LOTE 01 VIA WL 01-SRN</name>
        <address>PLANALTINA;ESCOLA CLASSE 09;;ADICIONADO - zona de 2022 ausente em 2026;LOTE 01 VIA WL 01-SRN</address>
        <styleUrl>#icon-1899-0288D1-nodesc</styleUrl>
      </Placemark>
      <Placemark>
        <name>PLANALTINA;ESCOLA CLASSE 11;;Ambíguo - melhor zona única identificada;EQ 4/5 SETOR RESIDENCIAL NORTE</name>
        <address>PLANALTINA;ESCOLA CLASSE 11;;Ambíguo - melhor zona única identificada;EQ 4/5 SETOR RESIDENCIAL NORTE</address>
        <styleUrl>#icon-1899-0288D1-nodesc</styleUrl>
      </Placemark>
      <Placemark>
        <name>PLANALTINA;ESCOLA CLASSE 13;;Ambíguo - eleitorado DIVIDIDO entre zonas;EQ 6/7 SETOR RESIDENCIAL NORTE</name>
        <address>PLANALTINA;ESCOLA CLASSE 13;;Ambíguo - eleitorado DIVIDIDO entre zonas;EQ 6/7 SETOR RESIDENCIAL NORTE</address>
        <styleUrl>#icon-1899-0288D1-nodesc</styleUrl>
      </Placemark>
      <Placemark>
        <name>PLANALTINA;ESCOLA CLASSE 14;;Ambíguo - eleitorado DIVIDIDO entre zonas;QD 13 CONJ A LT 01 BURITIS III</name>
        <address>PLANALTINA;ESCOLA CLASSE 14;;Ambíguo - eleitorado DIVIDIDO entre zonas;QD 13 CONJ A LT 01 BURITIS III</address>
        <styleUrl>#icon-1899-0288D1-nodesc</styleUrl>
      </Placemark>
      <Placemark>
        <name>PLANALTINA;ESCOLA CLASSE 15;;Ambíguo - eleitorado DIVIDIDO entre zonas;ESTÂNCIA NOVA PLANALTINA QUADRA 01 ÁREA ESPECIAL</name>
        <address>PLANALTINA;ESCOLA CLASSE 15;;Ambíguo - eleitorado DIVIDIDO entre zonas;ESTÂNCIA NOVA PLANALTINA QUADRA 01 ÁREA ESPECIAL</address>
        <styleUrl>#icon-1899-0288D1-nodesc</styleUrl>
      </Placemark>
      <Placemark>
        <name>PLANALTINA;ESCOLA CLASSE 16;;Ambíguo - eleitorado DIVIDIDO entre zonas;COND. NOVA PLANALTINA Q. 01 RUA A ÁREA ESPECIAL</name>
        <address>PLANALTINA;ESCOLA CLASSE 16;;Ambíguo - eleitorado DIVIDIDO entre zonas;COND. NOVA PLANALTINA Q. 01 RUA A ÁREA ESPECIAL</address>
        <styleUrl>#icon-1899-0288D1-nodesc</styleUrl>
      </Placemark>
      <Placemark>
        <name>PLANALTINA;ESCOLA CLASSE ALTAMIR;;Correlação exata (2022);DF 128 KM 8 BICA DO DER</name>
        <address>PLANALTINA;ESCOLA CLASSE ALTAMIR;;Correlação exata (2022);DF 128 KM 8 BICA DO DER</address>
        <styleUrl>#icon-1899-0288D1-nodesc</styleUrl>
      </Placemark>
      <Placemark>
        <name>PLANALTINA;ESCOLA CLASSE APRODARMAS;;Correlação exata (2022);FAZENDA MESTRE DARMAS</name>
        <address>PLANALTINA;ESCOLA CLASSE APRODARMAS;;Correlação exata (2022);FAZENDA MESTRE DARMAS</address>
        <styleUrl>#icon-1899-0288D1-nodesc</styleUrl>
      </Placemark>
      <Placemark>
        <name>PLANALTINA;ESCOLA CLASSE ESTÂNCIA;;Correlação exata (2022);DF 14 LT 63/67 COND. ESTÂNCIA PLANALTINA</name>
        <address>PLANALTINA;ESCOLA CLASSE ESTÂNCIA;;Correlação exata (2022);DF 14 LT 63/67 COND. ESTÂNCIA PLANALTINA</address>
        <styleUrl>#icon-1899-0288D1-nodesc</styleUrl>
      </Placemark>
      <Placemark>
        <name>PLANALTINA;ESCOLA CLASSE ETA 44;;Correlação exata (2022);BR 020 KM 18 NUCLEO EXPERIMENTAL EMBRAPA</name>
        <address>PLANALTINA;ESCOLA CLASSE ETA 44;;Correlação exata (2022);BR 020 KM 18 NUCLEO EXPERIMENTAL EMBRAPA</address>
        <styleUrl>#icon-1899-0288D1-nodesc</styleUrl>
      </Placemark>
      <Placemark>
        <name><![CDATA[PLANALTINA;ESCOLA CLASSE MESTRE D'ARMAS;;OK - Endereço e zona confirmados;CR 02]]></name>
        <address><![CDATA[PLANALTINA;ESCOLA CLASSE MESTRE D'ARMAS;;OK - Endereço e zona confirmados;CR 02]]></address>
        <styleUrl>#icon-1899-0288D1-nodesc</styleUrl>
      </Placemark>
      <Placemark>
        <name>PLANALTINA;ESCOLA CLASSE MONJOLO;;Correlação exata (2022);BR 020 DF 335 FAZENDA MONJOLO</name>
        <address>PLANALTINA;ESCOLA CLASSE MONJOLO;;Correlação exata (2022);BR 020 DF 335 FAZENDA MONJOLO</address>
        <styleUrl>#icon-1899-0288D1-nodesc</styleUrl>
      </Placemark>
      <Placemark>
        <name>PLANALTINA;ESCOLA CLASSE PARANA;;Correlação exata (2022);EQ 01/02 LOTE H-SRL</name>
        <address>PLANALTINA;ESCOLA CLASSE PARANA;;Correlação exata (2022);EQ 01/02 LOTE H-SRL</address>
        <styleUrl>#icon-1899-0288D1-nodesc</styleUrl>
      </Placemark>
      <Placemark>
        <name>PLANALTINA;ESCOLA CLASSE RAJADINHA;;Correlação exata (2022);DF 006 NÚCLEO RURAL RAJADINHA</name>
        <address>PLANALTINA;ESCOLA CLASSE RAJADINHA;;Correlação exata (2022);DF 006 NÚCLEO RURAL RAJADINHA</address>
        <styleUrl>#icon-1899-0288D1-nodesc</styleUrl>
      </Placemark>
      <Placemark>
        <name>PLANALTINA;ESCOLA CLASSE SANTOS DUMONT;;Correlação exata (2022);DF 130 KM 18-NÚCLEO RURAL SANTOS DUMONT</name>
        <address>PLANALTINA;ESCOLA CLASSE SANTOS DUMONT;;Correlação exata (2022);DF 130 KM 18-NÚCLEO RURAL SANTOS DUMONT</address>
        <styleUrl>#icon-1899-0288D1-nodesc</styleUrl>
      </Placemark>
      <Placemark>
        <name>PLANALTINA;ESCOLA CLASSE VALE DO SOL;;Correlação exata (2022);COND VALE DO SOL DF 134 AREA ESPECIAL LT 1/6</name>
        <address>PLANALTINA;ESCOLA CLASSE VALE DO SOL;;Correlação exata (2022);COND VALE DO SOL DF 134 AREA ESPECIAL LT 1/6</address>
        <styleUrl>#icon-1899-0288D1-nodesc</styleUrl>
      </Placemark>
      <Placemark>
        <name>PLANALTINA;ESCOLA TÉCNICA DE SAÚDE DE PLANALTINA;;Correlação exata (2022);ENTRE AV. CONTORNO/AV. INDEPENDÊNCIA - SETOR HOSPITALAR</name>
        <address>PLANALTINA;ESCOLA TÉCNICA DE SAÚDE DE PLANALTINA;;Correlação exata (2022);ENTRE AV. CONTORNO/AV. INDEPENDÊNCIA - SETOR HOSPITALAR</address>
        <styleUrl>#icon-1899-0288D1-nodesc</styleUrl>
      </Placemark>
      <Placemark>
        <name>CEILÂNDIA;CENTRO DE ENSINO 10;;Correlação exata (2022);EQNN 23/25</name>
        <address>CEILÂNDIA;CENTRO DE ENSINO 10;;Correlação exata (2022);EQNN 23/25</address>
        <styleUrl>#icon-1899-0288D1-nodesc</styleUrl>
      </Placemark>
      <Placemark>
        <name>CEILÂNDIA;CENTRO DE ENSINO 16;;Correlação exata (2022);EQNM 22/24</name>
        <address>CEILÂNDIA;CENTRO DE ENSINO 16;;Correlação exata (2022);EQNM 22/24</address>
        <styleUrl>#icon-1899-0288D1-nodesc</styleUrl>
      </Placemark>
      <Placemark>
        <name>CEILÂNDIA;CENTRO DE ENSINO 20;;Correlação exata (2022);EQNM 08/10</name>
        <address>CEILÂNDIA;CENTRO DE ENSINO 20;;Correlação exata (2022);EQNM 08/10</address>
        <styleUrl>#icon-1899-0288D1-nodesc</styleUrl>
      </Placemark>
      <Placemark>
        <name>CEILÂNDIA;CENTRO DE ENSINO 23-(CENTRO EDUCACIONAL 11);;Correlação exata (2022);EQNP 05/01 - SETOR P NORTE</name>
        <address>CEILÂNDIA;CENTRO DE ENSINO 23-(CENTRO EDUCACIONAL 11);;Correlação exata (2022);EQNP 05/01 - SETOR P NORTE</address>
        <styleUrl>#icon-1899-0288D1-nodesc</styleUrl>
      </Placemark>
      <Placemark>
        <name>CEILÂNDIA;CENTRO DE ENSINO FUNDAMENTAL 02;;Ambíguo - eleitorado DIVIDIDO entre zonas;EQNM 01/03</name>
        <address>CEILÂNDIA;CENTRO DE ENSINO FUNDAMENTAL 02;;Ambíguo - eleitorado DIVIDIDO entre zonas;EQNM 01/03</address>
        <styleUrl>#icon-1899-0288D1-nodesc</styleUrl>
      </Placemark>
      <Placemark>
        <name>CEILÂNDIA;CENTRO DE ENSINO FUNDAMENTAL 04;;Ambíguo - eleitorado DIVIDIDO entre zonas;EQNM 21/23</name>
        <address>CEILÂNDIA;CENTRO DE ENSINO FUNDAMENTAL 04;;Ambíguo - eleitorado DIVIDIDO entre zonas;EQNM 21/23</address>
        <styleUrl>#icon-1899-0288D1-nodesc</styleUrl>
      </Placemark>
      <Placemark>
        <name>CEILÂNDIA;CENTRO DE ENSINO FUNDAMENTAL 07;;Ambíguo - eleitorado DIVIDIDO entre zonas;EQNM 05/07</name>
        <address>CEILÂNDIA;CENTRO DE ENSINO FUNDAMENTAL 07;;Ambíguo - eleitorado DIVIDIDO entre zonas;EQNM 05/07</address>
        <styleUrl>#icon-1899-0288D1-nodesc</styleUrl>
      </Placemark>
      <Placemark>
        <name>CEILÂNDIA;CENTRO DE ENSINO MARIA DO ROSARIO G.SILVA;;Correlação exata (2022);EQNN 21/23</name>
        <address>CEILÂNDIA;CENTRO DE ENSINO MARIA DO ROSARIO G.SILVA;;Correlação exata (2022);EQNN 21/23</address>
        <styleUrl>#icon-1899-0288D1-nodesc</styleUrl>
      </Placemark>
      <Placemark>
        <name>CEILÂNDIA;CENTRO DE ENSINO MEDIO 03;;Correlação exata (2022);QNM 13 A.E</name>
        <address>CEILÂNDIA;CENTRO DE ENSINO MEDIO 03;;Correlação exata (2022);QNM 13 A.E</address>
        <styleUrl>#icon-1899-0288D1-nodesc</styleUrl>
      </Placemark>
      <Placemark>
        <name>CEILÂNDIA;CENTRO EDUCACIONAL 02;;ADICIONADO - zona de 2022 ausente em 2026;QNM 14</name>
        <address>CEILÂNDIA;CENTRO EDUCACIONAL 02;;ADICIONADO - zona de 2022 ausente em 2026;QNM 14</address>
        <styleUrl>#icon-1899-0288D1-nodesc</styleUrl>
      </Placemark>
      <Placemark>
        <name>CEILÂNDIA;CENTRO EDUCACIONAL 05-(CEF 25);;Correlação exata (2022);QNP 09 - SETOR P NORTE</name>
        <address>CEILÂNDIA;CENTRO EDUCACIONAL 05-(CEF 25);;Correlação exata (2022);QNP 09 - SETOR P NORTE</address>
        <styleUrl>#icon-1899-0288D1-nodesc</styleUrl>
      </Placemark>
      <Placemark>
        <name>CEILÂNDIA;CENTRO EDUCACIONAL 07;;Ambíguo - eleitorado DIVIDIDO entre zonas;QNN 13</name>
        <address>CEILÂNDIA;CENTRO EDUCACIONAL 07;;Ambíguo - eleitorado DIVIDIDO entre zonas;QNN 13</address>
        <styleUrl>#icon-1899-0288D1-nodesc</styleUrl>
      </Placemark>
      <Placemark>
        <name>CEILÂNDIA;ESCOLA CLASSE 01;;Ambíguo - eleitorado DIVIDIDO entre zonas;EQNM 23/25</name>
        <address>CEILÂNDIA;ESCOLA CLASSE 01;;Ambíguo - eleitorado DIVIDIDO entre zonas;EQNM 23/25</address>
        <styleUrl>#icon-1899-0288D1-nodesc</styleUrl>
      </Placemark>
      <Placemark>
        <name>CEILÂNDIA;ESCOLA CLASSE 02;;ADICIONADO - zona de 2022 ausente em 2026;EQNM 19/21</name>
        <address>CEILÂNDIA;ESCOLA CLASSE 02;;ADICIONADO - zona de 2022 ausente em 2026;EQNM 19/21</address>
        <styleUrl>#icon-1899-0288D1-nodesc</styleUrl>
      </Placemark>
      <Placemark>
        <name>CEILÂNDIA;ESCOLA CLASSE 03;;Ambíguo - eleitorado DIVIDIDO entre zonas;EQNM 18/20</name>
        <address>CEILÂNDIA;ESCOLA CLASSE 03;;Ambíguo - eleitorado DIVIDIDO entre zonas;EQNM 18/20</address>
        <styleUrl>#icon-1899-0288D1-nodesc</styleUrl>
      </Placemark>
      <Placemark>
        <name>CEILÂNDIA;ESCOLA CLASSE 06;;Ambíguo - eleitorado DIVIDIDO entre zonas;EQNM 04/06</name>
        <address>CEILÂNDIA;ESCOLA CLASSE 06;;Ambíguo - eleitorado DIVIDIDO entre zonas;EQNM 04/06</address>
        <styleUrl>#icon-1899-0288D1-nodesc</styleUrl>
      </Placemark>
      <Placemark>
        <name>CEILÂNDIA;ESCOLA CLASSE 07 ( CEF 35 );;Correlação exata (2022);EQNN 01/03</name>
        <address>CEILÂNDIA;ESCOLA CLASSE 07 ( CEF 35 );;Correlação exata (2022);EQNN 01/03</address>
        <styleUrl>#icon-1899-0288D1-nodesc</styleUrl>
      </Placemark>
      <Placemark>
        <name>CEILÂNDIA;ESCOLA CLASSE 08;;Ambíguo - eleitorado DIVIDIDO entre zonas;EQNN 05/07</name>
        <address>CEILÂNDIA;ESCOLA CLASSE 08;;Ambíguo - eleitorado DIVIDIDO entre zonas;EQNN 05/07</address>
        <styleUrl>#icon-1899-0288D1-nodesc</styleUrl>
      </Placemark>
      <Placemark>
        <name>CEILÂNDIA;ESCOLA CLASSE 10;;ADICIONADO - zona de 2022 ausente em 2026;EQNM 02/04</name>
        <address>CEILÂNDIA;ESCOLA CLASSE 10;;ADICIONADO - zona de 2022 ausente em 2026;EQNM 02/04</address>
        <styleUrl>#icon-1899-0288D1-nodesc</styleUrl>
      </Placemark>
      <Placemark>
        <name>CEILÂNDIA;ESCOLA CLASSE 11;;ADICIONADO - zona de 2022 ausente em 2026;EQNM 06/08</name>
        <address>CEILÂNDIA;ESCOLA CLASSE 11;;ADICIONADO - zona de 2022 ausente em 2026;EQNM 06/08</address>
        <styleUrl>#icon-1899-0288D1-nodesc</styleUrl>
      </Placemark>
      <Placemark>
        <name>CEILÂNDIA;ESCOLA CLASSE 12;;Ambíguo - eleitorado DIVIDIDO entre zonas;EQNM 20/22</name>
        <address>CEILÂNDIA;ESCOLA CLASSE 12;;Ambíguo - eleitorado DIVIDIDO entre zonas;EQNM 20/22</address>
        <styleUrl>#icon-1899-0288D1-nodesc</styleUrl>
      </Placemark>
      <Placemark>
        <name>CEILÂNDIA;ESCOLA CLASSE 13;;Ambíguo - eleitorado DIVIDIDO entre zonas;EQNM 24/26</name>
        <address>CEILÂNDIA;ESCOLA CLASSE 13;;Ambíguo - eleitorado DIVIDIDO entre zonas;EQNM 24/26</address>
        <styleUrl>#icon-1899-0288D1-nodesc</styleUrl>
      </Placemark>
      <Placemark>
        <name>CEILÂNDIA;ESCOLA CLASSE 15;;Ambíguo - eleitorado DIVIDIDO entre zonas;EQNN 08/10</name>
        <address>CEILÂNDIA;ESCOLA CLASSE 15;;Ambíguo - eleitorado DIVIDIDO entre zonas;EQNN 08/10</address>
        <styleUrl>#icon-1899-0288D1-nodesc</styleUrl>
      </Placemark>
      <Placemark>
        <name>CEILÂNDIA;ESCOLA CLASSE 18;;Correlação exata (2022);EQNM 03/05</name>
        <address>CEILÂNDIA;ESCOLA CLASSE 18;;Correlação exata (2022);EQNM 03/05</address>
        <styleUrl>#icon-1899-0288D1-nodesc</styleUrl>
      </Placemark>
      <Placemark>
        <name>CEILÂNDIA;ESCOLA CLASSE 19;;Correlação exata (2022);EQNM 07/09</name>
        <address>CEILÂNDIA;ESCOLA CLASSE 19;;Correlação exata (2022);EQNM 07/09</address>
        <styleUrl>#icon-1899-0288D1-nodesc</styleUrl>
      </Placemark>
      <Placemark>
        <name>CEILÂNDIA;ESCOLA CLASSE 20;;Correlação exata (2022);EQNN 02/04</name>
        <address>CEILÂNDIA;ESCOLA CLASSE 20;;Correlação exata (2022);EQNN 02/04</address>
        <styleUrl>#icon-1899-0288D1-nodesc</styleUrl>
      </Placemark>
      <Placemark>
        <name>CEILÂNDIA;ESCOLA CLASSE 21;;Correlação exata (2022);EQNN 04/06</name>
        <address>CEILÂNDIA;ESCOLA CLASSE 21;;Correlação exata (2022);EQNN 04/06</address>
        <styleUrl>#icon-1899-0288D1-nodesc</styleUrl>
      </Placemark>
      <Placemark>
        <name>CEILÂNDIA;ESCOLA CLASSE 22;;Correlação exata (2022);EQNN 06/08</name>
        <address>CEILÂNDIA;ESCOLA CLASSE 22;;Correlação exata (2022);EQNN 06/08</address>
        <styleUrl>#icon-1899-0288D1-nodesc</styleUrl>
      </Placemark>
      <Placemark>
        <name>CEILÂNDIA;ESCOLA CLASSE 26;;Correlação exata (2022);EQNN 03/05</name>
        <address>CEILÂNDIA;ESCOLA CLASSE 26;;Correlação exata (2022);EQNN 03/05</address>
        <styleUrl>#icon-1899-0288D1-nodesc</styleUrl>
      </Placemark>
      <Placemark>
        <name>CEILÂNDIA;ESCOLA CLASSE 27;;Correlação exata (2022);EQNN 07/09</name>
        <address>CEILÂNDIA;ESCOLA CLASSE 27;;Correlação exata (2022);EQNN 07/09</address>
        <styleUrl>#icon-1899-0288D1-nodesc</styleUrl>
      </Placemark>
      <Placemark>
        <name>CEILÂNDIA;ESCOLA CLASSE 28;;Ambíguo - melhor zona única identificada;EQNN 17/19</name>
        <address>CEILÂNDIA;ESCOLA CLASSE 28;;Ambíguo - melhor zona única identificada;EQNN 17/19</address>
        <styleUrl>#icon-1899-0288D1-nodesc</styleUrl>
      </Placemark>
      <Placemark>
        <name>CEILÂNDIA;ESCOLA CLASSE 29;;Ambíguo - eleitorado DIVIDIDO entre zonas;EQNN 19/21</name>
        <address>CEILÂNDIA;ESCOLA CLASSE 29;;Ambíguo - eleitorado DIVIDIDO entre zonas;EQNN 19/21</address>
        <styleUrl>#icon-1899-0288D1-nodesc</styleUrl>
      </Placemark>
      <Placemark>
        <name>CEILÂNDIA;ESCOLA CLASSE 35;;Correlação exata (2022);EQNP 13/09 - SETOR P NORTE</name>
        <address>CEILÂNDIA;ESCOLA CLASSE 35;;Correlação exata (2022);EQNP 13/09 - SETOR P NORTE</address>
        <styleUrl>#icon-1899-0288D1-nodesc</styleUrl>
      </Placemark>
      <Placemark>
        <name>CEILÂNDIA;ESCOLA CLASSE 36;;Correlação exata (2022);EQNP 05/09</name>
        <address>CEILÂNDIA;ESCOLA CLASSE 36;;Correlação exata (2022);EQNP 05/09</address>
        <styleUrl>#icon-1899-0288D1-nodesc</styleUrl>
      </Placemark>
      <Placemark>
        <name>CEILÂNDIA;ESCOLA CLASSE 39;;Correlação exata (2022);EQNP 15/11 - SETOR P NORTE</name>
        <address>CEILÂNDIA;ESCOLA CLASSE 39;;Correlação exata (2022);EQNP 15/11 - SETOR P NORTE</address>
        <styleUrl>#icon-1899-0288D1-nodesc</styleUrl>
      </Placemark>
      <Placemark>
        <name>CEILÂNDIA;ESCOLA CLASSE 40;;Correlação exata (2022);EQNP 11/07 - SETOR P NORTE</name>
        <address>CEILÂNDIA;ESCOLA CLASSE 40;;Correlação exata (2022);EQNP 11/07 - SETOR P NORTE</address>
        <styleUrl>#icon-1899-0288D1-nodesc</styleUrl>
      </Placemark>
      <Placemark>
        <name>CEILÂNDIA;ESCOLA NORMAL DE CEILANDIA;;Correlação exata (2022);EQNM 17/19</name>
        <address>CEILÂNDIA;ESCOLA NORMAL DE CEILANDIA;;Correlação exata (2022);EQNM 17/19</address>
        <styleUrl>#icon-1899-0288D1-nodesc</styleUrl>
      </Placemark>
      <Placemark>
        <name>CEILÂNDIA;INSTITUTO DE ENSINO SUPERIOR DE BRASÍLIA-IESB;;Correlação exata (2022);QNN 31 ÀREA ESPECIAL</name>
        <address>CEILÂNDIA;INSTITUTO DE ENSINO SUPERIOR DE BRASÍLIA-IESB;;Correlação exata (2022);QNN 31 ÀREA ESPECIAL</address>
        <styleUrl>#icon-1899-0288D1-nodesc</styleUrl>
      </Placemark>
      <Placemark>
        <name>GUARÁ;CENTRO DE ENSINO ESPECIAL 1;;Correlação exata (2022);QE 20 LT A AREA ESPECIAL</name>
        <address>GUARÁ;CENTRO DE ENSINO ESPECIAL 1;;Correlação exata (2022);QE 20 LT A AREA ESPECIAL</address>
        <styleUrl>#icon-1899-0288D1-nodesc</styleUrl>
      </Placemark>
      <Placemark>
        <name>SCIA/ESTRUTURAL;CENTRO DE ENSINO FUNDAMENTAL 02 - VILA ESTRUTURAL;;Correlação exata (2022);QD 02 AE CONJUNTO 01/02</name>
        <address>SCIA/ESTRUTURAL;CENTRO DE ENSINO FUNDAMENTAL 02 - VILA ESTRUTURAL;;Correlação exata (2022);QD 02 AE CONJUNTO 01/02</address>
        <styleUrl>#icon-1899-0288D1-nodesc</styleUrl>
      </Placemark>
      <Placemark>
        <name>GUARÁ;CENTRO DE ENSINO FUNDAMENTAL 1;;Ambíguo - eleitorado DIVIDIDO entre zonas;QE 4 AE J</name>
      </Placemark>
      <Placemark>
        <name>GUARÁ;CENTRO DE ENSINO FUNDAMENTAL 10;;Correlação exata (2022);QE 46 AE 05</name>
        <address>GUARÁ;CENTRO DE ENSINO FUNDAMENTAL 10;;Correlação exata (2022);QE 46 AE 05</address>
        <styleUrl>#icon-1899-0288D1-nodesc</styleUrl>
      </Placemark>
      <Placemark>
        <name>GUARÁ;CENTRO DE ENSINO FUNDAMENTAL 2;;Correlação exata (2022);QE 7 AE Q</name>
        <address>GUARÁ;CENTRO DE ENSINO FUNDAMENTAL 2;;Correlação exata (2022);QE 7 AE Q</address>
        <styleUrl>#icon-1899-0288D1-nodesc</styleUrl>
      </Placemark>
      <Placemark>
        <name>GUARÁ;CENTRO DE ENSINO FUNDAMENTAL 4;;Correlação exata (2022);QE 12 AE A</name>
        <address>GUARÁ;CENTRO DE ENSINO FUNDAMENTAL 4;;Correlação exata (2022);QE 12 AE A</address>
        <styleUrl>#icon-1899-0288D1-nodesc</styleUrl>
      </Placemark>
      <Placemark>
        <name>GUARÁ;CENTRO DE ENSINO FUNDAMENTAL 5;;Correlação exata (2022);EQ 32/34 LT B - AE</name>
      </Placemark>
      <Placemark>
        <name>GUARÁ;CENTRO DE ENSINO FUNDAMENTAL 8;;Correlação exata (2022);EQ 13/15 AE B</name>
        <address>GUARÁ;CENTRO DE ENSINO FUNDAMENTAL 8;;Correlação exata (2022);EQ 13/15 AE B</address>
        <styleUrl>#icon-1899-0288D1-nodesc</styleUrl>
      </Placemark>
      <Placemark>
        <name>GUARÁ;CENTRO EDUCACIONAL 1;;Correlação exata (2022);EQ 34/36 AE B</name>
        <address>GUARÁ;CENTRO EDUCACIONAL 1;;Correlação exata (2022);EQ 34/36 AE B</address>
        <styleUrl>#icon-1899-0288D1-nodesc</styleUrl>
      </Placemark>
      <Placemark>
        <name>GUARÁ;CENTRO EDUCACIONAL 3;;Correlação exata (2022);EQ 17/19 AE A</name>
        <address>GUARÁ;CENTRO EDUCACIONAL 3;;Correlação exata (2022);EQ 17/19 AE A</address>
        <styleUrl>#icon-1899-0288D1-nodesc</styleUrl>
      </Placemark>
      <Placemark>
        <name>GUARÁ;CENTRO EDUCACIONAL 4;;Correlação exata (2022);QE 09 AE D</name>
        <address>GUARÁ;CENTRO EDUCACIONAL 4;;Correlação exata (2022);QE 09 AE D</address>
        <styleUrl>#icon-1899-0288D1-nodesc</styleUrl>
      </Placemark>
      <Placemark>
        <name>SANTA MARIA;CENTRO EDUCACIONAL 416 DE SANTA MARIA;;Correlação aproximada (2022) - conferir;QE 09 AE D</name>
        <address>SANTA MARIA;CENTRO EDUCACIONAL 416 DE SANTA MARIA;;Correlação aproximada (2022) - conferir;QE 09 AE D</address>
        <styleUrl>#icon-1899-0288D1-nodesc</styleUrl>
      </Placemark>
      <Placemark>
        <name>SCIA/ESTRUTURAL;CENTRO EDUCACIONAL INFANTIL 01 DA VILA ESTRUTURAL;;Correlação exata (2022);QUADRA 03 AE 01 SETOR NORTE</name>
        <address>SCIA/ESTRUTURAL;CENTRO EDUCACIONAL INFANTIL 01 DA VILA ESTRUTURAL;;Correlação exata (2022);QUADRA 03 AE 01 SETOR NORTE</address>
        <styleUrl>#icon-1899-0288D1-nodesc</styleUrl>
      </Placemark>
      <Placemark>
        <name>SCIA/ESTRUTURAL;CENTRO ENSINO EDUCACIONAL 01 - VILA ESTRUTURAL(MILITAR);;OK - Endereço e zona confirmados;Setor Central</name>
        <address>SCIA/ESTRUTURAL;CENTRO ENSINO EDUCACIONAL 01 - VILA ESTRUTURAL(MILITAR);;OK - Endereço e zona confirmados;Setor Central</address>
        <styleUrl>#icon-1899-0288D1-nodesc</styleUrl>
      </Placemark>
      <Placemark>
        <name>GUARÁ;CENTRO ENSINO MEDIO 01 DO GUARA - CEM (GG);;Correlação exata (2022);QE 07 AE M</name>
        <address>GUARÁ;CENTRO ENSINO MEDIO 01 DO GUARA - CEM (GG);;Correlação exata (2022);QE 07 AE M</address>
        <styleUrl>#icon-1899-0288D1-nodesc</styleUrl>
      </Placemark>
      <Placemark>
        <name>GUARÁ;CILG -CENTRO INTERESCOLAR DE LINGUAS;;Correlação exata (2022);QE 07 AE Q (AO LADO DO CEF 02)</name>
        <address>GUARÁ;CILG -CENTRO INTERESCOLAR DE LINGUAS;;Correlação exata (2022);QE 07 AE Q (AO LADO DO CEF 02)</address>
        <styleUrl>#icon-1899-0288D1-nodesc</styleUrl>
      </Placemark>
      <Placemark>
        <name>GUARÁ;COLEGIO ELITE (ANTIGO JK);;Correlação exata (2022);QE 08 AREA ESPECIAL 1</name>
        <address>GUARÁ;COLEGIO ELITE (ANTIGO JK);;Correlação exata (2022);QE 08 AREA ESPECIAL 1</address>
        <styleUrl>#icon-1899-0288D1-nodesc</styleUrl>
      </Placemark>
      <Placemark>
        <name>GUARÁ;COLEGIO LICEU GUARA;71070-484;OK - Endereço e zona confirmados;Quadra SRIA II</name>
        <address>GUARÁ;COLEGIO LICEU GUARA;71070-484;OK - Endereço e zona confirmados;Quadra SRIA II</address>
        <styleUrl>#icon-1899-0288D1-nodesc</styleUrl>
      </Placemark>
      <Placemark>
        <name>GUARÁ;COLEGIO OBJETIVO DO GUARA;;Correlação exata (2022);QE 38 AREA ESPECIAL 8 LOTE C</name>
        <address>GUARÁ;COLEGIO OBJETIVO DO GUARA;;Correlação exata (2022);QE 38 AREA ESPECIAL 8 LOTE C</address>
        <styleUrl>#icon-1899-0288D1-nodesc</styleUrl>
      </Placemark>
      <Placemark>
        <name>GUARÁ;COLEGIO PROJEÇÃO;;Correlação exata (2022);QE 20 AREA ESPECIAL E</name>
        <address>GUARÁ;COLEGIO PROJEÇÃO;;Correlação exata (2022);QE 20 AREA ESPECIAL E</address>
        <styleUrl>#icon-1899-0288D1-nodesc</styleUrl>
      </Placemark>
      <Placemark>
        <name>GUARÁ;COLEGIO ROGACIONISTA;;Correlação exata (2022);AREA ESPECIAL 08 MODULO B</name>
        <address>GUARÁ;COLEGIO ROGACIONISTA;;Correlação exata (2022);AREA ESPECIAL 08 MODULO B</address>
        <styleUrl>#icon-1899-0288D1-nodesc</styleUrl>
      </Placemark>
      <Placemark>
        <name>GUARÁ;COLEGIO ROGACIONISTA - INFANTIL NUCLEO 01;;Correlação exata (2022);EQ 34/34 LOTE D</name>
        <address>GUARÁ;COLEGIO ROGACIONISTA - INFANTIL NUCLEO 01;;Correlação exata (2022);EQ 34/34 LOTE D</address>
        <styleUrl>#icon-1899-0288D1-nodesc</styleUrl>
      </Placemark>
      <Placemark>
        <name>GAMA;EC 10 - ESCOLA CLASSE 10 DO GAMA;;Correlação aproximada (2022) - conferir;QI 01/03 LT A/E</name>
        <address>GAMA;EC 10 - ESCOLA CLASSE 10 DO GAMA;;Correlação aproximada (2022) - conferir;QI 01/03 LT A/E</address>
        <styleUrl>#icon-1899-0288D1-nodesc</styleUrl>
      </Placemark>
      <Placemark>
        <name>GAMA;EC 15 - ESCOLA CLASSE 15 DO GAMA;;Correlação aproximada (2022) - conferir;QI 01/03 LT A/E</name>
        <address>GAMA;EC 15 - ESCOLA CLASSE 15 DO GAMA;;Correlação aproximada (2022) - conferir;QI 01/03 LT A/E</address>
        <styleUrl>#icon-1899-0288D1-nodesc</styleUrl>
      </Placemark>
      <Placemark>
        <name>GAMA;EC 28 - ESCOLA CLASSE 28 DO GAMA;;Correlação aproximada (2022) - conferir;QE 2 AE A</name>
        <address>GAMA;EC 28 - ESCOLA CLASSE 28 DO GAMA;;Correlação aproximada (2022) - conferir;QE 2 AE A</address>
        <styleUrl>#icon-1899-0288D1-nodesc</styleUrl>
      </Placemark>
      <Placemark>
        <name>GAMA;EC 29 - ESCOLA CLASSE 29 DO GAMA;;Correlação aproximada (2022) - conferir;QE 2 AE A</name>
        <address>GAMA;EC 29 - ESCOLA CLASSE 29 DO GAMA;;Correlação aproximada (2022) - conferir;QE 2 AE A</address>
        <styleUrl>#icon-1899-0288D1-nodesc</styleUrl>
      </Placemark>
      <Placemark>
        <name>SCIA/ESTRUTURAL;ESCOLA CLASSE 02 - VILA ESTRUTURAL;;Correlação exata (2022);QD 03 CJ A AE 06 - VILA ESTRUTURAL</name>
        <address>SCIA/ESTRUTURAL;ESCOLA CLASSE 02 - VILA ESTRUTURAL;;Correlação exata (2022);QD 03 CJ A AE 06 - VILA ESTRUTURAL</address>
        <styleUrl>#icon-1899-0288D1-nodesc</styleUrl>
      </Placemark>
      <Placemark>
        <name>GUARÁ;ESCOLA CLASSE 03 (ANTIGO PADRE DI FRANCIA);;Correlação exata (2022);QE 42 AE 01</name>
        <address>GUARÁ;ESCOLA CLASSE 03 (ANTIGO PADRE DI FRANCIA);;Correlação exata (2022);QE 42 AE 01</address>
        <styleUrl>#icon-1899-0288D1-nodesc</styleUrl>
      </Placemark>
      <Placemark>
        <name>GUARÁ;ESCOLA CLASSE 08 (ANTIGO CEF 07);;Correlação exata (2022);EQ 28/30 AE A</name>
        <address>GUARÁ;ESCOLA CLASSE 08 (ANTIGO CEF 07);;Correlação exata (2022);EQ 28/30 AE A</address>
        <styleUrl>#icon-1899-0288D1-nodesc</styleUrl>
      </Placemark>
      <Placemark>
        <name>GUARÁ;ESCOLA CLASSE 1 - 9ª ZE - BRASÍLIA;;Correlação aproximada (2022) - conferir;QI 01/03 LT A/E</name>
        <address>GUARÁ;ESCOLA CLASSE 1 - 9ª ZE - BRASÍLIA;;Correlação aproximada (2022) - conferir;QI 01/03 LT A/E</address>
        <styleUrl>#icon-1899-0288D1-nodesc</styleUrl>
      </Placemark>
      <Placemark>
        <name>GUARÁ;ESCOLA CLASSE 2;;Correlação exata (2022);QE 2 AE A</name>
        <address>GUARÁ;ESCOLA CLASSE 2;;Correlação exata (2022);QE 2 AE A</address>
        <styleUrl>#icon-1899-0288D1-nodesc</styleUrl>
      </Placemark>
      <Placemark>
        <name>GUARÁ;ESCOLA CLASSE 3;;Correlação exata (2022);QE 7 LT J AREA ESPECIAL</name>
        <address>GUARÁ;ESCOLA CLASSE 3;;Correlação exata (2022);QE 7 LT J AREA ESPECIAL</address>
        <styleUrl>#icon-1899-0288D1-nodesc</styleUrl>
      </Placemark>
      <Placemark>
        <name>GUARÁ;ESCOLA CLASSE 5;;Ambíguo - eleitorado DIVIDIDO entre zonas;QE 20 AE K</name>
        <address>GUARÁ;ESCOLA CLASSE 5;;Ambíguo - eleitorado DIVIDIDO entre zonas;QE 20 AE K</address>
        <styleUrl>#icon-1899-0288D1-nodesc</styleUrl>
      </Placemark>
      <Placemark>
        <name>GUARÁ;ESCOLA CLASSE 6;;Correlação exata (2022);EQ 24/26 AE A</name>
        <address>GUARÁ;ESCOLA CLASSE 6;;Correlação exata (2022);EQ 24/26 AE A</address>
        <styleUrl>#icon-1899-0288D1-nodesc</styleUrl>
      </Placemark>
      <Placemark>
        <name>GUARÁ;ESCOLA CLASSE 7;;Correlação exata (2022);QE 38 CONJ. D AE 12</name>
        <address>GUARÁ;ESCOLA CLASSE 7;;Correlação exata (2022);QE 38 CONJ. D AE 12</address>
        <styleUrl>#icon-1899-0288D1-nodesc</styleUrl>
      </Placemark>
      <Placemark>
        <name>SCIA/ESTRUTURAL;ESCOLA CLASSE VILA ESTRUTURAL;;Correlação exata (2022);PRACA CENTRAL</name>
        <address>SCIA/ESTRUTURAL;ESCOLA CLASSE VILA ESTRUTURAL;;Correlação exata (2022);PRACA CENTRAL</address>
        <styleUrl>#icon-1899-0288D1-nodesc</styleUrl>
      </Placemark>
      <Placemark>
        <name>GUARÁ;ESCOLA TÉCNICA DO GUARÁ - CEPAG / GUARÁ II;;Correlação exata (2022);EQE 19/17 - LOTE A - GUARÁ II</name>
        <address>GUARÁ;ESCOLA TÉCNICA DO GUARÁ - CEPAG / GUARÁ II;;Correlação exata (2022);EQE 19/17 - LOTE A - GUARÁ II</address>
        <styleUrl>#icon-1899-0288D1-nodesc</styleUrl>
      </Placemark>
      <Placemark>
        <name>GUARÁ;FACULDADE PROJEÇÃO- PERTO TERMINAL RODOVIARIO GUARA II;;Correlação exata (2022);AREA ESPECIAL 10 LOTE C</name>
        <address>GUARÁ;FACULDADE PROJEÇÃO- PERTO TERMINAL RODOVIARIO GUARA II;;Correlação exata (2022);AREA ESPECIAL 10 LOTE C</address>
        <styleUrl>#icon-1899-0288D1-nodesc</styleUrl>
      </Placemark>
      <Placemark>
        <name>PARK WAY;CAIC JUSCELINO KUBITSCHEK DO NUCLEO BANDEIRANTE;71740-601;Pesquisado no QEdu/fonte oficial;SMPW QUADRA 6 CONJUNTO 1</name>
        <address>PARK WAY;CAIC JUSCELINO KUBITSCHEK DO NUCLEO BANDEIRANTE;71740-601;Pesquisado no QEdu/fonte oficial;SMPW QUADRA 6 CONJUNTO 1</address>
        <styleUrl>#icon-1899-0288D1-nodesc</styleUrl>
      </Placemark>
      <Placemark>
        <name>NÚCLEO BANDEIRANTE;CENTRO DE EDUCACAO INFANTIL DO NÚCLEO BANDEIRANTE;;Correlação exata (2022);2A AV. ENTREBLOCOS 960/1040</name>
        <address>NÚCLEO BANDEIRANTE;CENTRO DE EDUCACAO INFANTIL DO NÚCLEO BANDEIRANTE;;Correlação exata (2022);2A AV. ENTREBLOCOS 960/1040</address>
        <styleUrl>#icon-1899-0288D1-nodesc</styleUrl>
      </Placemark>
      <Placemark>
        <name>RIACHO FUNDO II;CENTRO DE EDUCACAO INFANTIL DO RIACHO FUNDO II;;Correlação exata (2022);QN 14A CONJ 07 AE 1/2</name>
        <address>RIACHO FUNDO II;CENTRO DE EDUCACAO INFANTIL DO RIACHO FUNDO II;;Correlação exata (2022);QN 14A CONJ 07 AE 1/2</address>
        <styleUrl>#icon-1899-0288D1-nodesc</styleUrl>
      </Placemark>
      <Placemark>
        <name>RIACHO FUNDO;CENTRO DE EDUCAÇÃO INFANTIL 01 - RF I;;Correlação exata (2022);QN 07</name>
        <address>RIACHO FUNDO;CENTRO DE EDUCAÇÃO INFANTIL 01 - RF I;;Correlação exata (2022);QN 07</address>
        <styleUrl>#icon-1899-0288D1-nodesc</styleUrl>
      </Placemark>
      <Placemark>
        <name>RIACHO FUNDO II;CENTRO DE ENSINO FUNDAMENTAL 01 DO RIACHO FUNDO II;;Correlação exata (2022);QN 07 LOTE D AREA ESPECIAL 1/2 - RIACHO FUNDO II</name>
        <address>RIACHO FUNDO II;CENTRO DE ENSINO FUNDAMENTAL 01 DO RIACHO FUNDO II;;Correlação exata (2022);QN 07 LOTE D AREA ESPECIAL 1/2 - RIACHO FUNDO II</address>
        <styleUrl>#icon-1899-0288D1-nodesc</styleUrl>
      </Placemark>
      <Placemark>
        <name>NÚCLEO BANDEIRANTE;CENTRO DE ENSINO FUNDAMENTAL 1;;Ambíguo - eleitorado DIVIDIDO entre zonas;AV CONTORNO AE 07 -NÚCLEO BANDEIRANTE</name>
        <address>NÚCLEO BANDEIRANTE;CENTRO DE ENSINO FUNDAMENTAL 1;;Ambíguo - eleitorado DIVIDIDO entre zonas;AV CONTORNO AE 07 -NÚCLEO BANDEIRANTE</address>
        <styleUrl>#icon-1899-0288D1-nodesc</styleUrl>
      </Placemark>
      <Placemark>
        <name>RIACHO FUNDO II;CENTRO DE ENSINO FUNDAMENTAL LOBO GUARA;71884330;OK - Endereço e zona confirmados;QS 8</name>
        <address>RIACHO FUNDO II;CENTRO DE ENSINO FUNDAMENTAL LOBO GUARA;71884330;OK - Endereço e zona confirmados;QS 8</address>
        <styleUrl>#icon-1899-0288D1-nodesc</styleUrl>
      </Placemark>
      <Placemark>
        <name>NÚCLEO BANDEIRANTE;CENTRO DE ENSINO FUNDAMENTAL METROPOLITANA;;Correlação exata (2022);RUA 01 LOTE 06 METROPOLITANA</name>
        <address>NÚCLEO BANDEIRANTE;CENTRO DE ENSINO FUNDAMENTAL METROPOLITANA;;Correlação exata (2022);RUA 01 LOTE 06 METROPOLITANA</address>
        <styleUrl>#icon-1899-0288D1-nodesc</styleUrl>
      </Placemark>
      <Placemark>
        <name>NÚCLEO BANDEIRANTE;CENTRO DE ENSINO MÉDIO - JULIA KUBITSCHEK;;Correlação exata (2022);QRO A AE 01</name>
        <address>NÚCLEO BANDEIRANTE;CENTRO DE ENSINO MÉDIO - JULIA KUBITSCHEK;;Correlação exata (2022);QRO A AE 01</address>
        <styleUrl>#icon-1899-0288D1-nodesc</styleUrl>
      </Placemark>
      <Placemark>
        <name>RIACHO FUNDO;CENTRO DE ENSINO MÉDIO 1 DO RIACHO FUNDO I;;Correlação exata (2022);QUADRA 14 LOTE A</name>
        <address>RIACHO FUNDO;CENTRO DE ENSINO MÉDIO 1 DO RIACHO FUNDO I;;Correlação exata (2022);QUADRA 14 LOTE A</address>
        <styleUrl>#icon-1899-0288D1-nodesc</styleUrl>
      </Placemark>
      <Placemark>
        <name>NÚCLEO BANDEIRANTE;CENTRO DE ENSINO MÉDIO URSO BRANCO;;Correlação exata (2022);3 AVENIDA AREA ESPECIAL 04 - NÚCLEO BANDEIRANTE</name>
        <address>NÚCLEO BANDEIRANTE;CENTRO DE ENSINO MÉDIO URSO BRANCO;;Correlação exata (2022);3 AVENIDA AREA ESPECIAL 04 - NÚCLEO BANDEIRANTE</address>
        <styleUrl>#icon-1899-0288D1-nodesc</styleUrl>
      </Placemark>
      <Placemark>
        <name>RIACHO FUNDO;CENTRO DE ENSINO TELEBRASILIA;;Correlação exata (2022);QN 01 LOTE 01/02 - RIACHO FUNDO I</name>
        <address>RIACHO FUNDO;CENTRO DE ENSINO TELEBRASILIA;;Correlação exata (2022);QN 01 LOTE 01/02 - RIACHO FUNDO I</address>
        <styleUrl>#icon-1899-0288D1-nodesc</styleUrl>
      </Placemark>
      <Placemark>
        <name>RIACHO FUNDO;CENTRO EDUCACIONAL 02 RIACHO FUNDO I;;Correlação exata (2022);QN 07 AE 1/2</name>
        <address>RIACHO FUNDO;CENTRO EDUCACIONAL 02 RIACHO FUNDO I;;Correlação exata (2022);QN 07 AE 1/2</address>
        <styleUrl>#icon-1899-0288D1-nodesc</styleUrl>
      </Placemark>
      <Placemark>
        <name>RIACHO FUNDO;CENTRO EDUCACIONAL AGROURBANO IPÊ;;Correlação exata (2022);COMBINADO AGROURBANO I (CAUB I) IPE/RIACHO FUNDO</name>
        <address>RIACHO FUNDO;CENTRO EDUCACIONAL AGROURBANO IPÊ;;Correlação exata (2022);COMBINADO AGROURBANO I (CAUB I) IPE/RIACHO FUNDO</address>
        <styleUrl>#icon-1899-0288D1-nodesc</styleUrl>
      </Placemark>
      <Placemark>
        <name>CANDANGOLÂNDIA;CENTRO EDUCACIONAL INFANTIL DA CANDANGOLANDIA;;Correlação exata (2022);QR 1-A</name>
        <address>CANDANGOLÂNDIA;CENTRO EDUCACIONAL INFANTIL DA CANDANGOLANDIA;;Correlação exata (2022);QR 1-A</address>
        <styleUrl>#icon-1899-0288D1-nodesc</styleUrl>
      </Placemark>
      <Placemark>
        <name>PARK WAY;CENTRO EDUCACIONAL VARGEM BONITA;;Correlação exata (2022);NUCLEO HABIT. SUL-AE 01 LOT F-PROX Q17 PARK WAY VARGEM BONITA 71750</name>
        <address>PARK WAY;CENTRO EDUCACIONAL VARGEM BONITA;;Correlação exata (2022);NUCLEO HABIT. SUL-AE 01 LOT F-PROX Q17 PARK WAY VARGEM BONITA 71750</address>
        <styleUrl>#icon-1899-0288D1-nodesc</styleUrl>
      </Placemark>
      <Placemark>
        <name>RIACHO FUNDO;CENTRO EDUCATIVO PASSIONISTA MÃE DA SANTA ESPERANÇA;;Correlação exata (2022);QN 05 AE 02 - RIACHO FUNDO I</name>
        <address>RIACHO FUNDO;CENTRO EDUCATIVO PASSIONISTA MÃE DA SANTA ESPERANÇA;;Correlação exata (2022);QN 05 AE 02 - RIACHO FUNDO I</address>
        <styleUrl>#icon-1899-0288D1-nodesc</styleUrl>
      </Placemark>
      <Placemark>
        <name>RIACHO FUNDO II;CENTRO ENSINO MEDIO 01 RFII (ANTIGO CED 01 RFII);;OK - Endereço e zona confirmados;QD 18 AE 02</name>
        <address>RIACHO FUNDO II;CENTRO ENSINO MEDIO 01 RFII (ANTIGO CED 01 RFII);;OK - Endereço e zona confirmados;QD 18 AE 02</address>
        <styleUrl>#icon-1899-0288D1-nodesc</styleUrl>
      </Placemark>
      <Placemark>
        <name>RIACHO FUNDO;CIL-CENTRO INTERESCOLAR DE LINGUAS DO RIACHO FUNDO I;;OK - Endereço e zona confirmados;QS 14</name>
        <address>RIACHO FUNDO;CIL-CENTRO INTERESCOLAR DE LINGUAS DO RIACHO FUNDO I;;OK - Endereço e zona confirmados;QS 14</address>
        <styleUrl>#icon-1899-0288D1-nodesc</styleUrl>
      </Placemark>
      <Placemark>
        <name>RIACHO FUNDO;COLEGIO ISAAC NEWTON;;Correlação exata (2022);QN 07 AREA ESPECIAL 11 RIACHO FUNDO I</name>
        <address>RIACHO FUNDO;COLEGIO ISAAC NEWTON;;Correlação exata (2022);QN 07 AREA ESPECIAL 11 RIACHO FUNDO I</address>
        <styleUrl>#icon-1899-0288D1-nodesc</styleUrl>
      </Placemark>
      <Placemark>
        <name>NÚCLEO BANDEIRANTE;COLEGIO LA SALLE;;Correlação exata (2022);2 AVENIDA AREA ESPECIAL 11 - NÚCLEO BANDEIRANTE</name>
        <address>NÚCLEO BANDEIRANTE;COLEGIO LA SALLE;;Correlação exata (2022);2 AVENIDA AREA ESPECIAL 11 - NÚCLEO BANDEIRANTE</address>
        <styleUrl>#icon-1899-0288D1-nodesc</styleUrl>
      </Placemark>
      <Placemark>
        <name>RIACHO FUNDO II;COLÉGIO EDUCANDÁRIO DE FÁTIMA;;Correlação exata (2022);QN 14B CONJ 6 LOTES 19/20 RIACHO FUNDO II</name>
        <address>RIACHO FUNDO II;COLÉGIO EDUCANDÁRIO DE FÁTIMA;;Correlação exata (2022);QN 14B CONJ 6 LOTES 19/20 RIACHO FUNDO II</address>
        <styleUrl>#icon-1899-0288D1-nodesc</styleUrl>
      </Placemark>
      <Placemark>
        <name>CANDANGOLÂNDIA;ESCOLA CLASSE 02 DA CANDANGOLÂNDIA (ANTIGA ZOOBOTANICA);;Correlação aproximada (2022) - conferir;EQ 02/03 AE - CANDANGOLÂNDIA</name>
        <address>CANDANGOLÂNDIA;ESCOLA CLASSE 02 DA CANDANGOLÂNDIA (ANTIGA ZOOBOTANICA);;Correlação aproximada (2022) - conferir;EQ 02/03 AE - CANDANGOLÂNDIA</address>
        <styleUrl>#icon-1899-0288D1-nodesc</styleUrl>
      </Placemark>
      <Placemark>
        <name>RIACHO FUNDO;ESCOLA CLASSE 02 DO RIACHO FUNDO I;;Correlação exata (2022);QN 05 ÁREA ESPECIAL 07 - RIACHO FUNDO I</name>
        <address>RIACHO FUNDO;ESCOLA CLASSE 02 DO RIACHO FUNDO I;;Correlação exata (2022);QN 05 ÁREA ESPECIAL 07 - RIACHO FUNDO I</address>
        <styleUrl>#icon-1899-0288D1-nodesc</styleUrl>
      </Placemark>
      <Placemark>
        <name>CANDANGOLÂNDIA;ESCOLA CLASSE 1 CANDANGOLANDIA;;Correlação exata (2022);EQ 05/07</name>
        <address>CANDANGOLÂNDIA;ESCOLA CLASSE 1 CANDANGOLANDIA;;Correlação exata (2022);EQ 05/07</address>
        <styleUrl>#icon-1899-0288D1-nodesc</styleUrl>
      </Placemark>
      <Placemark>
        <name>RIACHO FUNDO II;ESCOLA CLASSE 1 DO RIACHO FUNDO II;;Correlação exata (2022);QC 4 CONJ 18 LOTE 2</name>
        <address>RIACHO FUNDO II;ESCOLA CLASSE 1 DO RIACHO FUNDO II;;Correlação exata (2022);QC 4 CONJ 18 LOTE 2</address>
        <styleUrl>#icon-1899-0288D1-nodesc</styleUrl>
      </Placemark>
      <Placemark>
        <name>RIACHO FUNDO II;ESCOLA CLASSE 2 DO RIACHO FUNDO II;;Correlação exata (2022);QN 14 CONJUNTO D LOTE A</name>
        <address>RIACHO FUNDO II;ESCOLA CLASSE 2 DO RIACHO FUNDO II;;Correlação exata (2022);QN 14 CONJUNTO D LOTE A</address>
        <styleUrl>#icon-1899-0288D1-nodesc</styleUrl>
      </Placemark>
      <Placemark>
        <name>NÚCLEO BANDEIRANTE;ESCOLA CLASSE 4;;Correlação exata (2022);2 AV ENTREBLOCOS 440/540</name>
        <address>NÚCLEO BANDEIRANTE;ESCOLA CLASSE 4;;Correlação exata (2022);2 AV ENTREBLOCOS 440/540</address>
        <styleUrl>#icon-1899-0288D1-nodesc</styleUrl>
      </Placemark>
      <Placemark>
        <name>NÚCLEO BANDEIRANTE;ESCOLA CLASSE 410;;Correlação aproximada (2022) - conferir;2 AV ENTREBLOCOS 440/540</name>
        <address>NÚCLEO BANDEIRANTE;ESCOLA CLASSE 410;;Correlação aproximada (2022) - conferir;2 AV ENTREBLOCOS 440/540</address>
        <styleUrl>#icon-1899-0288D1-nodesc</styleUrl>
      </Placemark>
      <Placemark>
        <name>NÚCLEO BANDEIRANTE;ESCOLA CLASSE 42;;Correlação aproximada (2022) - conferir;2 AV ENTREBLOCOS 440/540</name>
      </Placemark>
      <Placemark>
        <name>NÚCLEO BANDEIRANTE;ESCOLA CLASSE 425;;Correlação aproximada (2022) - conferir;2 AV ENTREBLOCOS 440/540</name>
        <address>NÚCLEO BANDEIRANTE;ESCOLA CLASSE 425;;Correlação aproximada (2022) - conferir;2 AV ENTREBLOCOS 440/540</address>
        <styleUrl>#icon-1899-0288D1-nodesc</styleUrl>
      </Placemark>
      <Placemark>
        <name>NÚCLEO BANDEIRANTE;ESCOLA CLASSE 45;;Correlação aproximada (2022) - conferir;2 AV ENTREBLOCOS 440/540</name>
        <address>NÚCLEO BANDEIRANTE;ESCOLA CLASSE 45;;Correlação aproximada (2022) - conferir;2 AV ENTREBLOCOS 440/540</address>
        <styleUrl>#icon-1899-0288D1-nodesc</styleUrl>
      </Placemark>
      <Placemark>
        <name>NÚCLEO BANDEIRANTE;ESCOLA CLASSE 5;;Ambíguo - eleitorado DIVIDIDO entre zonas;2 AV ENTREBLOCOS 1400/1500</name>
        <address>NÚCLEO BANDEIRANTE;ESCOLA CLASSE 5;;Ambíguo - eleitorado DIVIDIDO entre zonas;2 AV ENTREBLOCOS 1400/1500</address>
        <styleUrl>#icon-1899-0288D1-nodesc</styleUrl>
      </Placemark>
      <Placemark>
        <name>RIACHO FUNDO;ESCOLA CLASSE AGROVILA II;;Correlação exata (2022);EPCT DF 001 - SENTIDO GAMA/TAGUAT-CAUB II -</name>
        <address>RIACHO FUNDO;ESCOLA CLASSE AGROVILA II;;Correlação exata (2022);EPCT DF 001 - SENTIDO GAMA/TAGUAT-CAUB II -</address>
        <styleUrl>#icon-1899-0288D1-nodesc</styleUrl>
      </Placemark>
      <Placemark>
        <name>RIACHO FUNDO;ESCOLA CLASSE VERDE DO RIACHO FUNDO I;;Correlação exata (2022);SHRF E/Q 2/4 LOTE A QS 4</name>
        <address>RIACHO FUNDO;ESCOLA CLASSE VERDE DO RIACHO FUNDO I;;Correlação exata (2022);SHRF E/Q 2/4 LOTE A QS 4</address>
        <styleUrl>#icon-1899-0288D1-nodesc</styleUrl>
      </Placemark>
      <Placemark>
        <name>NÚCLEO BANDEIRANTE;ESCOLA SALESIANA SAO DOMINGOS SAVIO;;Correlação exata (2022);3 AVENIDA AE 5 LOTE A/F- NÚCLEO BANDEIRANTE</name>
        <address>NÚCLEO BANDEIRANTE;ESCOLA SALESIANA SAO DOMINGOS SAVIO;;Correlação exata (2022);3 AVENIDA AE 5 LOTE A/F- NÚCLEO BANDEIRANTE</address>
        <styleUrl>#icon-1899-0288D1-nodesc</styleUrl>
      </Placemark>
      <Placemark>
        <name>RIACHO FUNDO;INSTITUTO FEDERAL DE BRASÍLIA - CAMPUS RIACHO FUNDO;;Correlação exata (2022);AVENIDA CEDRO</name>
        <address>RIACHO FUNDO;INSTITUTO FEDERAL DE BRASÍLIA - CAMPUS RIACHO FUNDO;;Correlação exata (2022);AVENIDA CEDRO</address>
        <styleUrl>#icon-1899-0288D1-nodesc</styleUrl>
      </Placemark>
      <Placemark>
        <name>RIACHO FUNDO II;JARDIM DE INFANCIA 1 DO RIACHO FUNDO II;;Correlação exata (2022);QN 8-C AE 01</name>
        <address>RIACHO FUNDO II;JARDIM DE INFANCIA 1 DO RIACHO FUNDO II;;Correlação exata (2022);QN 8-C AE 01</address>
        <styleUrl>#icon-1899-0288D1-nodesc</styleUrl>
      </Placemark>
      <Placemark>
        <name>NÚCLEO BANDEIRANTE;CASA THOMAS JEFFERSON;;Correlação exata (2022);SHCSW/EQSW 301/302</name>
        <address>NÚCLEO BANDEIRANTE;CASA THOMAS JEFFERSON;;Correlação exata (2022);SHCSW/EQSW 301/302</address>
        <styleUrl>#icon-1899-0288D1-nodesc</styleUrl>
      </Placemark>
      <Placemark>
        <name>NÚCLEO BANDEIRANTE;CENTRO DE ENSINO FUNDAMENTAL 01;;Ambíguo - eleitorado DIVIDIDO entre zonas;SRES Q 01</name>
        <address>NÚCLEO BANDEIRANTE;CENTRO DE ENSINO FUNDAMENTAL 01;;Ambíguo - eleitorado DIVIDIDO entre zonas;SRES Q 01</address>
        <styleUrl>#icon-1899-0288D1-nodesc</styleUrl>
      </Placemark>
      <Placemark>
        <name>NÚCLEO BANDEIRANTE;CENTRO DE ENSINO FUNDAMENTAL ATHOS BULCÃO;;Correlação exata (2022);SHCES Q. 309</name>
        <address>NÚCLEO BANDEIRANTE;CENTRO DE ENSINO FUNDAMENTAL ATHOS BULCÃO;;Correlação exata (2022);SHCES Q. 309</address>
        <styleUrl>#icon-1899-0288D1-nodesc</styleUrl>
      </Placemark>
      <Placemark>
        <name>NÚCLEO BANDEIRANTE;CENTRO DE ENSINO MÉDIO INTEGRADO DO CRUZEIRO - CEMI DO CRUZEIRO;;Correlação exata (2022);SRES AREA ESPECIAL F</name>
        <address>NÚCLEO BANDEIRANTE;CENTRO DE ENSINO MÉDIO INTEGRADO DO CRUZEIRO - CEMI DO CRUZEIRO;;Correlação exata (2022);SRES AREA ESPECIAL F</address>
        <styleUrl>#icon-1899-0288D1-nodesc</styleUrl>
      </Placemark>
      <Placemark>
        <name>NÚCLEO BANDEIRANTE;CENTRO EDUCACIONAL 02;;Ambíguo - melhor zona única identificada;SHCES Q 805</name>
        <address>NÚCLEO BANDEIRANTE;CENTRO EDUCACIONAL 02;;Ambíguo - melhor zona única identificada;SHCES Q 805</address>
        <styleUrl>#icon-1899-0288D1-nodesc</styleUrl>
      </Placemark>
      <Placemark>
        <name>SUDOESTE/OCTOGONAL;COLEGIO CIMAN;;Correlação exata (2022);SH/AOS ENTRE AREAS 01/04</name>
        <address>SUDOESTE/OCTOGONAL;COLEGIO CIMAN;;Correlação exata (2022);SH/AOS ENTRE AREAS 01/04</address>
        <styleUrl>#icon-1899-0288D1-nodesc</styleUrl>
      </Placemark>
      <Placemark>
        <name>SUDOESTE/OCTOGONAL;COLEGIO IN-NOVA ( ANTIGO COC );;OK - Endereço e zona confirmados;EQSW 101/102</name>
        <address>SUDOESTE/OCTOGONAL;COLEGIO IN-NOVA ( ANTIGO COC );;OK - Endereço e zona confirmados;EQSW 101/102</address>
        <styleUrl>#icon-1899-0288D1-nodesc</styleUrl>
      </Placemark>
      <Placemark>
        <name>CRUZEIRO;COLEGIO SOMA;;Correlação exata (2022);SHCES Q 609</name>
        <address>CRUZEIRO;COLEGIO SOMA;;Correlação exata (2022);SHCES Q 609</address>
        <styleUrl>#icon-1899-0288D1-nodesc</styleUrl>
      </Placemark>
      <Placemark>
        <name>SUDOESTE/OCTOGONAL;COLÉGIO DROMOS;;Correlação exata (2022);SQSW/EQSW 303/304</name>
        <address>SUDOESTE/OCTOGONAL;COLÉGIO DROMOS;;Correlação exata (2022);SQSW/EQSW 303/304</address>
        <styleUrl>#icon-1899-0288D1-nodesc</styleUrl>
      </Placemark>
      <Placemark>
        <name>PLANO PILOTO;ESCOLA CANADENSE DE BRASÍLIA ( ANTIGA MAPLE BEAR );;Correlação exata (2022);SIG QUADRA 08</name>
        <address>PLANO PILOTO;ESCOLA CANADENSE DE BRASÍLIA ( ANTIGA MAPLE BEAR );;Correlação exata (2022);SIG QUADRA 08</address>
        <styleUrl>#icon-1899-0288D1-nodesc</styleUrl>
      </Placemark>
      <Placemark>
        <name>CRUZEIRO;ESCOLA CLASSE 04;;Ambíguo - eleitorado DIVIDIDO entre zonas;SHCES Q. 407</name>
        <address>CRUZEIRO;ESCOLA CLASSE 04;;Ambíguo - eleitorado DIVIDIDO entre zonas;SHCES Q. 407</address>
        <styleUrl>#icon-1899-0288D1-nodesc</styleUrl>
      </Placemark>
      <Placemark>
        <name>CRUZEIRO;ESCOLA CLASSE 05;;Ambíguo - eleitorado DIVIDIDO entre zonas;SHCES Q 201/203</name>
        <address>CRUZEIRO;ESCOLA CLASSE 05;;Ambíguo - eleitorado DIVIDIDO entre zonas;SHCES Q 201/203</address>
        <styleUrl>#icon-1899-0288D1-nodesc</styleUrl>
      </Placemark>
      <Placemark>
        <name>CRUZEIRO;ESCOLA CLASSE 06;;Ambíguo - eleitorado DIVIDIDO entre zonas;SHCES Q 807</name>
        <address>CRUZEIRO;ESCOLA CLASSE 06;;Ambíguo - eleitorado DIVIDIDO entre zonas;SHCES Q 807</address>
        <styleUrl>#icon-1899-0288D1-nodesc</styleUrl>
      </Placemark>
      <Placemark>
        <name>SUDOESTE/OCTOGONAL;ESCOLA CLASSE 08;;Ambíguo - eleitorado DIVIDIDO entre zonas;AOS 06/08</name>
      </Placemark>
      <Placemark>
        <name>CRUZEIRO;ESCOLA CLASSE DA VILA DO RCG;;Correlação exata (2022);VILA DO RCG</name>
      </Placemark>
      <Placemark>
        <name>PLANO PILOTO;ESCOLA CLASSE SMU;;Correlação exata (2022);QRO</name>
        <address>PLANO PILOTO;ESCOLA CLASSE SMU;;Correlação exata (2022);QRO</address>
        <styleUrl>#icon-1899-0288D1-nodesc</styleUrl>
      </Placemark>
      <Placemark>
        <name>SUDOESTE/OCTOGONAL;MAPLE BEAR ( ANTIGO CANDANGUINHO - CECAN );;OK - Endereço e zona confirmados;EQSW 303/304</name>
      </Placemark>
      <Placemark>
        <name>SAMAMBAIA;CAIC AYRTON SENNA;;Correlação exata (2022);QR 117 SETOR URBANO</name>
        <address>SAMAMBAIA;CAIC AYRTON SENNA;;Correlação exata (2022);QR 117 SETOR URBANO</address>
        <styleUrl>#icon-1899-0288D1-nodesc</styleUrl>
      </Placemark>
      <Placemark>
        <name>SAMAMBAIA;CAIC HELENA REIS;;Correlação exata (2022);QR 409 AE 01</name>
        <address>SAMAMBAIA;CAIC HELENA REIS;;Correlação exata (2022);QR 409 AE 01</address>
        <styleUrl>#icon-1899-0288D1-nodesc</styleUrl>
      </Placemark>
      <Placemark>
        <name>SAMAMBAIA;CCI SÊNIOR;;Correlação exata (2022);QN 401 CONJUNTO D LOTES 01/02</name>
        <address>SAMAMBAIA;CCI SÊNIOR;;Correlação exata (2022);QN 401 CONJUNTO D LOTES 01/02</address>
        <styleUrl>#icon-1899-0288D1-nodesc</styleUrl>
      </Placemark>
      <Placemark>
        <name>SAMAMBAIA;CENTRO DE EDUCAÇÃO INFANTIL 307;;Correlação exata (2022);QR 307 CONJUNTO 08 AE 01</name>
        <address>SAMAMBAIA;CENTRO DE EDUCAÇÃO INFANTIL 307;;Correlação exata (2022);QR 307 CONJUNTO 08 AE 01</address>
        <styleUrl>#icon-1899-0288D1-nodesc</styleUrl>
      </Placemark>
      <Placemark>
        <name>SAMAMBAIA;CENTRO DE ENSINO 412;;Correlação exata (2022);QN 412 AREA ESPECIAL 01</name>
        <address>SAMAMBAIA;CENTRO DE ENSINO 412;;Correlação exata (2022);QN 412 AREA ESPECIAL 01</address>
        <styleUrl>#icon-1899-0288D1-nodesc</styleUrl>
      </Placemark>
      <Placemark>
        <name>SAMAMBAIA;CENTRO DE ENSINO FUNDAMENTAL 120;;Correlação exata (2022);QN 120/122 CONJUNTO 04 LOTE 01</name>
        <address>SAMAMBAIA;CENTRO DE ENSINO FUNDAMENTAL 120;;Correlação exata (2022);QN 120/122 CONJUNTO 04 LOTE 01</address>
        <styleUrl>#icon-1899-0288D1-nodesc</styleUrl>
      </Placemark>
      <Placemark>
        <name>SAMAMBAIA;CENTRO DE ENSINO FUNDAMENTAL 312;;Correlação exata (2022);QS 312 CONJUNTO 05 LOTE 01</name>
        <address>SAMAMBAIA;CENTRO DE ENSINO FUNDAMENTAL 312;;Correlação exata (2022);QS 312 CONJUNTO 05 LOTE 01</address>
        <styleUrl>#icon-1899-0288D1-nodesc</styleUrl>
      </Placemark>
      <Placemark>
        <name>SAMAMBAIA;CENTRO DE ENSINO FUNDAMENTAL 404;;Correlação exata (2022);QS 404 AREA ESPECIAL 01</name>
        <address>SAMAMBAIA;CENTRO DE ENSINO FUNDAMENTAL 404;;Correlação exata (2022);QS 404 AREA ESPECIAL 01</address>
        <styleUrl>#icon-1899-0288D1-nodesc</styleUrl>
      </Placemark>
      <Placemark>
        <name>SAMAMBAIA;CENTRO DE ENSINO FUNDAMENTAL 411;;Correlação exata (2022);QN 411 AE SETOR NORTE - SAMAMBAIA NORTE</name>
        <address>SAMAMBAIA;CENTRO DE ENSINO FUNDAMENTAL 411;;Correlação exata (2022);QN 411 AE SETOR NORTE - SAMAMBAIA NORTE</address>
        <styleUrl>#icon-1899-0288D1-nodesc</styleUrl>
      </Placemark>
      <Placemark>
        <name>SAMAMBAIA;CENTRO DE ENSINO FUNDAMENTAL 427;;Correlação exata (2022);QN 427 AE 2</name>
        <address>SAMAMBAIA;CENTRO DE ENSINO FUNDAMENTAL 427;;Correlação exata (2022);QN 427 AE 2</address>
        <styleUrl>#icon-1899-0288D1-nodesc</styleUrl>
      </Placemark>
      <Placemark>
        <name>SAMAMBAIA;CENTRO DE ENSINO FUNDAMENTAL 619;;Correlação exata (2022);QS 619 AE 01</name>
        <address>SAMAMBAIA;CENTRO DE ENSINO FUNDAMENTAL 619;;Correlação exata (2022);QS 619 AE 01</address>
        <styleUrl>#icon-1899-0288D1-nodesc</styleUrl>
      </Placemark>
      <Placemark>
        <name>SAMAMBAIA;CENTRO DE ENSINO MÉDIO 304;;Correlação exata (2022);QR 304 CONJUNTO 04 LOTE 01</name>
        <address>SAMAMBAIA;CENTRO DE ENSINO MÉDIO 304;;Correlação exata (2022);QR 304 CONJUNTO 04 LOTE 01</address>
        <styleUrl>#icon-1899-0288D1-nodesc</styleUrl>
      </Placemark>
      <Placemark>
        <name>SAMAMBAIA;CENTRO DE ENSINO MÉDIO 414;;Correlação exata (2022);QS 414 AE 01</name>
        <address>SAMAMBAIA;CENTRO DE ENSINO MÉDIO 414;;Correlação exata (2022);QS 414 AE 01</address>
        <styleUrl>#icon-1899-0288D1-nodesc</styleUrl>
      </Placemark>
      <Placemark>
        <name>SAMAMBAIA;CENTRO EDUCACIONAL MYRIAM ERVILHA;;Correlação exata (2022);DF 280 KM 14 - SAMAMBAIA</name>
        <address>SAMAMBAIA;CENTRO EDUCACIONAL MYRIAM ERVILHA;;Correlação exata (2022);DF 280 KM 14 - SAMAMBAIA</address>
        <styleUrl>#icon-1899-0288D1-nodesc</styleUrl>
      </Placemark>
      <Placemark>
        <name>SAMAMBAIA;ESCOLA CLASSE 108;;Correlação exata (2022);QS 108/110 AE 01</name>
        <address>SAMAMBAIA;ESCOLA CLASSE 108;;Correlação exata (2022);QS 108/110 AE 01</address>
        <styleUrl>#icon-1899-0288D1-nodesc</styleUrl>
      </Placemark>
      <Placemark>
        <name>SAMAMBAIA;ESCOLA CLASSE 111;;Correlação exata (2022);QS 111 AREA ESPECIAL 10</name>
        <address>SAMAMBAIA;ESCOLA CLASSE 111;;Correlação exata (2022);QS 111 AREA ESPECIAL 10</address>
        <styleUrl>#icon-1899-0288D1-nodesc</styleUrl>
      </Placemark>
      <Placemark>
        <name>SAMAMBAIA;ESCOLA CLASSE 121;;Correlação exata (2022);QS 121 CONJUNTO 01 LOTE 01</name>
        <address>SAMAMBAIA;ESCOLA CLASSE 121;;Correlação exata (2022);QS 121 CONJUNTO 01 LOTE 01</address>
        <styleUrl>#icon-1899-0288D1-nodesc</styleUrl>
      </Placemark>
      <Placemark>
        <name>SAMAMBAIA;ESCOLA CLASSE 303;;Ambíguo - eleitorado DIVIDIDO entre zonas;QR 303 CONJUNTO 12</name>
        <address>SAMAMBAIA;ESCOLA CLASSE 303;;Ambíguo - eleitorado DIVIDIDO entre zonas;QR 303 CONJUNTO 12</address>
        <styleUrl>#icon-1899-0288D1-nodesc</styleUrl>
      </Placemark>
      <Placemark>
        <name>SAMAMBAIA;ESCOLA CLASSE 318;;Correlação exata (2022);QN 318 CONJUNTO 04 LOTE 01</name>
        <address>SAMAMBAIA;ESCOLA CLASSE 318;;Correlação exata (2022);QN 318 CONJUNTO 04 LOTE 01</address>
        <styleUrl>#icon-1899-0288D1-nodesc</styleUrl>
      </Placemark>
      <Placemark>
        <name>SAMAMBAIA;ESCOLA CLASSE 325;;Correlação exata (2022);QR 325 AREA ESPECIAL 01</name>
        <address>SAMAMBAIA;ESCOLA CLASSE 325;;Correlação exata (2022);QR 325 AREA ESPECIAL 01</address>
        <styleUrl>#icon-1899-0288D1-nodesc</styleUrl>
      </Placemark>
      <Placemark>
        <name>SAMAMBAIA;ESCOLA CLASSE 403;;Correlação exata (2022);QN 403/405 AREA ESPECIAL</name>
        <address>SAMAMBAIA;ESCOLA CLASSE 403;;Correlação exata (2022);QN 403/405 AREA ESPECIAL</address>
        <styleUrl>#icon-1899-0288D1-nodesc</styleUrl>
      </Placemark>
      <Placemark>
        <name>SAMAMBAIA;ESCOLA CLASSE 407;;Correlação exata (2022);QR 407/409 AE 01</name>
        <address>SAMAMBAIA;ESCOLA CLASSE 407;;Correlação exata (2022);QR 407/409 AE 01</address>
        <styleUrl>#icon-1899-0288D1-nodesc</styleUrl>
      </Placemark>
      <Placemark>
        <name>SAMAMBAIA;ESCOLA CLASSE 419;;Correlação exata (2022);QS 419 AE 01</name>
        <address>SAMAMBAIA;ESCOLA CLASSE 419;;Correlação exata (2022);QS 419 AE 01</address>
        <styleUrl>#icon-1899-0288D1-nodesc</styleUrl>
      </Placemark>
      <Placemark>
        <name>SAMAMBAIA;ESCOLA CLASSE 431;;Correlação exata (2022);QS 431 AE 01</name>
        <address>SAMAMBAIA;ESCOLA CLASSE 431;;Correlação exata (2022);QS 431 AE 01</address>
        <styleUrl>#icon-1899-0288D1-nodesc</styleUrl>
      </Placemark>
      <Placemark>
        <name>SAMAMBAIA;ESCOLA CLASSE 604;;Correlação exata (2022);QS 604 AE</name>
        <address>SAMAMBAIA;ESCOLA CLASSE 604;;Correlação exata (2022);QS 604 AE</address>
        <styleUrl>#icon-1899-0288D1-nodesc</styleUrl>
      </Placemark>
      <Placemark>
        <name>SAMAMBAIA;ESCOLA CLASSE 614;;Correlação exata (2022);QR 614 AREA ESPECIAL 01</name>
        <address>SAMAMBAIA;ESCOLA CLASSE 614;;Correlação exata (2022);QR 614 AREA ESPECIAL 01</address>
        <styleUrl>#icon-1899-0288D1-nodesc</styleUrl>
      </Placemark>
      <Placemark>
        <name>SAMAMBAIA;ESCOLA CLASSE 831;;Correlação exata (2022);QR 831 LOTE 01</name>
        <address>SAMAMBAIA;ESCOLA CLASSE 831;;Correlação exata (2022);QR 831 LOTE 01</address>
        <styleUrl>#icon-1899-0288D1-nodesc</styleUrl>
      </Placemark>
      <Placemark>
        <name>PLANO PILOTO;IFB - INSTITUTO FEDERAL DE BRASILIA;70830-450;Pesquisado no QEdu/fonte oficial;SGAN 610</name>
        <address>PLANO PILOTO;IFB - INSTITUTO FEDERAL DE BRASILIA;70830-450;Pesquisado no QEdu/fonte oficial;SGAN 610</address>
        <styleUrl>#icon-1899-0288D1-nodesc</styleUrl>
      </Placemark>
      <Placemark>
        <name>PLANO PILOTO;CEAN - CENTRO DE ENSINO MEDIO ASA NORTE;;Correlação exata (2022);SGAN 606 MODULO G/H</name>
        <address>PLANO PILOTO;CEAN - CENTRO DE ENSINO MEDIO ASA NORTE;;Correlação exata (2022);SGAN 606 MODULO G/H</address>
        <styleUrl>#icon-1899-0288D1-nodesc</styleUrl>
      </Placemark>
      <Placemark>
        <name>PLANO PILOTO;CENTRO DE EDUCACAO INFANTIL 316 NORTE;;Correlação exata (2022);SQN 316</name>
        <address>PLANO PILOTO;CENTRO DE EDUCACAO INFANTIL 316 NORTE;;Correlação exata (2022);SQN 316</address>
        <styleUrl>#icon-1899-0288D1-nodesc</styleUrl>
      </Placemark>
      <Placemark>
        <name>PLANO PILOTO;CENTRO DE ENSINO FUNDAMENTAL 104 NORTE;;Correlação exata (2022);SQN 104</name>
        <address>PLANO PILOTO;CENTRO DE ENSINO FUNDAMENTAL 104 NORTE;;Correlação exata (2022);SQN 104</address>
        <styleUrl>#icon-1899-0288D1-nodesc</styleUrl>
      </Placemark>
      <Placemark>
        <name>PLANO PILOTO;CENTRO DE ENSINO FUNDAMENTAL 410 NORTE;;Correlação exata (2022);SQN 410 A/E</name>
        <address>PLANO PILOTO;CENTRO DE ENSINO FUNDAMENTAL 410 NORTE;;Correlação exata (2022);SQN 410 A/E</address>
        <styleUrl>#icon-1899-0288D1-nodesc</styleUrl>
      </Placemark>
      <Placemark>
        <name>PLANO PILOTO;CENTRO DE ENSINO FUNDAMENTAL 7 DE BRASILIA;;Correlação exata (2022);SGAN 912 MODULO A/B</name>
        <address>PLANO PILOTO;CENTRO DE ENSINO FUNDAMENTAL 7 DE BRASILIA;;Correlação exata (2022);SGAN 912 MODULO A/B</address>
        <styleUrl>#icon-1899-0288D1-nodesc</styleUrl>
      </Placemark>
      <Placemark>
        <name>PLANO PILOTO;CENTRO DE ENSINO FUNDAMENTAL GAN;;OK - Endereço e zona confirmados;SGAN 603/604</name>
        <address>PLANO PILOTO;CENTRO DE ENSINO FUNDAMENTAL GAN;;OK - Endereço e zona confirmados;SGAN 603/604</address>
        <styleUrl>#icon-1899-0288D1-nodesc</styleUrl>
      </Placemark>
      <Placemark>
        <name>PLANO PILOTO;CENTRO DE ENSINO MEDIO PAULO FREIRE;;Correlação exata (2022);SGAN 610 MODULO A</name>
      </Placemark>
      <Placemark>
        <name>PLANO PILOTO;CENTRO EDUCACIONAL GISNO;;Correlação exata (2022);SGAN 907 MODULO A</name>
        <address>PLANO PILOTO;CENTRO EDUCACIONAL GISNO;;Correlação exata (2022);SGAN 907 MODULO A</address>
        <styleUrl>#icon-1899-0288D1-nodesc</styleUrl>
      </Placemark>
      <Placemark>
        <name>PLANO PILOTO;CENTRO EDUCACIONAL LEONARDO DA VINCI;;Correlação exata (2022);SGAN 914 CONJUNTO I</name>
        <address>PLANO PILOTO;CENTRO EDUCACIONAL LEONARDO DA VINCI;;Correlação exata (2022);SGAN 914 CONJUNTO I</address>
        <styleUrl>#icon-1899-0288D1-nodesc</styleUrl>
      </Placemark>
      <Placemark>
        <name>PLANO PILOTO;CENTRO EDUCACIONAL SIGMA;;Ambíguo - eleitorado DIVIDIDO entre zonas;SGAN 910 MÓDULO E</name>
        <address>PLANO PILOTO;CENTRO EDUCACIONAL SIGMA;;Ambíguo - eleitorado DIVIDIDO entre zonas;SGAN 910 MÓDULO E</address>
        <styleUrl>#icon-1899-0288D1-nodesc</styleUrl>
      </Placemark>
      <Placemark>
        <name>PLANO PILOTO;COLEGIO MADRE CARMEN SALLES;;Correlação exata (2022);SGAN 604 LOTE D</name>
        <address>PLANO PILOTO;COLEGIO MADRE CARMEN SALLES;;Correlação exata (2022);SGAN 604 LOTE D</address>
        <styleUrl>#icon-1899-0288D1-nodesc</styleUrl>
      </Placemark>
      <Placemark>
        <name>PLANO PILOTO;COLEGIO MARISTA JOAO PAULO II;;Correlação exata (2022);SEPN 702 LOTE B</name>
        <address>PLANO PILOTO;COLEGIO MARISTA JOAO PAULO II;;Correlação exata (2022);SEPN 702 LOTE B</address>
        <styleUrl>#icon-1899-0288D1-nodesc</styleUrl>
      </Placemark>
      <Placemark>
        <name>PLANO PILOTO;COLEGIO SAGRADA FAMILIA;;Correlação exata (2022);SGAN 906 LOTE C</name>
        <address>PLANO PILOTO;COLEGIO SAGRADA FAMILIA;;Correlação exata (2022);SGAN 906 LOTE C</address>
        <styleUrl>#icon-1899-0288D1-nodesc</styleUrl>
      </Placemark>
      <Placemark>
        <name>PLANO PILOTO;COLEGIO SANTA DOROTEIA;;Correlação exata (2022);SGAN 911 MODULO B</name>
        <address>PLANO PILOTO;COLEGIO SANTA DOROTEIA;;Correlação exata (2022);SGAN 911 MODULO B</address>
        <styleUrl>#icon-1899-0288D1-nodesc</styleUrl>
      </Placemark>
      <Placemark>
        <name>PLANO PILOTO;COLÉGIO IDEAL;;Ambíguo - eleitorado DIVIDIDO entre zonas;SGAN 916 MODULO B</name>
        <address>PLANO PILOTO;COLÉGIO IDEAL;;Ambíguo - eleitorado DIVIDIDO entre zonas;SGAN 916 MODULO B</address>
        <styleUrl>#icon-1899-0288D1-nodesc</styleUrl>
      </Placemark>
      <Placemark>
        <name>PLANO PILOTO;ESCOLA CLASSE 113 NORTE;;Correlação exata (2022);SQN 113 A/E</name>
        <address>PLANO PILOTO;ESCOLA CLASSE 113 NORTE;;Correlação exata (2022);SQN 113 A/E</address>
        <styleUrl>#icon-1899-0288D1-nodesc</styleUrl>
      </Placemark>
      <Placemark>
        <name>PLANO PILOTO;ESCOLA CLASSE 115 NORTE;;Correlação exata (2022);SQN 115</name>
        <address>PLANO PILOTO;ESCOLA CLASSE 115 NORTE;;Correlação exata (2022);SQN 115</address>
        <styleUrl>#icon-1899-0288D1-nodesc</styleUrl>
      </Placemark>
      <Placemark>
        <name>PLANO PILOTO;ESCOLA CLASSE 304 NORTE;;Correlação exata (2022);SQN 304</name>
        <address>PLANO PILOTO;ESCOLA CLASSE 304 NORTE;;Correlação exata (2022);SQN 304</address>
        <styleUrl>#icon-1899-0288D1-nodesc</styleUrl>
      </Placemark>
      <Placemark>
        <name>PLANO PILOTO;ESCOLA CLASSE 312 NORTE;;Correlação exata (2022);SQN 312</name>
        <address>PLANO PILOTO;ESCOLA CLASSE 312 NORTE;;Correlação exata (2022);SQN 312</address>
        <styleUrl>#icon-1899-0288D1-nodesc</styleUrl>
      </Placemark>
      <Placemark>
        <name>PLANO PILOTO;ESCOLA CLASSE 403 NORTE;;Correlação exata (2022);SQN 403 A/E</name>
        <address>PLANO PILOTO;ESCOLA CLASSE 403 NORTE;;Correlação exata (2022);SQN 403 A/E</address>
        <styleUrl>#icon-1899-0288D1-nodesc</styleUrl>
      </Placemark>
      <Placemark>
        <name>PLANO PILOTO;ESCOLA CLASSE 405 NORTE;;Correlação exata (2022);SQN 405 A/E</name>
        <address>PLANO PILOTO;ESCOLA CLASSE 405 NORTE;;Correlação exata (2022);SQN 405 A/E</address>
        <styleUrl>#icon-1899-0288D1-nodesc</styleUrl>
      </Placemark>
      <Placemark>
        <name>PLANO PILOTO;ESCOLA CLASSE 407 NORTE;;Correlação exata (2022);SQN 407 A/E</name>
        <address>PLANO PILOTO;ESCOLA CLASSE 407 NORTE;;Correlação exata (2022);SQN 407 A/E</address>
        <styleUrl>#icon-1899-0288D1-nodesc</styleUrl>
      </Placemark>
      <Placemark>
        <name>PLANO PILOTO;ESCOLA CLASSE 411 NORTE;;Correlação exata (2022);SQN 411 ÁREA ESPECIAL</name>
        <address>PLANO PILOTO;ESCOLA CLASSE 411 NORTE;;Correlação exata (2022);SQN 411 ÁREA ESPECIAL</address>
        <styleUrl>#icon-1899-0288D1-nodesc</styleUrl>
      </Placemark>
      <Placemark>
        <name>PLANO PILOTO;ESCOLA CLASSE 415 NORTE;;Correlação exata (2022);SQN 415</name>
        <address>PLANO PILOTO;ESCOLA CLASSE 415 NORTE;;Correlação exata (2022);SQN 415</address>
        <styleUrl>#icon-1899-0288D1-nodesc</styleUrl>
      </Placemark>
      <Placemark>
        <name>PLANO PILOTO;ESCOLA PARQUE 210 NORTE;;Correlação exata (2022);EQN 210/211 A/E</name>
        <address>PLANO PILOTO;ESCOLA PARQUE 210 NORTE;;Correlação exata (2022);EQN 210/211 A/E</address>
        <styleUrl>#icon-1899-0288D1-nodesc</styleUrl>
      </Placemark>
      <Placemark>
        <name>PLANO PILOTO;FUNDACAO LOGOSOFICA;;Correlação exata (2022);HCGN 704 A/E</name>
        <address>PLANO PILOTO;FUNDACAO LOGOSOFICA;;Correlação exata (2022);HCGN 704 A/E</address>
        <styleUrl>#icon-1899-0288D1-nodesc</styleUrl>
      </Placemark>
      <Placemark>
        <name>PLANO PILOTO;HEAVENLY INTERNATIONAL SCHOOL;;OK - Endereço e zona confirmados;HEAVENLY INTERNATIONAL SCHOOL</name>
        <address>PLANO PILOTO;HEAVENLY INTERNATIONAL SCHOOL;;OK - Endereço e zona confirmados;HEAVENLY INTERNATIONAL SCHOOL</address>
        <styleUrl>#icon-1899-0288D1-nodesc</styleUrl>
      </Placemark>
      <Placemark>
        <name>PLANO PILOTO;UNB - PAVILHAO JOAO CALMON;;Correlação exata (2022);CAMPUS UNIVERSITARIO DARCY RIBEIRO</name>
        <address>PLANO PILOTO;UNB - PAVILHAO JOAO CALMON;;Correlação exata (2022);CAMPUS UNIVERSITARIO DARCY RIBEIRO</address>
        <styleUrl>#icon-1899-0288D1-nodesc</styleUrl>
      </Placemark>
      <Placemark>
        <name>TAGUATINGA;UNICEUB;;Correlação exata (2022);SEPN 707/907</name>
        <address>TAGUATINGA;UNICEUB;;Correlação exata (2022);SEPN 707/907</address>
        <styleUrl>#icon-1899-0288D1-nodesc</styleUrl>
      </Placemark>
      <Placemark>
        <name>TAGUATINGA;CEF Nº 10;;Correlação exata (2022);QSE 05/07 ÁREA ESPECIAL N 01</name>
        <address>TAGUATINGA;CEF Nº 10;;Correlação exata (2022);QSE 05/07 ÁREA ESPECIAL N 01</address>
        <styleUrl>#icon-1899-0288D1-nodesc</styleUrl>
      </Placemark>
      <Placemark>
        <name>TAGUATINGA;CEF Nº 15;;Correlação exata (2022);QSA 03/04 ÁREA ESPECIAL</name>
        <address>TAGUATINGA;CEF Nº 15;;Correlação exata (2022);QSA 03/04 ÁREA ESPECIAL</address>
        <styleUrl>#icon-1899-0288D1-nodesc</styleUrl>
      </Placemark>
      <Placemark>
        <name>TAGUATINGA;CEF Nº 3;;Correlação exata (2022);EQSA 25/24 QSD 09/11 ÁREA ESPECIAL S/ N</name>
        <address>TAGUATINGA;CEF Nº 3;;Correlação exata (2022);EQSA 25/24 QSD 09/11 ÁREA ESPECIAL S/ N</address>
        <styleUrl>#icon-1899-0288D1-nodesc</styleUrl>
      </Placemark>
      <Placemark>
        <name>TAGUATINGA;CEF Nº 8;;Correlação exata (2022);QNA 52 ÁREA ESPECIAL S/ N</name>
        <address>TAGUATINGA;CEF Nº 8;;Correlação exata (2022);QNA 52 ÁREA ESPECIAL S/ N</address>
        <styleUrl>#icon-1899-0288D1-nodesc</styleUrl>
      </Placemark>
      <Placemark>
        <name>ÁGUAS CLARAS;CEI 02 - CENTRO DE EDUCAÇÃO INFANTIL 02;;Correlação aproximada (2022) - conferir;QS 11</name>
        <address>ÁGUAS CLARAS;CEI 02 - CENTRO DE EDUCAÇÃO INFANTIL 02;;Correlação aproximada (2022) - conferir;QS 11</address>
        <styleUrl>#icon-1899-0288D1-nodesc</styleUrl>
      </Placemark>
      <Placemark>
        <name>TAGUATINGA;CEMAB - CENTRO DE ENSINO MÉDIO AVE BRANCA;;Correlação exata (2022);QSA 03/05 ÁREA ESPECIAL</name>
        <address>TAGUATINGA;CEMAB - CENTRO DE ENSINO MÉDIO AVE BRANCA;;Correlação exata (2022);QSA 03/05 ÁREA ESPECIAL</address>
        <styleUrl>#icon-1899-0288D1-nodesc</styleUrl>
      </Placemark>
      <Placemark>
        <name>ÁGUAS CLARAS;CENTRO DE EDUCAÇÃO INFANTIL 02 - CEI02;;Correlação aproximada (2022) - conferir;QS 11</name>
        <address>ÁGUAS CLARAS;CENTRO DE EDUCAÇÃO INFANTIL 02 - CEI02;;Correlação aproximada (2022) - conferir;QS 11</address>
        <styleUrl>#icon-1899-0288D1-nodesc</styleUrl>
      </Placemark>
      <Placemark>
        <name>ÁGUAS CLARAS;CENTRO DE EDUCAÇÃO INFANTIL ÁGUAS CLARAS;;Correlação aproximada (2022) - conferir;QS 11</name>
        <address>ÁGUAS CLARAS;CENTRO DE EDUCAÇÃO INFANTIL ÁGUAS CLARAS;;Correlação aproximada (2022) - conferir;QS 11</address>
        <styleUrl>#icon-1899-0288D1-nodesc</styleUrl>
      </Placemark>
      <Placemark>
        <name>TAGUATINGA;CENTRO DE ENS MÉDIO Nº 3;;Correlação exata (2022);QSE 05 ÁREA ESPECIAL N 14</name>
        <address>TAGUATINGA;CENTRO DE ENS MÉDIO Nº 3;;Correlação exata (2022);QSE 05 ÁREA ESPECIAL N 14</address>
        <styleUrl>#icon-1899-0288D1-nodesc</styleUrl>
      </Placemark>
      <Placemark>
        <name>TAGUATINGA;CENTRO EDUC STELLA MARIS;;Correlação exata (2022);SETOR C 07 - PARTE B - AE P/ IGREJA CATÓLICA</name>
        <address>TAGUATINGA;CENTRO EDUC STELLA MARIS;;Correlação exata (2022);SETOR C 07 - PARTE B - AE P/ IGREJA CATÓLICA</address>
        <styleUrl>#icon-1899-0288D1-nodesc</styleUrl>
      </Placemark>
      <Placemark>
        <name>TAGUATINGA;CENTRO EDUCACIONAL CATOLICA DE BRASILIA;;Correlação exata (2022);QS 07 LOTE 1 EPCT - TAGUATINGA SUL</name>
        <address>TAGUATINGA;CENTRO EDUCACIONAL CATOLICA DE BRASILIA;;Correlação exata (2022);QS 07 LOTE 1 EPCT - TAGUATINGA SUL</address>
        <styleUrl>#icon-1899-0288D1-nodesc</styleUrl>
      </Placemark>
      <Placemark>
        <name>TAGUATINGA;CENTRO EDUCACIONAL Nº 02;;Correlação exata (2022);EQSA 25/24 QSD 09/11 AE S/N</name>
        <address>TAGUATINGA;CENTRO EDUCACIONAL Nº 02;;Correlação exata (2022);EQSA 25/24 QSD 09/11 AE S/N</address>
        <styleUrl>#icon-1899-0288D1-nodesc</styleUrl>
      </Placemark>
      <Placemark>
        <name>ÁGUAS CLARAS;CENTRO EDUCACIONAL SIGMA;;Ambíguo - eleitorado DIVIDIDO entre zonas;RUA 14 SUL</name>
        <address>ÁGUAS CLARAS;CENTRO EDUCACIONAL SIGMA;;Ambíguo - eleitorado DIVIDIDO entre zonas;RUA 14 SUL</address>
        <styleUrl>#icon-1899-0288D1-nodesc</styleUrl>
      </Placemark>
      <Placemark>
        <name>ÁGUAS CLARAS;CENTRO UNIVERSITARIO EURO AMERICANO - UNIEURO;;Correlação exata (2022);AVENIDA CASTANHEIRAS LOTE 370</name>
        <address>ÁGUAS CLARAS;CENTRO UNIVERSITARIO EURO AMERICANO - UNIEURO;;Correlação exata (2022);AVENIDA CASTANHEIRAS LOTE 370</address>
        <styleUrl>#icon-1899-0288D1-nodesc</styleUrl>
      </Placemark>
      <Placemark>
        <name>ÁGUAS CLARAS;CEUB - ÁGUAS CLARAS;;Correlação exata (2022);RUA 214 LOTE 1/17 QS 01 TAGUATINGA SUL - DF</name>
        <address>ÁGUAS CLARAS;CEUB - ÁGUAS CLARAS;;Correlação exata (2022);RUA 214 LOTE 1/17 QS 01 TAGUATINGA SUL - DF</address>
        <styleUrl>#icon-1899-0288D1-nodesc</styleUrl>
      </Placemark>
      <Placemark>
        <name>TAGUATINGA;CILT - CENTRO INTERESCOLAR DE LINGUAS DE TAGUATINGA;;Correlação exata (2022);QSB 02/03 ÁREA ESPECIAL N 03/04</name>
        <address>TAGUATINGA;CILT - CENTRO INTERESCOLAR DE LINGUAS DE TAGUATINGA;;Correlação exata (2022);QSB 02/03 ÁREA ESPECIAL N 03/04</address>
        <styleUrl>#icon-1899-0288D1-nodesc</styleUrl>
      </Placemark>
      <Placemark>
        <name>TAGUATINGA;COLEGIO LEONARDO DA VINCI;;Correlação exata (2022);QS 03 RUA 420 LOTE 02</name>
        <address>TAGUATINGA;COLEGIO LEONARDO DA VINCI;;Correlação exata (2022);QS 03 RUA 420 LOTE 02</address>
        <styleUrl>#icon-1899-0288D1-nodesc</styleUrl>
      </Placemark>
      <Placemark>
        <name>TAGUATINGA;COLÉGIO ANCHIETA - TAGUATINGA;;Correlação exata (2022);QSC 19</name>
        <address>TAGUATINGA;COLÉGIO ANCHIETA - TAGUATINGA;;Correlação exata (2022);QSC 19</address>
        <styleUrl>#icon-1899-0288D1-nodesc</styleUrl>
      </Placemark>
      <Placemark>
        <name>ÁGUAS CLARAS;COLÉGIO IDEAL;;Ambíguo - eleitorado DIVIDIDO entre zonas;AVENIDA JEQUITIBÁ N. 325</name>
        <address>ÁGUAS CLARAS;COLÉGIO IDEAL;;Ambíguo - eleitorado DIVIDIDO entre zonas;AVENIDA JEQUITIBÁ N. 325</address>
        <styleUrl>#icon-1899-0288D1-nodesc</styleUrl>
      </Placemark>
      <Placemark>
        <name>TAGUATINGA;COLÉGIO IDEAL - A/E 31;;? REQUER DECISÃO - múltiplas unidades possíveis;QNG</name>
        <address>TAGUATINGA;COLÉGIO IDEAL - A/E 31;;? REQUER DECISÃO - múltiplas unidades possíveis;QNG</address>
        <styleUrl>#icon-1899-0288D1-nodesc</styleUrl>
      </Placemark>
      <Placemark>
        <name>ÁGUAS CLARAS;COLÉGIO IDEAL MANACÁ;71907-270;OK - Endereço e zona confirmados;Rua Manacá</name>
        <address>ÁGUAS CLARAS;COLÉGIO IDEAL MANACÁ;71907-270;OK - Endereço e zona confirmados;Rua Manacá</address>
        <styleUrl>#icon-1899-0288D1-nodesc</styleUrl>
      </Placemark>
      <Placemark>
        <name>ÁGUAS CLARAS;COLÉGIO MARISTA - ÁGUAS CLARAS;;Correlação exata (2022);RUA TAMBORIL LOTE 1</name>
        <address>ÁGUAS CLARAS;COLÉGIO MARISTA - ÁGUAS CLARAS;;Correlação exata (2022);RUA TAMBORIL LOTE 1</address>
        <styleUrl>#icon-1899-0288D1-nodesc</styleUrl>
      </Placemark>
      <Placemark>
        <name>ÁGUAS CLARAS;COLÉGIO OBJETIVO - ÁGUAS CLARAS;;OK - Endereço e zona confirmados;COLÉGIO OBJETIVO - ÁGUAS CLARAS</name>
        <address>ÁGUAS CLARAS;COLÉGIO OBJETIVO - ÁGUAS CLARAS;;OK - Endereço e zona confirmados;COLÉGIO OBJETIVO - ÁGUAS CLARAS</address>
        <styleUrl>#icon-1899-0288D1-nodesc</styleUrl>
      </Placemark>
      <Placemark>
        <name>ÁGUAS CLARAS;COLÉGIO OLIMPO LTDA;;Correlação exata (2022);RUA 7 SUL</name>
        <address>ÁGUAS CLARAS;COLÉGIO OLIMPO LTDA;;Correlação exata (2022);RUA 7 SUL</address>
        <styleUrl>#icon-1899-0288D1-nodesc</styleUrl>
      </Placemark>
      <Placemark>
        <name>ÁGUAS CLARAS;COLÉGIO VISÃO;;Correlação exata (2022);RUA 25 NORTE</name>
        <address>ÁGUAS CLARAS;COLÉGIO VISÃO;;Correlação exata (2022);RUA 25 NORTE</address>
        <styleUrl>#icon-1899-0288D1-nodesc</styleUrl>
      </Placemark>
      <Placemark>
        <name>TAGUATINGA;ESCOLA ATUAL;;Correlação exata (2022);QUADRA 204</name>
        <address>TAGUATINGA;ESCOLA ATUAL;;Correlação exata (2022);QUADRA 204</address>
        <styleUrl>#icon-1899-0288D1-nodesc</styleUrl>
      </Placemark>
      <Placemark>
        <name>TAGUATINGA;ESCOLA CLASSE 54 (CEF Nº 18 - ESCOLA NORMAL);;Correlação exata (2022);QSD 32 ÁREA P/ ESCOLA N 02</name>
        <address>TAGUATINGA;ESCOLA CLASSE 54 (CEF Nº 18 - ESCOLA NORMAL);;Correlação exata (2022);QSD 32 ÁREA P/ ESCOLA N 02</address>
        <styleUrl>#icon-1899-0288D1-nodesc</styleUrl>
      </Placemark>
      <Placemark>
        <name>ARNIQUEIRA;ESCOLA CLASSE ARNIQUEIRA;;Correlação exata (2022);SMPW 04 CJ 04 LT 05 - COL. AGR. ARNIQUEIRA</name>
        <address>ARNIQUEIRA;ESCOLA CLASSE ARNIQUEIRA;;Correlação exata (2022);SMPW 04 CJ 04 LT 05 - COL. AGR. ARNIQUEIRA</address>
        <styleUrl>#icon-1899-0288D1-nodesc</styleUrl>
      </Placemark>
      <Placemark>
        <name>TAGUATINGA;ESCOLA CLASSE N 1;;Correlação exata (2022);QSC 01 AE 01</name>
        <address>TAGUATINGA;ESCOLA CLASSE N 1;;Correlação exata (2022);QSC 01 AE 01</address>
        <styleUrl>#icon-1899-0288D1-nodesc</styleUrl>
      </Placemark>
      <Placemark>
        <name>TAGUATINGA;ESCOLA CLASSE N 11;;Correlação exata (2022);QSE 12/14 AE S/N</name>
        <address>TAGUATINGA;ESCOLA CLASSE N 11;;Correlação exata (2022);QSE 12/14 AE S/N</address>
        <styleUrl>#icon-1899-0288D1-nodesc</styleUrl>
      </Placemark>
      <Placemark>
        <name>ÁGUAS CLARAS;ESCOLA CLASSE VILA AREAL;;Correlação exata (2022);QS 06 CONJUNTO 430</name>
        <address>ÁGUAS CLARAS;ESCOLA CLASSE VILA AREAL;;Correlação exata (2022);QS 06 CONJUNTO 430</address>
        <styleUrl>#icon-1899-0288D1-nodesc</styleUrl>
      </Placemark>
      <Placemark>
        <name>TAGUATINGA;ESCOLA LA SALLE;;Correlação exata (2022);QUADRA 301 ÁREA ESPECIAL S/N</name>
        <address>TAGUATINGA;ESCOLA LA SALLE;;Correlação exata (2022);QUADRA 301 ÁREA ESPECIAL S/N</address>
        <styleUrl>#icon-1899-0288D1-nodesc</styleUrl>
      </Placemark>
      <Placemark>
        <name>ÁGUAS CLARAS;ESCOLA TÉCNICA DE BRASÍLIA;;Correlação exata (2022);QS 07 LOTE 02/08 - AVENIDA ÁGUAS CLARAS - VILA AREAL</name>
        <address>ÁGUAS CLARAS;ESCOLA TÉCNICA DE BRASÍLIA;;Correlação exata (2022);QS 07 LOTE 02/08 - AVENIDA ÁGUAS CLARAS - VILA AREAL</address>
        <styleUrl>#icon-1899-0288D1-nodesc</styleUrl>
      </Placemark>
      <Placemark>
        <name>ÁGUAS CLARAS;FACULDADE PROCESSUS - CAMPUS II;;Correlação exata (2022);AVENIDA ARAUCÁRIAS N. 4400</name>
        <address>ÁGUAS CLARAS;FACULDADE PROCESSUS - CAMPUS II;;Correlação exata (2022);AVENIDA ARAUCÁRIAS N. 4400</address>
        <styleUrl>#icon-1899-0288D1-nodesc</styleUrl>
      </Placemark>
      <Placemark>
        <name>ÁGUAS CLARAS;UNIPLAN -CENTRO UNIVERSITÁRIO PLANALTO DO DISTRITO FEDERAL;;Correlação exata (2022);AVENIDA PAU BRASIL</name>
        <address>ÁGUAS CLARAS;UNIPLAN -CENTRO UNIVERSITÁRIO PLANALTO DO DISTRITO FEDERAL;;Correlação exata (2022);AVENIDA PAU BRASIL</address>
        <styleUrl>#icon-1899-0288D1-nodesc</styleUrl>
      </Placemark>
      <Placemark>
        <name>BRAZLÂNDIA;CAIC - PROFESSOR BENEDITO CARLOS DE OLIVEIRA;;Correlação exata (2022);AE 05 - SETOR TRADICIONAL</name>
        <address>BRAZLÂNDIA;CAIC - PROFESSOR BENEDITO CARLOS DE OLIVEIRA;;Correlação exata (2022);AE 05 - SETOR TRADICIONAL</address>
        <styleUrl>#icon-1899-0288D1-nodesc</styleUrl>
      </Placemark>
      <Placemark>
        <name>BRAZLÂNDIA;CENTRO DE CONVIVÊNCIA BRAZLÂNDIA CENTRAL (COSE);;Correlação exata (2022);AE 01 LOTE K/L/M/N - SETOR NORTE</name>
        <address>BRAZLÂNDIA;CENTRO DE CONVIVÊNCIA BRAZLÂNDIA CENTRAL (COSE);;Correlação exata (2022);AE 01 LOTE K/L/M/N - SETOR NORTE</address>
        <styleUrl>#icon-1899-0288D1-nodesc</styleUrl>
      </Placemark>
      <Placemark>
        <name>BRAZLÂNDIA;CENTRO DE EDUCACAO INFANTIL 01 DE BRAZLANDIA;;Correlação exata (2022);PIQ 05</name>
        <address>BRAZLÂNDIA;CENTRO DE EDUCACAO INFANTIL 01 DE BRAZLANDIA;;Correlação exata (2022);PIQ 05</address>
        <styleUrl>#icon-1899-0288D1-nodesc</styleUrl>
      </Placemark>
      <Placemark>
        <name>BRAZLÂNDIA;CENTRO DE ENSINO ESPECIAL - CENEBRAZ;;Correlação exata (2022);EQ 2/4 LOTE A - SETOR NORTE</name>
        <address>BRAZLÂNDIA;CENTRO DE ENSINO ESPECIAL - CENEBRAZ;;Correlação exata (2022);EQ 2/4 LOTE A - SETOR NORTE</address>
        <styleUrl>#icon-1899-0288D1-nodesc</styleUrl>
      </Placemark>
      <Placemark>
        <name>BRAZLÂNDIA;CENTRO DE ENSINO FUNDAMENTAL 12;;Correlação exata (2022);EQNO 02/04 - SETOR O</name>
        <address>BRAZLÂNDIA;CENTRO DE ENSINO FUNDAMENTAL 12;;Correlação exata (2022);EQNO 02/04 - SETOR O</address>
        <styleUrl>#icon-1899-0288D1-nodesc</styleUrl>
      </Placemark>
      <Placemark>
        <name>BRAZLÂNDIA;CENTRO DE ENSINO FUNDAMENTAL 26 (ANTIGA EC 30);;Correlação exata (2022);EQNO 5/7 - SETOR O</name>
      </Placemark>
      <Placemark>
        <name>BRAZLÂNDIA;CENTRO DE ENSINO FUNDAMENTAL 27;;Correlação exata (2022);QNR 01 AREA ESPECIAL03</name>
        <address>BRAZLÂNDIA;CENTRO DE ENSINO FUNDAMENTAL 27;;Correlação exata (2022);QNR 01 AREA ESPECIAL03</address>
        <styleUrl>#icon-1899-0288D1-nodesc</styleUrl>
      </Placemark>
      <Placemark>
        <name>SOL NASCENTE/PÔR DO SOL;CENTRO DE ENSINO FUNDAMENTAL 28;;Correlação exata (2022);QNP 21 AREA ESPECIAL - SETOR HABITACIONAL SOL NASCENTE</name>
      </Placemark>
      <Placemark>
        <name>BRAZLÂNDIA;CENTRO DE ENSINO FUNDAMENTAL 30;;Correlação exata (2022);AREA ESPECIAL FRENTE MODULO 07 - CONDOMINIO PRIVE</name>
        <address>BRAZLÂNDIA;CENTRO DE ENSINO FUNDAMENTAL 30;;Correlação exata (2022);AREA ESPECIAL FRENTE MODULO 07 - CONDOMINIO PRIVE</address>
        <styleUrl>#icon-1899-0288D1-nodesc</styleUrl>
      </Placemark>
      <Placemark>
        <name>BRAZLÂNDIA;CENTRO DE ENSINO FUNDAMENTAL 31 (ANTIGO CE 17 E 53);;Correlação exata (2022);EQNO 17 CONJUNTO H LOTE 02 - EXPANSÃO SETOR O</name>
        <address>BRAZLÂNDIA;CENTRO DE ENSINO FUNDAMENTAL 31 (ANTIGO CE 17 E 53);;Correlação exata (2022);EQNO 17 CONJUNTO H LOTE 02 - EXPANSÃO SETOR O</address>
        <styleUrl>#icon-1899-0288D1-nodesc</styleUrl>
      </Placemark>
      <Placemark>
        <name>BRAZLÂNDIA;CENTRO DE ENSINO FUNDAMENTAL 34 (ANTIGA EC 60);;Correlação exata (2022);QNO 19 CONJUNTO B LOTE 01 - EXPANSÃO DO SETOR O</name>
      </Placemark>
      <Placemark>
        <name>BRAZLÂNDIA;CENTRO DE ENSINO FUNDAMENTAL BOA ESPERANÇA;;Correlação exata (2022);BR 070 - DF 180/190 FAZENDA CACHOEIRA NUCLEO RURAL BOA ESPERANCA</name>
        <address>BRAZLÂNDIA;CENTRO DE ENSINO FUNDAMENTAL BOA ESPERANÇA;;Correlação exata (2022);BR 070 - DF 180/190 FAZENDA CACHOEIRA NUCLEO RURAL BOA ESPERANCA</address>
        <styleUrl>#icon-1899-0288D1-nodesc</styleUrl>
      </Placemark>
      <Placemark>
        <name>BRAZLÂNDIA;CENTRO DE ENSINO FUNDAMENTAL N. 01;;Correlação exata (2022);PIQ( PROGRAMA DE INTEGRAÇÃO DE QUADRAS) Q. 06 LT. 02</name>
        <address>BRAZLÂNDIA;CENTRO DE ENSINO FUNDAMENTAL N. 01;;Correlação exata (2022);PIQ( PROGRAMA DE INTEGRAÇÃO DE QUADRAS) Q. 06 LT. 02</address>
        <styleUrl>#icon-1899-0288D1-nodesc</styleUrl>
      </Placemark>
      <Placemark>
        <name>BRAZLÂNDIA;CENTRO DE ENSINO FUNDAMENTAL N. 02;;Correlação exata (2022);QUADRA 12 ÁREA ESPECIAL 05 - SETOR NORTE</name>
        <address>BRAZLÂNDIA;CENTRO DE ENSINO FUNDAMENTAL N. 02;;Correlação exata (2022);QUADRA 12 ÁREA ESPECIAL 05 - SETOR NORTE</address>
        <styleUrl>#icon-1899-0288D1-nodesc</styleUrl>
      </Placemark>
      <Placemark>
        <name>BRAZLÂNDIA;CENTRO DE ENSINO FUNDAMENTAL N. 03;;Correlação exata (2022);AE - QUADRA 046</name>
        <address>BRAZLÂNDIA;CENTRO DE ENSINO FUNDAMENTAL N. 03;;Correlação exata (2022);AE - QUADRA 046</address>
        <styleUrl>#icon-1899-0288D1-nodesc</styleUrl>
      </Placemark>
      <Placemark>
        <name>BRAZLÂNDIA;CENTRO DE ENSINO FUNDAMENTAL VENDINHA;;Correlação exata (2022);BR - 080 KM 25 ESTRADA DE BRAZLÂNDIA PARA PADRE BERNARDO</name>
        <address>BRAZLÂNDIA;CENTRO DE ENSINO FUNDAMENTAL VENDINHA;;Correlação exata (2022);BR - 080 KM 25 ESTRADA DE BRAZLÂNDIA PARA PADRE BERNARDO</address>
        <styleUrl>#icon-1899-0288D1-nodesc</styleUrl>
      </Placemark>
      <Placemark>
        <name>BRAZLÂNDIA;CENTRO DE ENSINO FUNDAMENTAL- INCRA 08;;Correlação exata (2022);ZR - DF 070</name>
        <address>BRAZLÂNDIA;CENTRO DE ENSINO FUNDAMENTAL- INCRA 08;;Correlação exata (2022);ZR - DF 070</address>
        <styleUrl>#icon-1899-0288D1-nodesc</styleUrl>
      </Placemark>
      <Placemark>
        <name>BRAZLÂNDIA;CENTRO DE ENSINO MEDIO 12;;Correlação exata (2022);QNP 13 - AREA ESPECIAL - SETOR P NORTE</name>
        <address>BRAZLÂNDIA;CENTRO DE ENSINO MEDIO 12;;Correlação exata (2022);QNP 13 - AREA ESPECIAL - SETOR P NORTE</address>
        <styleUrl>#icon-1899-0288D1-nodesc</styleUrl>
      </Placemark>
      <Placemark>
        <name>BRAZLÂNDIA;CENTRO DE ENSINO MEDIO N. 01;;Correlação exata (2022);QD. 04 AE N. 02</name>
        <address>BRAZLÂNDIA;CENTRO DE ENSINO MEDIO N. 01;;Correlação exata (2022);QD. 04 AE N. 02</address>
        <styleUrl>#icon-1899-0288D1-nodesc</styleUrl>
      </Placemark>
      <Placemark>
        <name>BRAZLÂNDIA;CENTRO DE ENSINO MÉDIO 09;;Correlação exata (2022);EQNO 03/05 SETOR O</name>
        <address>BRAZLÂNDIA;CENTRO DE ENSINO MÉDIO 09;;Correlação exata (2022);EQNO 03/05 SETOR O</address>
        <styleUrl>#icon-1899-0288D1-nodesc</styleUrl>
      </Placemark>
      <Placemark>
        <name>BRAZLÂNDIA;CENTRO EDUCACIONAL 02;;Ambíguo - melhor zona única identificada;PRACA DO LAÇO - SETOR NORTE</name>
        <address>BRAZLÂNDIA;CENTRO EDUCACIONAL 02;;Ambíguo - melhor zona única identificada;PRACA DO LAÇO - SETOR NORTE</address>
        <styleUrl>#icon-1899-0288D1-nodesc</styleUrl>
      </Placemark>
      <Placemark>
        <name>BRAZLÂNDIA;CENTRO EDUCACIONAL 04 (CURRALINHO);;Correlação exata (2022);BR 080 KM 37 FAZ. CURRALINHO</name>
        <address>BRAZLÂNDIA;CENTRO EDUCACIONAL 04 (CURRALINHO);;Correlação exata (2022);BR 080 KM 37 FAZ. CURRALINHO</address>
        <styleUrl>#icon-1899-0288D1-nodesc</styleUrl>
      </Placemark>
      <Placemark>
        <name>BRAZLÂNDIA;CENTRO EDUCACIONAL 14 (ANTIGO CE 15);;Correlação exata (2022);EQNO 11/13 - SETOR O</name>
        <address>BRAZLÂNDIA;CENTRO EDUCACIONAL 14 (ANTIGO CE 15);;Correlação exata (2022);EQNO 11/13 - SETOR O</address>
        <styleUrl>#icon-1899-0288D1-nodesc</styleUrl>
      </Placemark>
      <Placemark>
        <name>BRAZLÂNDIA;CENTRO EDUCACIONAL 16 (ANTIGO CEF 24);;Correlação exata (2022);QNQ 03</name>
        <address>BRAZLÂNDIA;CENTRO EDUCACIONAL 16 (ANTIGO CEF 24);;Correlação exata (2022);QNQ 03</address>
        <styleUrl>#icon-1899-0288D1-nodesc</styleUrl>
      </Placemark>
      <Placemark>
        <name>BRAZLÂNDIA;CENTRO EDUCACIONAL INCRA 09;;Correlação exata (2022);NRAG - NUCLEO RURAL ALEXANDRE GUSMAO KM 16 BR 070 INCRA 09</name>
        <address>BRAZLÂNDIA;CENTRO EDUCACIONAL INCRA 09;;Correlação exata (2022);NRAG - NUCLEO RURAL ALEXANDRE GUSMAO KM 16 BR 070 INCRA 09</address>
        <styleUrl>#icon-1899-0288D1-nodesc</styleUrl>
      </Placemark>
      <Placemark>
        <name>BRAZLÂNDIA;CENTRO EDUCACIONAL IRMÃ MARIA REGINA VELANES RÉGIS;;Correlação exata (2022);ZR DF 001 (EPCT) DF 430</name>
        <address>BRAZLÂNDIA;CENTRO EDUCACIONAL IRMÃ MARIA REGINA VELANES RÉGIS;;Correlação exata (2022);ZR DF 001 (EPCT) DF 430</address>
        <styleUrl>#icon-1899-0288D1-nodesc</styleUrl>
      </Placemark>
      <Placemark>
        <name>BRAZLÂNDIA;CENTRO ENSINO MÉDIO Nº 02;;Correlação exata (2022);QUADRA 36 AE 03</name>
        <address>BRAZLÂNDIA;CENTRO ENSINO MÉDIO Nº 02;;Correlação exata (2022);QUADRA 36 AE 03</address>
        <styleUrl>#icon-1899-0288D1-nodesc</styleUrl>
      </Placemark>
      <Placemark>
        <name>BRAZLÂNDIA;CENTRO INTERESCOLAR DE LINGUAS DE BRAZLANDIA - CILB;;Correlação exata (2022);ÁREA ESPECIAL 07 QUADRA 02 - SETOR TRADICIONAL</name>
        <address>BRAZLÂNDIA;CENTRO INTERESCOLAR DE LINGUAS DE BRAZLANDIA - CILB;;Correlação exata (2022);ÁREA ESPECIAL 07 QUADRA 02 - SETOR TRADICIONAL</address>
        <styleUrl>#icon-1899-0288D1-nodesc</styleUrl>
      </Placemark>
      <Placemark>
        <name>BRAZLÂNDIA;CONGREGAÇÃO IRMÃS OBLATAS DO MENINO JESUS;;Correlação exata (2022);AE N. 02 LT. M/N</name>
        <address>BRAZLÂNDIA;CONGREGAÇÃO IRMÃS OBLATAS DO MENINO JESUS;;Correlação exata (2022);AE N. 02 LT. M/N</address>
        <styleUrl>#icon-1899-0288D1-nodesc</styleUrl>
      </Placemark>
      <Placemark>
        <name>BRAZLÂNDIA;ESCOLA CLASSE 07;;Ambíguo - eleitorado DIVIDIDO entre zonas;Q. 38 AE N. 02</name>
        <address>BRAZLÂNDIA;ESCOLA CLASSE 07;;Ambíguo - eleitorado DIVIDIDO entre zonas;Q. 38 AE N. 02</address>
        <styleUrl>#icon-1899-0288D1-nodesc</styleUrl>
      </Placemark>
      <Placemark>
        <name>BRAZLÂNDIA;ESCOLA CLASSE 08;;Ambíguo - eleitorado DIVIDIDO entre zonas;Q. 04 LOTE 01</name>
        <address>BRAZLÂNDIA;ESCOLA CLASSE 08;;Ambíguo - eleitorado DIVIDIDO entre zonas;Q. 04 LOTE 01</address>
        <styleUrl>#icon-1899-0288D1-nodesc</styleUrl>
      </Placemark>
      <Placemark>
        <name>BRAZLÂNDIA;ESCOLA CLASSE 09;;ADICIONADO - zona de 2022 ausente em 2026;EQ 45/55 - VILA SÃO JOSÉ</name>
        <address>BRAZLÂNDIA;ESCOLA CLASSE 09;;ADICIONADO - zona de 2022 ausente em 2026;EQ 45/55 - VILA SÃO JOSÉ</address>
        <styleUrl>#icon-1899-0288D1-nodesc</styleUrl>
      </Placemark>
      <Placemark>
        <name>BRAZLÂNDIA;ESCOLA CLASSE 16;;Ambíguo - eleitorado DIVIDIDO entre zonas;EQNO 04/06 - SETOR O</name>
        <address>BRAZLÂNDIA;ESCOLA CLASSE 16;;Ambíguo - eleitorado DIVIDIDO entre zonas;EQNO 04/06 - SETOR O</address>
        <styleUrl>#icon-1899-0288D1-nodesc</styleUrl>
      </Placemark>
      <Placemark>
        <name>BRAZLÂNDIA;ESCOLA CLASSE 17;;Correlação exata (2022);EQNO 01/03 - SETOR O</name>
        <address>BRAZLÂNDIA;ESCOLA CLASSE 17;;Correlação exata (2022);EQNO 01/03 - SETOR O</address>
        <styleUrl>#icon-1899-0288D1-nodesc</styleUrl>
      </Placemark>
      <Placemark>
        <name>BRAZLÂNDIA;ESCOLA CLASSE 31;;Correlação exata (2022);EQNO 09/11 - SETOR O</name>
        <address>BRAZLÂNDIA;ESCOLA CLASSE 31;;Correlação exata (2022);EQNO 09/11 - SETOR O</address>
        <styleUrl>#icon-1899-0288D1-nodesc</styleUrl>
      </Placemark>
      <Placemark>
        <name>BRAZLÂNDIA;ESCOLA CLASSE 33;;Correlação exata (2022);EQNO 13/15 - SETOR O</name>
        <address>BRAZLÂNDIA;ESCOLA CLASSE 33;;Correlação exata (2022);EQNO 13/15 - SETOR O</address>
        <styleUrl>#icon-1899-0288D1-nodesc</styleUrl>
      </Placemark>
      <Placemark>
        <name>BRAZLÂNDIA;ESCOLA CLASSE 34;;Correlação exata (2022);EQNP 17/13 - SETOR P NORTE</name>
        <address>BRAZLÂNDIA;ESCOLA CLASSE 34;;Correlação exata (2022);EQNP 17/13 - SETOR P NORTE</address>
        <styleUrl>#icon-1899-0288D1-nodesc</styleUrl>
      </Placemark>
      <Placemark>
        <name>BRAZLÂNDIA;ESCOLA CLASSE 38;;Correlação exata (2022);EQNP 15/19 - AREA ESPECIAL - SETOR P NORTE</name>
        <address>BRAZLÂNDIA;ESCOLA CLASSE 38;;Correlação exata (2022);EQNP 15/19 - AREA ESPECIAL - SETOR P NORTE</address>
        <styleUrl>#icon-1899-0288D1-nodesc</styleUrl>
      </Placemark>
      <Placemark>
        <name>BRAZLÂNDIA;ESCOLA CLASSE 55;;Ambíguo - eleitorado DIVIDIDO entre zonas;EQNO 19/20 - CONJUNTO C - ÁREA ESPECIAL - EXPANSÃO SETOR O</name>
        <address>BRAZLÂNDIA;ESCOLA CLASSE 55;;Ambíguo - eleitorado DIVIDIDO entre zonas;EQNO 19/20 - CONJUNTO C - ÁREA ESPECIAL - EXPANSÃO SETOR O</address>
        <styleUrl>#icon-1899-0288D1-nodesc</styleUrl>
      </Placemark>
      <Placemark>
        <name>BRAZLÂNDIA;ESCOLA CLASSE 56;;Correlação exata (2022);EQNO 18 CONJUNTO I LOTE 2 - EXPANSÃO DO SETOR O</name>
        <address>BRAZLÂNDIA;ESCOLA CLASSE 56;;Correlação exata (2022);EQNO 18 CONJUNTO I LOTE 2 - EXPANSÃO DO SETOR O</address>
        <styleUrl>#icon-1899-0288D1-nodesc</styleUrl>
      </Placemark>
      <Placemark>
        <name>BRAZLÂNDIA;ESCOLA CLASSE 61;;Correlação exata (2022);QNQ 4 LOTE A SETOR Q</name>
        <address>BRAZLÂNDIA;ESCOLA CLASSE 61;;Correlação exata (2022);QNQ 4 LOTE A SETOR Q</address>
        <styleUrl>#icon-1899-0288D1-nodesc</styleUrl>
      </Placemark>
      <Placemark>
        <name>BRAZLÂNDIA;ESCOLA CLASSE 62;;Correlação exata (2022);QNQ 01 - AREA ESPECIAL</name>
        <address>BRAZLÂNDIA;ESCOLA CLASSE 62;;Correlação exata (2022);QNQ 01 - AREA ESPECIAL</address>
        <styleUrl>#icon-1899-0288D1-nodesc</styleUrl>
      </Placemark>
      <Placemark>
        <name>BRAZLÂNDIA;ESCOLA CLASSE 65;;Correlação exata (2022);QNR 02 - ÁREA ESPECIAL 04</name>
        <address>BRAZLÂNDIA;ESCOLA CLASSE 65;;Correlação exata (2022);QNR 02 - ÁREA ESPECIAL 04</address>
        <styleUrl>#icon-1899-0288D1-nodesc</styleUrl>
      </Placemark>
      <Placemark>
        <name>SOL NASCENTE/PÔR DO SOL;ESCOLA CLASSE 66;;Correlação exata (2022);AV.CORREGO DAS CORUJAS S/N - SETOR HABITACIONAL SOL NASCENTE TRECHO 3</name>
        <address>SOL NASCENTE/PÔR DO SOL;ESCOLA CLASSE 66;;Correlação exata (2022);AV.CORREGO DAS CORUJAS S/N - SETOR HABITACIONAL SOL NASCENTE TRECHO 3</address>
        <styleUrl>#icon-1899-0288D1-nodesc</styleUrl>
      </Placemark>
      <Placemark>
        <name>BRAZLÂNDIA;ESCOLA CLASSE ALMECEGAS;;Correlação exata (2022);ZONA RURAL FAZ. ALMECEGAS BR-080 - DF 206 VC 505</name>
        <address>BRAZLÂNDIA;ESCOLA CLASSE ALMECEGAS;;Correlação exata (2022);ZONA RURAL FAZ. ALMECEGAS BR-080 - DF 206 VC 505</address>
        <styleUrl>#icon-1899-0288D1-nodesc</styleUrl>
      </Placemark>
      <Placemark>
        <name>BRAZLÂNDIA;ESCOLA CLASSE BUCANHAO;;Correlação exata (2022);ZR-DF-240-ACESSO P/VSJ</name>
        <address>BRAZLÂNDIA;ESCOLA CLASSE BUCANHAO;;Correlação exata (2022);ZR-DF-240-ACESSO P/VSJ</address>
        <styleUrl>#icon-1899-0288D1-nodesc</styleUrl>
      </Placemark>
      <Placemark>
        <name>BRAZLÂNDIA;ESCOLA CLASSE DO SETOR P NORTE;;Correlação exata (2022);RUA DA CASCALHEIRA S/N - VC 311</name>
        <address>BRAZLÂNDIA;ESCOLA CLASSE DO SETOR P NORTE;;Correlação exata (2022);RUA DA CASCALHEIRA S/N - VC 311</address>
        <styleUrl>#icon-1899-0288D1-nodesc</styleUrl>
      </Placemark>
      <Placemark>
        <name>BRAZLÂNDIA;ESCOLA CLASSE INCRA 06;;Correlação exata (2022);ZR - ROD. DF 180</name>
        <address>BRAZLÂNDIA;ESCOLA CLASSE INCRA 06;;Correlação exata (2022);ZR - ROD. DF 180</address>
        <styleUrl>#icon-1899-0288D1-nodesc</styleUrl>
      </Placemark>
      <Placemark>
        <name>BRAZLÂNDIA;ESCOLA CLASSE INCRA 07;;Correlação exata (2022);ZR - DF 249 - DF 008</name>
        <address>BRAZLÂNDIA;ESCOLA CLASSE INCRA 07;;Correlação exata (2022);ZR - DF 249 - DF 008</address>
        <styleUrl>#icon-1899-0288D1-nodesc</styleUrl>
      </Placemark>
      <Placemark>
        <name>BRAZLÂNDIA;ESCOLA CLASSE N 01;;Correlação exata (2022);AE N 03</name>
        <address>BRAZLÂNDIA;ESCOLA CLASSE N 01;;Correlação exata (2022);AE N 03</address>
        <styleUrl>#icon-1899-0288D1-nodesc</styleUrl>
      </Placemark>
      <Placemark>
        <name>BRAZLÂNDIA;ESCOLA CLASSE N 03;;Correlação exata (2022);EQ 6/8</name>
        <address>BRAZLÂNDIA;ESCOLA CLASSE N 03;;Correlação exata (2022);EQ 6/8</address>
        <styleUrl>#icon-1899-0288D1-nodesc</styleUrl>
      </Placemark>
      <Placemark>
        <name>BRAZLÂNDIA;ESCOLA CLASSE N. 01 - INCRA 08;;Correlação exata (2022);INCRA 08 - QUADRA 18 LOTE 01</name>
        <address>BRAZLÂNDIA;ESCOLA CLASSE N. 01 - INCRA 08;;Correlação exata (2022);INCRA 08 - QUADRA 18 LOTE 01</address>
        <styleUrl>#icon-1899-0288D1-nodesc</styleUrl>
      </Placemark>
      <Placemark>
        <name>BRAZLÂNDIA;ESCOLA CLASSE N. 05 - GB;;Correlação exata (2022);AE N. 01</name>
        <address>BRAZLÂNDIA;ESCOLA CLASSE N. 05 - GB;;Correlação exata (2022);AE N. 01</address>
        <styleUrl>#icon-1899-0288D1-nodesc</styleUrl>
      </Placemark>
      <Placemark>
        <name>BRAZLÂNDIA;ESCOLA CLASSE N. 06;;Correlação exata (2022);QD. 38 AE N. 01</name>
        <address>BRAZLÂNDIA;ESCOLA CLASSE N. 06;;Correlação exata (2022);QD. 38 AE N. 01</address>
        <styleUrl>#icon-1899-0288D1-nodesc</styleUrl>
      </Placemark>
      <Placemark>
        <name>BRAZLÂNDIA;ESCOLA CLASSE POLO AGRICOLA TORRE;;Correlação exata (2022);ZR - DF 001 (EPCT) DF 430/415 KM 06</name>
        <address>BRAZLÂNDIA;ESCOLA CLASSE POLO AGRICOLA TORRE;;Correlação exata (2022);ZR - DF 001 (EPCT) DF 430/415 KM 06</address>
        <styleUrl>#icon-1899-0288D1-nodesc</styleUrl>
      </Placemark>
      <Placemark>
        <name>BRAZLÂNDIA;ESCOLA CLASSE RURAL CHAPADINHA;;Correlação exata (2022);ZR - DF 240 (DF 008) DF 445</name>
        <address>BRAZLÂNDIA;ESCOLA CLASSE RURAL CHAPADINHA;;Correlação exata (2022);ZR - DF 240 (DF 008) DF 445</address>
        <styleUrl>#icon-1899-0288D1-nodesc</styleUrl>
      </Placemark>
      <Placemark>
        <name>GAMA;CED 07 - CENTRO EDUCACIONAL 07 DO GAMA;72405-155;Pesquisado no QEdu/fonte oficial;QUADRA EQ 15/17</name>
        <address>GAMA;CED 07 - CENTRO EDUCACIONAL 07 DO GAMA;72405-155;Pesquisado no QEdu/fonte oficial;QUADRA EQ 15/17</address>
        <styleUrl>#icon-1899-0288D1-nodesc</styleUrl>
      </Placemark>
      <Placemark>
        <name>GAMA;CEF 05 - CENTRO DE ENSINO FUNDAMENTAL 05 DO GAMA;72420-266;Pesquisado no QEdu/fonte oficial;EQ 26/29 AREA ESPECIAL</name>
        <address>GAMA;CEF 05 - CENTRO DE ENSINO FUNDAMENTAL 05 DO GAMA;72420-266;Pesquisado no QEdu/fonte oficial;EQ 26/29 AREA ESPECIAL</address>
        <styleUrl>#icon-1899-0288D1-nodesc</styleUrl>
      </Placemark>
      <Placemark>
        <name>GAMA;CEF 08 - CENTRO DE ENSINO FUNDAMENTAL 08 DO GAMA;72415-117;Pesquisado no QEdu/fonte oficial;PRACA 2</name>
        <address>GAMA;CEF 08 - CENTRO DE ENSINO FUNDAMENTAL 08 DO GAMA;72415-117;Pesquisado no QEdu/fonte oficial;PRACA 2</address>
        <styleUrl>#icon-1899-0288D1-nodesc</styleUrl>
      </Placemark>
      <Placemark>
        <name>GAMA;CEF 10 - CENTRO DE ENSINO FUNDAMENTAL 10 DO GAMA;72420-167;Pesquisado no QEdu/fonte oficial;EQ 16/26 E 19-22</name>
        <address>GAMA;CEF 10 - CENTRO DE ENSINO FUNDAMENTAL 10 DO GAMA;72420-167;Pesquisado no QEdu/fonte oficial;EQ 16/26 E 19-22</address>
        <styleUrl>#icon-1899-0288D1-nodesc</styleUrl>
      </Placemark>
      <Placemark>
        <name>GAMA;CEF 11 - CENTRO DE ENSINO FUNDAMENTAL 11 DO GAMA;72410-100;Pesquisado no QEdu/fonte oficial;QUADRA 1</name>
      </Placemark>
      <Placemark>
        <name>GAMA;CED 06 - CENTRO EDUCACIONAL 06 DO GAMA;;Correlação aproximada (2022) - conferir;EQ 02/07 A.E. S.LESTE</name>
        <address>GAMA;CED 06 - CENTRO EDUCACIONAL 06 DO GAMA;;Correlação aproximada (2022) - conferir;EQ 02/07 A.E. S.LESTE</address>
        <styleUrl>#icon-1899-0288D1-nodesc</styleUrl>
      </Placemark>
      <Placemark>
        <name>GAMA;CED 08 - CENTRO EDUCACIONAL 08 DO GAMA;;Correlação aproximada (2022) - conferir;E Q 4/10 A.E.SETOR SUL</name>
        <address>GAMA;CED 08 - CENTRO EDUCACIONAL 08 DO GAMA;;Correlação aproximada (2022) - conferir;E Q 4/10 A.E.SETOR SUL</address>
        <styleUrl>#icon-1899-0288D1-nodesc</styleUrl>
      </Placemark>
      <Placemark>
        <name>GAMA;CED CASA GRANDE - CENTRO EDUCACIONAL CASA GRANDE;;Correlação aproximada (2022) - conferir;N RURAL CASA GRANDE CH 16 SETOR DE CHACARAS NORTE</name>
        <address>GAMA;CED CASA GRANDE - CENTRO EDUCACIONAL CASA GRANDE;;Correlação aproximada (2022) - conferir;N RURAL CASA GRANDE CH 16 SETOR DE CHACARAS NORTE</address>
        <styleUrl>#icon-1899-0288D1-nodesc</styleUrl>
      </Placemark>
      <Placemark>
        <name>GAMA;CED ENGENHO DAS LAJES - CENTRO EDUCACIONAL ENGENHO DAS LAJES;;Correlação aproximada (2022) - conferir;BR 060 KM 30 - RODOVIA BSB/GOIANIA</name>
        <address>GAMA;CED ENGENHO DAS LAJES - CENTRO EDUCACIONAL ENGENHO DAS LAJES;;Correlação aproximada (2022) - conferir;BR 060 KM 30 - RODOVIA BSB/GOIANIA</address>
        <styleUrl>#icon-1899-0288D1-nodesc</styleUrl>
      </Placemark>
      <Placemark>
        <name>GAMA;CEF 01 - CENTRO DE ENSINO FUNDAMENTAL 01 DO GAMA;;Correlação aproximada (2022) - conferir;EQ 1/2 A.E. SETOR NORTE</name>
        <address>GAMA;CEF 01 - CENTRO DE ENSINO FUNDAMENTAL 01 DO GAMA;;Correlação aproximada (2022) - conferir;EQ 1/2 A.E. SETOR NORTE</address>
        <styleUrl>#icon-1899-0288D1-nodesc</styleUrl>
      </Placemark>
      <Placemark>
        <name>GAMA;CEF 03 - CENTRO DE ENSINO FUNDAMENTAL 03 DO GAMA;;Correlação aproximada (2022) - conferir;E Q 6/11 A. E.S.LESTE</name>
        <address>GAMA;CEF 03 - CENTRO DE ENSINO FUNDAMENTAL 03 DO GAMA;;Correlação aproximada (2022) - conferir;E Q 6/11 A. E.S.LESTE</address>
        <styleUrl>#icon-1899-0288D1-nodesc</styleUrl>
      </Placemark>
      <Placemark>
        <name>GAMA;CEF 04 - CENTRO ENSINO FUNDAMENTAL 04 DO GAMA;;Correlação aproximada (2022) - conferir;E Q 29/33 PR 03 A E. SETOR LESTE</name>
        <address>GAMA;CEF 04 - CENTRO ENSINO FUNDAMENTAL 04 DO GAMA;;Correlação aproximada (2022) - conferir;E Q 29/33 PR 03 A E. SETOR LESTE</address>
        <styleUrl>#icon-1899-0288D1-nodesc</styleUrl>
      </Placemark>
      <Placemark>
        <name>GAMA;CEF 102 NORTE;;Correlação aproximada (2022) - conferir;EQ 16/26 E 19/22 A.E. S.OESTE</name>
        <address>GAMA;CEF 102 NORTE;;Correlação aproximada (2022) - conferir;EQ 16/26 E 19/22 A.E. S.OESTE</address>
        <styleUrl>#icon-1899-0288D1-nodesc</styleUrl>
      </Placemark>
      <Placemark>
        <name>GAMA;CEM 01 - CENTRO DE ENSINO MEDIO 01 DO GAMA;;Correlação aproximada (2022) - conferir;E/Q 18/21 AREA ESPECIAL - SETOR LESTE</name>
        <address>GAMA;CEM 01 - CENTRO DE ENSINO MEDIO 01 DO GAMA;;Correlação aproximada (2022) - conferir;E/Q 18/21 AREA ESPECIAL - SETOR LESTE</address>
        <styleUrl>#icon-1899-0288D1-nodesc</styleUrl>
      </Placemark>
      <Placemark>
        <name>GAMA;CEM 02 - CENTRO DE ENSINO MEDIO 02 DO GAMA;;Correlação aproximada (2022) - conferir;LOTE 27/36 A.E. S.CENTRAL LADO OESTE</name>
        <address>GAMA;CEM 02 - CENTRO DE ENSINO MEDIO 02 DO GAMA;;Correlação aproximada (2022) - conferir;LOTE 27/36 A.E. S.CENTRAL LADO OESTE</address>
        <styleUrl>#icon-1899-0288D1-nodesc</styleUrl>
      </Placemark>
      <Placemark>
        <name>GAMA;CEM 03 - CENTRO DE ENSINO MÉDIO 03 DO GAMA;;Correlação aproximada (2022) - conferir;EQ 5/11 A.E. SETOR SUL</name>
        <address>GAMA;CEM 03 - CENTRO DE ENSINO MÉDIO 03 DO GAMA;;Correlação aproximada (2022) - conferir;EQ 5/11 A.E. SETOR SUL</address>
        <styleUrl>#icon-1899-0288D1-nodesc</styleUrl>
      </Placemark>
      <Placemark>
        <name>GAMA;CEMI - CEM INTEGRADO 01 EDUCAÇÃO PROFISSIONAL;;Correlação aproximada (2022) - conferir;EQ 12/16 A.ESPECIALSETOR OESTE</name>
        <address>GAMA;CEMI - CEM INTEGRADO 01 EDUCAÇÃO PROFISSIONAL;;Correlação aproximada (2022) - conferir;EQ 12/16 A.ESPECIALSETOR OESTE</address>
        <styleUrl>#icon-1899-0288D1-nodesc</styleUrl>
      </Placemark>
      <Placemark>
        <name>GAMA;CENTRO DE ENSINO ESPECIAL DO GAMA;;Correlação exata (2022);EQ. 55/56 AE 02 SETOR CENTRAL</name>
        <address>GAMA;CENTRO DE ENSINO ESPECIAL DO GAMA;;Correlação exata (2022);EQ. 55/56 AE 02 SETOR CENTRAL</address>
        <styleUrl>#icon-1899-0288D1-nodesc</styleUrl>
      </Placemark>
      <Placemark>
        <name>GAMA;CENTRO EDUCACIONAL 07;;Ambíguo - eleitorado DIVIDIDO entre zonas;EQ 15/17 - PRACA 01 LOTE 03</name>
      </Placemark>
      <Placemark>
        <name>GAMA;CIL - CENTRO INTERESCOLAR DE LINGUAS DO GAMA;;OK - Endereço e zona confirmados;EQ 16/18</name>
        <address>GAMA;CIL - CENTRO INTERESCOLAR DE LINGUAS DO GAMA;;OK - Endereço e zona confirmados;EQ 16/18</address>
        <styleUrl>#icon-1899-0288D1-nodesc</styleUrl>
      </Placemark>
      <Placemark>
        <name>GAMA;EC 01 - ESCOLA CLASSE 01 DO GAMA;;Correlação aproximada (2022) - conferir;EQ 18/21 PR. 2 A.E. S.LESTE</name>
        <address>GAMA;EC 01 - ESCOLA CLASSE 01 DO GAMA;;Correlação aproximada (2022) - conferir;EQ 18/21 PR. 2 A.E. S.LESTE</address>
        <styleUrl>#icon-1899-0288D1-nodesc</styleUrl>
      </Placemark>
      <Placemark>
        <name>GAMA;EC 02 - ESCOLA CLASSE 02 DO GAMA;;OK - Endereço e zona confirmados;EQ 2/4</name>
        <address>GAMA;EC 02 - ESCOLA CLASSE 02 DO GAMA;;OK - Endereço e zona confirmados;EQ 2/4</address>
        <styleUrl>#icon-1899-0288D1-nodesc</styleUrl>
      </Placemark>
      <Placemark>
        <name>GAMA;EC 03 - ESCOLA CLASSE 03 DO GAMA;;Correlação aproximada (2022) - conferir;E/Q 10/15 - AE SETOR LESTE</name>
        <address>GAMA;EC 03 - ESCOLA CLASSE 03 DO GAMA;;Correlação aproximada (2022) - conferir;E/Q 10/15 - AE SETOR LESTE</address>
        <styleUrl>#icon-1899-0288D1-nodesc</styleUrl>
      </Placemark>
      <Placemark>
        <name>GAMA;EC 09 - ESCOLA CLASSE 09 DO GAMA;;OK - Endereço e zona confirmados;Quadra 03</name>
        <address>GAMA;EC 09 - ESCOLA CLASSE 09 DO GAMA;;OK - Endereço e zona confirmados;Quadra 03</address>
        <styleUrl>#icon-1899-0288D1-nodesc</styleUrl>
      </Placemark>
      <Placemark>
        <name>GAMA;EC 14 - ESCOLA CLASSE 14 DO GAMA;;Correlação aproximada (2022) - conferir;E/Q 29/33 AE SETOR LESTE</name>
        <address>GAMA;EC 14 - ESCOLA CLASSE 14 DO GAMA;;Correlação aproximada (2022) - conferir;E/Q 29/33 AE SETOR LESTE</address>
        <styleUrl>#icon-1899-0288D1-nodesc</styleUrl>
      </Placemark>
      <Placemark>
        <name>GAMA;EC 19 - ESCOLA CLASSE 19 DO GAMA;;Correlação aproximada (2022) - conferir;E/Q 30/49 A.E SETOR LESTE</name>
        <address>GAMA;EC 19 - ESCOLA CLASSE 19 DO GAMA;;Correlação aproximada (2022) - conferir;E/Q 30/49 A.E SETOR LESTE</address>
        <styleUrl>#icon-1899-0288D1-nodesc</styleUrl>
      </Placemark>
      <Placemark>
        <name>GAMA;EC 21 - ESCOLA CLASSE 21 DO GAMA;;Correlação aproximada (2022) - conferir;E Q 44/45 A.E S.LESTE</name>
        <address>GAMA;EC 21 - ESCOLA CLASSE 21 DO GAMA;;Correlação aproximada (2022) - conferir;E Q 44/45 A.E S.LESTE</address>
        <styleUrl>#icon-1899-0288D1-nodesc</styleUrl>
      </Placemark>
      <Placemark>
        <name>GAMA;EC 22 - ESCOLA CLASSE 22 DO GAMA;;Correlação aproximada (2022) - conferir;EQ 33/49 A.E. S.CENTRAL</name>
        <address>GAMA;EC 22 - ESCOLA CLASSE 22 DO GAMA;;Correlação aproximada (2022) - conferir;EQ 33/49 A.E. S.CENTRAL</address>
        <styleUrl>#icon-1899-0288D1-nodesc</styleUrl>
      </Placemark>
      <Placemark>
        <name>GAMA;ESCOLA CLASSE 02;;Ambíguo - melhor zona única identificada;EQ 02/04 AREA ESPECIAL SETOR OESTE</name>
        <address>GAMA;ESCOLA CLASSE 02;;Ambíguo - melhor zona única identificada;EQ 02/04 AREA ESPECIAL SETOR OESTE</address>
        <styleUrl>#icon-1899-0288D1-nodesc</styleUrl>
      </Placemark>
      <Placemark>
        <name>GAMA;ESCOLA CLASSE 09;;Ambíguo - melhor zona única identificada;Q 03 AE SETOR SUL</name>
      </Placemark>
      <Placemark>
        <name>GAMA;ESCOLA CLASSE 10;;Ambíguo - melhor zona única identificada;EQ 10/21 AREA ESPECIAL SETOR OESTE</name>
        <address>GAMA;ESCOLA CLASSE 10;;Ambíguo - melhor zona única identificada;EQ 10/21 AREA ESPECIAL SETOR OESTE</address>
        <styleUrl>#icon-1899-0288D1-nodesc</styleUrl>
      </Placemark>
      <Placemark>
        <name>GAMA;ESCOLA CLASSE 15;;Ambíguo - eleitorado DIVIDIDO entre zonas;QUADRA 02 AREA ESPECIAL SETOR NORTE</name>
        <address>GAMA;ESCOLA CLASSE 15;;Ambíguo - eleitorado DIVIDIDO entre zonas;QUADRA 02 AREA ESPECIAL SETOR NORTE</address>
        <styleUrl>#icon-1899-0288D1-nodesc</styleUrl>
      </Placemark>
      <Placemark>
        <name>GAMA;ESCOLA CLASSE 28;;ADICIONADO - zona de 2022 ausente em 2026;QUADRA A LOTE B VILA RORIZ SETOR OESTE</name>
        <address>GAMA;ESCOLA CLASSE 28;;ADICIONADO - zona de 2022 ausente em 2026;QUADRA A LOTE B VILA RORIZ SETOR OESTE</address>
        <styleUrl>#icon-1899-0288D1-nodesc</styleUrl>
      </Placemark>
      <Placemark>
        <name>GAMA;ESCOLA CLASSE 29;;Ambíguo - eleitorado DIVIDIDO entre zonas;EQ 13/15 AE SETOR SUL</name>
        <address>GAMA;ESCOLA CLASSE 29;;Ambíguo - eleitorado DIVIDIDO entre zonas;EQ 13/15 AE SETOR SUL</address>
        <styleUrl>#icon-1899-0288D1-nodesc</styleUrl>
      </Placemark>
      <Placemark>
        <name>GAMA;JI 05 - JARDIM DE INFÂNCIA 05 DO GAMA;;Correlação aproximada (2022) - conferir;QUADRA 10 - ÁREA ESPECIAL</name>
        <address>GAMA;JI 05 - JARDIM DE INFÂNCIA 05 DO GAMA;;Correlação aproximada (2022) - conferir;QUADRA 10 - ÁREA ESPECIAL</address>
        <styleUrl>#icon-1899-0288D1-nodesc</styleUrl>
      </Placemark>
      <Placemark>
        <name>GAMA;UNICEPLAC - CENTRO UNIV. DO PLANALTO CENTRAL APPARECIDO DOS SANTOS;;Correlação exata (2022);SIGA A.E. 02 SETOR LESTE INDÚSTRIA</name>
        <address>GAMA;UNICEPLAC - CENTRO UNIV. DO PLANALTO CENTRAL APPARECIDO DOS SANTOS;;Correlação exata (2022);SIGA A.E. 02 SETOR LESTE INDÚSTRIA</address>
        <styleUrl>#icon-1899-0288D1-nodesc</styleUrl>
      </Placemark>
      <Placemark>
        <name>JARDIM BOTÂNICO;CENTRO EDUCACIONAL JARDINS MANGUEIRAL;;Pesquisado no QEdu/fonte oficial;PRACA DE ATIVIDADES 02</name>
        <address>JARDIM BOTÂNICO;CENTRO EDUCACIONAL JARDINS MANGUEIRAL;;Pesquisado no QEdu/fonte oficial;PRACA DE ATIVIDADES 02</address>
        <styleUrl>#icon-1899-0288D1-nodesc</styleUrl>
      </Placemark>
      <Placemark>
        <name>SÃO SEBASTIÃO;INSTITUTO FEDERAL DE BRASÍLIA - IFB SÃO SEBASTIÃO;71690-001;Pesquisado no QEdu/fonte oficial;CENTRO DE MULTIPLAS FUNCOES</name>
        <address>SÃO SEBASTIÃO;INSTITUTO FEDERAL DE BRASÍLIA - IFB SÃO SEBASTIÃO;71690-001;Pesquisado no QEdu/fonte oficial;CENTRO DE MULTIPLAS FUNCOES</address>
        <styleUrl>#icon-1899-0288D1-nodesc</styleUrl>
      </Placemark>
      <Placemark>
        <name>LAGO SUL;CENTRO DE ENSINO FUNDAMENTAL 06 DE BRASÍLIA;;Correlação exata (2022);SHIS QI 15 AREA ESPECIAL 02 - LAGO SUL</name>
        <address>LAGO SUL;CENTRO DE ENSINO FUNDAMENTAL 06 DE BRASÍLIA;;Correlação exata (2022);SHIS QI 15 AREA ESPECIAL 02 - LAGO SUL</address>
        <styleUrl>#icon-1899-0288D1-nodesc</styleUrl>
      </Placemark>
      <Placemark>
        <name>SÃO SEBASTIÃO;CENTRO DE ENSINO FUNDAMENTAL CERÂMICA SÃO PAULO;;Correlação exata (2022);RUA 01</name>
        <address>SÃO SEBASTIÃO;CENTRO DE ENSINO FUNDAMENTAL CERÂMICA SÃO PAULO;;Correlação exata (2022);RUA 01</address>
        <styleUrl>#icon-1899-0288D1-nodesc</styleUrl>
      </Placemark>
      <Placemark>
        <name>SÃO SEBASTIÃO;CENTRO DE ENSINO FUNDAMENTAL DO BOSQUE;;Correlação exata (2022);ÁREA INSTITUCIONAL Nº 02</name>
      </Placemark>
      <Placemark>
        <name>SÃO SEBASTIÃO;CENTRO DE ENSINO FUNDAMENTAL JARDIM II;;Correlação exata (2022);DF 285 KM 20 NÚCLEO RURAL JARDIM II</name>
        <address>SÃO SEBASTIÃO;CENTRO DE ENSINO FUNDAMENTAL JARDIM II;;Correlação exata (2022);DF 285 KM 20 NÚCLEO RURAL JARDIM II</address>
        <styleUrl>#icon-1899-0288D1-nodesc</styleUrl>
      </Placemark>
      <Placemark>
        <name>SÃO SEBASTIÃO;CENTRO DE ENSINO FUNDAMENTAL MIGUEL ARCANJO;;Correlação exata (2022);QD 02</name>
        <address>SÃO SEBASTIÃO;CENTRO DE ENSINO FUNDAMENTAL MIGUEL ARCANJO;;Correlação exata (2022);QD 02</address>
        <styleUrl>#icon-1899-0288D1-nodesc</styleUrl>
      </Placemark>
      <Placemark>
        <name>SÃO SEBASTIÃO;CENTRO DE ENSINO FUNDAMENTAL NOVA BETANIA;;Correlação exata (2022);BR 251 KM 38 NOVA BETANIA</name>
        <address>SÃO SEBASTIÃO;CENTRO DE ENSINO FUNDAMENTAL NOVA BETANIA;;Correlação exata (2022);BR 251 KM 38 NOVA BETANIA</address>
        <styleUrl>#icon-1899-0288D1-nodesc</styleUrl>
      </Placemark>
      <Placemark>
        <name>SÃO SEBASTIÃO;CENTRO DE ENSINO MÉDIO 01 - CENTRÃO;;Correlação exata (2022);QUADRA 202/203 AREA ESPECIAL -RESIDENCIAL OESTE</name>
        <address>SÃO SEBASTIÃO;CENTRO DE ENSINO MÉDIO 01 - CENTRÃO;;Correlação exata (2022);QUADRA 202/203 AREA ESPECIAL -RESIDENCIAL OESTE</address>
        <styleUrl>#icon-1899-0288D1-nodesc</styleUrl>
      </Placemark>
      <Placemark>
        <name>LAGO SUL;CENTRO EDUCACIONAL DO LAGO SUL - CEL;;Correlação exata (2022);SHIS QI 09 AREA ESPECIAL</name>
        <address>LAGO SUL;CENTRO EDUCACIONAL DO LAGO SUL - CEL;;Correlação exata (2022);SHIS QI 09 AREA ESPECIAL</address>
        <styleUrl>#icon-1899-0288D1-nodesc</styleUrl>
      </Placemark>
      <Placemark>
        <name>SÃO SEBASTIÃO;CENTRO EDUCACIONAL DO PAD/DF;;Correlação exata (2022);BR-251</name>
      </Placemark>
      <Placemark>
        <name>SÃO SEBASTIÃO;CENTRO EDUCACIONAL SAO BARTOLOMEU;;Correlação exata (2022);AE QUADRA 02 CONJUNTO 03 LOTE 04</name>
        <address>SÃO SEBASTIÃO;CENTRO EDUCACIONAL SAO BARTOLOMEU;;Correlação exata (2022);AE QUADRA 02 CONJUNTO 03 LOTE 04</address>
        <styleUrl>#icon-1899-0288D1-nodesc</styleUrl>
      </Placemark>
      <Placemark>
        <name>SÃO SEBASTIÃO;CENTRO EDUCACIONAL SAO JOSE;;Correlação exata (2022);QUADRA 16 AREA ESPECIAL BAIRRO SAO JOSE</name>
        <address>SÃO SEBASTIÃO;CENTRO EDUCACIONAL SAO JOSE;;Correlação exata (2022);QUADRA 16 AREA ESPECIAL BAIRRO SAO JOSE</address>
        <styleUrl>#icon-1899-0288D1-nodesc</styleUrl>
      </Placemark>
      <Placemark>
        <name>SÃO SEBASTIÃO;CENTRO EDUCACIONAL SÃO FRANCISCO - CHICÃO;;Correlação exata (2022);QUADRA 17</name>
        <address>SÃO SEBASTIÃO;CENTRO EDUCACIONAL SÃO FRANCISCO - CHICÃO;;Correlação exata (2022);QUADRA 17</address>
        <styleUrl>#icon-1899-0288D1-nodesc</styleUrl>
      </Placemark>
      <Placemark>
        <name>SÃO SEBASTIÃO;CIEIC - CENTRO INTEGRADO IRMAOS CARVALHO;;Correlação exata (2022);SH ESTRADA DO SOL COND. MANSÕES SERRANA KM 5 CHÁCARA IRMÃOS CARVALHO</name>
        <address>SÃO SEBASTIÃO;CIEIC - CENTRO INTEGRADO IRMAOS CARVALHO;;Correlação exata (2022);SH ESTRADA DO SOL COND. MANSÕES SERRANA KM 5 CHÁCARA IRMÃOS CARVALHO</address>
        <styleUrl>#icon-1899-0288D1-nodesc</styleUrl>
      </Placemark>
      <Placemark>
        <name>LAGO SUL;COLEGIO MARIA IMACULADA;;Correlação exata (2022);SHIS QI 05 CHACARA 72</name>
        <address>LAGO SUL;COLEGIO MARIA IMACULADA;;Correlação exata (2022);SHIS QI 05 CHACARA 72</address>
        <styleUrl>#icon-1899-0288D1-nodesc</styleUrl>
      </Placemark>
      <Placemark>
        <name>JARDIM BOTÂNICO;COLÉGIO DIGITAL;;Correlação exata (2022);PRAÇA DE ATIVIDADES PA 02</name>
        <address>JARDIM BOTÂNICO;COLÉGIO DIGITAL;;Correlação exata (2022);PRAÇA DE ATIVIDADES PA 02</address>
        <styleUrl>#icon-1899-0288D1-nodesc</styleUrl>
      </Placemark>
      <Placemark>
        <name>LAGO SUL;COLÉGIO DOM JOSÉ;;Correlação exata (2022);SHIS QI 26</name>
        <address>LAGO SUL;COLÉGIO DOM JOSÉ;;Correlação exata (2022);SHIS QI 26</address>
        <styleUrl>#icon-1899-0288D1-nodesc</styleUrl>
      </Placemark>
      <Placemark>
        <name>LAGO SUL;COLÉGIO EVEREST;;OK - Endereço e zona confirmados;SHIS QI 19</name>
        <address>LAGO SUL;COLÉGIO EVEREST;;OK - Endereço e zona confirmados;SHIS QI 19</address>
        <styleUrl>#icon-1899-0288D1-nodesc</styleUrl>
      </Placemark>
      <Placemark>
        <name>SÃO SEBASTIÃO;COLÉGIO MODELO DE SÃO SEBASTIÃO;;Correlação exata (2022);RUA 9 QUADRA 01 CONJUNTO A CHACARA 07 VILA NOVA</name>
      </Placemark>
      <Placemark>
        <name>LAGO SUL;COLÉGIO NOSSA SENHORA DO PERPÉTUO SOCORRO;;Correlação exata (2022);SHIS EQL 06/08 CONJUNTO A1</name>
        <address>LAGO SUL;COLÉGIO NOSSA SENHORA DO PERPÉTUO SOCORRO;;Correlação exata (2022);SHIS EQL 06/08 CONJUNTO A1</address>
        <styleUrl>#icon-1899-0288D1-nodesc</styleUrl>
      </Placemark>
      <Placemark>
        <name>LAGO SUL;COLÉGIO PRESBITERIANO MACKENZIE;;Correlação exata (2022);SHIS QI 05 CHACARA 74/79</name>
        <address>LAGO SUL;COLÉGIO PRESBITERIANO MACKENZIE;;Correlação exata (2022);SHIS QI 05 CHACARA 74/79</address>
        <styleUrl>#icon-1899-0288D1-nodesc</styleUrl>
      </Placemark>
      <Placemark>
        <name>LAGO SUL;ESCOLA CLASSE 01 SHI SUL - LAGO SUL;;Correlação exata (2022);SHIS QI 05 CONJUNTO 17 LOTE 15</name>
        <address>LAGO SUL;ESCOLA CLASSE 01 SHI SUL - LAGO SUL;;Correlação exata (2022);SHIS QI 05 CONJUNTO 17 LOTE 15</address>
        <styleUrl>#icon-1899-0288D1-nodesc</styleUrl>
      </Placemark>
      <Placemark>
        <name>SÃO SEBASTIÃO;ESCOLA CLASSE 104;;Correlação exata (2022);QUADRA 104 CJ. 01 LOTE 01 BAIRRO RESIDENCIAL OESTE SAO SEBASTIAO</name>
        <address>SÃO SEBASTIÃO;ESCOLA CLASSE 104;;Correlação exata (2022);QUADRA 104 CJ. 01 LOTE 01 BAIRRO RESIDENCIAL OESTE SAO SEBASTIAO</address>
        <styleUrl>#icon-1899-0288D1-nodesc</styleUrl>
      </Placemark>
      <Placemark>
        <name>SÃO SEBASTIÃO;ESCOLA CLASSE 303;;Ambíguo - eleitorado DIVIDIDO entre zonas;QD 303 CONJ 01 LOTE 34</name>
      </Placemark>
      <Placemark>
        <name>SÃO SEBASTIÃO;ESCOLA CLASSE AGROVILA;;Correlação exata (2022);QUADRA 100 - CONJ. Q - AREA ESPECIAL N. 01BAIRRO VILA NOVA</name>
        <address>SÃO SEBASTIÃO;ESCOLA CLASSE AGROVILA;;Correlação exata (2022);QUADRA 100 - CONJ. Q - AREA ESPECIAL N. 01BAIRRO VILA NOVA</address>
        <styleUrl>#icon-1899-0288D1-nodesc</styleUrl>
      </Placemark>
      <Placemark>
        <name>SÃO SEBASTIÃO;ESCOLA CLASSE BELA VISTA;;Correlação exata (2022);RUA 01 LT 221- BAIRRO BELA VISTA</name>
        <address>SÃO SEBASTIÃO;ESCOLA CLASSE BELA VISTA;;Correlação exata (2022);RUA 01 LT 221- BAIRRO BELA VISTA</address>
        <styleUrl>#icon-1899-0288D1-nodesc</styleUrl>
      </Placemark>
      <Placemark>
        <name>SÃO SEBASTIÃO;ESCOLA CLASSE CAFÉ SEM TROCO;;Correlação exata (2022);DF-130</name>
        <address>SÃO SEBASTIÃO;ESCOLA CLASSE CAFÉ SEM TROCO;;Correlação exata (2022);DF-130</address>
        <styleUrl>#icon-1899-0288D1-nodesc</styleUrl>
      </Placemark>
      <Placemark>
        <name>SÃO SEBASTIÃO;ESCOLA CLASSE CERAMICA DA BENCAO;;Correlação exata (2022);RUA DA GAMELEIRA 331 CENTRO</name>
        <address>SÃO SEBASTIÃO;ESCOLA CLASSE CERAMICA DA BENCAO;;Correlação exata (2022);RUA DA GAMELEIRA 331 CENTRO</address>
        <styleUrl>#icon-1899-0288D1-nodesc</styleUrl>
      </Placemark>
      <Placemark>
        <name>PARANOÁ;ESCOLA CLASSE LAMARÃO;;Correlação exata (2022);BR 251</name>
        <address>PARANOÁ;ESCOLA CLASSE LAMARÃO;;Correlação exata (2022);BR 251</address>
        <styleUrl>#icon-1899-0288D1-nodesc</styleUrl>
      </Placemark>
      <Placemark>
        <name>SÃO SEBASTIÃO;ESCOLA CLASSE VILA DO BOA;;Correlação exata (2022);VILA DO BOA SEM NUMERO SAO SEBASTIAO</name>
        <address>SÃO SEBASTIÃO;ESCOLA CLASSE VILA DO BOA;;Correlação exata (2022);VILA DO BOA SEM NUMERO SAO SEBASTIAO</address>
        <styleUrl>#icon-1899-0288D1-nodesc</styleUrl>
      </Placemark>
      <Placemark>
        <name>SÃO SEBASTIÃO;ESCOLA CLASSE VILA NOVA;;Correlação exata (2022);RUA 31 NUMERO 200 BAIRRO SÃO JOSÉ</name>
      </Placemark>
      <Placemark>
        <name>LAGO SUL;ESCOLA DAS NACOES;;Correlação exata (2022);SHIS QI 21 AREA ESPECIAL CONJUNTO 01</name>
        <address>LAGO SUL;ESCOLA DAS NACOES;;Correlação exata (2022);SHIS QI 21 AREA ESPECIAL CONJUNTO 01</address>
        <styleUrl>#icon-1899-0288D1-nodesc</styleUrl>
      </Placemark>
      <Placemark>
        <name>LAGO SUL;ESCOLA FRANCESA FRANÇOIS MITTERRAND;;Correlação exata (2022);SHIS QI 21 BLOCO D</name>
        <address>LAGO SUL;ESCOLA FRANCESA FRANÇOIS MITTERRAND;;Correlação exata (2022);SHIS QI 21 BLOCO D</address>
        <styleUrl>#icon-1899-0288D1-nodesc</styleUrl>
      </Placemark>
      <Placemark>
        <name>LAGO SUL;KINGDOM SCHOOL;;Correlação exata (2022);SHIS QI 11 ÁREA ESPECIAL B</name>
        <address>LAGO SUL;KINGDOM SCHOOL;;Correlação exata (2022);SHIS QI 11 ÁREA ESPECIAL B</address>
        <styleUrl>#icon-1899-0288D1-nodesc</styleUrl>
      </Placemark>
      <Placemark>
        <name>TAGUATINGA;CEF Nº 11;;Correlação exata (2022);CND 05 ÁREA ESPECIAL - PRAÇA DO BICALHO</name>
        <address>TAGUATINGA;CEF Nº 11;;Correlação exata (2022);CND 05 ÁREA ESPECIAL - PRAÇA DO BICALHO</address>
        <styleUrl>#icon-1899-0288D1-nodesc</styleUrl>
      </Placemark>
      <Placemark>
        <name>TAGUATINGA;CEF Nº 14;;Correlação exata (2022);QNB 15 ÁREA ESPECIAL S/ Nº</name>
        <address>TAGUATINGA;CEF Nº 14;;Correlação exata (2022);QNB 15 ÁREA ESPECIAL S/ Nº</address>
        <styleUrl>#icon-1899-0288D1-nodesc</styleUrl>
      </Placemark>
      <Placemark>
        <name>TAGUATINGA;CENTRO DE EDUCAÇÃO INFANTIL Nº 02 (ESCOLA CLASSE Nº 30);;Correlação exata (2022);QND 59 ÁREA ESPECIAL Nº 37</name>
        <address>TAGUATINGA;CENTRO DE EDUCAÇÃO INFANTIL Nº 02 (ESCOLA CLASSE Nº 30);;Correlação exata (2022);QND 59 ÁREA ESPECIAL Nº 37</address>
        <styleUrl>#icon-1899-0288D1-nodesc</styleUrl>
      </Placemark>
      <Placemark>
        <name>TAGUATINGA;CENTRO DE ENSINO DO SESI;;Correlação exata (2022);QNF 24 AREA ESPECIAL S/N</name>
        <address>TAGUATINGA;CENTRO DE ENSINO DO SESI;;Correlação exata (2022);QNF 24 AREA ESPECIAL S/N</address>
        <styleUrl>#icon-1899-0288D1-nodesc</styleUrl>
      </Placemark>
      <Placemark>
        <name>TAGUATINGA;CENTRO DE ENSINO FUNDAMENTAL N 12;;Correlação exata (2022);QNG 39 AREA ESPECIAL 03</name>
        <address>TAGUATINGA;CENTRO DE ENSINO FUNDAMENTAL N 12;;Correlação exata (2022);QNG 39 AREA ESPECIAL 03</address>
        <styleUrl>#icon-1899-0288D1-nodesc</styleUrl>
      </Placemark>
      <Placemark>
        <name>TAGUATINGA;CENTRO DE ENSINO MEDIO TAGUATINGA NORTE;;Correlação exata (2022);QNC AREA PARA ESCOLA 01/03</name>
        <address>TAGUATINGA;CENTRO DE ENSINO MEDIO TAGUATINGA NORTE;;Correlação exata (2022);QNC AREA PARA ESCOLA 01/03</address>
        <styleUrl>#icon-1899-0288D1-nodesc</styleUrl>
      </Placemark>
      <Placemark>
        <name>TAGUATINGA;CENTRO EDUCACIONAL N 4;;Correlação exata (2022);EQNG 06/07 AE 20</name>
        <address>TAGUATINGA;CENTRO EDUCACIONAL N 4;;Correlação exata (2022);EQNG 06/07 AE 20</address>
        <styleUrl>#icon-1899-0288D1-nodesc</styleUrl>
      </Placemark>
      <Placemark>
        <name>TAGUATINGA;CENTRO ENS MÉDIO EIT;;Correlação exata (2022);QNB 01 AE 01 SETOR CENTRAL</name>
        <address>TAGUATINGA;CENTRO ENS MÉDIO EIT;;Correlação exata (2022);QNB 01 AE 01 SETOR CENTRAL</address>
        <styleUrl>#icon-1899-0288D1-nodesc</styleUrl>
      </Placemark>
      <Placemark>
        <name>TAGUATINGA;COLEGIO JESUS MARIA JOSE;;Correlação exata (2022);QNG 40 AREA ESPECIAL 5/6</name>
        <address>TAGUATINGA;COLEGIO JESUS MARIA JOSE;;Correlação exata (2022);QNG 40 AREA ESPECIAL 5/6</address>
        <styleUrl>#icon-1899-0288D1-nodesc</styleUrl>
      </Placemark>
      <Placemark>
        <name>VICENTE PIRES;COLÉGIO BIÃNGULO - RUA 07/10;72007-406;OK - Endereço e zona confirmados;St. Hab. Vicente Pires Lote 08/09/10 - Vicente Pires</name>
        <address>VICENTE PIRES;COLÉGIO BIÃNGULO - RUA 07/10;72007-406;OK - Endereço e zona confirmados;St. Hab. Vicente Pires Lote 08/09/10 - Vicente Pires</address>
        <styleUrl>#icon-1899-0288D1-nodesc</styleUrl>
      </Placemark>
      <Placemark>
        <name>VICENTE PIRES;COLÉGIO DJ;;Correlação exata (2022);COLÔNIA AGRÍCOLA VICENTE PIRES - RUA 08</name>
        <address>VICENTE PIRES;COLÉGIO DJ;;Correlação exata (2022);COLÔNIA AGRÍCOLA VICENTE PIRES - RUA 08</address>
        <styleUrl>#icon-1899-0288D1-nodesc</styleUrl>
      </Placemark>
      <Placemark>
        <name>TAGUATINGA;COLÉGIO IDEAL;;Ambíguo - eleitorado DIVIDIDO entre zonas;QNG 09/11</name>
        <address>TAGUATINGA;COLÉGIO IDEAL;;Ambíguo - eleitorado DIVIDIDO entre zonas;QNG 09/11</address>
        <styleUrl>#icon-1899-0288D1-nodesc</styleUrl>
      </Placemark>
      <Placemark>
        <name>VICENTE PIRES;COLÉGIO KAIRÓS (ANTIGO INSTITUTO EDUCACIONAL SAGARANA;;Correlação exata (2022);COLÔNIA AGRÍCOLA VICENTE PIRES RUA 06 CH 255 LT 2/4</name>
        <address>VICENTE PIRES;COLÉGIO KAIRÓS (ANTIGO INSTITUTO EDUCACIONAL SAGARANA;;Correlação exata (2022);COLÔNIA AGRÍCOLA VICENTE PIRES RUA 06 CH 255 LT 2/4</address>
        <styleUrl>#icon-1899-0288D1-nodesc</styleUrl>
      </Placemark>
      <Placemark>
        <name>VICENTE PIRES;COLÉGIO LICEU;;Correlação exata (2022);RUA 06 CH 253 LT. A</name>
        <address>VICENTE PIRES;COLÉGIO LICEU;;Correlação exata (2022);RUA 06 CH 253 LT. A</address>
        <styleUrl>#icon-1899-0288D1-nodesc</styleUrl>
      </Placemark>
      <Placemark>
        <name>VICENTE PIRES;COLÉGIO OBJETIVO - RUA 03;;Correlação exata (2022);RUA 03 CHÁCARA N 82 LOTE 07/08</name>
        <address>VICENTE PIRES;COLÉGIO OBJETIVO - RUA 03;;Correlação exata (2022);RUA 03 CHÁCARA N 82 LOTE 07/08</address>
        <styleUrl>#icon-1899-0288D1-nodesc</styleUrl>
      </Placemark>
      <Placemark>
        <name>VICENTE PIRES;COLÉGIO VITÓRIA RÉGIA - UNIDADE 1;;Correlação exata (2022);RUA 6 CHÁCARA 274 VICENTE PIRES</name>
        <address>VICENTE PIRES;COLÉGIO VITÓRIA RÉGIA - UNIDADE 1;;Correlação exata (2022);RUA 6 CHÁCARA 274 VICENTE PIRES</address>
        <styleUrl>#icon-1899-0288D1-nodesc</styleUrl>
      </Placemark>
      <Placemark>
        <name>VICENTE PIRES;COLÉGIO VITÓRIA RÉGIA UNIDADE 4 (ANTIGO COLÉGIO MAXIMUS);;OK - Endereço e zona confirmados;Rua 06</name>
        <address>VICENTE PIRES;COLÉGIO VITÓRIA RÉGIA UNIDADE 4 (ANTIGO COLÉGIO MAXIMUS);;OK - Endereço e zona confirmados;Rua 06</address>
        <styleUrl>#icon-1899-0288D1-nodesc</styleUrl>
      </Placemark>
      <Placemark>
        <name>TAGUATINGA;ESCOLA BILINGUE LIBRAS (ANTIGA ESCOLA CLASSE N 21);;Correlação exata (2022);EQNH 01/03 AE S/N</name>
        <address>TAGUATINGA;ESCOLA BILINGUE LIBRAS (ANTIGA ESCOLA CLASSE N 21);;Correlação exata (2022);EQNH 01/03 AE S/N</address>
        <styleUrl>#icon-1899-0288D1-nodesc</styleUrl>
      </Placemark>
      <Placemark>
        <name>VICENTE PIRES;ESCOLA CLASSE 02;;ADICIONADO - zona de 2022 ausente em 2026;COLÔNIA AGRÍCOLA VILA SÃO JOSÉ - RUA 11 ÁREA ESPECIAL 01</name>
        <address>VICENTE PIRES;ESCOLA CLASSE 02;;ADICIONADO - zona de 2022 ausente em 2026;COLÔNIA AGRÍCOLA VILA SÃO JOSÉ - RUA 11 ÁREA ESPECIAL 01</address>
        <styleUrl>#icon-1899-0288D1-nodesc</styleUrl>
      </Placemark>
      <Placemark>
        <name>TAGUATINGA;ESCOLA CLASSE N 12;;Correlação exata (2022);QNH 06 AREA ESPECIAL</name>
        <address>TAGUATINGA;ESCOLA CLASSE N 12;;Correlação exata (2022);QNH 06 AREA ESPECIAL</address>
        <styleUrl>#icon-1899-0288D1-nodesc</styleUrl>
      </Placemark>
      <Placemark>
        <name>TAGUATINGA;ESCOLA CLASSE N 15;;Correlação exata (2022);QND 43 LT 23 ÁREA ESPECIAL</name>
        <address>TAGUATINGA;ESCOLA CLASSE N 15;;Correlação exata (2022);QND 43 LT 23 ÁREA ESPECIAL</address>
        <styleUrl>#icon-1899-0288D1-nodesc</styleUrl>
      </Placemark>
      <Placemark>
        <name>TAGUATINGA;ESCOLA CLASSE N 16;;Correlação exata (2022);EQNG 06/07 AREA ESPECIAL N 15</name>
        <address>TAGUATINGA;ESCOLA CLASSE N 16;;Correlação exata (2022);EQNG 06/07 AREA ESPECIAL N 15</address>
        <styleUrl>#icon-1899-0288D1-nodesc</styleUrl>
      </Placemark>
      <Placemark>
        <name>TAGUATINGA;ESCOLA CLASSE N 18;;Correlação exata (2022);QND 12 LOTE 41 ÁREA ESPECIAL</name>
        <address>TAGUATINGA;ESCOLA CLASSE N 18;;Correlação exata (2022);QND 12 LOTE 41 ÁREA ESPECIAL</address>
        <styleUrl>#icon-1899-0288D1-nodesc</styleUrl>
      </Placemark>
      <Placemark>
        <name>TAGUATINGA;ESCOLA CLASSE N 27;;Correlação exata (2022);ECNF 01/QNF 19 AE</name>
        <address>TAGUATINGA;ESCOLA CLASSE N 27;;Correlação exata (2022);ECNF 01/QNF 19 AE</address>
        <styleUrl>#icon-1899-0288D1-nodesc</styleUrl>
      </Placemark>
      <Placemark>
        <name>TAGUATINGA;ESCOLA CLASSE N 39;;Correlação exata (2022);QNC 15 AREA ESPECIAL N 15</name>
        <address>TAGUATINGA;ESCOLA CLASSE N 39;;Correlação exata (2022);QNC 15 AREA ESPECIAL N 15</address>
        <styleUrl>#icon-1899-0288D1-nodesc</styleUrl>
      </Placemark>
      <Placemark>
        <name>TAGUATINGA;ESCOLA CLASSE N 6;;Correlação exata (2022);CNB 12 ÁREA ESPECIAL Nº 01</name>
        <address>TAGUATINGA;ESCOLA CLASSE N 6;;Correlação exata (2022);CNB 12 ÁREA ESPECIAL Nº 01</address>
        <styleUrl>#icon-1899-0288D1-nodesc</styleUrl>
      </Placemark>
      <Placemark>
        <name>TAGUATINGA;ESCOLA CLASSE N 8;;Correlação exata (2022);QNG 12 AREA ESPECIAL 14</name>
        <address>TAGUATINGA;ESCOLA CLASSE N 8;;Correlação exata (2022);QNG 12 AREA ESPECIAL 14</address>
        <styleUrl>#icon-1899-0288D1-nodesc</styleUrl>
      </Placemark>
      <Placemark>
        <name>VICENTE PIRES;ESCOLA CLASSE VICENTE PIRES;;Correlação exata (2022);COLÔNIA AGRÍCOLA VICENTE PIRES - AREA ESPECIAL N 01</name>
        <address>VICENTE PIRES;ESCOLA CLASSE VICENTE PIRES;;Correlação exata (2022);COLÔNIA AGRÍCOLA VICENTE PIRES - AREA ESPECIAL N 01</address>
        <styleUrl>#icon-1899-0288D1-nodesc</styleUrl>
      </Placemark>
      <Placemark>
        <name>TAGUATINGA;FACULDADE PROJECAO;;Correlação exata (2022);ÁREA ESPECIAL 4 E 5</name>
        <address>TAGUATINGA;FACULDADE PROJECAO;;Correlação exata (2022);ÁREA ESPECIAL 4 E 5</address>
        <styleUrl>#icon-1899-0288D1-nodesc</styleUrl>
      </Placemark>
      <Placemark>
        <name>VICENTE PIRES;INSTITUTO EDUCACIONAL MONTESQUIEU;;Correlação exata (2022);RUA 10 CH 323/1</name>
        <address>VICENTE PIRES;INSTITUTO EDUCACIONAL MONTESQUIEU;;Correlação exata (2022);RUA 10 CH 323/1</address>
        <styleUrl>#icon-1899-0288D1-nodesc</styleUrl>
      </Placemark>
      <Placemark>
        <name>SOL NASCENTE/PÔR DO SOL;CENTRO DE ENSINO ESPECIAL 01;;Ambíguo - melhor zona única identificada;EQNP 10/14</name>
        <address>SOL NASCENTE/PÔR DO SOL;CENTRO DE ENSINO ESPECIAL 01;;Ambíguo - melhor zona única identificada;EQNP 10/14</address>
        <styleUrl>#icon-1899-0288D1-nodesc</styleUrl>
      </Placemark>
      <Placemark>
        <name>CEILÂNDIA;CENTRO DE ENSINO FUNDAMENTAL 11;;Correlação exata (2022);EQNN 24/26</name>
        <address>CEILÂNDIA;CENTRO DE ENSINO FUNDAMENTAL 11;;Correlação exata (2022);EQNN 24/26</address>
        <styleUrl>#icon-1899-0288D1-nodesc</styleUrl>
      </Placemark>
      <Placemark>
        <name>SOL NASCENTE/PÔR DO SOL;CENTRO DE ENSINO FUNDAMENTAL 13;;Correlação exata (2022);EQNP 30/34</name>
        <address>SOL NASCENTE/PÔR DO SOL;CENTRO DE ENSINO FUNDAMENTAL 13;;Correlação exata (2022);EQNP 30/34</address>
        <styleUrl>#icon-1899-0288D1-nodesc</styleUrl>
      </Placemark>
      <Placemark>
        <name>SOL NASCENTE/PÔR DO SOL;CENTRO DE ENSINO FUNDAMENTAL 14;;Correlação exata (2022);EQNP 28/32</name>
        <address>SOL NASCENTE/PÔR DO SOL;CENTRO DE ENSINO FUNDAMENTAL 14;;Correlação exata (2022);EQNP 28/32</address>
        <styleUrl>#icon-1899-0288D1-nodesc</styleUrl>
      </Placemark>
      <Placemark>
        <name>SOL NASCENTE/PÔR DO SOL;CENTRO DE ENSINO FUNDAMENTAL 18;;Correlação exata (2022);QNP 10 A.E.</name>
        <address>SOL NASCENTE/PÔR DO SOL;CENTRO DE ENSINO FUNDAMENTAL 18;;Correlação exata (2022);QNP 10 A.E.</address>
        <styleUrl>#icon-1899-0288D1-nodesc</styleUrl>
      </Placemark>
      <Placemark>
        <name>CEILÂNDIA;CENTRO DE ENSINO FUNDAMENTAL 19;;Ambíguo - eleitorado DIVIDIDO entre zonas;EQNN 18/20</name>
        <address>CEILÂNDIA;CENTRO DE ENSINO FUNDAMENTAL 19;;Ambíguo - eleitorado DIVIDIDO entre zonas;EQNN 18/20</address>
        <styleUrl>#icon-1899-0288D1-nodesc</styleUrl>
      </Placemark>
      <Placemark>
        <name>SOL NASCENTE/PÔR DO SOL;CENTRO DE ENSINO FUNDAMENTAL 32 (ANTIGA E.C. 67);;Correlação exata (2022);SHPS - EQ. 500/700 A.E - COND. POR DO SOL</name>
      </Placemark>
      <Placemark>
        <name>SOL NASCENTE/PÔR DO SOL;CENTRO DE ENSINO FUNDAMENTAL 33 (ANTIGA E.C. 44);;Correlação exata (2022);QNP 12 A.E.</name>
        <address>SOL NASCENTE/PÔR DO SOL;CENTRO DE ENSINO FUNDAMENTAL 33 (ANTIGA E.C. 44);;Correlação exata (2022);QNP 12 A.E.</address>
        <styleUrl>#icon-1899-0288D1-nodesc</styleUrl>
      </Placemark>
      <Placemark>
        <name>CEILÂNDIA;CENTRO DE ENSINO MEDIO 04;;Correlação exata (2022);QNN 14 A.E.</name>
        <address>CEILÂNDIA;CENTRO DE ENSINO MEDIO 04;;Correlação exata (2022);QNN 14 A.E.</address>
        <styleUrl>#icon-1899-0288D1-nodesc</styleUrl>
      </Placemark>
      <Placemark>
        <name>SOL NASCENTE/PÔR DO SOL;CENTRO EDUCACIONAL 06;;Correlação exata (2022);QNP 16 A.E</name>
        <address>SOL NASCENTE/PÔR DO SOL;CENTRO EDUCACIONAL 06;;Correlação exata (2022);QNP 16 A.E</address>
        <styleUrl>#icon-1899-0288D1-nodesc</styleUrl>
      </Placemark>
      <Placemark>
        <name>CEILÂNDIA;ESCOLA CLASSE 24;;Correlação exata (2022);EQNN 20/22 AE B</name>
        <address>CEILÂNDIA;ESCOLA CLASSE 24;;Correlação exata (2022);EQNN 20/22 AE B</address>
        <styleUrl>#icon-1899-0288D1-nodesc</styleUrl>
      </Placemark>
      <Placemark>
        <name>CEILÂNDIA;ESCOLA CLASSE 25;;Correlação exata (2022);EQNN 22/24</name>
        <address>CEILÂNDIA;ESCOLA CLASSE 25;;Correlação exata (2022);EQNN 22/24</address>
        <styleUrl>#icon-1899-0288D1-nodesc</styleUrl>
      </Placemark>
      <Placemark>
        <name>SOL NASCENTE/PÔR DO SOL;ESCOLA CLASSE 43;;Correlação exata (2022);EQNP 14/18</name>
        <address>SOL NASCENTE/PÔR DO SOL;ESCOLA CLASSE 43;;Correlação exata (2022);EQNP 14/18</address>
        <styleUrl>#icon-1899-0288D1-nodesc</styleUrl>
      </Placemark>
      <Placemark>
        <name>SOL NASCENTE/PÔR DO SOL;ESCOLA CLASSE 46;;Correlação exata (2022);EQNP 16/20</name>
        <address>SOL NASCENTE/PÔR DO SOL;ESCOLA CLASSE 46;;Correlação exata (2022);EQNP 16/20</address>
        <styleUrl>#icon-1899-0288D1-nodesc</styleUrl>
      </Placemark>
      <Placemark>
        <name>SOL NASCENTE/PÔR DO SOL;ESCOLA CLASSE 47;;Correlação exata (2022);EQNP 22/26</name>
        <address>SOL NASCENTE/PÔR DO SOL;ESCOLA CLASSE 47;;Correlação exata (2022);EQNP 22/26</address>
        <styleUrl>#icon-1899-0288D1-nodesc</styleUrl>
      </Placemark>
      <Placemark>
        <name>SOL NASCENTE/PÔR DO SOL;ESCOLA CLASSE 48;;Correlação exata (2022);EQNP 26/30</name>
        <address>SOL NASCENTE/PÔR DO SOL;ESCOLA CLASSE 48;;Correlação exata (2022);EQNP 26/30</address>
        <styleUrl>#icon-1899-0288D1-nodesc</styleUrl>
      </Placemark>
      <Placemark>
        <name>SOL NASCENTE/PÔR DO SOL;ESCOLA CLASSE 50;;Correlação exata (2022);EQNP 24/28</name>
        <address>SOL NASCENTE/PÔR DO SOL;ESCOLA CLASSE 50;;Correlação exata (2022);EQNP 24/28</address>
        <styleUrl>#icon-1899-0288D1-nodesc</styleUrl>
      </Placemark>
      <Placemark>
        <name>ITAPOÃ;ESCOLA CLASSE 502 DO ITAPOÃ;;Correlação aproximada (2022) - conferir;EQNP 24/28</name>
        <address>ITAPOÃ;ESCOLA CLASSE 502 DO ITAPOÃ;;Correlação aproximada (2022) - conferir;EQNP 24/28</address>
        <styleUrl>#icon-1899-0288D1-nodesc</styleUrl>
      </Placemark>
      <Placemark>
        <name>SOL NASCENTE/PÔR DO SOL;ESCOLA CLASSE 52;;Correlação exata (2022);EQNP 32/36</name>
        <address>SOL NASCENTE/PÔR DO SOL;ESCOLA CLASSE 52;;Correlação exata (2022);EQNP 32/36</address>
        <styleUrl>#icon-1899-0288D1-nodesc</styleUrl>
      </Placemark>
      <Placemark>
        <name>RECANTO DAS EMAS;CENTRO DE ENSINO FUNDAMENTAL 101 DO RECANTO DAS EMAS;;Correlação exata (2022);QD. 101 CONJ. 10B LOTES 1/2 RECANTO DAS EMAS</name>
        <address>RECANTO DAS EMAS;CENTRO DE ENSINO FUNDAMENTAL 101 DO RECANTO DAS EMAS;;Correlação exata (2022);QD. 101 CONJ. 10B LOTES 1/2 RECANTO DAS EMAS</address>
        <styleUrl>#icon-1899-0288D1-nodesc</styleUrl>
      </Placemark>
      <Placemark>
        <name>RECANTO DAS EMAS;CENTRO DE ENSINO FUNDAMENTAL 106 DO RECANTO DAS EMAS;;Correlação exata (2022);QD 106 - ÁREA ESPECIAL</name>
        <address>RECANTO DAS EMAS;CENTRO DE ENSINO FUNDAMENTAL 106 DO RECANTO DAS EMAS;;Correlação exata (2022);QD 106 - ÁREA ESPECIAL</address>
        <styleUrl>#icon-1899-0288D1-nodesc</styleUrl>
      </Placemark>
      <Placemark>
        <name>RECANTO DAS EMAS;CENTRO DE ENSINO FUNDAMENTAL 113 DO RECANTO DAS EMAS;;Correlação exata (2022);QD. 113 CONJ 8-A LOTE 01 AE</name>
        <address>RECANTO DAS EMAS;CENTRO DE ENSINO FUNDAMENTAL 113 DO RECANTO DAS EMAS;;Correlação exata (2022);QD. 113 CONJ 8-A LOTE 01 AE</address>
        <styleUrl>#icon-1899-0288D1-nodesc</styleUrl>
      </Placemark>
      <Placemark>
        <name>RECANTO DAS EMAS;CENTRO DE ENSINO FUNDAMENTAL 115 DO RECANTO DAS EMAS;;Correlação exata (2022);QUADRA 115 CONJUNTO 7-C LOTE 1 AREA ESPECIAL</name>
        <address>RECANTO DAS EMAS;CENTRO DE ENSINO FUNDAMENTAL 115 DO RECANTO DAS EMAS;;Correlação exata (2022);QUADRA 115 CONJUNTO 7-C LOTE 1 AREA ESPECIAL</address>
        <styleUrl>#icon-1899-0288D1-nodesc</styleUrl>
      </Placemark>
      <Placemark>
        <name>RECANTO DAS EMAS;CENTRO DE ENSINO FUNDAMENTAL 206 DO RECANTO DAS EMAS;;Correlação exata (2022);QD 206 CONJUNTO 02 LOTE 02</name>
        <address>RECANTO DAS EMAS;CENTRO DE ENSINO FUNDAMENTAL 206 DO RECANTO DAS EMAS;;Correlação exata (2022);QD 206 CONJUNTO 02 LOTE 02</address>
        <styleUrl>#icon-1899-0288D1-nodesc</styleUrl>
      </Placemark>
      <Placemark>
        <name>RECANTO DAS EMAS;CENTRO DE ENSINO FUNDAMENTAL 301 DO RECANTO DAS EMAS;;Correlação exata (2022);QD 301 AE</name>
        <address>RECANTO DAS EMAS;CENTRO DE ENSINO FUNDAMENTAL 301 DO RECANTO DAS EMAS;;Correlação exata (2022);QD 301 AE</address>
        <styleUrl>#icon-1899-0288D1-nodesc</styleUrl>
      </Placemark>
      <Placemark>
        <name>RECANTO DAS EMAS;CENTRO DE ENSINO FUNDAMENTAL 306 DO RECANTO DAS EMAS;;Correlação exata (2022);QD 306 AVENIDA MONJOLO LOTE 06 AE</name>
        <address>RECANTO DAS EMAS;CENTRO DE ENSINO FUNDAMENTAL 306 DO RECANTO DAS EMAS;;Correlação exata (2022);QD 306 AVENIDA MONJOLO LOTE 06 AE</address>
        <styleUrl>#icon-1899-0288D1-nodesc</styleUrl>
      </Placemark>
      <Placemark>
        <name>RECANTO DAS EMAS;CENTRO DE ENSINO FUNDAMENTAL 405 DO RECANTO DAS EMAS;;Correlação exata (2022);QD 405 CONJUNTO 15 LOTE 01 AE</name>
        <address>RECANTO DAS EMAS;CENTRO DE ENSINO FUNDAMENTAL 405 DO RECANTO DAS EMAS;;Correlação exata (2022);QD 405 CONJUNTO 15 LOTE 01 AE</address>
        <styleUrl>#icon-1899-0288D1-nodesc</styleUrl>
      </Placemark>
      <Placemark>
        <name>SAMAMBAIA;CENTRO DE ENSINO FUNDAMENTAL 504 DE SAMAMBAIA;;Correlação exata (2022);QN 504 CONJUNTO 09 AREA ESPECIAL 01</name>
        <address>SAMAMBAIA;CENTRO DE ENSINO FUNDAMENTAL 504 DE SAMAMBAIA;;Correlação exata (2022);QN 504 CONJUNTO 09 AREA ESPECIAL 01</address>
        <styleUrl>#icon-1899-0288D1-nodesc</styleUrl>
      </Placemark>
      <Placemark>
        <name>SAMAMBAIA;CENTRO DE ENSINO FUNDAMENTAL 507 DE SAMAMBAIA;;Correlação exata (2022);QR 507 CONJUNTO 07 LOTE 1</name>
        <address>SAMAMBAIA;CENTRO DE ENSINO FUNDAMENTAL 507 DE SAMAMBAIA;;Correlação exata (2022);QR 507 CONJUNTO 07 LOTE 1</address>
        <styleUrl>#icon-1899-0288D1-nodesc</styleUrl>
      </Placemark>
      <Placemark>
        <name>SAMAMBAIA;CENTRO DE ENSINO FUNDAMENTAL 519 DE SAMAMBAIA;;Correlação exata (2022);QR 519 AREA ESPECIAL 1 SAMAMBAIA SUL</name>
        <address>SAMAMBAIA;CENTRO DE ENSINO FUNDAMENTAL 519 DE SAMAMBAIA;;Correlação exata (2022);QR 519 AREA ESPECIAL 1 SAMAMBAIA SUL</address>
        <styleUrl>#icon-1899-0288D1-nodesc</styleUrl>
      </Placemark>
      <Placemark>
        <name>RECANTO DAS EMAS;CENTRO DE ENSINO FUNDAMENTAL 602 DO RECANTO DAS EMAS;;Correlação exata (2022);QUADRA 602 CONJUNTO 01 LOTE 01</name>
        <address>RECANTO DAS EMAS;CENTRO DE ENSINO FUNDAMENTAL 602 DO RECANTO DAS EMAS;;Correlação exata (2022);QUADRA 602 CONJUNTO 01 LOTE 01</address>
        <styleUrl>#icon-1899-0288D1-nodesc</styleUrl>
      </Placemark>
      <Placemark>
        <name>RECANTO DAS EMAS;CENTRO DE ENSINO FUNDAMENTAL 801 DO RECANTO DAS EMAS;;Correlação exata (2022);QUADRA 801 ÁREA ESPECIAL CONJUNTO 01</name>
        <address>RECANTO DAS EMAS;CENTRO DE ENSINO FUNDAMENTAL 801 DO RECANTO DAS EMAS;;Correlação exata (2022);QUADRA 801 ÁREA ESPECIAL CONJUNTO 01</address>
        <styleUrl>#icon-1899-0288D1-nodesc</styleUrl>
      </Placemark>
      <Placemark>
        <name>RECANTO DAS EMAS;CENTRO DE ENSINO MÉDIO 111 DO RECANTO DAS EMAS;;Correlação exata (2022);QD 111 AE 1</name>
        <address>RECANTO DAS EMAS;CENTRO DE ENSINO MÉDIO 111 DO RECANTO DAS EMAS;;Correlação exata (2022);QD 111 AE 1</address>
        <styleUrl>#icon-1899-0288D1-nodesc</styleUrl>
      </Placemark>
      <Placemark>
        <name>RECANTO DAS EMAS;CENTRO DE ENSINO MÉDIO 804 DO RECANTO DAS EMAS;;Correlação exata (2022);QD 804 ÁREA ESPECIAL 01</name>
        <address>RECANTO DAS EMAS;CENTRO DE ENSINO MÉDIO 804 DO RECANTO DAS EMAS;;Correlação exata (2022);QD 804 ÁREA ESPECIAL 01</address>
        <styleUrl>#icon-1899-0288D1-nodesc</styleUrl>
      </Placemark>
      <Placemark>
        <name>RECANTO DAS EMAS;CENTRO EDUCACIONAL 104 DO RECANTO DAS EMAS;;Correlação exata (2022);QUADRA 104 CONJUNTO 08A ÁREA ESPECIAL</name>
        <address>RECANTO DAS EMAS;CENTRO EDUCACIONAL 104 DO RECANTO DAS EMAS;;Correlação exata (2022);QUADRA 104 CONJUNTO 08A ÁREA ESPECIAL</address>
        <styleUrl>#icon-1899-0288D1-nodesc</styleUrl>
      </Placemark>
      <Placemark>
        <name>RECANTO DAS EMAS;CENTRO EDUCACIONAL 308 DO RECANTO DAS EMAS;;Correlação exata (2022);QD 308 AE 1 CONJUNTO 12</name>
        <address>RECANTO DAS EMAS;CENTRO EDUCACIONAL 308 DO RECANTO DAS EMAS;;Correlação exata (2022);QD 308 AE 1 CONJUNTO 12</address>
        <styleUrl>#icon-1899-0288D1-nodesc</styleUrl>
      </Placemark>
      <Placemark>
        <name>RECANTO DAS EMAS;ESCOLA CLASSE 102 DO RECANTO DAS EMAS;;Correlação exata (2022);QD 102 CONJ 03 A LOTE 01</name>
        <address>RECANTO DAS EMAS;ESCOLA CLASSE 102 DO RECANTO DAS EMAS;;Correlação exata (2022);QD 102 CONJ 03 A LOTE 01</address>
        <styleUrl>#icon-1899-0288D1-nodesc</styleUrl>
      </Placemark>
      <Placemark>
        <name>RECANTO DAS EMAS;ESCOLA CLASSE 203 / REGIONAL DE ENSINO - RECANTO DAS EMAS;;Correlação exata (2022);QUADRA 203</name>
        <address>RECANTO DAS EMAS;ESCOLA CLASSE 203 / REGIONAL DE ENSINO - RECANTO DAS EMAS;;Correlação exata (2022);QUADRA 203</address>
        <styleUrl>#icon-1899-0288D1-nodesc</styleUrl>
      </Placemark>
      <Placemark>
        <name>SAMAMBAIA;ESCOLA CLASSE 317 DE SAMAMBAIA;;Correlação exata (2022);QR 317 AREA ESPECIAL 3 LOTE 11</name>
        <address>SAMAMBAIA;ESCOLA CLASSE 317 DE SAMAMBAIA;;Correlação exata (2022);QR 317 AREA ESPECIAL 3 LOTE 11</address>
        <styleUrl>#icon-1899-0288D1-nodesc</styleUrl>
      </Placemark>
      <Placemark>
        <name>RECANTO DAS EMAS;ESCOLA CLASSE 401 DO RECANTO DAS EMAS;;Correlação exata (2022);QD 401 AE CONJUNTO 08 LT 01</name>
        <address>RECANTO DAS EMAS;ESCOLA CLASSE 401 DO RECANTO DAS EMAS;;Correlação exata (2022);QD 401 AE CONJUNTO 08 LT 01</address>
        <styleUrl>#icon-1899-0288D1-nodesc</styleUrl>
      </Placemark>
      <Placemark>
        <name>RECANTO DAS EMAS;ESCOLA CLASSE 404 DO RECANTO DAS EMAS;;Correlação exata (2022);QD 404 CONJUNTO 09 LOTE 01</name>
        <address>RECANTO DAS EMAS;ESCOLA CLASSE 404 DO RECANTO DAS EMAS;;Correlação exata (2022);QD 404 CONJUNTO 09 LOTE 01</address>
        <styleUrl>#icon-1899-0288D1-nodesc</styleUrl>
      </Placemark>
      <Placemark>
        <name>SAMAMBAIA;ESCOLA CLASSE 501 DE SAMAMBAIA;;Correlação exata (2022);QR 501 CONJUNTO 03 LOTE 01</name>
        <address>SAMAMBAIA;ESCOLA CLASSE 501 DE SAMAMBAIA;;Correlação exata (2022);QR 501 CONJUNTO 03 LOTE 01</address>
        <styleUrl>#icon-1899-0288D1-nodesc</styleUrl>
      </Placemark>
      <Placemark>
        <name>SAMAMBAIA;ESCOLA CLASSE 510 DE SAMAMBAIA;;Correlação exata (2022);QN 510 CONJUNTO 07 LOTE 1 AE</name>
        <address>SAMAMBAIA;ESCOLA CLASSE 510 DE SAMAMBAIA;;Correlação exata (2022);QN 510 CONJUNTO 07 LOTE 1 AE</address>
        <styleUrl>#icon-1899-0288D1-nodesc</styleUrl>
      </Placemark>
      <Placemark>
        <name>RECANTO DAS EMAS;ESCOLA CLASSE 510 DO RECANTO DAS EMAS / CENTRO DE ENSINO FUNDAMENT 511;;Correlação exata (2022);QUADRA 511</name>
        <address>RECANTO DAS EMAS;ESCOLA CLASSE 510 DO RECANTO DAS EMAS / CENTRO DE ENSINO FUNDAMENT 511;;Correlação exata (2022);QUADRA 511</address>
        <styleUrl>#icon-1899-0288D1-nodesc</styleUrl>
      </Placemark>
      <Placemark>
        <name>SAMAMBAIA;ESCOLA CLASSE 511 DE SAMAMBAIA;;Correlação exata (2022);QR 511 AREA ESPECIAL 02 SAMAMBAIA-DF</name>
        <address>SAMAMBAIA;ESCOLA CLASSE 511 DE SAMAMBAIA;;Correlação exata (2022);QR 511 AREA ESPECIAL 02 SAMAMBAIA-DF</address>
        <styleUrl>#icon-1899-0288D1-nodesc</styleUrl>
      </Placemark>
      <Placemark>
        <name>SAMAMBAIA;ESCOLA CLASSE 512 DE SAMAMBAIA;;Correlação exata (2022);QN 512 CONJUNTO 06 AE</name>
        <address>SAMAMBAIA;ESCOLA CLASSE 512 DE SAMAMBAIA;;Correlação exata (2022);QN 512 CONJUNTO 06 AE</address>
        <styleUrl>#icon-1899-0288D1-nodesc</styleUrl>
      </Placemark>
      <Placemark>
        <name>RECANTO DAS EMAS;ESCOLA CLASSE 803 DO RECANTO DAS EMAS;72650405;OK - Endereço e zona confirmados;QUADRA 803 CONJUNTO 1. RECANTO DAS EMAS. 72650405</name>
        <address>RECANTO DAS EMAS;ESCOLA CLASSE 803 DO RECANTO DAS EMAS;72650405;OK - Endereço e zona confirmados;QUADRA 803 CONJUNTO 1. RECANTO DAS EMAS. 72650405</address>
        <styleUrl>#icon-1899-0288D1-nodesc</styleUrl>
      </Placemark>
      <Placemark>
        <name>SOL NASCENTE/PÔR DO SOL;CENTRO DE EDUCAÇÃO INFANTIL Nº 04;;? REQUER DECISÃO - múltiplas unidades possíveis;CENTRO DE EDUCAÇÃO INFANTIL Nº 04</name>
      </Placemark>
      <Placemark>
        <name>SOL NASCENTE/PÔR DO SOL;CENTRO DE ENSINO MÉDIO 01;;? REQUER DECISÃO - múltiplas unidades possíveis;CENTRO DE ENSINO MÉDIO 01</name>
      </Placemark>
      <Placemark>
        <name>SOL NASCENTE/PÔR DO SOL;CENTRO DE ENSINO MÉDIO 04;;? REQUER DECISÃO - múltiplas unidades possíveis;CENTRO DE ENSINO MÉDIO 04</name>
      </Placemark>
      <Placemark>
        <name>SOL NASCENTE/PÔR DO SOL;COLÉGIO ADVENTISTA;;? REQUER DECISÃO - múltiplas unidades possíveis;COLÉGIO ADVENTISTA</name>
      </Placemark>
      <Placemark>
        <name>SOL NASCENTE/PÔR DO SOL;ESCOLA CLASSE JUSCELINO KUBITSCHEK;72243-502;? REQUER DECISÃO - múltiplas unidades possíveis; Setor Habitacional Sol Nascente</name>
        <address>SOL NASCENTE/PÔR DO SOL;ESCOLA CLASSE JUSCELINO KUBITSCHEK;72243-502;? REQUER DECISÃO - múltiplas unidades possíveis; Setor Habitacional Sol Nascente</address>
        <styleUrl>#icon-1899-0288D1-nodesc</styleUrl>
      </Placemark>
    </Folder>
  </Document>
</kml>
